# Blender 3.3.1
# www.blender.org
mtllib Alien.mtl
o BSurfaceMesh
v 0.040294 1.016364 0.106591
v 0.041286 1.019756 0.107349
v 0.043983 1.023983 0.108664
v -0.000000 1.120674 0.115142
v 0.052719 1.030201 0.109403
v 0.043908 1.099895 0.118341
v 0.060646 1.033294 0.108724
v 0.069221 1.034039 0.106365
v 0.076626 1.035775 0.103930
v 0.083838 1.029307 0.101555
v 0.083978 1.022082 0.103368
v 0.081672 1.016572 0.105483
v 0.076719 1.010970 0.107374
v 0.070648 1.006761 0.108581
v 0.064144 1.003862 0.109821
v 0.059148 1.003140 0.110305
v 0.053626 1.003016 0.111034
v 0.041786 1.005182 0.113284
v 0.036922 1.011212 0.112002
v 0.036434 1.017329 0.111727
v 0.038254 1.021772 0.112076
v 0.041563 1.025905 0.112102
v 0.012513 1.120571 0.115076
v 0.051050 1.032769 0.112199
v 0.032482 1.099695 0.123041
v 0.060450 1.036281 0.110497
v 0.069958 1.036964 0.107192
v 0.074681 1.033238 0.104099
v 0.079847 1.028178 0.102253
v 0.079528 1.023094 0.103387
v 0.077692 1.018979 0.104694
v 0.074005 1.014173 0.106294
v 0.068436 1.010279 0.107458
v 0.062875 1.007963 0.108026
v 0.059040 1.007062 0.107897
v 0.054705 1.006811 0.107617
v 0.045453 1.008379 0.106633
v 0.041707 1.011510 0.105873
v 0.032515 1.010849 0.116814
v 0.032964 1.016948 0.115484
v 0.034444 1.022964 0.116084
v 0.037264 1.027115 0.115998
v 0.048196 1.035860 0.116505
v 0.071931 1.088816 0.107536
v 0.059688 1.040477 0.113921
v 0.070747 1.041241 0.109118
v 0.081728 1.045175 0.103989
v 0.089891 1.039411 0.096840
v 0.093798 1.029938 0.095333
v 0.092501 1.019778 0.099765
v 0.088660 1.011347 0.103727
v 0.084062 1.006388 0.105958
v 0.076519 1.000817 0.107852
v 0.068501 0.995319 0.108957
v 0.059648 0.993194 0.111455
v 0.050282 0.993241 0.114303
v 0.040922 0.994990 0.117582
v 0.032572 0.998661 0.120923
v 0.026279 1.004313 0.123295
v 0.024327 1.011275 0.123407
v 0.024773 1.018695 0.123280
v 0.026963 1.026369 0.123634
v 0.030654 1.032058 0.123835
v 0.064556 1.101941 0.103721
v 0.043227 1.041984 0.125701
v 0.045612 1.081999 0.125619
v 0.057816 1.047474 0.121820
v 0.071406 1.048017 0.112939
v 0.078549 1.039988 0.104370
v 0.085751 1.035569 0.100083
v 0.088043 1.029456 0.099775
v 0.087279 1.021943 0.102011
v 0.084350 1.015067 0.104992
v 0.080021 1.010100 0.107069
v 0.073645 1.005234 0.108630
v 0.066883 1.001437 0.110151
v 0.059677 0.999665 0.111625
v 0.052310 0.999291 0.113144
v 0.044749 1.000578 0.114886
v 0.038314 1.002916 0.116677
v 0.034465 1.006527 0.117226
v 0.039187 1.008006 0.112833
v 0.043564 1.009934 0.106252
v 0.046260 1.003881 0.112354
v 0.048601 1.007462 0.107040
v 0.080791 1.032460 0.102501
v 0.077807 1.030732 0.102960
v 0.022370 1.099969 0.125410
v 0.020304 1.071423 0.134981
v 0.036269 1.132749 0.100618
v 0.017779 1.051146 0.137582
v 0.021444 1.041369 0.134517
v 0.016792 1.029453 0.131729
v 0.015266 1.019632 0.130080
v 0.015419 1.010387 0.129510
v 0.016829 0.999957 0.129997
v 0.012633 0.991207 0.135067
v 0.011632 0.985190 0.139127
v 0.011961 0.977472 0.143138
v -0.000000 1.100491 0.126893
v -0.000000 1.069535 0.136843
v 0.013484 1.138656 0.103388
v -0.000000 1.047906 0.139486
v -0.000000 1.036268 0.137427
v -0.000000 1.027721 0.136412
v -0.000000 1.019030 0.135678
v -0.000000 1.010480 0.135864
v -0.000000 1.002455 0.136942
v 0.000000 0.995010 0.138935
v 0.000000 0.987975 0.142083
v 0.000000 0.980826 0.146290
v 0.000000 0.934847 0.115452
v 0.002769 0.935048 0.115537
v 0.007265 0.939576 0.118712
v 0.010131 0.938366 0.117328
v 0.013606 0.935001 0.113606
v 0.011165 0.930538 0.111645
v 0.007441 0.928018 0.111289
v 0.003984 0.927389 0.111568
v -0.000000 0.926750 0.111717
v -0.000000 0.942000 0.120890
v 0.004518 0.940802 0.119884
v 0.004874 0.935264 0.115352
v 0.006924 0.935218 0.114782
v 0.008348 0.934712 0.114079
v 0.006757 0.934425 0.113309
v 0.004643 0.934114 0.113010
v 0.002265 0.934048 0.112623
v -0.000000 0.934129 0.112252
v 0.006057 0.937394 0.117027
v 0.000000 0.938376 0.118134
v 0.003710 0.937946 0.118261
v 0.008505 0.936736 0.116041
v 0.010633 0.934613 0.114089
v 0.008612 0.932636 0.112943
v 0.005875 0.931339 0.112568
v 0.003108 0.931035 0.112454
v -0.000000 0.930788 0.112365
v 0.003907 0.974276 0.146125
v 0.016009 0.968070 0.138848
v 0.003468 0.968718 0.142802
v 0.001943 0.965819 0.139772
v 0.002745 0.960285 0.134429
v 0.003538 0.955395 0.129441
v 0.009818 0.969689 0.142580
v 0.003784 0.950886 0.124402
v 0.004173 0.947669 0.122243
v 0.004756 0.944336 0.120934
v 0.000000 0.974790 0.146439
v 0.017467 0.971768 0.137550
v -0.000000 0.969350 0.143771
v -0.000000 0.966043 0.140557
v 0.000000 0.959832 0.134659
v -0.000000 0.955167 0.129367
v 0.013530 0.966277 0.138711
v -0.000000 0.950927 0.124602
v -0.000000 0.948004 0.122621
v -0.000000 0.944650 0.121326
v 0.012018 1.100618 0.126351
v 0.011203 1.069948 0.136319
v -0.000000 1.139000 0.102964
v 0.010155 1.048618 0.138950
v 0.007463 1.028770 0.134916
v 0.006458 1.019531 0.133912
v 0.006407 1.010473 0.133683
v 0.006464 1.001740 0.134681
v 0.004733 0.979506 0.145115
v 0.005352 0.994096 0.137471
v 0.004901 0.987204 0.140991
v 0.009515 1.038897 0.136408
v 0.011045 0.972756 0.143797
v 0.017286 0.963018 0.134651
v 0.020010 0.963832 0.131195
v 0.016118 0.957278 0.128998
v 0.019216 0.955825 0.124059
v 0.011237 0.954798 0.127411
v 0.012934 0.952008 0.123311
v 0.006907 0.955327 0.128950
v 0.007462 0.951108 0.124053
v 0.013850 0.962431 0.135019
v 0.012210 0.959062 0.131830
v 0.009825 0.957940 0.130825
v 0.005865 0.958418 0.131675
v 0.004839 0.966693 0.133875
v 0.003924 0.964710 0.133793
v 0.004843 0.961175 0.132413
v 0.009324 0.968262 0.132088
v 0.012105 0.965331 0.131503
v 0.011997 0.962788 0.131778
v 0.010463 0.960899 0.130977
v 0.008598 0.960284 0.130896
v 0.007093 0.960281 0.131156
v 0.007856 0.943253 0.120031
v 0.021629 0.932812 0.105821
v 0.020885 0.948816 0.117515
v 0.025048 0.944632 0.112468
v 0.005702 0.917921 0.103462
v 0.008593 0.907566 0.095748
v 0.017200 0.925783 0.104102
v 0.011499 0.920792 0.103861
v -0.000000 0.915502 0.102651
v 0.022903 0.971113 0.128361
v 0.024603 0.962231 0.123350
v 0.030717 0.954719 0.114552
v 0.032612 0.947714 0.108798
v 0.032851 0.941107 0.102604
v 0.032680 0.930376 0.092060
v 0.023969 0.919158 0.092828
v 0.016189 0.911915 0.094728
v -0.000000 0.904154 0.095793
v 0.012170 0.942526 0.118401
v 0.018063 0.979188 0.134244
v 0.013342 0.947429 0.120167
v 0.022607 0.939839 0.110658
v 0.007665 0.947497 0.121697
v 0.007592 0.963021 0.130114
v 0.016371 0.941335 0.115725
v 0.015714 1.174122 0.058214
v 0.042173 1.164228 0.055762
v 0.077981 1.132886 0.045745
v 0.088723 1.118831 0.041432
v 0.098808 1.102934 0.036497
v 0.107514 1.085049 0.030841
v 0.112969 1.065519 0.025904
v 0.115473 1.046530 0.023024
v 0.108956 1.002303 -0.048476
v 0.111276 1.008110 0.023807
v 0.088136 0.968968 0.031418
v 0.075227 0.955364 0.036257
v 0.052424 0.933165 0.046676
v 0.042023 0.922161 0.053018
v 0.033025 0.911512 0.059228
v 0.024541 0.901525 0.065821
v -0.000000 0.892321 0.077651
v 0.015218 1.164781 0.073646
v 0.040419 1.155619 0.071300
v 0.073626 1.128278 0.062290
v 0.084374 1.115163 0.058898
v 0.095329 1.100003 0.055032
v 0.105479 1.081976 0.050037
v 0.111759 1.062912 0.045444
v 0.113775 1.045321 0.043147
v 0.112065 1.049894 -0.053717
v 0.109384 1.008235 0.044556
v 0.086516 0.966693 0.052188
v 0.071191 0.953627 0.058193
v 0.046937 0.931476 0.067109
v 0.036508 0.919910 0.073604
v 0.028078 0.909542 0.079400
v 0.019080 0.902018 0.084844
v 0.000000 0.896651 0.088970
v -0.000000 1.175859 0.058957
v -0.000000 1.165460 0.073960
v 0.114704 1.026809 0.022448
v 0.112399 1.026788 0.043092
v 0.011550 0.893740 0.073437
v 0.011102 0.898547 0.087595
v 0.045295 0.939624 0.084782
v 0.069668 0.966451 0.083213
v 0.087943 0.978806 0.075775
v 0.108201 1.011601 0.065249
v 0.115218 1.048908 -0.041594
v 0.110800 1.029453 0.062331
v 0.110873 1.044836 0.063051
v 0.108577 1.060071 0.066690
v 0.101371 1.079192 0.071221
v 0.089466 1.096357 0.074277
v 0.078625 1.110872 0.076229
v 0.068597 1.122457 0.078124
v 0.038658 1.145432 0.086697
v 0.014300 1.153084 0.089170
v -0.000000 1.152789 0.088734
v 0.021077 0.984357 0.130007
v 0.055219 1.100706 0.111931
v 0.035849 1.051993 0.134211
v 0.060002 1.086092 0.117180
v 0.054037 1.059319 0.128960
v 0.070670 1.061522 0.120370
v 0.085687 1.060707 0.108293
v 0.099149 1.054607 0.091294
v 0.105288 1.031856 0.079713
v 0.103495 1.014579 0.082775
v 0.100494 1.005114 0.086621
v 0.097012 0.998760 0.088552
v 0.084359 0.990393 0.094020
v 0.070636 0.983331 0.098579
v 0.058302 0.981843 0.106086
v 0.046722 0.982885 0.113237
v 0.035621 0.986191 0.120019
v 0.025717 0.992113 0.125838
v 0.030183 0.976045 0.122273
v 0.042584 0.971925 0.111534
v 0.054992 0.969033 0.099711
v 0.064475 0.943885 0.040477
v 0.062941 0.943174 0.060695
v 0.098439 0.991355 0.071853
v 0.097156 0.981641 0.048950
v 0.099405 0.982528 0.027665
v 0.056432 0.950509 0.081956
v 0.048350 0.956544 0.097530
v 0.037981 0.960332 0.110372
v 0.030029 0.966559 0.119698
v 0.038186 0.951541 0.105633
v 0.041704 0.947100 0.097714
v 0.104261 0.994029 0.046905
v 0.106610 0.993670 0.025286
v 0.103593 1.000404 0.068710
v 0.116873 1.047847 -0.029862
v 0.116506 1.047712 -0.014292
v 0.115858 1.047471 0.004283
v 0.116284 1.028256 0.002776
v 0.117833 1.029077 -0.017648
v 0.082314 1.030884 0.102028
v 0.078827 1.029455 0.102607
v 0.091857 1.034708 0.096078
v 0.086897 1.032513 0.099929
v 0.104254 1.043332 0.081600
v 0.092566 1.075318 0.094381
v 0.081453 1.092387 0.093271
v 0.071832 1.105983 0.092096
v 0.063902 1.115703 0.091544
v 0.031282 1.062058 0.134524
v 0.030383 1.075487 0.132289
v 0.049515 1.069705 0.128030
v 0.066207 1.072968 0.119567
v 0.081419 1.073541 0.108821
v 0.060681 1.110044 0.099818
v 0.054935 1.156671 0.053271
v 0.051720 1.148604 0.068781
v 0.049013 1.139254 0.083968
v 0.046275 1.127764 0.097190
v 0.029450 1.170171 0.057527
v 0.044224 1.115008 0.108667
v 0.034017 1.117425 0.112296
v 0.028595 1.161165 0.073000
v 0.027355 1.150337 0.088577
v 0.025450 1.136432 0.102766
v 0.023650 1.119223 0.114299
v 0.066852 1.145518 0.049703
v 0.062806 1.139375 0.065588
v 0.058795 1.131599 0.080836
v 0.055419 1.122680 0.094261
v 0.053715 1.112381 0.104041
v 0.120696 1.013896 -0.019238
v 0.121644 1.021628 -0.026285
v 0.121475 1.024709 -0.032504
v 0.120555 1.024182 -0.039596
v 0.119552 1.020836 -0.044727
v 0.118819 1.015310 -0.047042
v 0.118580 1.011000 -0.046240
v 0.118253 1.007033 -0.042891
v 0.117151 1.002058 -0.036221
v 0.116938 1.000436 -0.029941
v 0.117505 1.001561 -0.022725
v 0.118799 1.005427 -0.019216
v 0.117388 1.014139 -0.015210
v 0.119530 1.024100 -0.023364
v 0.119787 1.028069 -0.032024
v 0.118654 1.027417 -0.040714
v 0.116981 1.023599 -0.047355
v 0.116174 1.016179 -0.050039
v 0.115735 1.010011 -0.049156
v 0.115275 1.005012 -0.045671
v 0.113341 0.999074 -0.037262
v 0.112959 0.997060 -0.028678
v 0.113106 0.998738 -0.020263
v 0.114206 1.003117 -0.015714
v 0.120841 1.013707 -0.023040
v 0.121334 1.019725 -0.028391
v 0.121213 1.021766 -0.032683
v 0.121005 1.021306 -0.038261
v 0.120297 1.019134 -0.041738
v 0.118867 1.014689 -0.043043
v 0.118532 1.011711 -0.042242
v 0.117503 1.008599 -0.040323
v 0.117154 1.004903 -0.035373
v 0.117037 1.003720 -0.030801
v 0.117161 1.005160 -0.025812
v 0.118078 1.007838 -0.023208
v 0.120858 1.013560 -0.026102
v 0.121621 1.017904 -0.030221
v 0.121802 1.019077 -0.032883
v 0.121810 1.018895 -0.036827
v 0.121595 1.017681 -0.038605
v 0.120518 1.014148 -0.039800
v 0.119786 1.012162 -0.039281
v 0.118805 1.010060 -0.037945
v 0.118397 1.007552 -0.034580
v 0.118229 1.006598 -0.031920
v 0.118865 1.007726 -0.028139
v 0.119609 1.009621 -0.026372
v 0.119693 1.012584 -0.036870
v 0.121065 1.016548 -0.034617
v 0.119297 1.010157 -0.032337
v 0.120510 1.013923 -0.030766
v -0.000000 0.894033 0.060007
v 0.012969 0.897584 0.057428
v -0.000000 0.898241 0.041128
v 0.013167 0.903233 0.037141
v -0.000000 0.900050 0.018781
v 0.015159 0.906126 0.013737
v 0.000000 0.900263 0.003121
v 0.013875 0.906524 -0.001216
v 0.024842 0.906378 0.048871
v 0.035280 0.915953 0.041508
v 0.025510 0.910723 0.030662
v 0.028392 0.913863 0.007616
v 0.027846 0.913517 -0.007878
v 0.045638 0.926259 0.034593
v 0.037059 0.919835 0.023713
v 0.040965 0.923159 0.001412
v 0.039815 0.924527 -0.011550
v 0.056371 0.937132 0.028456
v 0.048108 0.929897 0.017930
v 0.051704 0.933692 -0.004575
v 0.051470 0.935151 -0.016864
v 0.078733 0.960244 0.019046
v 0.058965 0.940605 0.013597
v 0.062424 0.945226 -0.010204
v 0.063186 0.946986 -0.022236
v 0.067540 0.948327 0.023579
v 0.070030 0.951985 0.009269
v 0.073532 0.957323 -0.015264
v 0.071756 0.957065 -0.028031
v 0.081212 0.964006 0.004446
v 0.090410 0.973194 0.014092
v 0.084728 0.969415 -0.019741
v 0.082804 0.969632 -0.030339
v 0.092223 0.976512 -0.000685
v 0.094785 0.980713 -0.023411
v 0.092442 0.980617 -0.033352
v 0.100994 0.986038 0.009640
v 0.101954 0.988713 -0.005841
v 0.102285 0.989190 -0.025954
v 0.101186 0.990054 -0.036195
v 0.115066 1.013979 -0.010042
v 0.098461 0.991153 -0.045921
v 0.117934 1.033182 -0.031342
v 0.116348 1.034289 -0.041813
v 0.112724 1.032073 -0.052826
v 0.111427 1.019654 -0.055262
v 0.110919 1.009974 -0.053393
v 0.089242 0.980431 -0.042576
v 0.108022 0.996564 -0.037704
v 0.107468 0.994149 -0.027614
v 0.107899 0.995989 -0.017807
v 0.110226 1.000865 -0.011272
v 0.014158 0.904684 0.025771
v -0.000000 0.899147 0.030297
v 0.027009 0.912221 0.019412
v 0.039134 0.921503 0.012750
v 0.050247 0.931969 0.006653
v 0.061004 0.943161 0.001500
v 0.072049 0.954874 -0.003323
v 0.083290 0.966967 -0.008217
v 0.093991 0.979047 -0.012767
v 0.102245 0.989153 -0.016263
v 0.104965 1.023051 -0.066169
v 0.108582 0.997501 0.006845
v 0.113356 1.010211 0.005218
v 0.103406 1.011331 -0.063585
v 0.106842 1.036246 -0.067029
v 0.100185 1.001032 -0.059776
v 0.092799 0.990302 -0.056012
v 0.107644 1.052873 -0.067650
v 0.084858 0.978948 -0.052515
v 0.109423 1.086884 0.012848
v 0.113499 1.066892 0.007678
v 0.092887 1.122031 0.024416
v 0.111066 1.087669 -0.004714
v 0.114054 1.067165 -0.010000
v 0.111953 1.087419 -0.021636
v 0.114929 1.066848 -0.026333
v 0.111434 1.087083 -0.036079
v 0.113865 1.067377 -0.039494
v 0.109881 1.087668 -0.049398
v 0.111208 1.068612 -0.052342
v 0.107717 1.088904 -0.063391
v 0.107904 1.070828 -0.066588
v 0.102330 1.105475 0.018850
v 0.097905 1.125410 0.008088
v 0.106045 1.107475 0.001720
v 0.102254 1.128176 -0.008236
v 0.108572 1.108601 -0.015207
v 0.104532 1.129581 -0.024262
v 0.108935 1.108415 -0.031106
v 0.104751 1.128990 -0.039064
v 0.107624 1.107826 -0.044810
v 0.104198 1.128136 -0.054456
v 0.106069 1.107873 -0.058882
v 0.082517 1.137219 0.029460
v 0.058879 1.163732 0.038116
v 0.071494 1.151386 0.034143
v 0.044506 1.171818 0.040755
v 0.015963 1.181125 0.043773
v 0.030338 1.177239 0.042658
v -0.000000 1.181979 0.043381
v 0.016064 1.185852 0.029370
v 0.087862 1.141917 0.013746
v 0.092605 1.146143 -0.002102
v 0.096189 1.149206 -0.017924
v 0.099384 1.149710 -0.033407
v 0.100897 1.148386 -0.050224
v -0.000000 1.186578 0.029080
v 0.016255 1.189916 0.013611
v 0.031401 1.183095 0.027960
v -0.000000 1.190661 0.013432
v 0.032378 1.187607 0.012452
v 0.016639 1.193252 -0.002582
v 0.000000 1.193641 -0.002720
v 0.033244 1.190676 -0.003890
v 0.017123 1.195192 -0.020057
v 0.000000 1.195227 -0.020105
v 0.034414 1.193021 -0.021494
v 0.017750 1.195416 -0.039642
v 0.000000 1.195130 -0.039498
v 0.035798 1.192781 -0.041506
v 0.018551 1.192861 -0.061889
v 0.000000 1.192440 -0.061573
v 0.037559 1.189750 -0.063618
v 0.019346 1.185146 -0.085726
v 0.000000 1.185257 -0.085196
v 0.039289 1.182682 -0.087142
v 0.020157 1.171649 -0.107990
v -0.000000 1.172752 -0.107846
v 0.040644 1.169167 -0.109411
v 0.021019 1.154157 -0.125737
v -0.000000 1.155896 -0.126350
v 0.041519 1.150862 -0.126138
v 0.021624 1.135861 -0.138071
v -0.000000 1.138491 -0.138905
v 0.041701 1.131092 -0.136805
v 0.021829 1.118282 -0.145922
v -0.000000 1.122877 -0.146543
v 0.041508 1.111906 -0.143456
v 0.021869 1.099598 -0.150899
v -0.000000 1.105394 -0.152015
v 0.041237 1.092622 -0.147717
v 0.021710 1.078010 -0.153017
v -0.000000 1.082139 -0.155387
v 0.040123 1.071476 -0.147659
v 0.021174 1.055607 -0.151044
v -0.000000 1.059533 -0.153871
v 0.038567 1.049961 -0.143797
v 0.020492 1.033518 -0.145367
v -0.000000 1.036883 -0.147562
v 0.036934 1.029319 -0.137701
v 0.018843 1.013387 -0.136380
v -0.000000 1.017217 -0.138206
v 0.035091 1.009988 -0.129876
v 0.017336 0.994973 -0.126374
v -0.000000 0.998916 -0.128089
v 0.033410 0.991998 -0.120970
v 0.016109 0.978346 -0.115844
v -0.000000 0.982207 -0.118055
v 0.031601 0.976075 -0.110448
v 0.015136 0.964650 -0.104553
v -0.000000 0.967810 -0.107824
v 0.029656 0.962704 -0.098979
v 0.014244 0.952922 -0.093454
v -0.000000 0.955009 -0.097631
v 0.024983 0.953001 -0.088353
v 0.012010 0.942029 -0.083103
v -0.000000 0.942948 -0.087373
v 0.020917 0.943188 -0.078455
v 0.009722 0.931330 -0.074741
v 0.000000 0.930789 -0.077644
v 0.017644 0.932469 -0.071326
v 0.008518 0.920282 -0.070197
v 0.000000 0.919333 -0.072282
v 0.015532 0.921448 -0.067523
v 0.062848 1.170455 0.022969
v 0.047129 1.178705 0.025924
v 0.091111 1.160913 -0.065931
v 0.065543 1.175528 0.007052
v 0.048938 1.183423 0.010262
v 0.067429 1.178728 -0.009168
v 0.050241 1.186435 -0.006131
v 0.071392 1.180458 -0.026644
v 0.052374 1.188354 -0.024060
v 0.075304 1.179667 -0.045786
v 0.055314 1.188177 -0.044060
v 0.077692 1.175248 -0.066559
v 0.058257 1.184771 -0.065905
v 0.078977 1.165784 -0.087306
v 0.060289 1.175886 -0.088452
v 0.077303 1.149769 -0.102907
v 0.060542 1.160337 -0.107265
v 0.076584 1.132064 -0.114441
v 0.061214 1.142658 -0.122147
v 0.075307 1.112825 -0.123031
v 0.060472 1.123023 -0.132049
v 0.072386 1.093918 -0.126237
v 0.058621 1.103357 -0.136496
v 0.070196 1.075781 -0.126073
v 0.057014 1.084151 -0.138081
v 0.069272 1.057222 -0.124633
v 0.055607 1.064140 -0.136711
v 0.068701 1.038758 -0.122254
v 0.054435 1.044148 -0.133718
v 0.067078 1.020710 -0.117672
v 0.052822 1.024763 -0.128725
v 0.064100 1.003980 -0.110373
v 0.050550 1.006609 -0.121310
v 0.060117 0.989326 -0.100918
v 0.047918 0.990263 -0.111870
v 0.055324 0.975978 -0.091409
v 0.045002 0.975842 -0.101126
v 0.049830 0.964254 -0.082544
v 0.041598 0.963081 -0.090595
v 0.043878 0.954860 -0.074533
v 0.035657 0.953614 -0.081638
v 0.037045 0.945205 -0.066630
v 0.029489 0.944107 -0.073041
v 0.031263 0.934632 -0.060990
v 0.024833 0.933556 -0.066743
v 0.026908 0.923815 -0.058079
v 0.021592 0.922688 -0.063382
v 0.090582 1.153086 -0.082274
v 0.076424 1.157216 0.018779
v 0.080623 1.162489 0.003072
v 0.083854 1.166283 -0.012856
v 0.087909 1.167415 -0.029328
v 0.090700 1.165703 -0.047563
v 0.089900 1.139180 -0.095108
v 0.089191 1.122013 -0.104862
v 0.086652 1.102802 -0.111600
v 0.083886 1.085156 -0.114302
v 0.082613 1.067883 -0.113781
v 0.081496 1.050657 -0.111970
v 0.080365 1.033906 -0.108950
v 0.078580 1.017465 -0.104588
v 0.074999 1.002260 -0.097614
v 0.069931 0.988689 -0.089667
v 0.063790 0.976434 -0.081609
v 0.057441 0.965477 -0.073741
v 0.051063 0.955700 -0.066006
v 0.043896 0.945975 -0.058827
v 0.037104 0.935499 -0.054235
v 0.031737 0.924726 -0.051858
v 0.099314 1.145648 -0.066463
v 0.102371 1.128059 -0.070227
v 0.096436 1.143240 -0.078382
v 0.104012 1.090773 -0.079126
v 0.098183 1.130755 -0.084650
v 0.103989 1.108994 -0.074913
v 0.098672 1.113284 -0.091572
v 0.096552 1.094450 -0.096692
v 0.102034 1.056337 -0.083510
v 0.103031 1.073781 -0.082652
v 0.094951 1.078048 -0.099983
v 0.093955 1.061249 -0.099814
v 0.101007 1.039633 -0.082307
v 0.098792 1.025605 -0.080144
v 0.092024 1.044777 -0.097682
v 0.090499 1.029232 -0.094948
v 0.095954 1.012734 -0.076373
v 0.088087 1.014437 -0.090587
v 0.092069 1.000814 -0.071751
v 0.083916 1.001211 -0.084513
v 0.085945 0.989092 -0.067074
v 0.078041 0.988804 -0.078197
v 0.078652 0.977836 -0.062277
v 0.071194 0.977379 -0.071762
v 0.080410 0.969487 -0.039303
v 0.071491 0.958766 -0.035587
v 0.076733 0.968271 -0.048807
v 0.071019 0.967316 -0.057096
v 0.064252 0.966689 -0.065262
v 0.068451 0.958568 -0.044142
v 0.063112 0.957393 -0.051177
v 0.057219 0.956580 -0.058511
v 0.062966 0.948903 -0.028966
v 0.051526 0.936812 -0.023835
v 0.059893 0.948840 -0.037646
v 0.054625 0.947168 -0.044071
v 0.049415 0.946409 -0.051301
v 0.041611 0.925532 -0.020591
v 0.049806 0.937687 -0.032591
v 0.046314 0.936931 -0.039889
v 0.042179 0.936142 -0.047139
v 0.032956 0.914828 -0.020668
v 0.041605 0.926149 -0.029673
v 0.039714 0.925939 -0.037719
v 0.036180 0.925420 -0.045080
v 0.010483 0.898589 -0.008252
v 0.034634 0.915144 -0.029996
v 0.033824 0.914998 -0.037741
v 0.031582 0.914551 -0.044745
v 0.028159 0.913847 -0.051376
v 0.023928 0.912908 -0.057253
v 0.019408 0.911775 -0.062054
v 0.014334 0.910600 -0.065800
v 0.008126 0.909447 -0.068587
v 0.000000 0.908436 -0.070761
v 0.000000 0.894845 -0.006933
v 0.009597 0.889628 -0.015124
v 0.000000 0.887070 -0.012104
v 0.009611 0.877905 -0.020189
v 0.000000 0.876352 -0.017080
v 0.016240 0.863621 -0.026477
v 0.000000 0.863078 -0.018538
v 0.019657 0.902413 -0.016100
v 0.016911 0.890553 -0.021764
v 0.016217 0.878029 -0.025194
v 0.009727 0.863960 -0.022325
v 0.024032 0.903502 -0.024285
v 0.027066 0.903625 -0.031275
v 0.028878 0.903439 -0.038182
v 0.028696 0.902978 -0.045043
v 0.026375 0.902239 -0.051374
v 0.022833 0.901279 -0.056757
v 0.018884 0.900361 -0.061126
v 0.014270 0.899521 -0.064622
v 0.008326 0.898614 -0.067438
v 0.000000 0.897433 -0.069877
v 0.021224 0.891040 -0.027739
v 0.024517 0.891127 -0.033489
v 0.027043 0.890938 -0.039554
v 0.027826 0.890529 -0.045740
v 0.026431 0.889860 -0.051503
v 0.023287 0.889116 -0.056517
v 0.019222 0.888558 -0.060639
v 0.014372 0.888228 -0.063984
v 0.008055 0.887611 -0.066823
v 0.000000 0.886273 -0.069567
v 0.020608 0.878231 -0.030196
v 0.023835 0.878415 -0.035309
v 0.026136 0.878352 -0.040703
v 0.027182 0.877899 -0.046239
v 0.026692 0.877070 -0.051683
v 0.024178 0.876206 -0.056657
v 0.019820 0.875849 -0.060809
v 0.014467 0.875904 -0.064152
v 0.008008 0.875882 -0.067151
v 0.000000 0.875003 -0.070409
v 0.020942 0.863520 -0.030871
v 0.024452 0.863826 -0.035596
v 0.027142 0.864127 -0.040720
v 0.028904 0.864207 -0.046332
v 0.029650 0.863512 -0.052072
v 0.027934 0.862538 -0.057507
v 0.022935 0.862188 -0.062149
v 0.015885 0.862239 -0.065713
v 0.008177 0.862600 -0.068536
v 0.000000 0.861908 -0.071803
v 0.017258 0.846296 -0.023553
v 0.000000 0.847198 -0.015815
v 0.010292 0.846888 -0.019392
v 0.022148 0.846028 -0.028588
v 0.025666 0.846624 -0.033961
v 0.029184 0.847768 -0.039664
v 0.031949 0.848957 -0.045809
v 0.034754 0.848636 -0.052178
v 0.033447 0.847203 -0.058559
v 0.028072 0.846526 -0.064477
v 0.019235 0.845540 -0.068996
v 0.009919 0.845719 -0.071313
v 0.000000 0.846312 -0.074348
v 0.026323 0.826940 -0.017157
v 0.000000 0.827579 -0.008806
v 0.013610 0.827137 -0.010801
v 0.040280 0.826691 -0.024930
v 0.047169 0.829258 -0.031358
v 0.051921 0.831899 -0.038048
v 0.053828 0.832522 -0.045050
v 0.054480 0.832802 -0.052370
v 0.049627 0.830606 -0.060119
v 0.042880 0.828203 -0.068019
v 0.029396 0.825728 -0.074473
v 0.015070 0.825431 -0.077623
v 0.000000 0.824974 -0.080075
v 0.038062 0.792759 0.002996
v 0.000000 0.792607 0.004314
v 0.018266 0.792571 0.004311
v 0.067768 0.795177 -0.005882
v 0.071407 0.810651 -0.015723
v 0.076832 0.821373 -0.029265
v 0.080677 0.825887 -0.041990
v 0.079558 0.822271 -0.054243
v 0.077950 0.815833 -0.064258
v 0.071064 0.800552 -0.074849
v 0.043153 0.795479 -0.081763
v 0.020482 0.792549 -0.085346
v 0.000000 0.790956 -0.086228
v 0.045932 0.757956 0.008469
v 0.000000 0.757438 0.015720
v 0.021905 0.757689 0.014465
v 0.076714 0.756584 -0.009407
v 0.088214 0.757749 -0.076452
v 0.052582 0.759038 -0.085611
v 0.024115 0.757519 -0.089626
v 0.000000 0.755998 -0.089748
v 0.046447 0.723273 0.007368
v -0.000000 0.722106 0.024955
v 0.022516 0.722917 0.019150
v 0.071107 0.723057 -0.012614
v 0.075538 0.726246 -0.070846
v 0.049078 0.723201 -0.087098
v 0.022446 0.721273 -0.091253
v -0.000000 0.720085 -0.089270
v 0.047381 0.685172 0.006282
v -0.000000 0.684063 0.025760
v 0.024782 0.684525 0.019197
v 0.065801 0.685637 -0.015013
v 0.067991 0.687012 -0.066494
v 0.045964 0.684774 -0.084093
v 0.021695 0.683005 -0.088094
v -0.000000 0.682504 -0.085461
v 0.096931 0.728415 -0.067412
v 0.090796 0.728866 -0.016077
v 0.108096 0.731318 -0.070232
v 0.122099 0.736344 -0.065615
v 0.131324 0.741215 -0.056691
v 0.134707 0.742441 -0.043614
v 0.130920 0.741995 -0.029104
v 0.121428 0.738331 -0.019240
v 0.047858 0.644879 0.004251
v -0.000000 0.643931 0.026000
v 0.027414 0.644240 0.019168
v 0.061988 0.646455 -0.016191
v 0.060681 0.648699 -0.062422
v 0.042152 0.647405 -0.077967
v 0.020863 0.645853 -0.083426
v -0.000000 0.645357 -0.082527
v 0.049752 0.600990 0.000447
v -0.000000 0.601379 0.024437
v 0.029637 0.601243 0.017151
v 0.060161 0.603786 -0.018486
v 0.054445 0.608763 -0.060663
v 0.038335 0.609502 -0.074604
v 0.018155 0.609546 -0.079805
v 0.000000 0.610131 -0.077873
v 0.050713 0.551358 -0.008389
v -0.000008 0.546822 0.014575
v 0.029106 0.553143 0.009741
v 0.060417 0.563003 -0.022793
v 0.055148 0.571678 -0.062404
v 0.035859 0.576766 -0.074466
v 0.017263 0.578535 -0.078917
v 0.000005 0.580030 -0.077806
v 0.090755 0.788869 -0.008625
v 0.102859 0.799617 -0.017050
v 0.110600 0.807897 -0.027119
v 0.115451 0.814259 -0.039670
v 0.113756 0.808774 -0.054516
v 0.107638 0.797802 -0.064731
v 0.092255 0.786456 -0.075771
v 0.099134 0.761468 -0.010769
v 0.114417 0.765662 -0.019299
v 0.082996 0.747089 -0.039329
v 0.126318 0.770676 -0.055487
v 0.065463 0.607072 -0.040190
v 0.081576 0.722050 -0.040339
v 0.068070 0.568356 -0.042840
v 0.068033 0.647830 -0.039501
v 0.107894 0.733797 -0.013618
v 0.075458 0.686028 -0.039908
v 0.055537 0.480081 -0.095042
v 0.085701 0.495576 -0.077946
v 0.092787 0.722089 -0.039418
v 0.129897 0.608772 -0.053763
v 0.131668 0.612329 -0.030538
v 0.139255 0.610487 -0.062066
v 0.151494 0.613975 -0.063460
v 0.161939 0.617905 -0.057409
v 0.166602 0.620779 -0.046226
v 0.163702 0.621494 -0.034182
v 0.154349 0.619772 -0.025875
v 0.142116 0.616264 -0.024484
v 0.127000 0.609473 -0.041720
v 0.166300 0.517431 -0.032996
v 0.164339 0.515206 -0.041771
v 0.166245 0.513860 -0.049672
v 0.172004 0.513458 -0.054265
v 0.179278 0.515236 -0.053298
v 0.184945 0.517805 -0.046965
v 0.186622 0.521351 -0.037996
v 0.183788 0.523358 -0.029396
v 0.177525 0.522859 -0.024857
v 0.170796 0.521435 -0.026404
v 0.145808 0.649032 -0.026036
v 0.131868 0.640490 -0.063482
v 0.154141 0.650724 -0.032949
v 0.156629 0.650544 -0.045435
v 0.121055 0.638492 -0.040478
v 0.123541 0.638311 -0.054106
v 0.142855 0.644229 -0.065015
v 0.152311 0.648079 -0.058121
v 0.134810 0.645061 -0.023150
v 0.125361 0.640960 -0.027804
v 0.090392 0.516923 -0.046472
v -0.000014 0.482284 -0.086476
v 0.022954 0.471914 -0.098811
v 0.076622 0.533480 -0.028090
v 0.062901 0.523365 -0.011880
v 0.026088 0.504505 -0.015308
v 0.016027 0.513848 -0.004264
v 0.016033 0.491585 -0.025903
v 0.010147 0.504135 -0.009970
v 0.000006 0.484163 -0.032036
v 0.000002 0.500149 -0.008118
v 0.026315 0.490569 -0.024049
v 0.013729 0.473978 -0.036790
v -0.000001 0.513780 -0.000287
v 0.000002 0.469068 -0.054258
v 0.015797 0.435741 -0.062251
v 0.009580 0.457212 -0.082660
v 0.034279 0.521352 -0.015310
v 0.022203 0.527293 0.003369
v 0.039691 0.504339 -0.013024
v -0.000003 0.527209 0.006918
v -0.000031 0.462198 -0.069008
v -0.000030 0.468471 -0.079864
v 0.044974 0.477778 -0.012261
v 0.008451 0.457384 -0.065348
v 0.055530 0.549980 -0.068722
v 0.074812 0.543119 -0.049963
v 0.056555 0.526088 -0.089054
v 0.073055 0.515329 -0.088406
v 0.039552 0.521299 -0.091063
v 0.046922 0.503726 -0.098835
v 0.019387 0.518781 -0.088938
v 0.021878 0.499001 -0.097254
v 0.000016 0.518777 -0.083687
v 0.000001 0.498490 -0.085664
v 0.056937 0.536852 -0.078842
v 0.079731 0.529227 -0.065178
v 0.017058 0.537691 -0.083413
v 0.000019 0.538593 -0.081681
v 0.035717 0.536774 -0.083157
v 0.016771 0.554312 -0.079975
v 0.000016 0.554059 -0.079686
v 0.034786 0.553063 -0.077395
v 0.017067 0.434551 -0.080762
v 0.020531 0.446724 -0.035801
v 0.032232 0.463228 -0.022755
v 0.069467 0.497706 -0.010049
v 0.084715 0.509846 -0.024374
v 0.032564 0.441828 -0.092170
v 0.097453 0.490579 -0.044610
v 0.085884 0.466920 -0.072736
v 0.060836 0.451722 -0.089121
v 0.020020 0.404347 -0.061464
v 0.052193 0.440052 -0.013752
v 0.022048 0.405893 -0.076639
v 0.026772 0.411552 -0.036079
v 0.039607 0.426607 -0.023681
v 0.073835 0.458896 -0.011215
v 0.088544 0.469765 -0.024066
v 0.035564 0.411589 -0.084384
v 0.094923 0.445799 -0.047370
v 0.081824 0.428641 -0.069698
v 0.059281 0.418515 -0.082100
v 0.023752 0.381638 -0.050559
v 0.059202 0.383054 -0.018169
v 0.026725 0.381141 -0.066582
v 0.029805 0.382243 -0.033856
v 0.042465 0.382651 -0.021859
v 0.075095 0.383494 -0.022756
v 0.085338 0.383799 -0.034016
v 0.039481 0.381223 -0.076855
v 0.086337 0.383724 -0.049464
v 0.076594 0.383006 -0.065609
v 0.058765 0.381946 -0.076879
v 0.028371 0.331836 -0.049289
v 0.058457 0.333332 -0.023294
v 0.030621 0.331376 -0.063079
v 0.034146 0.332423 -0.035367
v 0.045103 0.332905 -0.025911
v 0.070795 0.333619 -0.027250
v 0.079233 0.333653 -0.036646
v 0.041604 0.331450 -0.071890
v 0.080803 0.333357 -0.049894
v 0.073267 0.332690 -0.063499
v 0.058237 0.331988 -0.072216
v 0.031284 0.287662 -0.047949
v 0.056368 0.288546 -0.025734
v 0.033370 0.287340 -0.059305
v 0.035706 0.288073 -0.036204
v 0.044748 0.288367 -0.027958
v 0.067303 0.288613 -0.029776
v 0.074430 0.288552 -0.038829
v 0.042417 0.287388 -0.066666
v 0.075344 0.288331 -0.050533
v 0.068689 0.287981 -0.061389
v 0.056103 0.287660 -0.067694
v 0.032114 0.252323 -0.047820
v 0.057303 0.251698 -0.025071
v 0.034190 0.252387 -0.059193
v 0.036471 0.252157 -0.035989
v 0.045476 0.251892 -0.027516
v 0.068572 0.251671 -0.029325
v 0.075774 0.251803 -0.038940
v 0.043226 0.252506 -0.066568
v 0.076453 0.252028 -0.050970
v 0.069569 0.252273 -0.061656
v 0.056915 0.252506 -0.067656
v 0.042395 0.056386 -0.051343
v 0.054638 0.056076 -0.040222
v 0.043404 0.056422 -0.056871
v 0.044499 0.056305 -0.045587
v 0.048866 0.056174 -0.041442
v 0.060153 0.056054 -0.042316
v 0.063662 0.056113 -0.047058
v 0.047791 0.056484 -0.060455
v 0.063963 0.056228 -0.052944
v 0.060593 0.056360 -0.058113
v 0.054440 0.056483 -0.060990
v 0.124641 0.769788 -0.028899
v 0.129197 0.770580 -0.043074
v 0.101048 0.760762 -0.074236
v 0.117145 0.765872 -0.065292
v 0.126761 0.633089 -0.029454
v 0.129910 0.619390 -0.029625
v 0.155570 0.639694 -0.057044
v 0.159258 0.625301 -0.056735
v 0.124029 0.630267 -0.053326
v 0.128198 0.615944 -0.053052
v 0.159006 0.642378 -0.045526
v 0.163774 0.628143 -0.045457
v 0.156117 0.642504 -0.033149
v 0.160961 0.628770 -0.033309
v 0.151906 0.626902 -0.027196
v 0.147602 0.640482 -0.026890
v 0.125388 0.616564 -0.040903
v 0.122395 0.630558 -0.040957
v 0.140043 0.623326 -0.024918
v 0.136389 0.636884 -0.024609
v 0.152195 0.625656 -0.061000
v 0.149990 0.635852 -0.061727
v 0.133512 0.620022 -0.058793
v 0.130632 0.630203 -0.058995
v 0.138944 0.621130 -0.063661
v 0.136159 0.631413 -0.063389
v 0.146293 0.623387 -0.063978
v 0.143688 0.633760 -0.063829
v 0.127866 0.627376 -0.056292
v 0.129786 0.620764 -0.056173
v 0.153130 0.635211 -0.060122
v 0.155064 0.627456 -0.059834
v 0.181655 0.469585 -0.035363
v 0.185603 0.451824 -0.038747
v 0.181173 0.471082 -0.032327
v 0.180226 0.471749 -0.037545
v 0.183313 0.464223 -0.035871
v 0.182049 0.464436 -0.039099
v 0.183631 0.464145 -0.033099
v 0.185013 0.457549 -0.035852
v 0.183787 0.457460 -0.039510
v 0.185682 0.457377 -0.032823
v 0.186114 0.444652 0.003648
v 0.178926 0.446082 -0.004451
v 0.183265 0.446670 0.004556
v 0.182056 0.443993 -0.005405
v 0.187144 0.443022 0.000539
v 0.178176 0.447647 -0.000627
v 0.185669 0.442693 -0.003102
v 0.180033 0.447931 0.002895
v 0.188862 0.450829 -0.000290
v 0.180638 0.452104 -0.007754
v 0.183699 0.448188 -0.008257
v 0.187659 0.446279 -0.005715
v 0.186094 0.454181 0.000737
v 0.182486 0.455887 -0.000501
v 0.189457 0.447513 -0.002566
v 0.180233 0.455148 -0.004012
v 0.188281 0.460688 -0.004077
v 0.184418 0.462674 -0.004670
v 0.185329 0.451819 -0.010106
v 0.181862 0.461744 -0.007310
v 0.191563 0.451062 -0.006035
v 0.191379 0.455847 -0.005343
v 0.189339 0.449402 -0.007707
v 0.182044 0.457589 -0.010337
v 0.205725 0.438266 -0.029693
v 0.205372 0.441886 -0.017046
v 0.197525 0.436587 -0.053741
v 0.194367 0.439051 -0.057940
v 0.202242 0.436025 -0.042432
v 0.200379 0.435871 -0.048772
v 0.202481 0.441695 -0.043872
v 0.202942 0.443047 -0.040136
v 0.197963 0.441990 -0.054114
v 0.199232 0.442779 -0.050812
v 0.203912 0.436725 -0.036511
v 0.194285 0.445445 -0.056998
v 0.206198 0.445132 -0.024614
v 0.205252 0.445414 -0.028424
v 0.203796 0.448318 -0.018950
v 0.206435 0.439991 -0.023388
v 0.206817 0.442362 -0.022737
v 0.205811 0.440416 -0.031764
v 0.198260 0.436038 -0.051260
v 0.195861 0.439498 -0.057137
v 0.205690 0.439153 -0.026326
v 0.202504 0.438079 -0.044159
v 0.202291 0.436279 -0.039262
v 0.206353 0.443402 -0.019121
v 0.197579 0.438726 -0.054783
v 0.201531 0.437844 -0.047725
v 0.201414 0.442618 -0.012568
v 0.204818 0.439351 -0.035532
v 0.183890 0.446376 -0.056737
v 0.184466 0.449501 -0.057509
v 0.185108 0.441758 -0.057854
v 0.185899 0.446777 -0.044845
v 0.186022 0.437657 -0.045740
v 0.183121 0.451205 -0.044920
v 0.187868 0.447743 -0.035317
v 0.187591 0.436379 -0.035205
v 0.186594 0.451874 -0.035357
v 0.190340 0.445842 -0.025504
v 0.189910 0.437011 -0.023664
v 0.188363 0.450917 -0.025044
v 0.183522 0.446527 -0.051869
v 0.181027 0.450178 -0.052345
v 0.184219 0.440539 -0.052810
v 0.191784 0.445154 -0.018230
v 0.192951 0.440600 -0.015949
v 0.191570 0.447285 -0.016674
v 0.185159 0.456829 -0.026554
v 0.185837 0.456823 -0.029124
v 0.186065 0.454067 -0.021874
v 0.183638 0.460278 -0.027545
v 0.181776 0.460412 -0.024884
v 0.183540 0.462803 -0.029961
v 0.191855 0.471801 -0.013259
v 0.192124 0.467979 -0.011526
v 0.195093 0.466454 -0.015145
v 0.193900 0.473379 -0.017385
v 0.181669 0.472950 -0.012389
v 0.185269 0.473699 -0.011130
v 0.195840 0.429459 -0.051150
v 0.193096 0.427825 -0.049790
v 0.200699 0.428889 -0.038611
v 0.197127 0.427144 -0.037041
v 0.204465 0.431754 -0.024172
v 0.200602 0.429138 -0.022432
v 0.193922 0.447876 -0.011255
v 0.197351 0.450157 -0.011928
v 0.180046 0.469673 -0.055862
v 0.179653 0.476884 -0.025908
v 0.185355 0.486668 -0.020897
v 0.184988 0.467234 -0.007481
v 0.181904 0.466244 -0.009634
v 0.186292 0.463908 -0.057712
v 0.181702 0.462704 -0.057403
v 0.191074 0.449485 -0.009510
v 0.193843 0.451540 -0.008719
v 0.183604 0.455407 -0.057442
v 0.188154 0.454537 -0.058321
v 0.196558 0.443844 -0.012325
v 0.199831 0.446626 -0.012952
v 0.189441 0.444549 -0.060057
v 0.176254 0.471200 -0.043039
v 0.175386 0.470542 -0.051454
v 0.182723 0.475405 -0.054950
v 0.185912 0.479915 -0.015717
v 0.182626 0.478773 -0.015934
v 0.187291 0.451691 -0.032101
v 0.181279 0.481223 -0.021659
v 0.196863 0.474997 -0.024358
v 0.180064 0.468251 -0.027731
v 0.198986 0.474064 -0.033081
v 0.178139 0.470595 -0.015790
v 0.183121 0.482629 -0.019057
v 0.190916 0.428570 -0.048761
v 0.194499 0.427978 -0.036508
v 0.197159 0.429375 -0.022526
v 0.179737 0.460703 -0.019716
v 0.180154 0.477167 -0.018599
v 0.179004 0.480245 -0.032558
v 0.189768 0.449881 -0.014898
v 0.200408 0.455968 -0.018692
v 0.199259 0.465696 -0.022474
v 0.192303 0.484871 -0.024509
v 0.174650 0.494571 -0.033582
v 0.189270 0.472762 -0.011661
v 0.173333 0.492546 -0.041772
v 0.190489 0.493690 -0.044445
v 0.176869 0.469180 -0.021998
v 0.191459 0.497368 -0.036005
v 0.201738 0.464882 -0.031870
v 0.201652 0.463995 -0.041135
v 0.197870 0.464897 -0.049142
v 0.178272 0.463291 -0.043820
v 0.203068 0.455728 -0.030178
v 0.202410 0.454572 -0.040832
v 0.198494 0.454351 -0.049972
v 0.180608 0.456407 -0.044460
v 0.184414 0.455265 -0.018052
v 0.205400 0.443771 -0.031969
v 0.204424 0.442567 -0.036655
v 0.201136 0.441435 -0.048312
v 0.178613 0.475302 -0.022142
v 0.199299 0.472070 -0.040212
v 0.176754 0.480405 -0.041869
v 0.195007 0.477909 -0.044831
v 0.195382 0.483467 -0.034755
v 0.179866 0.490197 -0.052381
v 0.183131 0.499477 -0.024598
v 0.174985 0.491096 -0.048675
v 0.177719 0.498570 -0.026859
v 0.188647 0.499677 -0.028232
v 0.185955 0.491511 -0.050848
v 0.175527 0.462183 -0.051938
v 0.181120 0.461355 -0.013545
v 0.189631 0.465440 -0.007980
v 0.191874 0.464552 -0.055135
v 0.178008 0.455132 -0.052635
v 0.186430 0.452708 -0.012962
v 0.194296 0.458697 -0.010403
v 0.192961 0.454613 -0.055907
v 0.205769 0.446355 -0.020469
v 0.195738 0.442754 -0.056893
v 0.177268 0.478837 -0.049734
v 0.181021 0.486427 -0.024771
v 0.190534 0.478386 -0.016977
v 0.189413 0.476837 -0.052516
v 0.175270 0.440797 0.007773
v 0.182421 0.435631 0.009981
v 0.180631 0.430970 0.009805
v 0.170216 0.433922 0.004624
v 0.180033 0.439233 0.009616
v 0.171270 0.439119 0.005148
v 0.172549 0.429722 0.006268
v 0.176790 0.428612 0.008485
v 0.179649 0.431216 0.010683
v 0.170055 0.433900 0.006291
v 0.179143 0.437977 0.010164
v 0.174833 0.439250 0.008592
v 0.171316 0.438045 0.006757
v 0.172145 0.429751 0.007286
v 0.176049 0.428805 0.009544
v 0.181110 0.435144 0.010705
v 0.170908 0.434274 0.007978
v 0.178517 0.431945 0.011122
v 0.183714 0.431298 0.004011
v 0.170912 0.434254 0.002188
v 0.182665 0.432233 -0.000602
v 0.173129 0.434449 0.009533
v 0.182158 0.431099 0.007963
v 0.173335 0.433756 -0.001316
v 0.176607 0.433501 0.010894
v 0.178116 0.433324 -0.003206
v 0.178065 0.436433 0.010540
v 0.174220 0.437406 0.009160
v 0.172307 0.441445 0.001765
v 0.173167 0.429754 0.004468
v 0.177662 0.428411 0.006943
v 0.185107 0.437341 0.007695
v 0.185487 0.441744 0.005427
v 0.177113 0.443644 -0.003901
v 0.182091 0.443995 0.006411
v 0.181021 0.441717 -0.005028
v 0.186871 0.440403 0.001656
v 0.175953 0.445092 0.000533
v 0.185272 0.440470 -0.002554
v 0.178221 0.445420 0.004449
v 0.190149 0.453369 -0.002391
v 0.181382 0.455045 -0.009008
v 0.184521 0.450131 -0.009149
v 0.190529 0.449316 -0.004037
v 0.188530 0.447813 -0.006554
v 0.187311 0.457552 -0.001326
v 0.181082 0.458645 -0.005588
v 0.183510 0.459565 -0.002330
v 0.187324 0.436816 0.002648
v 0.179957 0.434803 0.010970
v 0.171738 0.437212 0.007806
v 0.174582 0.439902 -0.003681
v 0.185518 0.437233 -0.002318
v 0.176284 0.443350 0.006104
v 0.181526 0.441574 0.008234
v 0.180158 0.438501 -0.005155
v 0.186883 0.447456 0.001735
v 0.187721 0.445353 -0.000782
v 0.179980 0.448459 -0.005473
v 0.179502 0.450468 -0.001998
v 0.172047 0.430485 0.008780
v 0.174985 0.429500 0.001842
v 0.175493 0.429571 0.010282
v 0.179483 0.428702 0.004057
v 0.186236 0.444662 -0.004047
v 0.181363 0.450866 0.001168
v 0.184378 0.449653 0.002491
v 0.182791 0.446003 -0.006237
v 0.172862 0.431676 0.009760
v 0.175010 0.430817 0.010629
v 0.180079 0.429658 0.000781
v 0.177130 0.430373 -0.000798
v 0.201131 0.428989 -0.048192
v 0.191347 0.429262 -0.045937
v 0.203121 0.429197 -0.042671
v 0.192986 0.429158 -0.039452
v 0.188191 0.383715 -0.036331
v 0.187499 0.383437 -0.039197
v 0.192538 0.378221 -0.039160
v 0.193251 0.378569 -0.036659
v 0.197938 0.425335 -0.049348
v 0.197320 0.425788 -0.038662
v 0.194777 0.425234 -0.048568
v 0.192745 0.425742 -0.045563
v 0.192722 0.394117 -0.037612
v 0.198817 0.390491 -0.043547
v 0.200066 0.390959 -0.038840
v 0.191179 0.393566 -0.042653
v 0.197166 0.427310 -0.049964
v 0.194037 0.427032 -0.049017
v 0.196993 0.427022 -0.038124
v 0.200939 0.427423 -0.039040
v 0.187961 0.381173 -0.039966
v 0.191441 0.377791 -0.039339
v 0.188806 0.381495 -0.035716
v 0.192259 0.378180 -0.035783
v 0.193844 0.425886 -0.040670
v 0.200866 0.425851 -0.039390
v 0.202923 0.426059 -0.042821
v 0.201411 0.425833 -0.047566
v 0.198744 0.392168 -0.035958
v 0.195759 0.393382 -0.035306
v 0.192795 0.392376 -0.046010
v 0.196039 0.390958 -0.045967
v 0.190600 0.390099 -0.036838
v 0.196249 0.385338 -0.043258
v 0.197500 0.385691 -0.037732
v 0.189441 0.389554 -0.042299
v 0.192989 0.388546 -0.033596
v 0.195858 0.382454 -0.034972
v 0.193843 0.381589 -0.043466
v 0.190736 0.387616 -0.045827
v 0.204873 0.412646 -0.042020
v 0.204208 0.405188 -0.041293
v 0.205600 0.408871 -0.041518
v 0.194341 0.412184 -0.044839
v 0.194823 0.405196 -0.044191
v 0.194293 0.408552 -0.044839
v 0.195704 0.405519 -0.039682
v 0.195283 0.412609 -0.039995
v 0.195277 0.408984 -0.039375
v 0.202861 0.404996 -0.045895
v 0.203315 0.412238 -0.046820
v 0.203977 0.408527 -0.046883
v 0.198617 0.412886 -0.037492
v 0.198809 0.405656 -0.037274
v 0.199020 0.409215 -0.036638
v 0.202485 0.405459 -0.038118
v 0.202815 0.412906 -0.038344
v 0.203514 0.409185 -0.037587
v 0.200048 0.412102 -0.048760
v 0.199750 0.404877 -0.047692
v 0.200345 0.408366 -0.049023
v 0.196526 0.404906 -0.046967
v 0.196341 0.411998 -0.048203
v 0.196431 0.408313 -0.048267
v 0.197586 0.423164 -0.039062
v 0.194571 0.422884 -0.041022
v 0.198347 0.422649 -0.048859
v 0.201380 0.422885 -0.046987
v 0.202606 0.423124 -0.042766
v 0.200790 0.423226 -0.039741
v 0.193542 0.422664 -0.045257
v 0.195242 0.422485 -0.048205
v 0.200723 0.394158 -0.039579
v 0.199437 0.395053 -0.036838
v 0.199540 0.393642 -0.043920
v 0.192424 0.396125 -0.042987
v 0.193984 0.395248 -0.045969
v 0.193720 0.396486 -0.038302
v 0.196620 0.396033 -0.036218
v 0.196970 0.394147 -0.046070
v 0.198637 0.388654 -0.038706
v 0.190924 0.391714 -0.041832
v 0.197421 0.389517 -0.036023
v 0.192182 0.390083 -0.044774
v 0.192090 0.392056 -0.037659
v 0.197590 0.388233 -0.042636
v 0.194843 0.391408 -0.035538
v 0.195338 0.388885 -0.044862
v 0.193227 0.384708 -0.045788
v 0.188969 0.379319 -0.039733
v 0.189933 0.379978 -0.035228
v 0.195853 0.385946 -0.033635
v 0.196076 0.382538 -0.037076
v 0.195017 0.382154 -0.041730
v 0.188879 0.386265 -0.036190
v 0.193811 0.379989 -0.040708
v 0.190379 0.384258 -0.033437
v 0.189988 0.381003 -0.043614
v 0.194739 0.380327 -0.036531
v 0.187841 0.385764 -0.040659
v 0.192175 0.382273 -0.032728
v 0.188537 0.383363 -0.043291
v 0.192570 0.379468 -0.042205
v 0.194485 0.380433 -0.034409
v 0.193705 0.381904 -0.043938
v 0.190277 0.377958 -0.039460
v 0.190756 0.378765 -0.035244
v 0.195889 0.382891 -0.034517
v 0.196486 0.383354 -0.037277
v 0.195368 0.382943 -0.042139
v 0.193716 0.380603 -0.033468
v 0.191616 0.379450 -0.042789
v 0.189599 0.378675 -0.039663
v 0.190466 0.379243 -0.035346
v 0.195883 0.383610 -0.034053
v 0.195581 0.383501 -0.042452
v 0.192973 0.381200 -0.032973
v 0.190892 0.379835 -0.043187
v 0.193410 0.382477 -0.044595
v 0.196771 0.383956 -0.037397
v 0.202185 0.417574 -0.046766
v 0.199140 0.417350 -0.048716
v 0.194925 0.417508 -0.040673
v 0.198037 0.417870 -0.038463
v 0.203484 0.417915 -0.042517
v 0.201632 0.418014 -0.039276
v 0.193888 0.417220 -0.044970
v 0.195650 0.417155 -0.048147
v 0.202072 0.400161 -0.040816
v 0.200935 0.399847 -0.044525
v 0.194747 0.400771 -0.043399
v 0.195598 0.401091 -0.039638
v 0.198031 0.400990 -0.037822
v 0.198580 0.399959 -0.046063
v 0.200699 0.400540 -0.038390
v 0.196048 0.400313 -0.045688
v 0.189042 0.409098 -0.059513
v 0.194629 0.408433 -0.053415
v 0.191861 0.408752 -0.060452
v 0.192298 0.408832 -0.052325
v 0.189687 0.409126 -0.053411
v 0.188096 0.409349 -0.056620
v 0.194340 0.408356 -0.059026
v 0.195478 0.408276 -0.055848
v 0.189136 0.421405 -0.059193
v 0.187936 0.421014 -0.056067
v 0.195283 0.421223 -0.052734
v 0.196523 0.421529 -0.055542
v 0.192571 0.420967 -0.051535
v 0.189565 0.420815 -0.052647
v 0.192237 0.421745 -0.060460
v 0.195265 0.421736 -0.059038
v 0.191842 0.395703 -0.054318
v 0.188309 0.394993 -0.059968
v 0.185830 0.392836 -0.058773
v 0.188971 0.393385 -0.050589
v 0.190605 0.395563 -0.058181
v 0.191201 0.395326 -0.051648
v 0.186354 0.391815 -0.052125
v 0.185027 0.391577 -0.055639
v 0.186903 0.392325 -0.058560
v 0.189553 0.392935 -0.051181
v 0.190454 0.395090 -0.057939
v 0.191568 0.395179 -0.054352
v 0.191223 0.394767 -0.052147
v 0.186780 0.391293 -0.052244
v 0.186107 0.390851 -0.055780
v 0.188768 0.394389 -0.059437
v 0.190166 0.392840 -0.052255
v 0.188047 0.392321 -0.058052
v 0.183553 0.395833 -0.057930
v 0.188365 0.394161 -0.050120
v 0.183248 0.397652 -0.054959
v 0.190238 0.392862 -0.053954
v 0.184916 0.393869 -0.058780
v 0.186677 0.395712 -0.049989
v 0.189294 0.392770 -0.056918
v 0.184844 0.397668 -0.051501
v 0.190168 0.394397 -0.057570
v 0.191213 0.394547 -0.054326
v 0.191282 0.397130 -0.050997
v 0.185964 0.392426 -0.051809
v 0.184437 0.392198 -0.055359
v 0.187827 0.396945 -0.060727
v 0.189409 0.400121 -0.060174
v 0.190153 0.401461 -0.051226
v 0.191917 0.399210 -0.058349
v 0.187268 0.402341 -0.052558
v 0.186217 0.401249 -0.059231
v 0.192373 0.399736 -0.052344
v 0.185515 0.402503 -0.056000
v 0.193159 0.399246 -0.055011
v 0.190692 0.404504 -0.060546
v 0.191365 0.405004 -0.051744
v 0.188589 0.405633 -0.052990
v 0.187783 0.405425 -0.059680
v 0.186824 0.405892 -0.056535
v 0.193224 0.403879 -0.058898
v 0.193714 0.404253 -0.052892
v 0.194460 0.403784 -0.055497
v 0.189178 0.425299 -0.058371
v 0.188071 0.425092 -0.055548
v 0.194658 0.424978 -0.052529
v 0.195835 0.425264 -0.055068
v 0.194629 0.425468 -0.058309
v 0.191847 0.425541 -0.059513
v 0.189516 0.424903 -0.052352
v 0.192287 0.424903 -0.051438
v 0.189026 0.415181 -0.060723
v 0.189118 0.418143 -0.060319
v 0.189104 0.412392 -0.060044
v 0.192875 0.415288 -0.062214
v 0.192443 0.412288 -0.061424
v 0.192852 0.418327 -0.061654
v 0.196736 0.414882 -0.052478
v 0.196221 0.417849 -0.052526
v 0.195927 0.411954 -0.053020
v 0.193384 0.414742 -0.051037
v 0.193074 0.412015 -0.051722
v 0.193053 0.417545 -0.051161
v 0.196501 0.415224 -0.060336
v 0.196153 0.418330 -0.059895
v 0.195681 0.412144 -0.059807
v 0.189794 0.414802 -0.052503
v 0.189668 0.417478 -0.052518
v 0.189932 0.412201 -0.053019
v 0.187685 0.414993 -0.056844
v 0.188096 0.412389 -0.056752
v 0.187730 0.417699 -0.056588
v 0.198078 0.415044 -0.055882
v 0.197068 0.412033 -0.055908
v 0.197640 0.418039 -0.055766
v 0.185198 0.399606 -0.059749
v 0.189103 0.394010 -0.058803
v 0.191159 0.394407 -0.052655
v 0.188844 0.399206 -0.049927
v 0.184275 0.401014 -0.055987
v 0.192478 0.397077 -0.054436
v 0.191102 0.397074 -0.058786
v 0.186209 0.400931 -0.051748
v 0.189816 0.401708 -0.060769
v 0.186774 0.403219 -0.059889
v 0.190750 0.402802 -0.051104
v 0.193352 0.401890 -0.052297
v 0.194872 0.428109 -0.058395
v 0.196024 0.427601 -0.054729
v 0.194691 0.427007 -0.052126
v 0.189170 0.427413 -0.051563
v 0.188223 0.390948 -0.053145
v 0.184872 0.393663 -0.051878
v 0.187306 0.390844 -0.055888
v 0.183509 0.393765 -0.055236
v 0.195102 0.428191 -0.051781
v 0.192303 0.427843 -0.050344
v 0.187069 0.433091 -0.058620
v 0.190877 0.433472 -0.060548
v 0.185830 0.403898 -0.056379
v 0.194085 0.401163 -0.055158
v 0.192668 0.401140 -0.058936
v 0.187817 0.403741 -0.052516
v 0.187298 0.428005 -0.055040
v 0.188462 0.428360 -0.058386
v 0.192250 0.426953 -0.050877
v 0.191553 0.428506 -0.059850
v 0.189021 0.391410 -0.054086
v 0.188234 0.391231 -0.055902
v 0.183270 0.395586 -0.053988
v 0.184285 0.395557 -0.051839
v 0.188618 0.430261 -0.050067
v 0.196652 0.430325 -0.054407
v 0.185928 0.432235 -0.054335
v 0.195189 0.431839 -0.058702
v 0.202320 0.407389 -0.012043
v 0.203756 0.409893 -0.003704
v 0.205019 0.407297 -0.011148
v 0.201121 0.410230 -0.004374
v 0.199628 0.409618 -0.006903
v 0.200146 0.408285 -0.010502
v 0.206475 0.407799 -0.008654
v 0.205925 0.409109 -0.005120
v 0.202691 0.421512 -0.017979
v 0.199718 0.421919 -0.016136
v 0.204825 0.425068 -0.008455
v 0.207682 0.424446 -0.010431
v 0.201173 0.424648 -0.008972
v 0.198898 0.423371 -0.011970
v 0.206147 0.422077 -0.017249
v 0.208238 0.423113 -0.014455
v 0.200529 0.392259 0.001462
v 0.199896 0.388395 -0.006493
v 0.197196 0.385204 -0.005154
v 0.196032 0.389028 0.004143
v 0.201172 0.390426 -0.003901
v 0.198431 0.392174 0.003849
v 0.194869 0.385965 0.002075
v 0.195205 0.384411 -0.001902
v 0.197656 0.385053 -0.004540
v 0.196495 0.388582 0.004298
v 0.200827 0.389770 -0.003611
v 0.200230 0.391558 0.001497
v 0.198567 0.391388 0.003843
v 0.195053 0.385545 0.002366
v 0.195553 0.383884 -0.001416
v 0.199906 0.387940 -0.005716
v 0.197277 0.388281 0.004035
v 0.198218 0.385301 -0.003790
v 0.194533 0.388481 -0.007940
v 0.195316 0.390107 0.003717
v 0.192823 0.391841 -0.006526
v 0.198278 0.387841 0.002358
v 0.196476 0.386011 -0.006420
v 0.193682 0.391985 0.001981
v 0.198790 0.386366 -0.001980
v 0.192607 0.393432 -0.001904
v 0.200320 0.388873 -0.003131
v 0.199765 0.390558 0.001704
v 0.198461 0.394889 0.003307
v 0.194194 0.386664 0.001674
v 0.194539 0.384902 -0.002565
v 0.200101 0.390637 -0.008440
v 0.202064 0.396786 -0.008509
v 0.198030 0.401330 -0.000914
v 0.203348 0.397150 -0.005639
v 0.196500 0.401237 -0.004274
v 0.199535 0.397820 -0.009913
v 0.200766 0.399842 0.000108
v 0.197381 0.399678 -0.008410
v 0.202915 0.398583 -0.001662
v 0.203696 0.401978 -0.009632
v 0.199831 0.405682 -0.002281
v 0.198333 0.405209 -0.005269
v 0.201235 0.402558 -0.010730
v 0.199077 0.403704 -0.009251
v 0.204996 0.402243 -0.006939
v 0.202549 0.405006 -0.001558
v 0.204550 0.403704 -0.003107
v 0.202097 0.426058 -0.019740
v 0.199351 0.426505 -0.017856
v 0.204156 0.429321 -0.010633
v 0.206876 0.428636 -0.012539
v 0.207457 0.427414 -0.016460
v 0.205297 0.426517 -0.019161
v 0.198719 0.427944 -0.013843
v 0.200874 0.429158 -0.010997
v 0.203522 0.413624 -0.016674
v 0.203402 0.416971 -0.017325
v 0.203044 0.410915 -0.014847
v 0.207885 0.414082 -0.015352
v 0.206909 0.411099 -0.013687
v 0.207462 0.417386 -0.016108
v 0.205988 0.418072 -0.003887
v 0.205618 0.421128 -0.005680
v 0.205282 0.414579 -0.003628
v 0.201425 0.417886 -0.004677
v 0.201351 0.414638 -0.004319
v 0.201340 0.420782 -0.006377
v 0.210297 0.415251 -0.011686
v 0.209676 0.418530 -0.012797
v 0.209127 0.412188 -0.010480
v 0.198651 0.416578 -0.008617
v 0.198787 0.419430 -0.009931
v 0.199065 0.413573 -0.007836
v 0.199649 0.414557 -0.014256
v 0.199821 0.411896 -0.012758
v 0.199722 0.417638 -0.015034
v 0.209426 0.417084 -0.006387
v 0.208298 0.413796 -0.005710
v 0.208908 0.420255 -0.008024
v 0.197257 0.393484 -0.010849
v 0.199818 0.387670 -0.004956
v 0.198706 0.390865 0.003697
v 0.195750 0.397316 0.001338
v 0.194886 0.396405 -0.008698
v 0.201416 0.394449 0.000864
v 0.202096 0.392535 -0.004754
v 0.194251 0.398186 -0.003190
v 0.203180 0.399126 -0.009217
v 0.200549 0.399947 -0.010552
v 0.198958 0.403469 -0.000942
v 0.201945 0.402481 -0.000036
v 0.207565 0.430266 -0.017974
v 0.207048 0.431862 -0.013565
v 0.203926 0.432411 -0.011155
v 0.197411 0.430580 -0.014356
v 0.195858 0.385213 0.002602
v 0.192984 0.388181 0.000400
v 0.196223 0.383863 -0.000999
v 0.193283 0.386630 -0.003976
v 0.203228 0.436087 -0.011420
v 0.198869 0.435760 -0.010845
v 0.200905 0.429132 -0.022503
v 0.204857 0.430519 -0.022358
v 0.198182 0.401483 -0.008920
v 0.204129 0.400943 -0.001815
v 0.204613 0.399437 -0.006204
v 0.197250 0.403216 -0.004378
v 0.198044 0.428814 -0.019309
v 0.201506 0.428106 -0.021430
v 0.200186 0.432032 -0.011136
v 0.205196 0.428863 -0.020828
v 0.196846 0.385439 0.002232
v 0.197058 0.384389 -0.000552
v 0.192283 0.389312 -0.004444
v 0.192210 0.390386 -0.001463
v 0.195404 0.433694 -0.014691
v 0.206754 0.435517 -0.014649
v 0.196271 0.430996 -0.020516
v 0.207315 0.433402 -0.019808
v 0.200075 0.399484 -0.028000
v 0.204701 0.400989 -0.020083
v 0.202802 0.399036 -0.028282
v 0.201782 0.401569 -0.019496
v 0.199209 0.401294 -0.021580
v 0.198547 0.400287 -0.025668
v 0.205157 0.399245 -0.026491
v 0.206123 0.400151 -0.022608
v 0.199140 0.416524 -0.033224
v 0.196981 0.416920 -0.029671
v 0.205362 0.419148 -0.023735
v 0.207465 0.418699 -0.027097
v 0.201497 0.418891 -0.022647
v 0.197969 0.417991 -0.024863
v 0.203161 0.416888 -0.034009
v 0.206448 0.417624 -0.031754
v 0.201313 0.385204 -0.016934
v 0.198151 0.382372 -0.024473
v 0.195836 0.379547 -0.022247
v 0.197774 0.382220 -0.012151
v 0.200216 0.383993 -0.022378
v 0.200368 0.385029 -0.013524
v 0.195652 0.379590 -0.014129
v 0.194836 0.378597 -0.018441
v 0.196512 0.379311 -0.021847
v 0.198373 0.381730 -0.012452
v 0.199946 0.383384 -0.021956
v 0.201035 0.384562 -0.016745
v 0.200397 0.384261 -0.013811
v 0.195866 0.379225 -0.014021
v 0.195362 0.378082 -0.018163
v 0.198411 0.381900 -0.023716
v 0.198975 0.381495 -0.013257
v 0.197243 0.379439 -0.021401
v 0.193263 0.383002 -0.023183
v 0.196985 0.383295 -0.012003
v 0.192538 0.385907 -0.021010
v 0.199262 0.381182 -0.015303
v 0.194935 0.380606 -0.022965
v 0.194965 0.385275 -0.012919
v 0.198355 0.380244 -0.019902
v 0.193345 0.387037 -0.016352
v 0.199569 0.382568 -0.021484
v 0.200587 0.383639 -0.016496
v 0.200409 0.387562 -0.013608
v 0.195011 0.380357 -0.014113
v 0.194144 0.379212 -0.018686
v 0.198002 0.384645 -0.026242
v 0.199944 0.389288 -0.025677
v 0.199182 0.393301 -0.016203
v 0.202082 0.389222 -0.023273
v 0.196578 0.393572 -0.018783
v 0.196974 0.390565 -0.025816
v 0.201927 0.391526 -0.016514
v 0.195715 0.392398 -0.023158
v 0.203116 0.390377 -0.019163
v 0.201431 0.394370 -0.027247
v 0.200711 0.397711 -0.017734
v 0.198055 0.397649 -0.020161
v 0.198701 0.395262 -0.027210
v 0.197204 0.396446 -0.024702
v 0.203742 0.394311 -0.025075
v 0.203547 0.396695 -0.018285
v 0.204776 0.395429 -0.020816
v 0.198428 0.422004 -0.033753
v 0.196584 0.422630 -0.030585
v 0.204337 0.424317 -0.024640
v 0.206284 0.423664 -0.027890
v 0.205032 0.422504 -0.032442
v 0.201811 0.422001 -0.034613
v 0.197590 0.423597 -0.026054
v 0.200827 0.424227 -0.023886
v 0.200281 0.406360 -0.032401
v 0.199998 0.410431 -0.033010
v 0.200434 0.403441 -0.030327
v 0.204919 0.406430 -0.033021
v 0.204173 0.403345 -0.030957
v 0.204562 0.410606 -0.033545
v 0.207678 0.409361 -0.020509
v 0.206892 0.413260 -0.021795
v 0.206673 0.405731 -0.020472
v 0.202854 0.409471 -0.019244
v 0.202669 0.405959 -0.019476
v 0.202276 0.413249 -0.020576
v 0.208602 0.407182 -0.030363
v 0.207993 0.411325 -0.030978
v 0.207426 0.403947 -0.028823
v 0.198602 0.408619 -0.022205
v 0.198300 0.412357 -0.023225
v 0.199138 0.405422 -0.022031
v 0.197604 0.407227 -0.028372
v 0.198380 0.404185 -0.027164
v 0.197271 0.410995 -0.029008
v 0.209959 0.408585 -0.024616
v 0.208551 0.405020 -0.023830
v 0.209232 0.412468 -0.025622
v 0.195281 0.387706 -0.026876
v 0.198538 0.381633 -0.023025
v 0.200370 0.383770 -0.014134
v 0.197350 0.390297 -0.013923
v 0.194075 0.390135 -0.023513
v 0.202017 0.387137 -0.017747
v 0.200879 0.385940 -0.023503
v 0.194967 0.391365 -0.017845
v 0.200716 0.391627 -0.027012
v 0.197696 0.392814 -0.027104
v 0.200054 0.395598 -0.016436
v 0.203092 0.394352 -0.017028
v 0.204501 0.425440 -0.033211
v 0.206242 0.426573 -0.028369
v 0.204374 0.427076 -0.024537
v 0.196390 0.426891 -0.025876
v 0.196845 0.378782 -0.014233
v 0.193737 0.381968 -0.014909
v 0.196150 0.377971 -0.018049
v 0.192986 0.381077 -0.019312
v 0.204546 0.429206 -0.024337
v 0.200083 0.428625 -0.022883
v 0.197249 0.426539 -0.035772
v 0.200877 0.426741 -0.036671
v 0.196172 0.394334 -0.024273
v 0.204404 0.392872 -0.019757
v 0.203248 0.391647 -0.024521
v 0.197206 0.395756 -0.019176
v 0.195367 0.425887 -0.031452
v 0.197821 0.424841 -0.034651
v 0.200394 0.427140 -0.023366
v 0.201262 0.424674 -0.035457
v 0.197685 0.379023 -0.015110
v 0.197032 0.378353 -0.017976
v 0.192317 0.383500 -0.019082
v 0.192858 0.384178 -0.016039
v 0.195185 0.430060 -0.025415
v 0.206107 0.430163 -0.028722
v 0.193928 0.429130 -0.033023
v 0.204082 0.428980 -0.034281
v 0.045121 0.004761 -0.056254
v 0.069556 0.005727 -0.014292
v 0.061177 0.005514 -0.014721
v 0.066635 0.004636 -0.052365
v 0.068304 0.005624 -0.044225
v 0.062585 0.004199 -0.058502
v 0.051253 0.004634 -0.060449
v 0.057907 0.004563 -0.060736
v 0.054536 0.006271 -0.014993
v 0.048270 0.007319 -0.015567
v 0.042721 0.008230 -0.015860
v 0.045445 0.008593 -0.033848
v 0.075240 0.005585 -0.014556
v 0.041770 0.004877 -0.047601
v 0.069649 0.007033 -0.034009
v 0.042743 0.021775 -0.059828
v 0.064936 0.019409 -0.012848
v 0.058900 0.020805 -0.011116
v 0.069100 0.018726 -0.053995
v 0.069816 0.018463 -0.045571
v 0.064835 0.019421 -0.061757
v 0.050070 0.021273 -0.064922
v 0.058133 0.020187 -0.065670
v 0.052931 0.022202 -0.009676
v 0.048114 0.023141 -0.009586
v 0.039233 0.021415 -0.014611
v 0.039125 0.022367 -0.036547
v 0.072983 0.016687 -0.016660
v 0.038562 0.022379 -0.050393
v 0.070102 0.018466 -0.036622
v 0.047065 0.035388 -0.058070
v 0.061410 0.031173 -0.037108
v 0.057827 0.031979 -0.035002
v 0.064184 0.032311 -0.056123
v 0.065768 0.031635 -0.046483
v 0.061639 0.032358 -0.058442
v 0.051444 0.033799 -0.060996
v 0.057426 0.032425 -0.061259
v 0.053141 0.033116 -0.034125
v 0.047901 0.033698 -0.034329
v 0.044711 0.034714 -0.037786
v 0.042740 0.036127 -0.043968
v 0.063368 0.030475 -0.040594
v 0.043882 0.036094 -0.054050
v 0.064784 0.030599 -0.043763
v 0.061317 0.015149 0.004220
v 0.051839 0.016267 0.006135
v 0.069739 0.014337 0.002285
v 0.077688 0.012336 0.001095
v 0.043110 0.017117 0.007573
v 0.034690 0.015571 0.007779
v 0.062500 0.003633 0.004338
v 0.053415 0.003502 0.006099
v 0.070821 0.004006 0.002824
v 0.079010 0.004658 0.001156
v 0.044150 0.003921 0.006737
v 0.036091 0.005111 0.006188
v 0.077695 0.009921 0.014694
v 0.035414 0.011297 0.020592
v 0.077732 0.004687 0.014758
v 0.035374 0.003499 0.020763
v 0.035992 0.001102 0.034630
v 0.041476 0.000854 0.035818
v 0.040134 0.004601 0.039192
v 0.034726 0.004706 0.038524
v 0.034855 0.003319 0.025433
v 0.041720 0.010960 0.027337
v 0.034391 0.010778 0.026456
v 0.042320 0.003445 0.026315
v 0.041178 0.001830 0.037733
v 0.039934 0.003759 0.039137
v 0.035380 0.002095 0.036561
v 0.035187 0.003766 0.038566
v 0.032111 0.008465 0.025887
v 0.032143 0.005051 0.025366
v 0.044601 0.005223 0.026853
v 0.044244 0.008730 0.027341
v 0.034593 0.000604 0.029598
v 0.041640 0.008423 0.033041
v 0.033694 0.008613 0.032031
v 0.042520 0.000578 0.030434
v 0.031784 0.002536 0.030534
v 0.032724 0.006624 0.032968
v 0.042729 0.006683 0.034250
v 0.044543 0.002541 0.032245
v 0.050067 0.014829 -0.065434
v 0.050389 0.008816 -0.064400
v 0.058044 0.008683 -0.064649
v 0.058148 0.014578 -0.065698
v 0.037742 0.015194 -0.049333
v 0.039027 0.009255 -0.048625
v 0.042806 0.009021 -0.059059
v 0.041931 0.014903 -0.059646
v 0.034554 0.010858 0.024986
v 0.032212 0.008486 0.024404
v 0.041752 0.011028 0.025909
v 0.042331 0.003339 0.025252
v 0.044609 0.005212 0.025689
v 0.034926 0.003225 0.024303
v 0.032215 0.005062 0.024090
v 0.044259 0.008734 0.025989
v 0.033684 0.009469 0.029784
v 0.042722 0.001906 0.028906
v 0.031347 0.007027 0.029876
v 0.045117 0.003735 0.029990
v 0.034387 0.001840 0.028078
v 0.041938 0.009473 0.030695
v 0.031397 0.003622 0.028455
v 0.044723 0.007238 0.031356
v 0.044190 0.006123 0.034705
v 0.040540 0.003180 0.038530
v 0.035098 0.003158 0.037775
v 0.031735 0.005949 0.033076
v 0.033444 0.007905 0.032575
v 0.042067 0.007756 0.033661
v 0.035533 0.000486 0.031576
v 0.041813 0.006363 0.036654
v 0.032465 0.002459 0.033708
v 0.043025 0.004233 0.037510
v 0.033245 0.006620 0.035669
v 0.041687 0.000263 0.033175
v 0.032261 0.003874 0.035880
v 0.043567 0.001954 0.035815
v 0.042281 0.005394 0.037290
v 0.032710 0.005415 0.035812
v 0.042923 0.006630 0.034148
v 0.039893 0.003709 0.039099
v 0.035254 0.003696 0.038550
v 0.032567 0.006552 0.032834
v 0.033435 0.008063 0.032356
v 0.042061 0.007908 0.033452
v 0.032771 0.005203 0.035865
v 0.042305 0.005243 0.037358
v 0.040176 0.004322 0.038608
v 0.035405 0.004223 0.038097
v 0.032124 0.006347 0.032603
v 0.041841 0.008147 0.033277
v 0.032891 0.004864 0.035941
v 0.042215 0.004833 0.037540
v 0.043438 0.006450 0.034050
v 0.033564 0.008322 0.032228
v 0.042180 0.011361 0.020980
v 0.042471 0.003371 0.021270
v 0.032779 0.005604 0.020463
v 0.044144 0.008936 0.022069
v 0.032776 0.008762 0.020456
v 0.044359 0.005643 0.022076
v 0.076454 0.012139 -0.016077
v 0.076772 0.008480 -0.015289
v 0.071396 0.009290 -0.034578
v 0.071298 0.013214 -0.035451
v 0.035796 0.014706 -0.015191
v 0.038078 0.010573 -0.015751
v 0.069904 0.013670 -0.054193
v 0.068820 0.008339 -0.053525
v 0.064386 0.008424 -0.060985
v 0.065022 0.014278 -0.061907
v 0.039376 0.016152 -0.035197
v 0.041648 0.011316 -0.034100
v 0.070658 0.008872 -0.044687
v 0.071245 0.013208 -0.045097
v 0.080686 0.009344 0.001096
v 0.080940 0.006710 0.001460
v 0.030473 0.010737 0.006680
v 0.030973 0.007581 0.006167
v 0.079500 0.008459 0.014541
v 0.079617 0.006189 0.014586
v 0.062900 0.011566 0.013197
v 0.053707 0.011955 0.015331
v 0.077242 0.004265 0.010551
v 0.078408 0.009970 0.011011
v 0.071511 0.004124 0.011852
v 0.035733 0.012086 0.015966
v 0.044111 0.012642 0.017301
v 0.035521 0.004142 0.015964
v 0.071239 0.011004 0.011397
v 0.053916 0.003442 0.015901
v 0.044079 0.003206 0.017656
v 0.063264 0.003738 0.013750
v 0.080186 0.005984 0.010972
v 0.080187 0.008196 0.010872
v 0.032368 0.008848 0.015785
v 0.032106 0.006070 0.015955
v 0.061530 0.009898 0.018234
v 0.064980 0.009780 0.016585
v 0.063198 0.008751 0.015890
v 0.052190 0.010047 0.020611
v 0.056129 0.009907 0.019014
v 0.053879 0.009423 0.018095
v 0.070426 0.009975 0.015665
v 0.073287 0.009751 0.015147
v 0.072009 0.009241 0.013846
v 0.046810 0.010024 0.021141
v 0.044213 0.010425 0.020177
v 0.064827 0.004394 0.016885
v 0.062341 0.003870 0.018397
v 0.063498 0.004299 0.016588
v 0.055492 0.003782 0.019319
v 0.053025 0.003888 0.020735
v 0.054206 0.004055 0.018196
v 0.073448 0.004715 0.015361
v 0.070998 0.004744 0.015802
v 0.072267 0.004953 0.014421
v 0.046137 0.003500 0.021198
v 0.044262 0.003502 0.019971
v 0.044857 0.005232 0.022153
v 0.044521 0.005847 0.021422
v 0.044895 0.007736 0.022200
v 0.044451 0.008285 0.021484
v 0.054274 0.008059 0.021452
v 0.054211 0.007827 0.020126
v 0.054139 0.007861 0.018907
v 0.054167 0.005440 0.020168
v 0.054405 0.005641 0.021424
v 0.054185 0.005851 0.018988
v 0.063658 0.005796 0.017607
v 0.063684 0.005480 0.018960
v 0.063553 0.005408 0.016927
v 0.063528 0.007901 0.018911
v 0.063653 0.007877 0.017577
v 0.063470 0.007207 0.016760
v 0.072156 0.008353 0.016245
v 0.072493 0.008088 0.015887
v 0.072454 0.007978 0.014546
v 0.072514 0.006109 0.015927
v 0.072265 0.006258 0.016269
v 0.072504 0.006316 0.014652
v 0.065863 0.006664 -0.033887
v 0.060509 0.006628 -0.033918
v 0.054771 0.006378 -0.034073
v 0.049720 0.006959 -0.034111
v 0.046106 0.002928 -0.046415
v 0.052078 0.002395 -0.046307
v 0.058442 0.002376 -0.046011
v 0.064903 0.003897 -0.044583
v 0.063908 0.002858 -0.051423
v 0.059045 0.002397 -0.055492
v 0.052245 0.002592 -0.054957
v 0.047406 0.003000 -0.053225
v 0.057631 0.026990 -0.062691
v 0.050989 0.028405 -0.062076
v 0.065062 0.024701 -0.036195
v 0.066905 0.024474 -0.040959
v 0.044006 0.030811 -0.033622
v 0.047723 0.030824 -0.029643
v 0.065991 0.025475 -0.053470
v 0.062663 0.026137 -0.058958
v 0.041961 0.031666 -0.043334
v 0.052999 0.029632 -0.029391
v 0.058091 0.028016 -0.030591
v 0.066604 0.025236 -0.047527
v 0.042663 0.031281 -0.052098
v 0.062373 0.026119 -0.032432
v 0.046083 0.030264 -0.058501
v 0.060784 0.036916 -0.039183
v 0.062753 0.037303 -0.042784
v 0.064503 0.039079 -0.049359
v 0.063673 0.039298 -0.055168
v 0.048813 0.038374 -0.036186
v 0.053571 0.037922 -0.035876
v 0.057701 0.037233 -0.036820
v 0.052087 0.039962 -0.060436
v 0.047908 0.041000 -0.057780
v 0.044717 0.040836 -0.052727
v 0.057258 0.039134 -0.060462
v 0.063955 0.038354 -0.046024
v 0.045695 0.039441 -0.039537
v 0.061245 0.039385 -0.058032
v 0.043753 0.040341 -0.045923
v 0.049602 0.001553 0.035636
v 0.052802 0.001602 0.035544
v 0.053068 0.004762 0.039324
v 0.049537 0.004837 0.039439
v 0.047882 0.003681 0.027308
v 0.052679 0.009667 0.028142
v 0.047734 0.009549 0.028341
v 0.052996 0.003797 0.027120
v 0.053580 0.002669 0.037883
v 0.049508 0.002673 0.038015
v 0.045954 0.007751 0.028143
v 0.045890 0.005067 0.027635
v 0.054779 0.005231 0.027313
v 0.054594 0.007931 0.027811
v 0.047999 0.001090 0.031300
v 0.053341 0.007543 0.033782
v 0.048085 0.007683 0.033919
v 0.053486 0.001187 0.031147
v 0.046093 0.002870 0.032846
v 0.047623 0.006219 0.034843
v 0.054148 0.006262 0.034674
v 0.055453 0.002989 0.032578
v 0.047615 0.009630 0.026535
v 0.045805 0.007749 0.026482
v 0.052474 0.009759 0.026349
v 0.052815 0.003770 0.025704
v 0.054582 0.005285 0.025823
v 0.047723 0.003621 0.025962
v 0.045753 0.005078 0.026259
v 0.054400 0.007959 0.026137
v 0.047641 0.008603 0.031856
v 0.053592 0.002210 0.029667
v 0.045655 0.006745 0.032411
v 0.055701 0.003892 0.030485
v 0.047645 0.002105 0.029840
v 0.053339 0.008584 0.031687
v 0.045469 0.003750 0.030783
v 0.055610 0.006905 0.032138
v 0.055479 0.006040 0.035233
v 0.053250 0.003735 0.038693
v 0.049680 0.003711 0.038754
v 0.046380 0.005895 0.035435
v 0.048024 0.007146 0.034406
v 0.053668 0.007038 0.034245
v 0.048944 0.001248 0.033885
v 0.053852 0.006033 0.036892
v 0.047544 0.002545 0.036076
v 0.054724 0.004495 0.037498
v 0.048253 0.006220 0.037137
v 0.053117 0.001302 0.033768
v 0.047635 0.004216 0.037493
v 0.054768 0.002599 0.035870
v 0.054215 0.005333 0.037389
v 0.047941 0.005348 0.037331
v 0.054260 0.006224 0.034566
v 0.052901 0.004119 0.039273
v 0.049880 0.004109 0.039391
v 0.047507 0.006168 0.034748
v 0.047994 0.007259 0.034224
v 0.053641 0.007145 0.034069
v 0.047987 0.005196 0.037370
v 0.054237 0.005226 0.037444
v 0.053026 0.004562 0.038807
v 0.049924 0.004491 0.038977
v 0.047166 0.006027 0.034620
v 0.053478 0.007319 0.033946
v 0.048072 0.004951 0.037422
v 0.054200 0.004929 0.037616
v 0.054595 0.006104 0.034424
v 0.048062 0.007447 0.034096
v 0.059317 0.001774 0.033575
v 0.062247 0.001863 0.033227
v 0.062874 0.004811 0.036667
v 0.059639 0.004833 0.037063
v 0.056978 0.003727 0.025354
v 0.061567 0.009586 0.025610
v 0.056811 0.009330 0.026335
v 0.061866 0.003888 0.024591
v 0.063217 0.002875 0.035309
v 0.059489 0.002823 0.035766
v 0.055180 0.007550 0.026337
v 0.055134 0.005033 0.025873
v 0.063473 0.005283 0.024584
v 0.063296 0.007943 0.025094
v 0.057412 0.001272 0.029795
v 0.062429 0.007360 0.031526
v 0.057612 0.007416 0.032075
v 0.062430 0.001431 0.029201
v 0.055817 0.002905 0.031363
v 0.057309 0.006057 0.032988
v 0.063287 0.006186 0.032296
v 0.064357 0.003134 0.030345
v 0.056715 0.009417 0.024592
v 0.055031 0.007592 0.024570
v 0.061478 0.009629 0.024142
v 0.061877 0.003815 0.023520
v 0.063484 0.005260 0.023499
v 0.056899 0.003697 0.023974
v 0.055022 0.005088 0.024335
v 0.063262 0.007913 0.023796
v 0.057163 0.008347 0.029888
v 0.062450 0.002393 0.027404
v 0.055551 0.006540 0.030647
v 0.064368 0.003999 0.027977
v 0.057101 0.002219 0.028096
v 0.062309 0.008460 0.029216
v 0.055257 0.003742 0.029170
v 0.064420 0.006876 0.029487
v 0.064629 0.005973 0.032767
v 0.062988 0.003861 0.036077
v 0.059713 0.003789 0.036427
v 0.056314 0.005714 0.033698
v 0.057611 0.006917 0.032552
v 0.062783 0.006895 0.031936
v 0.058514 0.001472 0.032024
v 0.063283 0.005983 0.034361
v 0.057460 0.002665 0.034148
v 0.064188 0.004575 0.034857
v 0.058157 0.006081 0.035047
v 0.062336 0.001578 0.031573
v 0.057677 0.004220 0.035437
v 0.064075 0.002813 0.033365
v 0.063688 0.005344 0.034792
v 0.057912 0.005271 0.035254
v 0.063378 0.006152 0.032188
v 0.062727 0.004214 0.036637
v 0.059964 0.004164 0.036994
v 0.057192 0.006007 0.032911
v 0.057560 0.007019 0.032384
v 0.062736 0.006992 0.031777
v 0.057962 0.005132 0.035287
v 0.063717 0.005245 0.034841
v 0.062778 0.004623 0.036197
v 0.059948 0.004515 0.036608
v 0.056870 0.005871 0.032826
v 0.062569 0.007150 0.031677
v 0.058052 0.004906 0.035329
v 0.063709 0.004971 0.035004
v 0.063674 0.006042 0.032033
v 0.057603 0.007193 0.032260
v 0.067542 0.002703 0.029116
v 0.070354 0.002745 0.028942
v 0.070746 0.005537 0.032266
v 0.067642 0.005604 0.032468
v 0.065565 0.004460 0.022133
v 0.069950 0.010003 0.022282
v 0.065476 0.009822 0.023108
v 0.070120 0.004620 0.021294
v 0.071137 0.003687 0.030979
v 0.067556 0.003690 0.031212
v 0.063876 0.008150 0.023157
v 0.063806 0.005697 0.022698
v 0.071729 0.005949 0.021239
v 0.071611 0.008442 0.021735
v 0.065944 0.002244 0.025519
v 0.070757 0.007988 0.027382
v 0.066127 0.008110 0.027668
v 0.070741 0.002329 0.025215
v 0.064334 0.003806 0.026936
v 0.065758 0.006824 0.028473
v 0.071511 0.006862 0.028136
v 0.072527 0.003912 0.026410
v 0.065416 0.009898 0.021486
v 0.063818 0.008155 0.021578
v 0.069855 0.010058 0.020659
v 0.070105 0.004591 0.020011
v 0.071686 0.005984 0.019895
v 0.065552 0.004418 0.020834
v 0.063797 0.005725 0.021337
v 0.071538 0.008447 0.020223
v 0.065619 0.008874 0.026188
v 0.070698 0.003145 0.023853
v 0.063914 0.007156 0.026954
v 0.072588 0.004664 0.024443
v 0.065512 0.003017 0.024456
v 0.070640 0.008887 0.025607
v 0.063668 0.004475 0.025492
v 0.072611 0.007366 0.025961
v 0.072664 0.006596 0.028727
v 0.070882 0.004630 0.031705
v 0.067738 0.004608 0.031862
v 0.064691 0.006465 0.029182
v 0.066098 0.007642 0.028076
v 0.071067 0.007547 0.027770
v 0.066887 0.002431 0.027597
v 0.071336 0.006658 0.030101
v 0.065741 0.003576 0.029567
v 0.072133 0.005297 0.030614
v 0.066416 0.006823 0.030478
v 0.070558 0.002478 0.027373
v 0.065880 0.005051 0.030815
v 0.072103 0.003624 0.029177
v 0.071681 0.006042 0.030527
v 0.066143 0.006055 0.030657
v 0.071604 0.006828 0.028037
v 0.070598 0.004970 0.032227
v 0.067940 0.004962 0.032418
v 0.065651 0.006778 0.028393
v 0.066063 0.007741 0.027914
v 0.071036 0.007642 0.027614
v 0.066185 0.005920 0.030690
v 0.071703 0.005946 0.030576
v 0.070689 0.005359 0.031814
v 0.067961 0.005296 0.032052
v 0.065346 0.006651 0.028298
v 0.070888 0.007795 0.027510
v 0.066261 0.005704 0.030734
v 0.071678 0.005685 0.030727
v 0.071892 0.006718 0.027909
v 0.066117 0.007907 0.027800
v 0.075221 0.003593 0.024857
v 0.077521 0.003628 0.024714
v 0.077842 0.005918 0.027436
v 0.075302 0.005972 0.027602
v 0.073798 0.005016 0.018810
v 0.077787 0.009832 0.019340
v 0.073716 0.009694 0.019618
v 0.077990 0.005090 0.018515
v 0.078162 0.004399 0.026380
v 0.075231 0.004402 0.026571
v 0.072333 0.008243 0.019504
v 0.072281 0.006113 0.019116
v 0.079338 0.006211 0.018619
v 0.079207 0.008435 0.019029
v 0.074004 0.003054 0.022440
v 0.077878 0.007928 0.023430
v 0.074073 0.008027 0.023651
v 0.077865 0.003119 0.022205
v 0.072712 0.004310 0.023566
v 0.073755 0.006972 0.024329
v 0.078472 0.007003 0.024052
v 0.079295 0.004389 0.023160
v 0.073889 0.009753 0.018444
v 0.072329 0.008250 0.018332
v 0.077535 0.009861 0.018287
v 0.077991 0.005008 0.017699
v 0.079363 0.006185 0.017737
v 0.073795 0.004944 0.017907
v 0.072284 0.006116 0.018108
v 0.079201 0.008427 0.018018
v 0.073818 0.008880 0.021749
v 0.078328 0.004030 0.020384
v 0.072408 0.007341 0.022345
v 0.079875 0.005240 0.020832
v 0.073837 0.003953 0.020678
v 0.078217 0.008921 0.021456
v 0.072257 0.005139 0.021346
v 0.079832 0.007499 0.021852
v 0.079399 0.006558 0.024977
v 0.077955 0.005173 0.026978
v 0.075380 0.005154 0.027107
v 0.072988 0.006454 0.025326
v 0.074036 0.007642 0.024004
v 0.078109 0.007565 0.023752
v 0.074687 0.003363 0.023637
v 0.078326 0.006836 0.025663
v 0.073748 0.004300 0.025248
v 0.078981 0.005708 0.026104
v 0.074296 0.006971 0.025972
v 0.077690 0.003401 0.023454
v 0.073861 0.005507 0.026270
v 0.078955 0.004339 0.024930
v 0.078611 0.006331 0.026011
v 0.074072 0.006341 0.026119
v 0.078549 0.006975 0.023972
v 0.077723 0.005453 0.027405
v 0.075545 0.005446 0.027561
v 0.073668 0.006934 0.024264
v 0.074007 0.007724 0.023870
v 0.078084 0.007643 0.023623
v 0.074106 0.006231 0.026146
v 0.078629 0.006252 0.026052
v 0.077798 0.005770 0.027068
v 0.075562 0.005719 0.027262
v 0.073423 0.006819 0.024210
v 0.077963 0.007768 0.023539
v 0.074168 0.006053 0.026182
v 0.078610 0.006038 0.026176
v 0.078784 0.006873 0.023890
v 0.074051 0.007860 0.023777
v 0.066188 0.032252 -0.054357
v 0.067141 0.031881 -0.048387
v 0.065241 0.036074 -0.050079
v 0.067730 0.027231 -0.049043
v 0.067440 0.027333 -0.052860
v 0.064902 0.036171 -0.054058
v 0.041330 0.036725 -0.047016
v 0.041918 0.036543 -0.051456
v 0.041934 0.038415 -0.047685
v 0.040628 0.034435 -0.046798
v 0.041153 0.034202 -0.050731
v 0.042382 0.038357 -0.050924
v 0.040294 1.016364 0.099786
v 0.041287 1.019756 0.100544
v 0.043983 1.023982 0.101859
v 0.052719 1.030201 0.102598
v 0.060646 1.033294 0.101919
v 0.069221 1.034039 0.099560
v 0.074681 1.033238 0.097294
v 0.079847 1.028178 0.095448
v 0.079528 1.023094 0.096582
v 0.077692 1.018979 0.097889
v 0.074005 1.014173 0.099489
v 0.068436 1.010279 0.100653
v 0.062875 1.007963 0.101221
v 0.059040 1.007062 0.101092
v 0.054705 1.006811 0.100812
v 0.045454 1.008379 0.099828
v 0.041708 1.011509 0.099068
v 0.043564 1.009934 0.099447
v 0.048601 1.007462 0.100235
v 0.077807 1.030732 0.096155
v 0.078827 1.029455 0.095801
v 0.046378 1.017233 0.090776
v 0.047075 1.019614 0.091308
v 0.048968 1.022581 0.092232
v 0.055101 1.026947 0.092750
v 0.060665 1.029118 0.092273
v 0.066685 1.029641 0.090617
v 0.070518 1.029078 0.089027
v 0.074145 1.025526 0.087731
v 0.073921 1.021957 0.088527
v 0.072631 1.019069 0.089444
v 0.070043 1.015695 0.090567
v 0.066133 1.012962 0.091385
v 0.062230 1.011336 0.091784
v 0.059538 1.010703 0.091693
v 0.056495 1.010527 0.091496
v 0.050000 1.011628 0.090806
v 0.047371 1.013825 0.090272
v 0.048674 1.012719 0.090538
v 0.052210 1.010984 0.091092
v 0.072712 1.027319 0.088227
v 0.073429 1.026423 0.087979
v -0.040294 1.016364 0.106591
v -0.041286 1.019756 0.107349
v -0.043983 1.023983 0.108664
v -0.052719 1.030201 0.109403
v -0.043908 1.099895 0.118341
v -0.060646 1.033294 0.108724
v -0.069221 1.034039 0.106365
v -0.076626 1.035775 0.103930
v -0.083838 1.029307 0.101555
v -0.083978 1.022082 0.103368
v -0.081672 1.016572 0.105483
v -0.076719 1.010970 0.107374
v -0.070648 1.006760 0.108581
v -0.064144 1.003861 0.109821
v -0.059148 1.003140 0.110305
v -0.053626 1.003016 0.111034
v -0.041786 1.005182 0.113284
v -0.036922 1.011212 0.112002
v -0.036434 1.017329 0.111727
v -0.038254 1.021772 0.112076
v -0.041563 1.025904 0.112102
v -0.012513 1.120571 0.115076
v -0.051050 1.032769 0.112199
v -0.032482 1.099695 0.123041
v -0.060450 1.036281 0.110497
v -0.069958 1.036963 0.107192
v -0.074681 1.033238 0.104099
v -0.079847 1.028178 0.102253
v -0.079528 1.023094 0.103387
v -0.077692 1.018979 0.104694
v -0.074005 1.014173 0.106294
v -0.068436 1.010279 0.107458
v -0.062875 1.007963 0.108026
v -0.059040 1.007062 0.107897
v -0.054705 1.006811 0.107617
v -0.045453 1.008379 0.106633
v -0.041707 1.011510 0.105873
v -0.032515 1.010849 0.116814
v -0.032964 1.016948 0.115484
v -0.034444 1.022964 0.116084
v -0.037264 1.027115 0.115998
v -0.048196 1.035860 0.116505
v -0.071931 1.088816 0.107536
v -0.059688 1.040477 0.113921
v -0.070747 1.041241 0.109118
v -0.081728 1.045175 0.103989
v -0.089891 1.039411 0.096840
v -0.093798 1.029938 0.095333
v -0.092501 1.019778 0.099765
v -0.088660 1.011347 0.103727
v -0.084062 1.006387 0.105958
v -0.076519 1.000816 0.107852
v -0.068501 0.995319 0.108957
v -0.059648 0.993194 0.111455
v -0.050282 0.993241 0.114303
v -0.040922 0.994990 0.117582
v -0.032572 0.998661 0.120923
v -0.026279 1.004313 0.123295
v -0.024327 1.011275 0.123407
v -0.024773 1.018695 0.123280
v -0.026963 1.026370 0.123634
v -0.030654 1.032058 0.123835
v -0.064556 1.101941 0.103721
v -0.043227 1.041984 0.125701
v -0.045612 1.081999 0.125619
v -0.057816 1.047474 0.121820
v -0.071406 1.048017 0.112939
v -0.078549 1.039988 0.104370
v -0.085751 1.035569 0.100083
v -0.088043 1.029456 0.099775
v -0.087279 1.021943 0.102011
v -0.084350 1.015067 0.104992
v -0.080021 1.010100 0.107069
v -0.073645 1.005233 0.108629
v -0.066883 1.001437 0.110151
v -0.059677 0.999665 0.111625
v -0.052310 0.999291 0.113144
v -0.044749 1.000578 0.114886
v -0.038314 1.002916 0.116677
v -0.034465 1.006527 0.117226
v -0.039187 1.008006 0.112833
v -0.043564 1.009934 0.106252
v -0.046260 1.003881 0.112354
v -0.048601 1.007462 0.107040
v -0.080791 1.032460 0.102501
v -0.077807 1.030732 0.102960
v -0.022370 1.099969 0.125410
v -0.020304 1.071423 0.134981
v -0.036269 1.132749 0.100618
v -0.017779 1.051146 0.137582
v -0.021444 1.041369 0.134517
v -0.016792 1.029453 0.131729
v -0.015266 1.019632 0.130080
v -0.015419 1.010387 0.129510
v -0.016829 0.999957 0.129997
v -0.012633 0.991207 0.135067
v -0.011632 0.985190 0.139127
v -0.011961 0.977472 0.143138
v -0.013484 1.138656 0.103388
v -0.002769 0.935048 0.115537
v -0.007265 0.939576 0.118712
v -0.010131 0.938366 0.117328
v -0.013606 0.935001 0.113606
v -0.011165 0.930538 0.111645
v -0.007441 0.928018 0.111289
v -0.003984 0.927389 0.111568
v -0.004518 0.940802 0.119884
v -0.004874 0.935264 0.115352
v -0.006924 0.935218 0.114782
v -0.008348 0.934712 0.114079
v -0.006757 0.934425 0.113309
v -0.004643 0.934114 0.113010
v -0.002265 0.934048 0.112623
v -0.006057 0.937394 0.117027
v -0.003710 0.937946 0.118261
v -0.008505 0.936736 0.116041
v -0.010633 0.934613 0.114089
v -0.008612 0.932636 0.112943
v -0.005875 0.931339 0.112568
v -0.003108 0.931035 0.112454
v -0.003907 0.974276 0.146125
v -0.016009 0.968070 0.138848
v -0.003468 0.968718 0.142802
v -0.001943 0.965819 0.139772
v -0.002745 0.960285 0.134429
v -0.003538 0.955395 0.129441
v -0.009818 0.969689 0.142580
v -0.003784 0.950886 0.124402
v -0.004173 0.947669 0.122243
v -0.004756 0.944336 0.120934
v -0.017467 0.971768 0.137550
v -0.013530 0.966277 0.138711
v -0.012018 1.100618 0.126351
v -0.011203 1.069948 0.136319
v -0.010155 1.048618 0.138950
v -0.007463 1.028770 0.134916
v -0.006458 1.019531 0.133912
v -0.006407 1.010473 0.133683
v -0.006464 1.001740 0.134681
v -0.004733 0.979506 0.145115
v -0.005352 0.994096 0.137471
v -0.004901 0.987204 0.140991
v -0.009515 1.038897 0.136408
v -0.011045 0.972756 0.143797
v -0.017286 0.963018 0.134651
v -0.020010 0.963832 0.131195
v -0.016118 0.957278 0.128998
v -0.019216 0.955825 0.124059
v -0.011237 0.954798 0.127411
v -0.012934 0.952008 0.123311
v -0.006907 0.955327 0.128950
v -0.007462 0.951108 0.124053
v -0.013850 0.962431 0.135019
v -0.012210 0.959062 0.131830
v -0.009825 0.957940 0.130825
v -0.005865 0.958418 0.131675
v -0.004839 0.966693 0.133875
v -0.003924 0.964710 0.133793
v -0.004843 0.961175 0.132413
v -0.009324 0.968262 0.132088
v -0.012105 0.965331 0.131503
v -0.011997 0.962788 0.131778
v -0.010463 0.960899 0.130977
v -0.008598 0.960284 0.130896
v -0.007093 0.960281 0.131156
v -0.007856 0.943253 0.120031
v -0.021629 0.932812 0.105821
v -0.020885 0.948816 0.117515
v -0.025048 0.944632 0.112468
v -0.005702 0.917921 0.103462
v -0.008593 0.907566 0.095748
v -0.017200 0.925783 0.104102
v -0.011499 0.920792 0.103861
v -0.022903 0.971113 0.128361
v -0.024603 0.962231 0.123350
v -0.030717 0.954719 0.114552
v -0.032612 0.947714 0.108798
v -0.032851 0.941107 0.102604
v -0.032680 0.930376 0.092060
v -0.023969 0.919158 0.092828
v -0.016189 0.911915 0.094728
v -0.012170 0.942526 0.118401
v -0.018063 0.979188 0.134244
v -0.013342 0.947429 0.120167
v -0.022607 0.939839 0.110658
v -0.007665 0.947497 0.121697
v -0.007592 0.963021 0.130114
v -0.016371 0.941335 0.115725
v -0.015714 1.174122 0.058214
v -0.042173 1.164228 0.055762
v -0.077981 1.132886 0.045745
v -0.088723 1.118831 0.041432
v -0.098808 1.102934 0.036497
v -0.107514 1.085049 0.030841
v -0.112969 1.065519 0.025904
v -0.115473 1.046530 0.023024
v -0.108956 1.002303 -0.048476
v -0.111276 1.008110 0.023807
v -0.088136 0.968968 0.031418
v -0.075227 0.955364 0.036257
v -0.052424 0.933165 0.046676
v -0.042023 0.922161 0.053018
v -0.033025 0.911512 0.059228
v -0.024541 0.901525 0.065821
v -0.015218 1.164781 0.073646
v -0.040419 1.155619 0.071300
v -0.073626 1.128278 0.062290
v -0.084374 1.115163 0.058898
v -0.095329 1.100003 0.055032
v -0.105479 1.081976 0.050037
v -0.111759 1.062912 0.045444
v -0.113775 1.045321 0.043147
v -0.112065 1.049894 -0.053717
v -0.109384 1.008235 0.044556
v -0.086516 0.966693 0.052188
v -0.071191 0.953627 0.058193
v -0.046937 0.931476 0.067109
v -0.036508 0.919910 0.073604
v -0.028078 0.909542 0.079400
v -0.019080 0.902018 0.084844
v -0.114704 1.026809 0.022448
v -0.112398 1.026788 0.043092
v -0.011550 0.893740 0.073437
v -0.011102 0.898547 0.087595
v -0.045295 0.939624 0.084782
v -0.069668 0.966451 0.083213
v -0.087943 0.978806 0.075775
v -0.108201 1.011601 0.065249
v -0.115218 1.048908 -0.041594
v -0.110799 1.029453 0.062331
v -0.110873 1.044836 0.063051
v -0.108577 1.060071 0.066690
v -0.101371 1.079192 0.071221
v -0.089466 1.096357 0.074277
v -0.078625 1.110872 0.076229
v -0.068597 1.122457 0.078124
v -0.038658 1.145432 0.086697
v -0.014300 1.153084 0.089170
v -0.021077 0.984357 0.130007
v -0.055219 1.100706 0.111931
v -0.035849 1.051993 0.134211
v -0.060002 1.086092 0.117180
v -0.054037 1.059319 0.128960
v -0.070670 1.061522 0.120370
v -0.085687 1.060707 0.108293
v -0.099149 1.054607 0.091294
v -0.105288 1.031856 0.079713
v -0.103495 1.014579 0.082775
v -0.100494 1.005114 0.086621
v -0.097012 0.998760 0.088552
v -0.084359 0.990393 0.094020
v -0.070636 0.983331 0.098579
v -0.058302 0.981843 0.106086
v -0.046722 0.982885 0.113237
v -0.035621 0.986191 0.120019
v -0.025717 0.992113 0.125838
v -0.030183 0.976045 0.122273
v -0.042584 0.971925 0.111534
v -0.054992 0.969033 0.099711
v -0.064475 0.943885 0.040477
v -0.062941 0.943174 0.060695
v -0.098439 0.991355 0.071853
v -0.097156 0.981641 0.048950
v -0.099405 0.982528 0.027665
v -0.056432 0.950509 0.081956
v -0.048350 0.956544 0.097530
v -0.037981 0.960332 0.110372
v -0.030029 0.966559 0.119698
v -0.038186 0.951541 0.105633
v -0.041704 0.947100 0.097714
v -0.104261 0.994029 0.046905
v -0.106610 0.993670 0.025286
v -0.103593 1.000404 0.068710
v -0.116873 1.047847 -0.029862
v -0.116506 1.047712 -0.014292
v -0.115858 1.047471 0.004283
v -0.116284 1.028256 0.002776
v -0.117833 1.029077 -0.017648
v -0.082314 1.030884 0.102028
v -0.078827 1.029455 0.102607
v -0.091857 1.034708 0.096078
v -0.086897 1.032513 0.099929
v -0.104254 1.043332 0.081600
v -0.092566 1.075318 0.094381
v -0.081453 1.092387 0.093271
v -0.071832 1.105983 0.092096
v -0.063902 1.115703 0.091544
v -0.031282 1.062058 0.134524
v -0.030383 1.075487 0.132289
v -0.049515 1.069705 0.128030
v -0.066207 1.072968 0.119567
v -0.081419 1.073541 0.108821
v -0.060681 1.110044 0.099818
v -0.054935 1.156671 0.053270
v -0.051720 1.148604 0.068781
v -0.049013 1.139254 0.083968
v -0.046275 1.127764 0.097190
v -0.029450 1.170171 0.057527
v -0.044224 1.115008 0.108667
v -0.034017 1.117425 0.112296
v -0.028595 1.161165 0.073000
v -0.027355 1.150337 0.088577
v -0.025450 1.136432 0.102766
v -0.023650 1.119223 0.114299
v -0.066852 1.145518 0.049703
v -0.062806 1.139375 0.065588
v -0.058795 1.131599 0.080836
v -0.055419 1.122680 0.094261
v -0.053715 1.112381 0.104041
v -0.120696 1.013896 -0.019238
v -0.121644 1.021628 -0.026285
v -0.121475 1.024709 -0.032504
v -0.120555 1.024182 -0.039596
v -0.119552 1.020836 -0.044727
v -0.118819 1.015310 -0.047042
v -0.118580 1.011000 -0.046240
v -0.118253 1.007033 -0.042891
v -0.117151 1.002058 -0.036221
v -0.116938 1.000436 -0.029941
v -0.117505 1.001561 -0.022725
v -0.118799 1.005427 -0.019216
v -0.117388 1.014139 -0.015210
v -0.119530 1.024100 -0.023364
v -0.119787 1.028069 -0.032024
v -0.118654 1.027417 -0.040714
v -0.116981 1.023599 -0.047355
v -0.116174 1.016179 -0.050039
v -0.115735 1.010011 -0.049156
v -0.115275 1.005012 -0.045671
v -0.113341 0.999074 -0.037262
v -0.112959 0.997060 -0.028678
v -0.113106 0.998738 -0.020263
v -0.114206 1.003117 -0.015714
v -0.120841 1.013707 -0.023040
v -0.121334 1.019725 -0.028391
v -0.121213 1.021766 -0.032683
v -0.121005 1.021306 -0.038261
v -0.120297 1.019134 -0.041738
v -0.118867 1.014689 -0.043043
v -0.118532 1.011711 -0.042242
v -0.117503 1.008599 -0.040323
v -0.117154 1.004903 -0.035373
v -0.117037 1.003720 -0.030801
v -0.117161 1.005160 -0.025812
v -0.118078 1.007838 -0.023208
v -0.120858 1.013560 -0.026102
v -0.121621 1.017904 -0.030221
v -0.121802 1.019077 -0.032883
v -0.121810 1.018895 -0.036827
v -0.121595 1.017681 -0.038605
v -0.120518 1.014148 -0.039800
v -0.119786 1.012162 -0.039281
v -0.118805 1.010060 -0.037945
v -0.118397 1.007552 -0.034580
v -0.118229 1.006598 -0.031920
v -0.118865 1.007726 -0.028139
v -0.119609 1.009621 -0.026372
v -0.119693 1.012584 -0.036870
v -0.121065 1.016548 -0.034617
v -0.119297 1.010157 -0.032337
v -0.120510 1.013923 -0.030766
v -0.012969 0.897584 0.057428
v -0.013167 0.903233 0.037141
v -0.015159 0.906126 0.013737
v -0.013875 0.906524 -0.001216
v -0.024842 0.906378 0.048871
v -0.035280 0.915953 0.041508
v -0.025510 0.910723 0.030662
v -0.028392 0.913863 0.007616
v -0.027846 0.913517 -0.007878
v -0.045638 0.926259 0.034593
v -0.037059 0.919835 0.023713
v -0.040965 0.923159 0.001412
v -0.039815 0.924527 -0.011550
v -0.056371 0.937132 0.028456
v -0.048108 0.929897 0.017930
v -0.051704 0.933692 -0.004575
v -0.051470 0.935151 -0.016864
v -0.078733 0.960244 0.019046
v -0.058965 0.940605 0.013597
v -0.062424 0.945226 -0.010204
v -0.063186 0.946986 -0.022236
v -0.067540 0.948327 0.023579
v -0.070030 0.951985 0.009269
v -0.073532 0.957323 -0.015264
v -0.071756 0.957065 -0.028031
v -0.081212 0.964006 0.004446
v -0.090410 0.973194 0.014092
v -0.084728 0.969415 -0.019741
v -0.082804 0.969632 -0.030339
v -0.092223 0.976512 -0.000685
v -0.094785 0.980713 -0.023411
v -0.092442 0.980617 -0.033352
v -0.100994 0.986038 0.009640
v -0.101954 0.988713 -0.005841
v -0.102285 0.989190 -0.025954
v -0.101186 0.990054 -0.036195
v -0.115066 1.013979 -0.010042
v -0.098461 0.991153 -0.045921
v -0.117934 1.033182 -0.031342
v -0.116348 1.034289 -0.041813
v -0.112724 1.032073 -0.052826
v -0.111427 1.019654 -0.055262
v -0.110919 1.009974 -0.053393
v -0.089242 0.980431 -0.042576
v -0.108022 0.996564 -0.037704
v -0.107468 0.994149 -0.027614
v -0.107899 0.995989 -0.017807
v -0.110226 1.000865 -0.011272
v -0.014158 0.904684 0.025771
v -0.027009 0.912221 0.019412
v -0.039134 0.921503 0.012750
v -0.050247 0.931969 0.006653
v -0.061004 0.943161 0.001500
v -0.072049 0.954874 -0.003323
v -0.083290 0.966967 -0.008217
v -0.093991 0.979047 -0.012767
v -0.102245 0.989153 -0.016263
v -0.104965 1.023051 -0.066169
v -0.108582 0.997501 0.006845
v -0.113356 1.010210 0.005218
v -0.103406 1.011331 -0.063585
v -0.106842 1.036246 -0.067029
v -0.100185 1.001032 -0.059776
v -0.092799 0.990302 -0.056012
v -0.107644 1.052873 -0.067650
v -0.084858 0.978948 -0.052515
v -0.109423 1.086884 0.012848
v -0.113499 1.066892 0.007678
v -0.092887 1.122031 0.024416
v -0.111066 1.087669 -0.004714
v -0.114054 1.067165 -0.010000
v -0.111953 1.087419 -0.021636
v -0.114929 1.066848 -0.026333
v -0.111434 1.087083 -0.036079
v -0.113865 1.067377 -0.039494
v -0.109881 1.087668 -0.049398
v -0.111208 1.068612 -0.052342
v -0.107717 1.088904 -0.063391
v -0.107904 1.070828 -0.066588
v -0.102330 1.105475 0.018850
v -0.097905 1.125410 0.008088
v -0.106045 1.107475 0.001720
v -0.102254 1.128176 -0.008236
v -0.108572 1.108601 -0.015207
v -0.104532 1.129581 -0.024262
v -0.108935 1.108415 -0.031106
v -0.104751 1.128990 -0.039064
v -0.107624 1.107826 -0.044810
v -0.104198 1.128136 -0.054456
v -0.106069 1.107873 -0.058882
v -0.082517 1.137219 0.029460
v -0.058879 1.163732 0.038116
v -0.071494 1.151386 0.034143
v -0.044506 1.171818 0.040755
v -0.015963 1.181125 0.043773
v -0.030338 1.177239 0.042658
v -0.016064 1.185852 0.029370
v -0.087862 1.141917 0.013746
v -0.092605 1.146143 -0.002102
v -0.096189 1.149206 -0.017924
v -0.099384 1.149710 -0.033407
v -0.100897 1.148386 -0.050224
v -0.016255 1.189916 0.013611
v -0.031401 1.183095 0.027960
v -0.032378 1.187607 0.012452
v -0.016639 1.193252 -0.002582
v -0.033244 1.190676 -0.003890
v -0.017123 1.195192 -0.020057
v -0.034414 1.193021 -0.021494
v -0.017750 1.195416 -0.039642
v -0.035798 1.192781 -0.041506
v -0.018551 1.192861 -0.061889
v -0.037559 1.189750 -0.063618
v -0.019346 1.185146 -0.085726
v -0.039289 1.182682 -0.087142
v -0.020157 1.171649 -0.107990
v -0.040644 1.169167 -0.109411
v -0.021019 1.154157 -0.125737
v -0.041519 1.150862 -0.126138
v -0.021624 1.135861 -0.138071
v -0.041701 1.131092 -0.136805
v -0.021829 1.118282 -0.145922
v -0.041508 1.111906 -0.143456
v -0.021869 1.099598 -0.150899
v -0.041237 1.092622 -0.147717
v -0.021710 1.078010 -0.153017
v -0.040123 1.071476 -0.147659
v -0.021174 1.055607 -0.151044
v -0.038567 1.049961 -0.143797
v -0.020492 1.033518 -0.145367
v -0.036934 1.029319 -0.137701
v -0.018843 1.013387 -0.136380
v -0.035091 1.009988 -0.129876
v -0.017336 0.994973 -0.126374
v -0.033410 0.991998 -0.120970
v -0.016109 0.978346 -0.115844
v -0.031601 0.976075 -0.110448
v -0.015136 0.964650 -0.104553
v -0.029656 0.962704 -0.098979
v -0.014244 0.952922 -0.093454
v -0.024983 0.953001 -0.088353
v -0.012010 0.942029 -0.083103
v -0.020917 0.943188 -0.078455
v -0.009722 0.931330 -0.074741
v -0.017644 0.932469 -0.071326
v -0.008518 0.920282 -0.070197
v -0.015532 0.921448 -0.067523
v -0.062848 1.170455 0.022969
v -0.047129 1.178705 0.025924
v -0.091111 1.160913 -0.065931
v -0.065543 1.175528 0.007052
v -0.048938 1.183423 0.010262
v -0.067429 1.178728 -0.009168
v -0.050241 1.186435 -0.006131
v -0.071392 1.180458 -0.026644
v -0.052374 1.188354 -0.024060
v -0.075304 1.179667 -0.045786
v -0.055314 1.188177 -0.044060
v -0.077692 1.175248 -0.066559
v -0.058257 1.184771 -0.065905
v -0.078977 1.165784 -0.087306
v -0.060289 1.175886 -0.088452
v -0.077303 1.149769 -0.102907
v -0.060542 1.160337 -0.107265
v -0.076584 1.132064 -0.114441
v -0.061214 1.142658 -0.122147
v -0.075307 1.112825 -0.123031
v -0.060472 1.123023 -0.132049
v -0.072386 1.093918 -0.126237
v -0.058621 1.103357 -0.136496
v -0.070196 1.075781 -0.126073
v -0.057014 1.084151 -0.138081
v -0.069272 1.057222 -0.124633
v -0.055607 1.064140 -0.136711
v -0.068701 1.038758 -0.122254
v -0.054435 1.044148 -0.133718
v -0.067078 1.020710 -0.117672
v -0.052822 1.024763 -0.128725
v -0.064100 1.003980 -0.110373
v -0.050550 1.006609 -0.121310
v -0.060117 0.989326 -0.100918
v -0.047918 0.990263 -0.111870
v -0.055324 0.975978 -0.091409
v -0.045002 0.975842 -0.101126
v -0.049830 0.964254 -0.082544
v -0.041598 0.963081 -0.090595
v -0.043878 0.954860 -0.074533
v -0.035657 0.953614 -0.081638
v -0.037045 0.945205 -0.066630
v -0.029489 0.944107 -0.073041
v -0.031263 0.934632 -0.060990
v -0.024833 0.933556 -0.066743
v -0.026908 0.923815 -0.058079
v -0.021592 0.922688 -0.063382
v -0.090582 1.153086 -0.082274
v -0.076424 1.157216 0.018779
v -0.080623 1.162489 0.003072
v -0.083854 1.166283 -0.012856
v -0.087909 1.167415 -0.029328
v -0.090700 1.165703 -0.047563
v -0.089900 1.139180 -0.095108
v -0.089191 1.122013 -0.104862
v -0.086652 1.102802 -0.111600
v -0.083886 1.085156 -0.114302
v -0.082613 1.067883 -0.113781
v -0.081496 1.050657 -0.111970
v -0.080365 1.033906 -0.108950
v -0.078580 1.017465 -0.104588
v -0.074999 1.002260 -0.097614
v -0.069931 0.988689 -0.089667
v -0.063790 0.976434 -0.081609
v -0.057441 0.965477 -0.073741
v -0.051063 0.955700 -0.066006
v -0.043896 0.945975 -0.058827
v -0.037104 0.935499 -0.054235
v -0.031737 0.924726 -0.051858
v -0.099314 1.145648 -0.066463
v -0.102371 1.128059 -0.070227
v -0.096436 1.143240 -0.078382
v -0.104012 1.090773 -0.079126
v -0.098183 1.130755 -0.084650
v -0.103989 1.108994 -0.074913
v -0.098672 1.113284 -0.091572
v -0.096552 1.094450 -0.096692
v -0.102034 1.056337 -0.083510
v -0.103031 1.073781 -0.082652
v -0.094951 1.078048 -0.099983
v -0.093955 1.061249 -0.099814
v -0.101007 1.039633 -0.082307
v -0.098792 1.025605 -0.080144
v -0.092024 1.044777 -0.097682
v -0.090499 1.029232 -0.094948
v -0.095954 1.012734 -0.076373
v -0.088087 1.014437 -0.090587
v -0.092069 1.000814 -0.071751
v -0.083916 1.001211 -0.084513
v -0.085945 0.989092 -0.067074
v -0.078041 0.988804 -0.078197
v -0.078652 0.977836 -0.062277
v -0.071194 0.977379 -0.071762
v -0.080410 0.969487 -0.039303
v -0.071491 0.958767 -0.035587
v -0.076733 0.968271 -0.048807
v -0.071019 0.967316 -0.057096
v -0.064252 0.966689 -0.065262
v -0.068451 0.958568 -0.044142
v -0.063112 0.957393 -0.051177
v -0.057219 0.956580 -0.058511
v -0.062966 0.948903 -0.028966
v -0.051526 0.936812 -0.023835
v -0.059893 0.948840 -0.037646
v -0.054625 0.947168 -0.044071
v -0.049415 0.946409 -0.051301
v -0.041611 0.925532 -0.020591
v -0.049806 0.937687 -0.032591
v -0.046314 0.936931 -0.039889
v -0.042179 0.936142 -0.047139
v -0.032956 0.914828 -0.020668
v -0.041605 0.926149 -0.029673
v -0.039714 0.925939 -0.037719
v -0.036180 0.925420 -0.045080
v -0.010483 0.898589 -0.008252
v -0.034634 0.915144 -0.029996
v -0.033824 0.914998 -0.037741
v -0.031582 0.914551 -0.044745
v -0.028159 0.913847 -0.051376
v -0.023928 0.912908 -0.057253
v -0.019408 0.911775 -0.062054
v -0.014334 0.910600 -0.065800
v -0.008126 0.909447 -0.068587
v -0.009597 0.889628 -0.015124
v -0.009611 0.877905 -0.020189
v -0.016240 0.863621 -0.026477
v -0.019657 0.902413 -0.016100
v -0.016911 0.890553 -0.021764
v -0.016217 0.878029 -0.025194
v -0.009727 0.863960 -0.022325
v -0.024032 0.903502 -0.024285
v -0.027066 0.903625 -0.031275
v -0.028878 0.903439 -0.038182
v -0.028696 0.902978 -0.045043
v -0.026375 0.902239 -0.051374
v -0.022833 0.901279 -0.056757
v -0.018884 0.900361 -0.061126
v -0.014270 0.899521 -0.064622
v -0.008326 0.898614 -0.067438
v -0.021224 0.891040 -0.027739
v -0.024517 0.891127 -0.033489
v -0.027043 0.890938 -0.039554
v -0.027826 0.890529 -0.045740
v -0.026431 0.889860 -0.051503
v -0.023287 0.889116 -0.056517
v -0.019222 0.888558 -0.060639
v -0.014372 0.888228 -0.063984
v -0.008055 0.887611 -0.066823
v -0.020608 0.878231 -0.030196
v -0.023835 0.878415 -0.035309
v -0.026136 0.878352 -0.040703
v -0.027182 0.877899 -0.046239
v -0.026692 0.877070 -0.051683
v -0.024178 0.876206 -0.056657
v -0.019820 0.875849 -0.060809
v -0.014467 0.875904 -0.064152
v -0.008008 0.875882 -0.067151
v -0.020942 0.863520 -0.030871
v -0.024452 0.863826 -0.035596
v -0.027142 0.864127 -0.040720
v -0.028904 0.864207 -0.046332
v -0.029650 0.863512 -0.052072
v -0.027934 0.862538 -0.057507
v -0.022935 0.862188 -0.062149
v -0.015885 0.862239 -0.065713
v -0.008177 0.862600 -0.068536
v -0.017258 0.846296 -0.023553
v -0.010292 0.846888 -0.019392
v -0.022148 0.846028 -0.028588
v -0.025666 0.846624 -0.033961
v -0.029184 0.847768 -0.039664
v -0.031949 0.848957 -0.045809
v -0.034754 0.848636 -0.052178
v -0.033447 0.847203 -0.058559
v -0.028072 0.846526 -0.064477
v -0.019235 0.845540 -0.068996
v -0.009919 0.845719 -0.071313
v -0.026323 0.826940 -0.017157
v -0.013610 0.827137 -0.010801
v -0.040280 0.826691 -0.024930
v -0.047169 0.829258 -0.031358
v -0.051912 0.831889 -0.038046
v -0.053808 0.832501 -0.045048
v -0.054449 0.832771 -0.052367
v -0.049594 0.830566 -0.060117
v -0.042851 0.828158 -0.068020
v -0.029396 0.825728 -0.074473
v -0.015070 0.825431 -0.077623
v -0.038062 0.792759 0.002996
v -0.018266 0.792571 0.004311
v -0.067768 0.795143 -0.005885
v -0.071384 0.810626 -0.015728
v -0.076789 0.821350 -0.029267
v -0.080616 0.825868 -0.041987
v -0.079497 0.822248 -0.054238
v -0.077892 0.815796 -0.064255
v -0.071068 0.800452 -0.074856
v -0.043164 0.795387 -0.081770
v -0.020486 0.792521 -0.085348
v -0.046078 0.757785 0.008454
v -0.021959 0.757593 0.014457
v -0.077410 0.756366 -0.009423
v -0.089090 0.757713 -0.076433
v -0.052835 0.758811 -0.085622
v -0.024196 0.757395 -0.089634
v -0.046652 0.723154 0.007364
v -0.022594 0.722849 0.019150
v -0.071641 0.722929 -0.012607
v -0.076141 0.726121 -0.070830
v -0.049334 0.723059 -0.087096
v -0.022535 0.721190 -0.091247
v -0.047519 0.685126 0.006296
v -0.024782 0.684525 0.019198
v -0.066070 0.685581 -0.015002
v -0.068280 0.686950 -0.066479
v -0.046111 0.684708 -0.084074
v -0.021695 0.683005 -0.088094
v -0.098752 0.728631 -0.067413
v -0.092499 0.728911 -0.016091
v -0.109848 0.731812 -0.070208
v -0.123711 0.737185 -0.065560
v -0.132793 0.742281 -0.056614
v -0.136116 0.743587 -0.043530
v -0.132311 0.743042 -0.029029
v -0.122892 0.739138 -0.019185
v -0.047858 0.644879 0.004251
v -0.027414 0.644240 0.019168
v -0.061998 0.646455 -0.016180
v -0.060710 0.648689 -0.062398
v -0.042152 0.647405 -0.077967
v -0.020863 0.645853 -0.083426
v -0.049746 0.600957 0.000520
v -0.029651 0.601219 0.017193
v -0.060148 0.603766 -0.018397
v -0.054428 0.608779 -0.060586
v -0.038330 0.609516 -0.074561
v -0.018155 0.609546 -0.079805
v -0.050702 0.551236 -0.008230
v -0.029108 0.553056 0.009820
v -0.060386 0.562946 -0.022609
v -0.055093 0.571745 -0.062218
v -0.035826 0.576814 -0.074355
v -0.017245 0.578559 -0.078860
v -0.090833 0.788884 -0.008621
v -0.102828 0.799813 -0.017031
v -0.110470 0.808178 -0.027091
v -0.115258 0.814589 -0.039638
v -0.113638 0.809109 -0.054483
v -0.107705 0.798163 -0.064694
v -0.092540 0.786490 -0.075757
v -0.099898 0.761671 -0.010763
v -0.115163 0.766240 -0.019273
v -0.084045 0.746967 -0.039316
v -0.127035 0.771588 -0.055415
v -0.065445 0.607074 -0.040098
v -0.082297 0.721974 -0.040317
v -0.068017 0.568375 -0.042631
v -0.068094 0.647820 -0.039476
v -0.109463 0.734266 -0.013594
v -0.075801 0.685982 -0.039889
v -0.055587 0.480661 -0.095324
v -0.085704 0.496100 -0.078084
v -0.094708 0.722194 -0.039429
v -0.133612 0.610422 -0.053608
v -0.135474 0.613863 -0.030355
v -0.143008 0.611912 -0.061911
v -0.155336 0.615061 -0.063295
v -0.165888 0.618661 -0.057228
v -0.170630 0.621348 -0.046026
v -0.167749 0.622105 -0.033969
v -0.158344 0.620641 -0.025659
v -0.146017 0.617493 -0.024279
v -0.130735 0.611164 -0.041557
v -0.167172 0.517978 -0.033116
v -0.165146 0.515841 -0.041898
v -0.167011 0.514462 -0.049804
v -0.172757 0.513900 -0.054397
v -0.180081 0.515454 -0.053424
v -0.185822 0.517828 -0.047082
v -0.187604 0.521293 -0.038102
v -0.184831 0.523358 -0.029496
v -0.178555 0.523036 -0.024959
v -0.171786 0.521822 -0.026511
v -0.149510 0.650477 -0.025956
v -0.135896 0.641603 -0.063436
v -0.157819 0.652373 -0.032844
v -0.160345 0.652254 -0.045335
v -0.125067 0.639352 -0.040451
v -0.127594 0.639229 -0.054084
v -0.146798 0.645589 -0.064946
v -0.156135 0.649662 -0.058036
v -0.138619 0.646226 -0.023083
v -0.129288 0.641906 -0.027757
v -0.090339 0.517100 -0.046381
v -0.023028 0.472300 -0.099071
v -0.076554 0.533402 -0.027843
v -0.062869 0.523080 -0.011723
v -0.026083 0.504328 -0.015320
v -0.016031 0.513747 -0.004245
v -0.016022 0.491510 -0.025957
v -0.010145 0.504078 -0.009974
v -0.026308 0.490390 -0.024181
v -0.013662 0.473978 -0.037048
v -0.015988 0.435856 -0.062915
v -0.009688 0.457385 -0.082933
v -0.034308 0.521105 -0.015169
v -0.022221 0.527158 0.003428
v -0.039684 0.504045 -0.013050
v -0.045028 0.477451 -0.012582
v -0.008530 0.457456 -0.065580
v -0.055425 0.550185 -0.068427
v -0.074713 0.543249 -0.049657
v -0.056466 0.526560 -0.088880
v -0.072991 0.515893 -0.088330
v -0.039476 0.521697 -0.090950
v -0.046895 0.504288 -0.098869
v -0.019333 0.518982 -0.088881
v -0.021870 0.499319 -0.097305
v -0.056829 0.537198 -0.078591
v -0.079642 0.529555 -0.064961
v -0.017006 0.537777 -0.083340
v -0.035626 0.537024 -0.082970
v -0.016731 0.554362 -0.079906
v -0.034723 0.553181 -0.077227
v -0.017269 0.434846 -0.081443
v -0.020641 0.446598 -0.036453
v -0.032315 0.462989 -0.023225
v -0.069477 0.497417 -0.010160
v -0.084689 0.509760 -0.024358
v -0.032750 0.442302 -0.092820
v -0.097480 0.490773 -0.044811
v -0.085979 0.467391 -0.073195
v -0.060974 0.452296 -0.089741
v -0.020318 0.404487 -0.062601
v -0.052391 0.439761 -0.014504
v -0.022337 0.406208 -0.077758
v -0.027054 0.411430 -0.037139
v -0.039845 0.426388 -0.024578
v -0.073974 0.458645 -0.011764
v -0.088644 0.469703 -0.024497
v -0.035831 0.412032 -0.085443
v -0.095093 0.446018 -0.048067
v -0.082042 0.429067 -0.070581
v -0.059527 0.419008 -0.083088
v -0.024125 0.381670 -0.051950
v -0.059580 0.382839 -0.019556
v -0.027095 0.381360 -0.067978
v -0.030181 0.382108 -0.035242
v -0.042844 0.382424 -0.023245
v -0.075470 0.383381 -0.024142
v -0.085709 0.383843 -0.035401
v -0.039847 0.381597 -0.078253
v -0.086704 0.383943 -0.050849
v -0.076958 0.383374 -0.066998
v -0.059129 0.382382 -0.078274
v -0.028903 0.331872 -0.051235
v -0.058993 0.333175 -0.025233
v -0.031151 0.331572 -0.065029
v -0.034681 0.332322 -0.037308
v -0.045639 0.332734 -0.027851
v -0.071329 0.333545 -0.029188
v -0.079763 0.333711 -0.038585
v -0.042131 0.331779 -0.073842
v -0.081330 0.333567 -0.051837
v -0.073792 0.333026 -0.065446
v -0.058762 0.332374 -0.074166
v -0.031966 0.287695 -0.050416
v -0.057057 0.288432 -0.028196
v -0.034051 0.287486 -0.061783
v -0.036389 0.288001 -0.038660
v -0.045436 0.288239 -0.030412
v -0.067992 0.288572 -0.032246
v -0.075117 0.288616 -0.041306
v -0.043096 0.287625 -0.069148
v -0.076028 0.288506 -0.053016
v -0.069370 0.288239 -0.063874
v -0.056782 0.287943 -0.070179
v -0.032825 0.252368 -0.050324
v -0.058025 0.251929 -0.027582
v -0.034896 0.252296 -0.061702
v -0.037188 0.252326 -0.038494
v -0.046197 0.252131 -0.030024
v -0.069292 0.251815 -0.031845
v -0.076491 0.251816 -0.041467
v -0.043929 0.252305 -0.069085
v -0.077164 0.251906 -0.053501
v -0.070275 0.252053 -0.064186
v -0.057618 0.252254 -0.070181
v -0.042490 0.056372 -0.051572
v -0.054738 0.056153 -0.040454
v -0.043496 0.056340 -0.057100
v -0.044597 0.056351 -0.045817
v -0.048967 0.056255 -0.041672
v -0.060252 0.056089 -0.042551
v -0.063759 0.056082 -0.047295
v -0.047882 0.056347 -0.060687
v -0.064057 0.056128 -0.053182
v -0.060685 0.056210 -0.058351
v -0.054530 0.056318 -0.061226
v -0.125311 0.770623 -0.028851
v -0.129886 0.771551 -0.043006
v -0.102055 0.761029 -0.074176
v -0.118019 0.766572 -0.065230
v -0.130930 0.634201 -0.029375
v -0.133990 0.620881 -0.029452
v -0.159696 0.641214 -0.056915
v -0.163451 0.626281 -0.056543
v -0.128276 0.631347 -0.053264
v -0.132217 0.617514 -0.052890
v -0.163056 0.643977 -0.045392
v -0.168027 0.628992 -0.045250
v -0.160144 0.644056 -0.033015
v -0.165224 0.629646 -0.033096
v -0.156127 0.627955 -0.026986
v -0.151649 0.641892 -0.026768
v -0.129417 0.618162 -0.040742
v -0.126614 0.631634 -0.040891
v -0.144192 0.624621 -0.024724
v -0.140494 0.638115 -0.024508
v -0.156406 0.626838 -0.060822
v -0.154197 0.637262 -0.061599
v -0.137647 0.621466 -0.058632
v -0.134896 0.631375 -0.058910
v -0.143087 0.622519 -0.063498
v -0.140413 0.632668 -0.063288
v -0.150469 0.624670 -0.063807
v -0.147918 0.635102 -0.063714
v -0.132156 0.628547 -0.056193
v -0.133967 0.622190 -0.056017
v -0.157362 0.636614 -0.059977
v -0.159309 0.628617 -0.059652
v -0.181650 0.469586 -0.035355
v -0.185603 0.451824 -0.038748
v -0.181168 0.471087 -0.032319
v -0.180204 0.471754 -0.037549
v -0.183313 0.464223 -0.035871
v -0.182049 0.464435 -0.039094
v -0.183631 0.464145 -0.033099
v -0.185013 0.457549 -0.035852
v -0.183787 0.457460 -0.039510
v -0.185682 0.457377 -0.032823
v -0.186114 0.444652 0.003648
v -0.178926 0.446082 -0.004451
v -0.183265 0.446670 0.004556
v -0.182056 0.443993 -0.005405
v -0.187144 0.443022 0.000539
v -0.178176 0.447647 -0.000627
v -0.185669 0.442693 -0.003103
v -0.180033 0.447931 0.002895
v -0.188862 0.450829 -0.000290
v -0.180638 0.452104 -0.007754
v -0.183699 0.448188 -0.008257
v -0.187659 0.446279 -0.005715
v -0.186094 0.454181 0.000737
v -0.182486 0.455887 -0.000501
v -0.189457 0.447513 -0.002566
v -0.180233 0.455148 -0.004012
v -0.188281 0.460687 -0.004077
v -0.184418 0.462674 -0.004671
v -0.185329 0.451819 -0.010106
v -0.181862 0.461744 -0.007310
v -0.191563 0.451062 -0.006036
v -0.191379 0.455847 -0.005343
v -0.189339 0.449402 -0.007707
v -0.182044 0.457589 -0.010337
v -0.205725 0.438267 -0.029693
v -0.205372 0.441886 -0.017046
v -0.197525 0.436587 -0.053741
v -0.194367 0.439051 -0.057940
v -0.202242 0.436025 -0.042432
v -0.200379 0.435870 -0.048773
v -0.202481 0.441695 -0.043872
v -0.202942 0.443047 -0.040136
v -0.197963 0.441990 -0.054114
v -0.199232 0.442779 -0.050812
v -0.203912 0.436725 -0.036511
v -0.194285 0.445445 -0.056998
v -0.206197 0.445132 -0.024614
v -0.205252 0.445414 -0.028424
v -0.203796 0.448318 -0.018951
v -0.206435 0.439991 -0.023389
v -0.206817 0.442362 -0.022738
v -0.205811 0.440416 -0.031764
v -0.198260 0.436038 -0.051260
v -0.195861 0.439498 -0.057137
v -0.205690 0.439153 -0.026326
v -0.202504 0.438079 -0.044159
v -0.202291 0.436279 -0.039262
v -0.206353 0.443402 -0.019121
v -0.197579 0.438726 -0.054783
v -0.201531 0.437844 -0.047725
v -0.201414 0.442618 -0.012568
v -0.204818 0.439351 -0.035532
v -0.183890 0.446376 -0.056737
v -0.184466 0.449501 -0.057509
v -0.185108 0.441758 -0.057854
v -0.185899 0.446777 -0.044845
v -0.186022 0.437657 -0.045740
v -0.183121 0.451205 -0.044920
v -0.187868 0.447743 -0.035317
v -0.187591 0.436379 -0.035205
v -0.186594 0.451874 -0.035357
v -0.190340 0.445842 -0.025504
v -0.189910 0.437011 -0.023665
v -0.188363 0.450917 -0.025044
v -0.183522 0.446527 -0.051869
v -0.181027 0.450178 -0.052345
v -0.184219 0.440539 -0.052810
v -0.191784 0.445154 -0.018230
v -0.192951 0.440600 -0.015949
v -0.191570 0.447285 -0.016675
v -0.185159 0.456829 -0.026554
v -0.185837 0.456823 -0.029124
v -0.186065 0.454067 -0.021874
v -0.183638 0.460278 -0.027545
v -0.181776 0.460412 -0.024884
v -0.183540 0.462803 -0.029961
v -0.191855 0.471801 -0.013259
v -0.192124 0.467979 -0.011526
v -0.195093 0.466454 -0.015145
v -0.193900 0.473379 -0.017386
v -0.181669 0.472950 -0.012389
v -0.185269 0.473699 -0.011130
v -0.195840 0.429459 -0.051150
v -0.193096 0.427825 -0.049790
v -0.200699 0.428889 -0.038611
v -0.197127 0.427144 -0.037041
v -0.204465 0.431754 -0.024172
v -0.200602 0.429139 -0.022432
v -0.193921 0.447876 -0.011255
v -0.197351 0.450157 -0.011928
v -0.179991 0.469687 -0.055885
v -0.179637 0.476892 -0.025917
v -0.185341 0.486670 -0.020938
v -0.184988 0.467234 -0.007481
v -0.181904 0.466244 -0.009634
v -0.186260 0.463905 -0.057721
v -0.181673 0.462705 -0.057410
v -0.191074 0.449485 -0.009510
v -0.193843 0.451540 -0.008719
v -0.183604 0.455408 -0.057442
v -0.188154 0.454537 -0.058321
v -0.196558 0.443844 -0.012325
v -0.199831 0.446626 -0.012952
v -0.189441 0.444549 -0.060057
v -0.176210 0.471220 -0.043057
v -0.175328 0.470571 -0.051479
v -0.182661 0.475416 -0.054985
v -0.185909 0.479910 -0.015721
v -0.182625 0.478773 -0.015934
v -0.187291 0.451691 -0.032101
v -0.181257 0.481237 -0.021680
v -0.196863 0.474996 -0.024358
v -0.180064 0.468251 -0.027731
v -0.198986 0.474064 -0.033081
v -0.178139 0.470595 -0.015790
v -0.183103 0.482634 -0.019079
v -0.190916 0.428570 -0.048761
v -0.194499 0.427978 -0.036508
v -0.197159 0.429375 -0.022527
v -0.179736 0.460703 -0.019716
v -0.180154 0.477167 -0.018599
v -0.178978 0.480267 -0.032580
v -0.189768 0.449881 -0.014898
v -0.200408 0.455968 -0.018692
v -0.199259 0.465696 -0.022474
v -0.192291 0.484839 -0.024532
v -0.174813 0.494858 -0.033753
v -0.189270 0.472762 -0.011661
v -0.173432 0.492883 -0.041944
v -0.190614 0.493561 -0.044619
v -0.176869 0.469180 -0.021998
v -0.191695 0.497181 -0.036199
v -0.201738 0.464882 -0.031870
v -0.201652 0.463995 -0.041136
v -0.197870 0.464897 -0.049142
v -0.178255 0.463292 -0.043819
v -0.203068 0.455728 -0.030178
v -0.202410 0.454573 -0.040832
v -0.198494 0.454351 -0.049972
v -0.180608 0.456407 -0.044460
v -0.184414 0.455265 -0.018052
v -0.205400 0.443771 -0.031969
v -0.204424 0.442567 -0.036655
v -0.201136 0.441435 -0.048312
v -0.178613 0.475302 -0.022142
v -0.199299 0.472070 -0.040212
v -0.176701 0.480454 -0.041918
v -0.194978 0.477886 -0.044853
v -0.195369 0.483441 -0.034775
v -0.179896 0.490372 -0.052549
v -0.183430 0.499492 -0.024761
v -0.175041 0.491394 -0.048845
v -0.177999 0.498757 -0.027041
v -0.188949 0.499552 -0.028410
v -0.186019 0.491527 -0.051017
v -0.175491 0.462193 -0.051947
v -0.181120 0.461355 -0.013545
v -0.189631 0.465440 -0.007980
v -0.191850 0.464544 -0.055143
v -0.178008 0.455130 -0.052632
v -0.186430 0.452708 -0.012962
v -0.194296 0.458697 -0.010403
v -0.192961 0.454613 -0.055907
v -0.205769 0.446355 -0.020469
v -0.195738 0.442754 -0.056893
v -0.177193 0.478896 -0.049792
v -0.180982 0.486534 -0.024864
v -0.190534 0.478386 -0.016977
v -0.189355 0.476820 -0.052553
v -0.175270 0.440797 0.007773
v -0.182421 0.435631 0.009981
v -0.180631 0.430970 0.009805
v -0.170216 0.433922 0.004624
v -0.180033 0.439233 0.009616
v -0.171270 0.439119 0.005147
v -0.172549 0.429722 0.006268
v -0.176790 0.428612 0.008485
v -0.179649 0.431216 0.010683
v -0.170055 0.433900 0.006291
v -0.179143 0.437977 0.010164
v -0.174833 0.439250 0.008592
v -0.171316 0.438045 0.006757
v -0.172145 0.429751 0.007286
v -0.176049 0.428805 0.009544
v -0.181110 0.435144 0.010705
v -0.170908 0.434274 0.007978
v -0.178517 0.431945 0.011122
v -0.183714 0.431298 0.004011
v -0.170912 0.434254 0.002187
v -0.182665 0.432233 -0.000602
v -0.173129 0.434449 0.009532
v -0.182158 0.431099 0.007963
v -0.173334 0.433756 -0.001316
v -0.176607 0.433501 0.010894
v -0.178116 0.433324 -0.003206
v -0.178065 0.436433 0.010540
v -0.174219 0.437406 0.009160
v -0.172307 0.441445 0.001765
v -0.173167 0.429754 0.004468
v -0.177662 0.428411 0.006943
v -0.185107 0.437341 0.007695
v -0.185487 0.441744 0.005427
v -0.177113 0.443644 -0.003901
v -0.182091 0.443995 0.006411
v -0.181021 0.441717 -0.005028
v -0.186871 0.440403 0.001656
v -0.175953 0.445092 0.000533
v -0.185272 0.440470 -0.002554
v -0.178221 0.445420 0.004449
v -0.190149 0.453369 -0.002391
v -0.181382 0.455045 -0.009008
v -0.184521 0.450131 -0.009149
v -0.190529 0.449316 -0.004037
v -0.188530 0.447813 -0.006554
v -0.187311 0.457552 -0.001326
v -0.181082 0.458645 -0.005588
v -0.183510 0.459565 -0.002330
v -0.187324 0.436816 0.002648
v -0.179957 0.434803 0.010970
v -0.171738 0.437212 0.007806
v -0.174582 0.439902 -0.003681
v -0.185518 0.437233 -0.002318
v -0.176284 0.443350 0.006104
v -0.181526 0.441574 0.008234
v -0.180158 0.438501 -0.005156
v -0.186883 0.447456 0.001735
v -0.187721 0.445352 -0.000782
v -0.179980 0.448459 -0.005473
v -0.179502 0.450468 -0.001998
v -0.172047 0.430485 0.008780
v -0.174985 0.429500 0.001842
v -0.175493 0.429571 0.010282
v -0.179483 0.428702 0.004057
v -0.186236 0.444662 -0.004047
v -0.181363 0.450866 0.001167
v -0.184378 0.449653 0.002490
v -0.182791 0.446002 -0.006237
v -0.172862 0.431676 0.009760
v -0.175010 0.430817 0.010629
v -0.180079 0.429658 0.000781
v -0.177130 0.430373 -0.000798
v -0.201131 0.428989 -0.048192
v -0.191347 0.429261 -0.045937
v -0.203121 0.429196 -0.042671
v -0.192986 0.429158 -0.039452
v -0.188191 0.383715 -0.036331
v -0.187499 0.383437 -0.039198
v -0.192538 0.378221 -0.039160
v -0.193251 0.378569 -0.036659
v -0.197938 0.425335 -0.049348
v -0.197320 0.425788 -0.038662
v -0.194777 0.425234 -0.048568
v -0.192745 0.425742 -0.045563
v -0.192721 0.394117 -0.037612
v -0.198817 0.390491 -0.043548
v -0.200066 0.390959 -0.038840
v -0.191179 0.393566 -0.042653
v -0.197166 0.427310 -0.049964
v -0.194037 0.427032 -0.049017
v -0.196993 0.427022 -0.038125
v -0.200939 0.427423 -0.039041
v -0.187961 0.381173 -0.039966
v -0.191441 0.377791 -0.039340
v -0.188806 0.381495 -0.035717
v -0.192259 0.378180 -0.035783
v -0.193844 0.425886 -0.040670
v -0.200866 0.425851 -0.039391
v -0.202923 0.426059 -0.042821
v -0.201411 0.425832 -0.047567
v -0.198744 0.392168 -0.035958
v -0.195759 0.393382 -0.035306
v -0.192795 0.392376 -0.046010
v -0.196039 0.390958 -0.045967
v -0.190600 0.390099 -0.036838
v -0.196249 0.385338 -0.043258
v -0.197500 0.385691 -0.037732
v -0.189441 0.389554 -0.042299
v -0.192989 0.388546 -0.033596
v -0.195858 0.382454 -0.034972
v -0.193842 0.381589 -0.043466
v -0.190736 0.387616 -0.045827
v -0.204873 0.412646 -0.042020
v -0.204208 0.405188 -0.041293
v -0.205600 0.408871 -0.041518
v -0.194341 0.412184 -0.044839
v -0.194823 0.405196 -0.044191
v -0.194293 0.408552 -0.044839
v -0.195704 0.405519 -0.039682
v -0.195283 0.412609 -0.039995
v -0.195276 0.408984 -0.039375
v -0.202861 0.404996 -0.045895
v -0.203315 0.412238 -0.046820
v -0.203977 0.408527 -0.046883
v -0.198617 0.412886 -0.037493
v -0.198809 0.405656 -0.037274
v -0.199020 0.409215 -0.036638
v -0.202485 0.405459 -0.038118
v -0.202815 0.412906 -0.038344
v -0.203514 0.409185 -0.037587
v -0.200048 0.412102 -0.048760
v -0.199750 0.404877 -0.047692
v -0.200345 0.408366 -0.049023
v -0.196526 0.404906 -0.046967
v -0.196341 0.411998 -0.048204
v -0.196431 0.408313 -0.048267
v -0.197586 0.423164 -0.039063
v -0.194571 0.422884 -0.041022
v -0.198347 0.422649 -0.048859
v -0.201380 0.422885 -0.046987
v -0.202606 0.423124 -0.042766
v -0.200790 0.423226 -0.039741
v -0.193542 0.422664 -0.045257
v -0.195242 0.422485 -0.048205
v -0.200723 0.394158 -0.039579
v -0.199437 0.395053 -0.036839
v -0.199540 0.393642 -0.043920
v -0.192424 0.396125 -0.042987
v -0.193984 0.395248 -0.045969
v -0.193720 0.396486 -0.038302
v -0.196620 0.396033 -0.036218
v -0.196970 0.394147 -0.046070
v -0.198637 0.388654 -0.038706
v -0.190924 0.391714 -0.041832
v -0.197421 0.389517 -0.036023
v -0.192182 0.390083 -0.044774
v -0.192090 0.392056 -0.037659
v -0.197590 0.388233 -0.042636
v -0.194843 0.391408 -0.035538
v -0.195338 0.388885 -0.044862
v -0.193227 0.384708 -0.045789
v -0.188969 0.379319 -0.039733
v -0.189933 0.379978 -0.035228
v -0.195853 0.385947 -0.033635
v -0.196076 0.382538 -0.037076
v -0.195017 0.382154 -0.041730
v -0.188879 0.386265 -0.036190
v -0.193811 0.379989 -0.040708
v -0.190379 0.384259 -0.033437
v -0.189988 0.381003 -0.043614
v -0.194739 0.380327 -0.036531
v -0.187841 0.385764 -0.040659
v -0.192175 0.382273 -0.032728
v -0.188537 0.383364 -0.043291
v -0.192570 0.379468 -0.042205
v -0.194485 0.380433 -0.034409
v -0.193705 0.381904 -0.043939
v -0.190277 0.377959 -0.039460
v -0.190756 0.378766 -0.035244
v -0.195889 0.382892 -0.034517
v -0.196486 0.383354 -0.037277
v -0.195368 0.382943 -0.042139
v -0.193716 0.380603 -0.033468
v -0.191616 0.379450 -0.042789
v -0.189599 0.378675 -0.039663
v -0.190466 0.379243 -0.035346
v -0.195883 0.383610 -0.034053
v -0.195581 0.383501 -0.042452
v -0.192973 0.381200 -0.032973
v -0.190892 0.379835 -0.043187
v -0.193410 0.382477 -0.044595
v -0.196771 0.383956 -0.037397
v -0.202185 0.417574 -0.046766
v -0.199140 0.417350 -0.048717
v -0.194925 0.417508 -0.040673
v -0.198037 0.417870 -0.038463
v -0.203484 0.417915 -0.042517
v -0.201632 0.418014 -0.039276
v -0.193888 0.417220 -0.044970
v -0.195650 0.417155 -0.048147
v -0.202072 0.400161 -0.040817
v -0.200935 0.399847 -0.044525
v -0.194747 0.400771 -0.043399
v -0.195598 0.401091 -0.039638
v -0.198031 0.400990 -0.037822
v -0.198580 0.399959 -0.046063
v -0.200699 0.400540 -0.038390
v -0.196048 0.400313 -0.045688
v -0.189042 0.409098 -0.059513
v -0.194629 0.408433 -0.053415
v -0.191861 0.408752 -0.060452
v -0.192298 0.408833 -0.052326
v -0.189687 0.409126 -0.053411
v -0.188096 0.409349 -0.056620
v -0.194340 0.408356 -0.059026
v -0.195478 0.408276 -0.055848
v -0.189136 0.421405 -0.059193
v -0.187936 0.421014 -0.056067
v -0.195283 0.421223 -0.052734
v -0.196523 0.421529 -0.055542
v -0.192571 0.420967 -0.051536
v -0.189565 0.420815 -0.052648
v -0.192237 0.421745 -0.060460
v -0.195265 0.421736 -0.059038
v -0.191842 0.395703 -0.054318
v -0.188309 0.394993 -0.059969
v -0.185830 0.392836 -0.058773
v -0.188971 0.393385 -0.050590
v -0.190605 0.395563 -0.058182
v -0.191201 0.395326 -0.051648
v -0.186354 0.391815 -0.052125
v -0.185027 0.391577 -0.055639
v -0.186903 0.392325 -0.058560
v -0.189553 0.392935 -0.051181
v -0.190454 0.395090 -0.057939
v -0.191568 0.395179 -0.054352
v -0.191223 0.394767 -0.052148
v -0.186780 0.391293 -0.052244
v -0.186107 0.390851 -0.055780
v -0.188768 0.394389 -0.059437
v -0.190166 0.392840 -0.052256
v -0.188047 0.392321 -0.058052
v -0.183553 0.395833 -0.057930
v -0.188365 0.394161 -0.050120
v -0.183248 0.397652 -0.054959
v -0.190238 0.392862 -0.053954
v -0.184916 0.393869 -0.058780
v -0.186677 0.395712 -0.049989
v -0.189294 0.392770 -0.056918
v -0.184844 0.397668 -0.051501
v -0.190168 0.394397 -0.057570
v -0.191213 0.394546 -0.054326
v -0.191282 0.397130 -0.050998
v -0.185964 0.392426 -0.051809
v -0.184437 0.392198 -0.055359
v -0.187827 0.396945 -0.060727
v -0.189409 0.400121 -0.060174
v -0.190153 0.401461 -0.051226
v -0.191917 0.399210 -0.058349
v -0.187268 0.402341 -0.052558
v -0.186217 0.401249 -0.059231
v -0.192373 0.399736 -0.052344
v -0.185515 0.402503 -0.056000
v -0.193159 0.399246 -0.055012
v -0.190692 0.404504 -0.060546
v -0.191365 0.405004 -0.051744
v -0.188589 0.405633 -0.052990
v -0.187782 0.405425 -0.059680
v -0.186824 0.405892 -0.056535
v -0.193224 0.403879 -0.058898
v -0.193714 0.404253 -0.052892
v -0.194460 0.403784 -0.055497
v -0.189178 0.425299 -0.058371
v -0.188071 0.425092 -0.055548
v -0.194658 0.424978 -0.052529
v -0.195835 0.425264 -0.055068
v -0.194629 0.425468 -0.058309
v -0.191847 0.425541 -0.059513
v -0.189516 0.424903 -0.052352
v -0.192287 0.424903 -0.051438
v -0.189026 0.415181 -0.060723
v -0.189118 0.418143 -0.060320
v -0.189104 0.412392 -0.060044
v -0.192875 0.415288 -0.062214
v -0.192443 0.412288 -0.061424
v -0.192852 0.418327 -0.061654
v -0.196736 0.414882 -0.052478
v -0.196221 0.417849 -0.052526
v -0.195927 0.411954 -0.053020
v -0.193384 0.414742 -0.051037
v -0.193074 0.412015 -0.051723
v -0.193053 0.417545 -0.051161
v -0.196500 0.415224 -0.060337
v -0.196153 0.418330 -0.059895
v -0.195681 0.412144 -0.059807
v -0.189794 0.414802 -0.052503
v -0.189668 0.417478 -0.052518
v -0.189932 0.412201 -0.053019
v -0.187685 0.414993 -0.056844
v -0.188096 0.412389 -0.056752
v -0.187730 0.417699 -0.056588
v -0.198078 0.415044 -0.055882
v -0.197068 0.412033 -0.055908
v -0.197640 0.418039 -0.055766
v -0.185198 0.399606 -0.059749
v -0.189103 0.394010 -0.058803
v -0.191159 0.394407 -0.052655
v -0.188844 0.399206 -0.049927
v -0.184275 0.401014 -0.055987
v -0.192478 0.397077 -0.054436
v -0.191102 0.397074 -0.058786
v -0.186209 0.400931 -0.051748
v -0.189816 0.401708 -0.060769
v -0.186774 0.403219 -0.059889
v -0.190750 0.402802 -0.051104
v -0.193352 0.401890 -0.052297
v -0.194872 0.428109 -0.058395
v -0.196024 0.427601 -0.054729
v -0.194691 0.427007 -0.052126
v -0.189170 0.427413 -0.051563
v -0.188223 0.390948 -0.053145
v -0.184872 0.393663 -0.051878
v -0.187306 0.390844 -0.055888
v -0.183509 0.393765 -0.055236
v -0.195102 0.428191 -0.051781
v -0.192303 0.427843 -0.050344
v -0.187069 0.433091 -0.058620
v -0.190877 0.433472 -0.060548
v -0.185830 0.403898 -0.056379
v -0.194085 0.401163 -0.055158
v -0.192668 0.401140 -0.058936
v -0.187817 0.403741 -0.052516
v -0.187298 0.428005 -0.055040
v -0.188462 0.428360 -0.058386
v -0.192250 0.426953 -0.050877
v -0.191553 0.428506 -0.059850
v -0.189021 0.391410 -0.054086
v -0.188234 0.391231 -0.055902
v -0.183270 0.395586 -0.053988
v -0.184285 0.395557 -0.051839
v -0.188618 0.430261 -0.050067
v -0.196652 0.430325 -0.054407
v -0.185928 0.432235 -0.054335
v -0.195189 0.431839 -0.058702
v -0.202320 0.407389 -0.012044
v -0.203756 0.409894 -0.003705
v -0.205019 0.407297 -0.011148
v -0.201121 0.410230 -0.004374
v -0.199628 0.409619 -0.006903
v -0.200146 0.408285 -0.010502
v -0.206475 0.407799 -0.008654
v -0.205925 0.409109 -0.005120
v -0.202691 0.421512 -0.017979
v -0.199718 0.421919 -0.016136
v -0.204825 0.425068 -0.008455
v -0.207682 0.424446 -0.010431
v -0.201173 0.424648 -0.008972
v -0.198898 0.423371 -0.011970
v -0.206146 0.422077 -0.017249
v -0.208238 0.423113 -0.014455
v -0.200529 0.392259 0.001462
v -0.199896 0.388395 -0.006493
v -0.197196 0.385204 -0.005154
v -0.196032 0.389028 0.004143
v -0.201172 0.390426 -0.003901
v -0.198431 0.392174 0.003849
v -0.194869 0.385965 0.002075
v -0.195205 0.384411 -0.001902
v -0.197656 0.385053 -0.004540
v -0.196495 0.388582 0.004298
v -0.200827 0.389770 -0.003611
v -0.200230 0.391558 0.001497
v -0.198567 0.391389 0.003843
v -0.195053 0.385545 0.002366
v -0.195553 0.383884 -0.001416
v -0.199906 0.387940 -0.005716
v -0.197277 0.388281 0.004035
v -0.198218 0.385301 -0.003790
v -0.194533 0.388481 -0.007941
v -0.195316 0.390107 0.003717
v -0.192823 0.391841 -0.006526
v -0.198278 0.387841 0.002358
v -0.196476 0.386011 -0.006420
v -0.193682 0.391985 0.001981
v -0.198790 0.386366 -0.001980
v -0.192607 0.393432 -0.001904
v -0.200320 0.388874 -0.003131
v -0.199765 0.390558 0.001704
v -0.198461 0.394889 0.003307
v -0.194194 0.386664 0.001674
v -0.194539 0.384902 -0.002565
v -0.200101 0.390637 -0.008440
v -0.202064 0.396786 -0.008509
v -0.198029 0.401330 -0.000914
v -0.203348 0.397150 -0.005639
v -0.196500 0.401237 -0.004274
v -0.199535 0.397820 -0.009913
v -0.200766 0.399842 0.000108
v -0.197381 0.399678 -0.008410
v -0.202915 0.398583 -0.001663
v -0.203696 0.401978 -0.009632
v -0.199831 0.405682 -0.002281
v -0.198333 0.405209 -0.005269
v -0.201235 0.402558 -0.010730
v -0.199077 0.403704 -0.009251
v -0.204996 0.402243 -0.006939
v -0.202549 0.405006 -0.001558
v -0.204550 0.403704 -0.003107
v -0.202097 0.426058 -0.019740
v -0.199351 0.426505 -0.017856
v -0.204156 0.429321 -0.010633
v -0.206876 0.428636 -0.012539
v -0.207457 0.427414 -0.016461
v -0.205297 0.426517 -0.019161
v -0.198719 0.427944 -0.013843
v -0.200874 0.429158 -0.010997
v -0.203522 0.413624 -0.016674
v -0.203402 0.416971 -0.017325
v -0.203044 0.410915 -0.014847
v -0.207885 0.414082 -0.015352
v -0.206909 0.411099 -0.013687
v -0.207462 0.417386 -0.016109
v -0.205988 0.418072 -0.003887
v -0.205618 0.421128 -0.005680
v -0.205282 0.414580 -0.003628
v -0.201425 0.417886 -0.004677
v -0.201351 0.414638 -0.004319
v -0.201339 0.420783 -0.006378
v -0.210297 0.415251 -0.011686
v -0.209676 0.418530 -0.012797
v -0.209127 0.412189 -0.010481
v -0.198651 0.416578 -0.008617
v -0.198787 0.419430 -0.009931
v -0.199065 0.413573 -0.007837
v -0.199649 0.414557 -0.014256
v -0.199821 0.411896 -0.012758
v -0.199722 0.417638 -0.015034
v -0.209426 0.417084 -0.006387
v -0.208298 0.413796 -0.005710
v -0.208908 0.420255 -0.008024
v -0.197257 0.393484 -0.010849
v -0.199818 0.387670 -0.004956
v -0.198706 0.390865 0.003697
v -0.195750 0.397316 0.001338
v -0.194886 0.396405 -0.008698
v -0.201416 0.394449 0.000863
v -0.202096 0.392535 -0.004754
v -0.194251 0.398186 -0.003190
v -0.203180 0.399126 -0.009217
v -0.200549 0.399947 -0.010552
v -0.198958 0.403469 -0.000942
v -0.201945 0.402481 -0.000036
v -0.207565 0.430266 -0.017974
v -0.207048 0.431862 -0.013565
v -0.203926 0.432411 -0.011155
v -0.197411 0.430580 -0.014356
v -0.195858 0.385213 0.002602
v -0.192984 0.388181 0.000400
v -0.196223 0.383863 -0.000999
v -0.193283 0.386630 -0.003976
v -0.203228 0.436087 -0.011420
v -0.198869 0.435760 -0.010845
v -0.200905 0.429132 -0.022503
v -0.204857 0.430519 -0.022358
v -0.198182 0.401483 -0.008920
v -0.204129 0.400943 -0.001815
v -0.204613 0.399437 -0.006204
v -0.197250 0.403216 -0.004378
v -0.198044 0.428814 -0.019310
v -0.201505 0.428106 -0.021430
v -0.200186 0.432032 -0.011136
v -0.205196 0.428863 -0.020828
v -0.196846 0.385439 0.002232
v -0.197058 0.384389 -0.000552
v -0.192283 0.389312 -0.004444
v -0.192210 0.390386 -0.001464
v -0.195404 0.433694 -0.014691
v -0.206754 0.435517 -0.014649
v -0.196271 0.430996 -0.020516
v -0.207314 0.433402 -0.019808
v -0.200074 0.399484 -0.028000
v -0.204701 0.400989 -0.020083
v -0.202801 0.399036 -0.028282
v -0.201782 0.401569 -0.019496
v -0.199209 0.401295 -0.021580
v -0.198547 0.400287 -0.025668
v -0.205157 0.399245 -0.026491
v -0.206123 0.400151 -0.022608
v -0.199140 0.416524 -0.033224
v -0.196981 0.416920 -0.029671
v -0.205361 0.419148 -0.023736
v -0.207465 0.418699 -0.027097
v -0.201497 0.418891 -0.022648
v -0.197969 0.417991 -0.024863
v -0.203161 0.416888 -0.034009
v -0.206448 0.417624 -0.031754
v -0.201313 0.385205 -0.016934
v -0.198151 0.382372 -0.024473
v -0.195836 0.379548 -0.022248
v -0.197774 0.382220 -0.012151
v -0.200216 0.383993 -0.022378
v -0.200368 0.385029 -0.013525
v -0.195652 0.379590 -0.014130
v -0.194836 0.378597 -0.018442
v -0.196512 0.379311 -0.021847
v -0.198373 0.381730 -0.012452
v -0.199946 0.383384 -0.021956
v -0.201035 0.384562 -0.016746
v -0.200397 0.384261 -0.013812
v -0.195866 0.379225 -0.014021
v -0.195362 0.378083 -0.018163
v -0.198411 0.381900 -0.023716
v -0.198975 0.381495 -0.013257
v -0.197243 0.379439 -0.021401
v -0.193263 0.383002 -0.023183
v -0.196985 0.383296 -0.012003
v -0.192538 0.385907 -0.021010
v -0.199262 0.381182 -0.015303
v -0.194935 0.380606 -0.022965
v -0.194965 0.385275 -0.012919
v -0.198355 0.380244 -0.019902
v -0.193345 0.387037 -0.016352
v -0.199568 0.382568 -0.021485
v -0.200587 0.383639 -0.016496
v -0.200409 0.387562 -0.013608
v -0.195011 0.380357 -0.014113
v -0.194144 0.379212 -0.018686
v -0.198002 0.384646 -0.026242
v -0.199944 0.389288 -0.025677
v -0.199182 0.393301 -0.016203
v -0.202082 0.389222 -0.023273
v -0.196578 0.393572 -0.018783
v -0.196974 0.390565 -0.025816
v -0.201927 0.391526 -0.016514
v -0.195715 0.392398 -0.023158
v -0.203116 0.390377 -0.019163
v -0.201431 0.394370 -0.027247
v -0.200711 0.397711 -0.017734
v -0.198055 0.397649 -0.020161
v -0.198701 0.395262 -0.027210
v -0.197204 0.396446 -0.024702
v -0.203742 0.394311 -0.025075
v -0.203547 0.396696 -0.018285
v -0.204776 0.395429 -0.020816
v -0.198428 0.422004 -0.033753
v -0.196584 0.422630 -0.030585
v -0.204337 0.424317 -0.024641
v -0.206284 0.423664 -0.027891
v -0.205032 0.422504 -0.032442
v -0.201811 0.422001 -0.034613
v -0.197590 0.423597 -0.026054
v -0.200827 0.424227 -0.023886
v -0.200281 0.406360 -0.032401
v -0.199998 0.410431 -0.033010
v -0.200434 0.403441 -0.030327
v -0.204919 0.406430 -0.033022
v -0.204173 0.403345 -0.030957
v -0.204562 0.410606 -0.033545
v -0.207678 0.409361 -0.020509
v -0.206892 0.413260 -0.021795
v -0.206673 0.405731 -0.020472
v -0.202854 0.409471 -0.019245
v -0.202669 0.405959 -0.019476
v -0.202276 0.413249 -0.020576
v -0.208602 0.407182 -0.030363
v -0.207993 0.411325 -0.030978
v -0.207425 0.403947 -0.028823
v -0.198602 0.408619 -0.022205
v -0.198300 0.412357 -0.023225
v -0.199138 0.405422 -0.022031
v -0.197604 0.407227 -0.028372
v -0.198380 0.404185 -0.027164
v -0.197271 0.410995 -0.029009
v -0.209958 0.408585 -0.024617
v -0.208551 0.405020 -0.023830
v -0.209232 0.412468 -0.025622
v -0.195281 0.387707 -0.026876
v -0.198538 0.381633 -0.023025
v -0.200370 0.383770 -0.014134
v -0.197350 0.390298 -0.013923
v -0.194075 0.390135 -0.023513
v -0.202017 0.387137 -0.017747
v -0.200879 0.385940 -0.023503
v -0.194967 0.391365 -0.017845
v -0.200715 0.391627 -0.027012
v -0.197696 0.392814 -0.027105
v -0.200054 0.395598 -0.016436
v -0.203092 0.394352 -0.017028
v -0.204500 0.425440 -0.033211
v -0.206242 0.426573 -0.028369
v -0.204374 0.427076 -0.024537
v -0.196390 0.426891 -0.025876
v -0.196845 0.378782 -0.014233
v -0.193737 0.381968 -0.014909
v -0.196150 0.377971 -0.018049
v -0.192986 0.381077 -0.019312
v -0.204546 0.429206 -0.024338
v -0.200083 0.428625 -0.022883
v -0.197249 0.426539 -0.035772
v -0.200877 0.426741 -0.036671
v -0.196172 0.394335 -0.024273
v -0.204404 0.392872 -0.019757
v -0.203248 0.391647 -0.024521
v -0.197206 0.395756 -0.019176
v -0.195367 0.425887 -0.031452
v -0.197821 0.424841 -0.034651
v -0.200394 0.427140 -0.023366
v -0.201262 0.424674 -0.035458
v -0.197685 0.379023 -0.015110
v -0.197032 0.378353 -0.017976
v -0.192317 0.383500 -0.019082
v -0.192858 0.384179 -0.016039
v -0.195185 0.430060 -0.025415
v -0.206107 0.430163 -0.028722
v -0.193927 0.429130 -0.033023
v -0.204082 0.428980 -0.034281
v -0.045089 0.004748 -0.056170
v -0.069556 0.005727 -0.014292
v -0.061177 0.005514 -0.014721
v -0.066610 0.004610 -0.052295
v -0.068292 0.005620 -0.044180
v -0.062539 0.004150 -0.058410
v -0.051209 0.004593 -0.060342
v -0.057863 0.004508 -0.060626
v -0.054536 0.006271 -0.014993
v -0.048270 0.007319 -0.015567
v -0.042721 0.008230 -0.015860
v -0.045441 0.008599 -0.033837
v -0.075240 0.005585 -0.014556
v -0.041753 0.004885 -0.047551
v -0.069646 0.007039 -0.033989
v -0.042731 0.021736 -0.059759
v -0.064936 0.019409 -0.012848
v -0.058900 0.020805 -0.011116
v -0.069088 0.018680 -0.053930
v -0.069811 0.018456 -0.045531
v -0.064820 0.019333 -0.061679
v -0.050057 0.021187 -0.064844
v -0.058119 0.020084 -0.065588
v -0.052931 0.022202 -0.009676
v -0.048114 0.023141 -0.009586
v -0.039233 0.021415 -0.014611
v -0.039122 0.022378 -0.036539
v -0.072983 0.016687 -0.016660
v -0.038555 0.022388 -0.050356
v -0.070101 0.018472 -0.036603
v -0.047083 0.035364 -0.058056
v -0.061413 0.031168 -0.037104
v -0.057829 0.031973 -0.035001
v -0.064192 0.032233 -0.056102
v -0.065776 0.031611 -0.046464
v -0.061648 0.032269 -0.058419
v -0.051455 0.033709 -0.060979
v -0.057434 0.032324 -0.061235
v -0.053146 0.033100 -0.034125
v -0.047909 0.033703 -0.034325
v -0.044724 0.034743 -0.037777
v -0.042772 0.036195 -0.043948
v -0.063371 0.030474 -0.040583
v -0.043906 0.036079 -0.054041
v -0.064789 0.030591 -0.043746
v -0.061318 0.015149 0.004220
v -0.051839 0.016267 0.006135
v -0.069740 0.014337 0.002285
v -0.077688 0.012336 0.001095
v -0.043110 0.017116 0.007573
v -0.034690 0.015571 0.007779
v -0.062500 0.003633 0.004338
v -0.053415 0.003502 0.006099
v -0.070821 0.004006 0.002825
v -0.079010 0.004658 0.001156
v -0.044150 0.003921 0.006737
v -0.036091 0.005111 0.006188
v -0.077695 0.009921 0.014694
v -0.035414 0.011297 0.020592
v -0.077732 0.004687 0.014758
v -0.035374 0.003499 0.020763
v -0.035992 0.001102 0.034630
v -0.041476 0.000854 0.035818
v -0.040134 0.004601 0.039192
v -0.034726 0.004706 0.038524
v -0.034856 0.003319 0.025433
v -0.041720 0.010960 0.027337
v -0.034391 0.010778 0.026456
v -0.042320 0.003445 0.026315
v -0.041178 0.001830 0.037733
v -0.039934 0.003759 0.039137
v -0.035380 0.002095 0.036561
v -0.035187 0.003766 0.038566
v -0.032111 0.008465 0.025887
v -0.032143 0.005051 0.025366
v -0.044601 0.005223 0.026853
v -0.044244 0.008730 0.027341
v -0.034593 0.000604 0.029598
v -0.041640 0.008423 0.033041
v -0.033694 0.008612 0.032031
v -0.042520 0.000578 0.030434
v -0.031784 0.002536 0.030534
v -0.032724 0.006624 0.032968
v -0.042729 0.006683 0.034250
v -0.044543 0.002541 0.032245
v -0.050043 0.014749 -0.065333
v -0.050354 0.008750 -0.064286
v -0.058009 0.008603 -0.064535
v -0.058123 0.014483 -0.065597
v -0.037732 0.015202 -0.049289
v -0.039014 0.009262 -0.048577
v -0.042777 0.008994 -0.058961
v -0.041910 0.014871 -0.059558
v -0.034554 0.010858 0.024986
v -0.032212 0.008486 0.024404
v -0.041752 0.011028 0.025909
v -0.042331 0.003339 0.025252
v -0.044609 0.005212 0.025689
v -0.034926 0.003225 0.024303
v -0.032215 0.005062 0.024090
v -0.044259 0.008734 0.025989
v -0.033684 0.009469 0.029784
v -0.042723 0.001906 0.028906
v -0.031347 0.007027 0.029876
v -0.045117 0.003735 0.029990
v -0.034387 0.001840 0.028078
v -0.041938 0.009473 0.030695
v -0.031397 0.003622 0.028455
v -0.044723 0.007238 0.031356
v -0.044190 0.006123 0.034705
v -0.040540 0.003180 0.038530
v -0.035098 0.003158 0.037775
v -0.031735 0.005949 0.033076
v -0.033444 0.007905 0.032575
v -0.042067 0.007756 0.033661
v -0.035533 0.000486 0.031576
v -0.041813 0.006363 0.036654
v -0.032465 0.002459 0.033708
v -0.043025 0.004233 0.037510
v -0.033245 0.006620 0.035669
v -0.041687 0.000263 0.033175
v -0.032261 0.003874 0.035880
v -0.043567 0.001954 0.035815
v -0.042281 0.005394 0.037290
v -0.032710 0.005415 0.035812
v -0.042923 0.006630 0.034148
v -0.039893 0.003709 0.039099
v -0.035254 0.003696 0.038550
v -0.032567 0.006552 0.032834
v -0.033435 0.008063 0.032356
v -0.042061 0.007907 0.033452
v -0.032771 0.005203 0.035865
v -0.042305 0.005243 0.037358
v -0.040177 0.004322 0.038608
v -0.035405 0.004223 0.038097
v -0.032124 0.006347 0.032603
v -0.041841 0.008147 0.033277
v -0.032891 0.004863 0.035941
v -0.042215 0.004833 0.037540
v -0.043438 0.006450 0.034050
v -0.033564 0.008322 0.032228
v -0.042180 0.011361 0.020980
v -0.042471 0.003370 0.021270
v -0.032780 0.005604 0.020463
v -0.044144 0.008936 0.022069
v -0.032776 0.008762 0.020456
v -0.044359 0.005643 0.022076
v -0.076454 0.012139 -0.016077
v -0.076772 0.008479 -0.015289
v -0.071393 0.009296 -0.034557
v -0.071296 0.013221 -0.035430
v -0.035796 0.014705 -0.015191
v -0.038078 0.010573 -0.015751
v -0.069889 0.013631 -0.054125
v -0.068801 0.008307 -0.053454
v -0.064353 0.008356 -0.060885
v -0.064999 0.014197 -0.061815
v -0.039373 0.016161 -0.035188
v -0.041644 0.011323 -0.034090
v -0.070649 0.008867 -0.044643
v -0.071238 0.013202 -0.045055
v -0.080686 0.009344 0.001096
v -0.080940 0.006710 0.001460
v -0.030473 0.010737 0.006680
v -0.030973 0.007581 0.006167
v -0.079500 0.008459 0.014541
v -0.079618 0.006189 0.014586
v -0.062900 0.011566 0.013197
v -0.053707 0.011955 0.015331
v -0.077242 0.004265 0.010551
v -0.078408 0.009970 0.011011
v -0.071512 0.004124 0.011852
v -0.035733 0.012085 0.015966
v -0.044111 0.012642 0.017301
v -0.035521 0.004142 0.015964
v -0.071239 0.011004 0.011397
v -0.053916 0.003442 0.015901
v -0.044079 0.003206 0.017656
v -0.063264 0.003738 0.013750
v -0.080186 0.005984 0.010972
v -0.080187 0.008196 0.010872
v -0.032368 0.008848 0.015785
v -0.032106 0.006070 0.015955
v -0.061530 0.009898 0.018234
v -0.064980 0.009780 0.016585
v -0.063198 0.008751 0.015890
v -0.052190 0.010047 0.020611
v -0.056129 0.009906 0.019014
v -0.053879 0.009423 0.018095
v -0.070426 0.009975 0.015665
v -0.073287 0.009751 0.015147
v -0.072009 0.009241 0.013846
v -0.046810 0.010024 0.021141
v -0.044213 0.010425 0.020177
v -0.064827 0.004394 0.016885
v -0.062341 0.003870 0.018397
v -0.063498 0.004299 0.016588
v -0.055492 0.003782 0.019319
v -0.053025 0.003888 0.020735
v -0.054206 0.004055 0.018196
v -0.073448 0.004715 0.015361
v -0.070998 0.004744 0.015802
v -0.072267 0.004953 0.014421
v -0.046137 0.003500 0.021198
v -0.044262 0.003502 0.019971
v -0.044857 0.005232 0.022153
v -0.044521 0.005847 0.021422
v -0.044895 0.007736 0.022200
v -0.044451 0.008285 0.021484
v -0.054274 0.008059 0.021452
v -0.054211 0.007827 0.020126
v -0.054139 0.007861 0.018907
v -0.054167 0.005440 0.020168
v -0.054405 0.005641 0.021424
v -0.054185 0.005851 0.018988
v -0.063658 0.005796 0.017607
v -0.063684 0.005480 0.018960
v -0.063553 0.005408 0.016927
v -0.063528 0.007901 0.018911
v -0.063653 0.007877 0.017577
v -0.063470 0.007207 0.016760
v -0.072156 0.008353 0.016245
v -0.072493 0.008088 0.015887
v -0.072454 0.007978 0.014546
v -0.072514 0.006109 0.015927
v -0.072265 0.006258 0.016270
v -0.072504 0.006316 0.014652
v -0.065860 0.006671 -0.033868
v -0.060506 0.006634 -0.033900
v -0.054767 0.006384 -0.034057
v -0.049715 0.006965 -0.034097
v -0.046088 0.002934 -0.046367
v -0.052056 0.002397 -0.046260
v -0.058422 0.002373 -0.045961
v -0.064889 0.003893 -0.044536
v -0.063881 0.002838 -0.051352
v -0.058999 0.002364 -0.055399
v -0.052188 0.002578 -0.054886
v -0.047371 0.002996 -0.053153
v -0.057629 0.026893 -0.062638
v -0.050989 0.028322 -0.062030
v -0.065062 0.024708 -0.036184
v -0.066905 0.024478 -0.040941
v -0.044007 0.030816 -0.033621
v -0.047723 0.030823 -0.029643
v -0.065988 0.025424 -0.053421
v -0.062659 0.026056 -0.058905
v -0.041965 0.031695 -0.043323
v -0.052999 0.029632 -0.029391
v -0.058091 0.028016 -0.030591
v -0.066604 0.025223 -0.047491
v -0.042669 0.031283 -0.052068
v -0.062373 0.026123 -0.032428
v -0.046085 0.030221 -0.058465
v -0.060825 0.036870 -0.039177
v -0.062790 0.037283 -0.042790
v -0.064544 0.039019 -0.049385
v -0.063710 0.039193 -0.055199
v -0.048876 0.038391 -0.036160
v -0.053629 0.037885 -0.035853
v -0.057738 0.037199 -0.036811
v -0.052121 0.039839 -0.060471
v -0.047950 0.040917 -0.057822
v -0.044762 0.040812 -0.052767
v -0.057290 0.038998 -0.060491
v -0.063996 0.038321 -0.046042
v -0.045747 0.039519 -0.039542
v -0.061280 0.039260 -0.058064
v -0.043802 0.040389 -0.045950
v -0.049602 0.001553 0.035636
v -0.052802 0.001602 0.035544
v -0.053069 0.004762 0.039324
v -0.049537 0.004837 0.039439
v -0.047882 0.003681 0.027308
v -0.052679 0.009667 0.028142
v -0.047734 0.009549 0.028341
v -0.052996 0.003797 0.027120
v -0.053580 0.002669 0.037883
v -0.049508 0.002673 0.038015
v -0.045954 0.007751 0.028143
v -0.045890 0.005066 0.027635
v -0.054779 0.005231 0.027313
v -0.054594 0.007931 0.027811
v -0.047999 0.001090 0.031300
v -0.053341 0.007543 0.033782
v -0.048085 0.007683 0.033919
v -0.053486 0.001187 0.031147
v -0.046093 0.002870 0.032846
v -0.047623 0.006219 0.034843
v -0.054148 0.006262 0.034674
v -0.055453 0.002989 0.032578
v -0.047615 0.009630 0.026535
v -0.045805 0.007749 0.026482
v -0.052474 0.009759 0.026349
v -0.052815 0.003770 0.025704
v -0.054582 0.005285 0.025823
v -0.047723 0.003621 0.025962
v -0.045753 0.005078 0.026259
v -0.054400 0.007959 0.026137
v -0.047641 0.008603 0.031856
v -0.053592 0.002210 0.029667
v -0.045655 0.006745 0.032411
v -0.055701 0.003892 0.030485
v -0.047645 0.002105 0.029840
v -0.053339 0.008584 0.031687
v -0.045469 0.003750 0.030783
v -0.055610 0.006905 0.032138
v -0.055479 0.006040 0.035233
v -0.053250 0.003735 0.038693
v -0.049680 0.003711 0.038754
v -0.046380 0.005895 0.035436
v -0.048024 0.007146 0.034406
v -0.053668 0.007038 0.034245
v -0.048944 0.001247 0.033885
v -0.053852 0.006033 0.036892
v -0.047544 0.002545 0.036076
v -0.054724 0.004495 0.037498
v -0.048253 0.006220 0.037137
v -0.053117 0.001301 0.033768
v -0.047635 0.004216 0.037493
v -0.054768 0.002599 0.035870
v -0.054215 0.005333 0.037389
v -0.047941 0.005348 0.037331
v -0.054260 0.006224 0.034566
v -0.052901 0.004119 0.039273
v -0.049880 0.004109 0.039391
v -0.047507 0.006167 0.034748
v -0.047994 0.007258 0.034224
v -0.053641 0.007145 0.034069
v -0.047987 0.005196 0.037370
v -0.054237 0.005225 0.037444
v -0.053026 0.004562 0.038807
v -0.049924 0.004491 0.038977
v -0.047166 0.006027 0.034620
v -0.053478 0.007319 0.033946
v -0.048072 0.004951 0.037422
v -0.054200 0.004929 0.037616
v -0.054595 0.006104 0.034424
v -0.048063 0.007447 0.034096
v -0.059317 0.001774 0.033575
v -0.062247 0.001863 0.033227
v -0.062874 0.004811 0.036668
v -0.059639 0.004833 0.037063
v -0.056978 0.003727 0.025354
v -0.061567 0.009586 0.025610
v -0.056811 0.009330 0.026335
v -0.061866 0.003888 0.024591
v -0.063217 0.002875 0.035309
v -0.059489 0.002823 0.035766
v -0.055180 0.007550 0.026337
v -0.055134 0.005033 0.025873
v -0.063473 0.005283 0.024584
v -0.063296 0.007943 0.025094
v -0.057412 0.001272 0.029795
v -0.062429 0.007359 0.031526
v -0.057612 0.007416 0.032075
v -0.062430 0.001431 0.029201
v -0.055817 0.002905 0.031363
v -0.057309 0.006057 0.032988
v -0.063287 0.006186 0.032296
v -0.064357 0.003134 0.030345
v -0.056715 0.009417 0.024592
v -0.055031 0.007592 0.024570
v -0.061478 0.009629 0.024142
v -0.061877 0.003815 0.023521
v -0.063484 0.005260 0.023499
v -0.056899 0.003697 0.023974
v -0.055022 0.005088 0.024335
v -0.063262 0.007913 0.023796
v -0.057163 0.008347 0.029888
v -0.062450 0.002393 0.027404
v -0.055551 0.006540 0.030647
v -0.064368 0.003999 0.027977
v -0.057101 0.002219 0.028096
v -0.062309 0.008460 0.029216
v -0.055257 0.003742 0.029170
v -0.064420 0.006876 0.029488
v -0.064629 0.005973 0.032767
v -0.062988 0.003861 0.036077
v -0.059713 0.003789 0.036427
v -0.056314 0.005714 0.033698
v -0.057611 0.006917 0.032552
v -0.062783 0.006895 0.031936
v -0.058514 0.001472 0.032024
v -0.063283 0.005983 0.034361
v -0.057460 0.002665 0.034148
v -0.064188 0.004575 0.034857
v -0.058157 0.006081 0.035047
v -0.062336 0.001578 0.031573
v -0.057677 0.004220 0.035437
v -0.064075 0.002813 0.033365
v -0.063688 0.005344 0.034792
v -0.057912 0.005271 0.035254
v -0.063378 0.006152 0.032188
v -0.062727 0.004214 0.036637
v -0.059964 0.004164 0.036994
v -0.057192 0.006007 0.032911
v -0.057560 0.007019 0.032384
v -0.062736 0.006992 0.031777
v -0.057962 0.005132 0.035287
v -0.063717 0.005245 0.034841
v -0.062778 0.004623 0.036197
v -0.059948 0.004515 0.036608
v -0.056870 0.005871 0.032826
v -0.062569 0.007150 0.031677
v -0.058052 0.004906 0.035329
v -0.063709 0.004971 0.035004
v -0.063674 0.006042 0.032033
v -0.057603 0.007193 0.032260
v -0.067542 0.002703 0.029116
v -0.070354 0.002745 0.028942
v -0.070746 0.005537 0.032266
v -0.067642 0.005604 0.032468
v -0.065565 0.004460 0.022133
v -0.069950 0.010003 0.022282
v -0.065476 0.009821 0.023108
v -0.070120 0.004620 0.021294
v -0.071137 0.003687 0.030979
v -0.067556 0.003690 0.031212
v -0.063876 0.008150 0.023157
v -0.063806 0.005697 0.022698
v -0.071729 0.005949 0.021239
v -0.071611 0.008442 0.021735
v -0.065944 0.002244 0.025520
v -0.070757 0.007988 0.027382
v -0.066127 0.008110 0.027668
v -0.070741 0.002329 0.025215
v -0.064334 0.003806 0.026936
v -0.065758 0.006824 0.028473
v -0.071511 0.006862 0.028136
v -0.072527 0.003912 0.026410
v -0.065416 0.009898 0.021486
v -0.063818 0.008155 0.021578
v -0.069855 0.010058 0.020659
v -0.070105 0.004591 0.020011
v -0.071686 0.005984 0.019895
v -0.065552 0.004418 0.020834
v -0.063797 0.005725 0.021337
v -0.071538 0.008447 0.020223
v -0.065620 0.008874 0.026188
v -0.070698 0.003145 0.023853
v -0.063914 0.007156 0.026954
v -0.072588 0.004664 0.024443
v -0.065512 0.003017 0.024456
v -0.070640 0.008887 0.025607
v -0.063668 0.004475 0.025492
v -0.072611 0.007366 0.025961
v -0.072664 0.006596 0.028727
v -0.070882 0.004630 0.031706
v -0.067738 0.004608 0.031862
v -0.064691 0.006465 0.029182
v -0.066098 0.007642 0.028076
v -0.071067 0.007546 0.027770
v -0.066887 0.002431 0.027597
v -0.071336 0.006658 0.030101
v -0.065741 0.003576 0.029567
v -0.072133 0.005297 0.030614
v -0.066416 0.006823 0.030478
v -0.070558 0.002478 0.027373
v -0.065880 0.005051 0.030815
v -0.072103 0.003624 0.029177
v -0.071681 0.006042 0.030527
v -0.066143 0.006054 0.030657
v -0.071604 0.006828 0.028037
v -0.070598 0.004970 0.032227
v -0.067940 0.004962 0.032418
v -0.065651 0.006778 0.028393
v -0.066063 0.007741 0.027914
v -0.071036 0.007642 0.027614
v -0.066185 0.005920 0.030690
v -0.071703 0.005946 0.030576
v -0.070689 0.005359 0.031814
v -0.067961 0.005296 0.032052
v -0.065346 0.006651 0.028298
v -0.070888 0.007795 0.027510
v -0.066261 0.005704 0.030734
v -0.071678 0.005685 0.030727
v -0.071893 0.006718 0.027909
v -0.066117 0.007907 0.027800
v -0.075221 0.003593 0.024857
v -0.077521 0.003628 0.024715
v -0.077842 0.005918 0.027436
v -0.075302 0.005972 0.027602
v -0.073798 0.005016 0.018810
v -0.077787 0.009832 0.019340
v -0.073716 0.009694 0.019618
v -0.077990 0.005090 0.018515
v -0.078162 0.004399 0.026381
v -0.075231 0.004402 0.026571
v -0.072333 0.008243 0.019504
v -0.072281 0.006113 0.019116
v -0.079338 0.006211 0.018619
v -0.079207 0.008434 0.019029
v -0.074004 0.003054 0.022440
v -0.077878 0.007928 0.023430
v -0.074073 0.008027 0.023651
v -0.077865 0.003119 0.022205
v -0.072712 0.004309 0.023566
v -0.073755 0.006972 0.024329
v -0.078472 0.007003 0.024052
v -0.079295 0.004389 0.023160
v -0.073889 0.009753 0.018444
v -0.072329 0.008249 0.018332
v -0.077535 0.009861 0.018287
v -0.077991 0.005008 0.017699
v -0.079363 0.006185 0.017737
v -0.073795 0.004944 0.017907
v -0.072284 0.006116 0.018108
v -0.079201 0.008427 0.018018
v -0.073818 0.008880 0.021749
v -0.078328 0.004030 0.020384
v -0.072408 0.007340 0.022345
v -0.079875 0.005240 0.020832
v -0.073837 0.003953 0.020678
v -0.078217 0.008921 0.021456
v -0.072257 0.005139 0.021346
v -0.079832 0.007499 0.021852
v -0.079399 0.006558 0.024977
v -0.077955 0.005173 0.026978
v -0.075380 0.005154 0.027107
v -0.072988 0.006454 0.025326
v -0.074036 0.007642 0.024004
v -0.078109 0.007564 0.023752
v -0.074687 0.003363 0.023637
v -0.078327 0.006836 0.025663
v -0.073748 0.004300 0.025248
v -0.078981 0.005708 0.026104
v -0.074296 0.006971 0.025972
v -0.077690 0.003401 0.023454
v -0.073861 0.005507 0.026270
v -0.078955 0.004339 0.024930
v -0.078611 0.006331 0.026011
v -0.074072 0.006341 0.026119
v -0.078549 0.006975 0.023972
v -0.077723 0.005453 0.027405
v -0.075545 0.005446 0.027561
v -0.073668 0.006934 0.024264
v -0.074007 0.007724 0.023870
v -0.078084 0.007643 0.023624
v -0.074106 0.006231 0.026146
v -0.078629 0.006252 0.026052
v -0.077798 0.005770 0.027068
v -0.075562 0.005719 0.027262
v -0.073423 0.006819 0.024210
v -0.077963 0.007768 0.023539
v -0.074168 0.006053 0.026183
v -0.078610 0.006038 0.026176
v -0.078784 0.006873 0.023890
v -0.074051 0.007860 0.023777
v -0.066196 0.032181 -0.054337
v -0.067150 0.031844 -0.048367
v -0.065267 0.036012 -0.050081
v -0.067731 0.027203 -0.049004
v -0.067440 0.027281 -0.052818
v -0.064925 0.036086 -0.054061
v -0.041363 0.036789 -0.047001
v -0.041946 0.036560 -0.051448
v -0.041975 0.038462 -0.047687
v -0.040646 0.034497 -0.046777
v -0.041169 0.034236 -0.050709
v -0.042419 0.038371 -0.050931
v -0.040294 1.016364 0.099786
v -0.041287 1.019756 0.100544
v -0.043983 1.023982 0.101859
v -0.052719 1.030201 0.102598
v -0.060646 1.033294 0.101919
v -0.069221 1.034039 0.099560
v -0.074681 1.033238 0.097294
v -0.079847 1.028178 0.095448
v -0.079528 1.023094 0.096582
v -0.077692 1.018979 0.097889
v -0.074005 1.014173 0.099489
v -0.068435 1.010279 0.100653
v -0.062875 1.007963 0.101221
v -0.059040 1.007062 0.101092
v -0.054705 1.006811 0.100812
v -0.045454 1.008379 0.099828
v -0.041708 1.011509 0.099068
v -0.043564 1.009934 0.099447
v -0.048601 1.007462 0.100235
v -0.077807 1.030732 0.096155
v -0.078827 1.029455 0.095801
v -0.046378 1.017233 0.090776
v -0.047075 1.019614 0.091308
v -0.048968 1.022581 0.092232
v -0.055101 1.026947 0.092750
v -0.060665 1.029118 0.092273
v -0.066685 1.029641 0.090617
v -0.070518 1.029078 0.089027
v -0.074145 1.025526 0.087731
v -0.073921 1.021957 0.088527
v -0.072631 1.019069 0.089444
v -0.070043 1.015695 0.090567
v -0.066133 1.012962 0.091385
v -0.062230 1.011336 0.091784
v -0.059538 1.010703 0.091693
v -0.056495 1.010527 0.091496
v -0.050000 1.011628 0.090806
v -0.047371 1.013825 0.090272
v -0.048674 1.012719 0.090538
v -0.052210 1.010984 0.091092
v -0.072712 1.027319 0.088227
v -0.073429 1.026423 0.087979
vn 0.8278 -0.4504 0.3345
vn 0.6370 -0.3923 0.6636
vn 0.7448 -0.1204 0.6564
vn 0.9382 -0.0602 0.3407
vn 0.6327 -0.6687 0.3906
vn 0.4907 -0.5412 0.6828
vn 0.4096 -0.6077 0.6804
vn 0.3874 -0.5248 0.7579
vn 0.4627 -0.4673 0.7534
vn 0.5049 -0.4961 0.7064
vn 0.3938 -0.5753 0.7169
vn 0.4373 -0.4845 0.7576
vn 0.1534 0.3995 0.9038
vn 0.1373 0.2127 0.9674
vn 0.2215 0.2576 0.9405
vn 0.2628 0.4075 0.8746
vn 0.2100 -0.7977 0.5653
vn 0.3575 -0.3915 0.8479
vn 0.3376 -0.5106 0.7908
vn 0.3178 -0.7999 0.5092
vn 0.3510 -0.2196 0.9102
vn 0.0033 -0.7446 0.6675
vn 0.3065 -0.0693 0.9493
vn -0.3289 -0.6012 0.7283
vn 0.9614 -0.2013 0.1874
vn 0.9780 -0.0654 0.1981
vn 0.8974 0.0045 0.4412
vn 0.9047 -0.0923 0.4159
vn 0.1592 0.2589 0.9527
vn 0.2308 0.2529 0.9396
vn -0.5977 0.3801 0.7059
vn -0.5205 0.5525 0.6510
vn 0.0689 0.2345 0.9697
vn -0.4052 0.6476 0.6453
vn 0.0430 0.2622 0.9641
vn -0.2884 0.7332 0.6158
vn 0.0344 0.3404 0.9397
vn -0.1925 0.7949 0.5754
vn 0.0521 0.4508 0.8911
vn -0.0924 0.8607 0.5007
vn 0.1322 0.5624 0.8162
vn 0.0458 0.9077 0.4171
vn 0.2576 0.6289 0.7336
vn 0.1983 0.9190 0.3406
vn 0.5442 0.5474 0.6358
vn 0.4189 0.5850 0.6945
vn 0.4392 0.8411 0.3158
vn 0.6187 0.7319 0.2854
vn 0.6930 0.3244 0.6438
vn 0.8051 0.5152 0.2941
vn 0.6924 -0.0815 0.7169
vn 0.6132 -0.1119 0.7820
vn 0.5923 0.0806 0.8016
vn 0.6454 0.1963 0.7382
vn 0.6196 -0.3224 0.7157
vn 0.5703 -0.3018 0.7640
vn 0.3815 -0.5797 0.7200
vn 0.5900 0.4584 0.6646
vn 0.7076 0.5017 0.4976
vn 0.6680 0.5324 0.5199
vn 0.5758 0.5137 0.6361
vn 0.6557 0.3215 0.6831
vn 0.7958 0.3464 0.4968
vn 0.4261 -0.4540 0.7825
vn 0.5011 -0.4260 0.7533
vn 0.5803 -0.2714 0.7678
vn 0.4695 -0.2538 0.8457
vn 0.6515 -0.0991 0.7521
vn 0.4929 0.0066 0.8701
vn 0.6730 0.0505 0.7380
vn 0.4808 0.1159 0.8691
vn 0.2945 0.1285 0.9470
vn -0.5594 -0.1617 0.8130
vn 0.6194 -0.0390 0.7841
vn 0.6888 0.1013 0.7179
vn 0.4330 0.2263 0.8725
vn 0.3450 0.1764 0.9219
vn 0.4999 -0.1998 0.8427
vn 0.2380 0.1030 0.9658
vn 0.4021 -0.2932 0.8674
vn 0.1722 0.0616 0.9831
vn 0.3809 -0.3341 0.8621
vn 0.1739 0.0752 0.9819
vn 0.3513 -0.2395 0.9051
vn 0.1932 0.1638 0.9674
vn 0.3532 -0.0812 0.9320
vn 0.2459 0.2591 0.9340
vn 0.4087 0.0682 0.9101
vn 0.3342 0.3359 0.8806
vn 0.4743 0.1684 0.8641
vn 0.4431 0.3544 0.8234
vn 0.5327 0.1811 0.8267
vn 0.5400 0.3424 0.7689
vn 0.3039 -0.3015 0.9038
vn 0.2926 -0.2031 0.9344
vn 0.4702 0.4745 0.7442
vn 0.4573 0.3915 0.7985
vn 0.3990 -0.0759 0.9138
vn 0.4805 0.2979 0.8249
vn 0.2970 -0.0019 0.9549
vn -0.4298 -0.5392 0.7243
vn 0.7202 0.1058 0.6857
vn 0.4878 0.1830 0.8536
vn 0.0791 0.2086 0.9748
vn 0.0676 0.4040 0.9123
vn -0.0000 0.4028 0.9153
vn -0.0000 0.2122 0.9772
vn 0.1320 -0.0689 0.9889
vn 0.1757 -0.0367 0.9838
vn -0.0000 0.5231 0.8522
vn 0.0664 0.5196 0.8519
vn 0.0713 0.6285 0.7745
vn -0.0000 0.6348 0.7727
vn 0.1932 -0.2220 0.9557
vn -0.0000 -0.0541 0.9985
vn -0.0000 -0.1785 0.9839
vn 0.2594 -0.1722 0.9503
vn -0.0000 -0.1299 0.9915
vn 0.3252 -0.0817 0.9421
vn -0.0000 -0.0550 0.9985
vn 0.3656 0.0446 0.9297
vn -0.0000 0.0611 0.9981
vn 0.3789 0.1905 0.9056
vn -0.0000 0.2006 0.9797
vn 0.3581 0.3426 0.8686
vn -0.0000 0.3502 0.9367
vn 0.3338 0.4359 0.8358
vn -0.0000 0.4549 0.8906
vn 0.2925 0.2786 0.9148
vn -0.0000 0.3160 0.9488
vn 0.0682 -0.6169 0.7841
vn 0.1168 -0.4289 0.8958
vn -0.0000 -0.3717 0.9283
vn -0.0000 -0.5977 0.8017
vn 0.1462 -0.6562 0.7403
vn 0.1948 -0.4912 0.8490
vn 0.1062 -0.6656 0.7387
vn 0.1598 -0.6866 0.7093
vn 0.0916 -0.6898 0.7181
vn 0.0788 -0.5794 0.8112
vn -0.0658 -0.5991 0.7980
vn 0.0153 -0.4041 0.9146
vn -0.0933 -0.3098 0.9462
vn 0.0145 -0.2554 0.9667
vn -0.0772 -0.1680 0.9827
vn -0.0183 -0.1588 0.9871
vn -0.0855 -0.0683 0.9940
vn -0.0000 -0.1112 0.9938
vn -0.0000 -0.0203 0.9998
vn -0.0000 -0.4414 0.8973
vn 0.1203 -0.4413 0.8893
vn 0.2189 -0.4863 0.8459
vn 0.3200 -0.5045 0.8019
vn 0.3735 -0.5236 0.7657
vn 0.2551 -0.5193 0.8156
vn 0.0438 -0.6640 0.7465
vn -0.0000 -0.6396 0.7687
vn 0.5613 0.2167 0.7987
vn 0.4236 -0.2005 0.8834
vn 0.6047 -0.3283 0.7256
vn 0.8019 0.0146 0.5973
vn 0.5512 -0.5186 0.6537
vn 0.7848 -0.3223 0.5293
vn 0.4806 -0.6536 0.5846
vn 0.2368 -0.7104 0.6627
vn -0.0000 -0.5851 0.8109
vn -0.0000 -0.7081 0.7061
vn 0.4628 -0.5176 0.7196
vn -0.0000 -0.7079 0.7063
vn 0.0997 -0.7189 0.6879
vn -0.0000 -0.7376 0.6752
vn 0.1491 -0.6494 0.7457
vn 0.1354 -0.7071 0.6940
vn 0.0668 -0.6524 0.7549
vn 0.1884 -0.1917 0.9632
vn 0.1531 -0.7228 0.6739
vn 0.0829 -0.4547 0.8868
vn -0.0000 -0.6594 0.7518
vn -0.0000 -0.4682 0.8836
vn 0.1247 -0.3190 0.9395
vn -0.0000 -0.3021 0.9533
vn 0.5492 0.3637 0.7524
vn 0.5159 0.2855 0.8077
vn 0.4956 0.1600 0.8537
vn 0.4891 0.0412 0.8712
vn 0.4779 -0.1179 0.8705
vn 0.4185 -0.2633 0.8692
vn 0.4498 -0.7807 0.4338
vn -0.0000 -0.1803 0.9836
vn 0.3981 -0.6995 0.5935
vn 0.5192 -0.5593 0.6462
vn 0.1997 -0.7470 0.6342
vn 0.2685 -0.6562 0.7052
vn -0.1679 -0.7349 0.6571
vn -0.3653 -0.5618 0.7422
vn -0.1591 -0.5040 0.8489
vn 0.0498 -0.4460 0.8936
vn 0.3106 -0.3932 0.8654
vn -0.0937 -0.8140 0.5733
vn -0.6494 -0.3750 0.6616
vn 0.3685 0.1622 0.9154
vn 0.6921 -0.0339 0.7210
vn -0.6995 -0.0561 0.7124
vn -0.4047 0.0002 0.9145
vn 0.7798 -0.3074 0.5454
vn 0.5591 -0.6812 0.4726
vn 0.0140 0.1630 0.9865
vn 0.6849 -0.3303 0.6494
vn 0.7729 -0.1073 0.6254
vn 0.4505 -0.4782 0.7539
vn 0.5959 -0.3744 0.7104
vn 0.5091 -0.4910 0.7069
vn 0.5973 -0.4660 0.6528
vn 0.5212 -0.5211 0.6759
vn 0.6179 -0.5364 0.5749
vn 0.5599 -0.5201 0.6450
vn 0.6839 -0.5165 0.5153
vn 0.5252 -0.5153 0.6772
vn 0.6558 -0.4759 0.5861
vn 0.3810 -0.5598 0.7358
vn 0.5067 -0.5171 0.6899
vn 0.2204 -0.5836 0.7815
vn 0.2968 -0.5685 0.7673
vn 0.7560 0.1552 0.6359
vn 0.2225 -0.3510 0.9096
vn 0.3365 -0.3965 0.8541
vn 0.4386 -0.4575 0.7735
vn 0.1778 -0.4505 0.8749
vn 0.3009 -0.4736 0.8278
vn -0.0000 -0.5756 0.8177
vn -0.0000 -0.6084 0.7936
vn 0.2228 -0.0740 0.9720
vn 0.3379 0.8201 0.4618
vn 0.1727 0.8659 0.4695
vn 0.1425 0.8121 0.5659
vn 0.3298 0.7833 0.5270
vn 0.5985 0.6624 0.4506
vn 0.4655 0.7560 0.4602
vn 0.4764 0.7246 0.4980
vn 0.5913 0.6532 0.4730
vn 0.8235 0.4838 0.2964
vn 0.7760 0.5218 0.3543
vn 0.7383 0.5501 0.3903
vn 0.7864 0.5149 0.3411
vn 0.8785 0.4195 0.2286
vn 0.8392 0.4682 0.2765
vn 0.9400 0.3078 0.1469
vn 0.9140 0.3541 0.1981
vn 0.9810 0.1767 0.0798
vn 0.9722 0.1894 0.1375
vn 0.9971 0.0412 0.0646
vn 0.9934 0.0266 0.1114
vn 0.9917 -0.1000 0.0814
vn 0.9895 -0.1040 0.1003
vn 0.9652 -0.2411 0.1016
vn 0.8992 -0.4351 0.0463
vn 0.9665 -0.2433 0.0814
vn 0.9040 -0.4119 0.1144
vn 0.7198 -0.6941 -0.0082
vn 0.7471 -0.6645 -0.0177
vn 0.7351 -0.6604 0.1531
vn 0.7236 -0.6555 0.2162
vn 0.7056 -0.7086 0.0082
vn 0.7065 -0.6732 0.2183
vn 0.7517 -0.6572 0.0549
vn 0.6950 -0.7181 0.0368
vn 0.7216 -0.6419 0.2593
vn 0.7771 -0.5572 0.2926
vn 0.7401 -0.6723 0.0145
vn 0.7573 -0.5517 0.3495
vn 0.6210 -0.7838 0.0004
vn 0.6104 -0.6553 0.4450
vn 0.3472 -0.9360 0.0584
vn 0.3724 -0.7623 0.5294
vn -0.0000 0.8804 0.4742
vn -0.0000 0.8099 0.5865
vn 0.5631 -0.7834 -0.2633
vn 0.6777 -0.7057 -0.2067
vn 0.6755 -0.6710 -0.3056
vn 0.6102 -0.6383 -0.4694
vn -0.0000 -0.9891 0.1472
vn -0.0000 -0.8225 0.5687
vn 0.6914 -0.5637 0.4519
vn 0.6796 -0.5668 0.4657
vn 0.6342 -0.5930 0.4962
vn 0.6936 -0.6118 0.3804
vn 0.9104 -0.3634 0.1977
vn 0.9589 0.1621 -0.2330
vn 0.9145 0.0381 -0.4029
vn 0.9592 0.0325 -0.2809
vn 0.9792 0.0770 -0.1878
vn 0.9720 0.0364 0.2321
vn 0.9445 0.1781 0.2760
vn 0.8717 0.3697 0.3216
vn 0.7835 0.4976 0.3723
vn 0.7367 0.5278 0.4228
vn 0.6913 0.5535 0.4645
vn 0.5654 0.6157 0.5489
vn 0.4601 0.6656 0.5876
vn 0.2957 0.7201 0.6277
vn 0.0942 0.7474 0.6576
vn -0.0000 0.7459 0.6661
vn 0.2095 0.1054 0.9721
vn 0.3716 0.4322 0.8216
vn 0.3376 0.3225 0.8843
vn 0.3314 0.2310 0.9148
vn 0.5426 -0.0553 0.8382
vn 0.6908 -0.0378 0.7220
vn 0.8282 0.0305 0.5596
vn 0.8792 0.0162 0.4761
vn 0.8614 -0.2541 0.4399
vn 0.7506 -0.4453 0.4882
vn 0.5901 -0.5534 0.5877
vn 0.5209 -0.5501 0.6527
vn 0.4812 -0.4564 0.7484
vn 0.4733 -0.2815 0.8347
vn 0.5059 -0.0831 0.8586
vn 0.5323 0.0855 0.8422
vn 0.6366 0.0970 0.7651
vn 0.6223 -0.1472 0.7688
vn 0.5749 -0.3264 0.7503
vn 0.5839 -0.4744 0.6588
vn 0.8200 -0.5077 0.2642
vn 0.8310 -0.5431 0.1203
vn 0.8134 -0.5817 0.0066
vn 0.6549 -0.4576 0.6013
vn 0.6401 -0.3383 0.6898
vn 0.6474 -0.2561 0.7179
vn 0.6665 -0.4186 0.6169
vn 0.6747 -0.4924 0.5498
vn 0.9828 0.1818 -0.0332
vn 0.9950 0.0891 -0.0456
vn 0.9912 0.0490 0.1229
vn 0.9959 0.0811 0.0399
vn 0.9955 -0.0694 0.0643
vn 0.9969 0.0662 0.0435
vn 0.9662 -0.2521 0.0536
vn 0.9543 -0.2107 0.2119
vn 0.2434 0.6069 0.7566
vn 0.4067 0.5782 0.7073
vn 0.6376 0.5799 0.5070
vn 0.5783 0.5531 0.5997
vn 0.6357 0.5436 0.5481
vn 0.3305 0.5068 0.7962
vn 0.1921 0.5113 0.8377
vn 0.4344 0.5144 0.7394
vn 0.5125 0.5275 0.6776
vn 0.5781 0.5335 0.6174
vn 0.5092 0.5624 0.6515
vn 0.6817 0.5882 0.4351
vn 0.7152 0.5674 0.4081
vn 0.9654 0.1786 0.1899
vn 0.9378 -0.0382 0.3452
vn 0.9766 -0.2151 0.0042
vn 0.9994 -0.0323 0.0155
vn 0.9657 0.2595 -0.0103
vn 0.9297 0.3682 0.0098
vn 0.9208 0.2545 0.2956
vn 0.9374 0.2588 -0.2332
vn 0.9971 0.0658 -0.0394
vn 0.9803 0.1082 -0.1654
vn 0.9093 0.1266 -0.3964
vn 0.8412 0.1911 -0.5058
vn 0.9017 0.3396 -0.2677
vn 0.8972 -0.0575 -0.4378
vn 0.9610 -0.0329 -0.2744
vn 0.9614 -0.1573 -0.2258
vn 0.9134 -0.2273 -0.3375
vn 0.6700 -0.3478 -0.6559
vn 0.7416 -0.0376 -0.6698
vn 0.9245 -0.3424 -0.1673
vn 0.6133 -0.6166 -0.4935
vn 0.9785 -0.2058 -0.0137
vn 0.9851 -0.1718 -0.0074
vn 0.8935 -0.4332 -0.1183
vn 0.8751 -0.4822 -0.0405
vn 0.5438 -0.8389 -0.0216
vn 0.5453 -0.7887 -0.2840
vn 0.8627 -0.4935 0.1105
vn 0.9821 -0.1883 -0.0055
vn 0.9742 -0.2225 -0.0378
vn 0.8905 -0.3398 0.3024
vn 0.7340 -0.4800 0.4805
vn 0.6066 -0.7472 0.2715
vn 0.9513 -0.3014 -0.0652
vn 1.0000 0.0023 0.0075
vn 0.9971 0.0169 -0.0744
vn 0.9149 -0.3799 -0.1367
vn 0.9297 -0.3490 -0.1177
vn 0.9272 -0.3722 -0.0416
vn 0.9217 -0.3868 0.0286
vn 0.9740 -0.1034 -0.2015
vn 0.9335 -0.2750 -0.2302
vn 0.9741 -0.2240 0.0297
vn 0.9965 -0.0809 0.0200
vn 0.9676 -0.2254 -0.1134
vn 0.9292 -0.3662 0.0508
vn 0.8629 -0.0697 0.5005
vn 0.9155 -0.3800 -0.1322
vn 0.9492 -0.3146 0.0053
vn 0.9552 -0.2875 -0.0700
vn 0.9579 -0.2869 -0.0042
vn 0.9578 -0.2780 -0.0728
vn -0.0000 -0.9812 -0.1931
vn 0.3340 -0.9194 -0.2077
vn -0.0000 -0.9830 -0.1835
vn 0.3845 -0.9101 -0.1544
vn 0.4152 -0.9069 -0.0713
vn -0.0000 -0.9962 -0.0874
vn -0.0000 -0.9979 -0.0652
vn 0.4252 -0.9036 -0.0517
vn -0.0000 -0.9712 0.2381
vn 0.4944 -0.8435 0.2100
vn 0.5457 -0.8181 -0.1815
vn 0.5363 -0.8372 -0.1070
vn 0.5445 -0.8377 -0.0421
vn 0.5420 -0.8392 -0.0436
vn 0.6357 -0.7618 0.1250
vn 0.6563 -0.7478 -0.1006
vn 0.6356 -0.7702 -0.0534
vn 0.6412 -0.7673 -0.0129
vn 0.6467 -0.7611 -0.0507
vn 0.6837 -0.7298 -0.0049
vn 0.6947 -0.7178 -0.0450
vn 0.6874 -0.7257 -0.0293
vn 0.7007 -0.7134 -0.0102
vn 0.6905 -0.7206 -0.0623
vn 0.6865 -0.7211 -0.0934
vn 0.6921 -0.7206 -0.0412
vn 0.7048 -0.7085 -0.0361
vn 0.7172 -0.6963 -0.0298
vn 0.7163 -0.6955 -0.0567
vn 0.6950 -0.7064 -0.1344
vn 0.7061 -0.7063 -0.0503
vn 0.7152 -0.6974 -0.0461
vn 0.7213 -0.6913 -0.0437
vn 0.7240 -0.6862 -0.0704
vn 0.7099 -0.6884 -0.1486
vn 0.7221 -0.6895 -0.0565
vn 0.7294 -0.6824 -0.0474
vn 0.7317 -0.6801 -0.0446
vn 0.7267 -0.6808 -0.0920
vn 0.7205 -0.6739 -0.1635
vn 0.7461 -0.6634 -0.0578
vn 0.7543 -0.6552 -0.0417
vn 0.7555 -0.6545 -0.0301
vn 0.7339 -0.6730 -0.0924
vn 0.7080 -0.6804 -0.1892
vn 0.7978 -0.6012 -0.0452
vn 0.7982 -0.6021 -0.0164
vn 0.7757 -0.6309 0.0164
vn 0.7231 -0.6878 -0.0631
vn 0.8423 -0.5104 0.1731
vn 0.7077 -0.6919 0.1429
vn 0.6075 -0.7937 -0.0313
vn 0.8069 -0.0885 -0.5841
vn 0.6913 -0.3518 -0.6311
vn 0.8930 -0.4501 0.0024
vn 0.7123 -0.6596 -0.2400
vn 0.7808 -0.3401 -0.5241
vn 0.8617 -0.1827 -0.4735
vn 0.9163 -0.0889 -0.3905
vn 0.6953 -0.6201 -0.3633
vn 0.7074 -0.5380 -0.4585
vn 0.7066 -0.6367 -0.3088
vn 0.9474 -0.0191 -0.3195
vn 0.9872 0.1500 0.0541
vn 0.9629 0.2387 0.1263
vn 0.9908 0.1267 0.0466
vn 0.9803 0.1734 0.0950
vn 0.9925 0.1212 -0.0173
vn 0.9893 0.1440 0.0212
vn 0.9849 0.1106 -0.1331
vn 0.9875 0.1355 -0.0809
vn 0.9762 0.0744 -0.2036
vn 0.9835 0.1137 -0.1405
vn 0.9667 0.0274 -0.2545
vn 0.9799 0.0767 -0.1840
vn 0.9101 0.3458 0.2284
vn 0.8509 0.4216 0.3135
vn 0.9443 0.2634 0.1973
vn 0.8819 0.3592 0.3054
vn 0.9738 0.2032 0.1017
vn 0.9235 0.3158 0.2177
vn 0.9854 0.1693 -0.0201
vn 0.9589 0.2671 0.0955
vn 0.9859 0.1426 -0.0881
vn 0.9796 0.2012 -0.0023
vn 0.9858 0.1151 -0.1222
vn 0.9841 0.1594 -0.0779
vn 0.8008 0.4680 0.3738
vn 0.7353 0.5327 0.4190
vn 0.5990 0.6633 0.4487
vn 0.4325 0.7872 0.4396
vn 0.3090 0.8609 0.4041
vn 0.1558 0.9154 0.3712
vn -0.0000 0.9351 0.3543
vn 0.8210 0.4335 0.3716
vn 0.8486 0.4346 0.3017
vn 0.8788 0.4280 0.2108
vn 0.9141 0.3934 0.0986
vn 0.9322 0.3588 -0.0467
vn 0.1226 0.9480 0.2938
vn -0.0000 0.9601 0.2798
vn 0.2559 0.9088 0.3295
vn 0.2199 0.9457 0.2395
vn 0.1016 0.9684 0.2278
vn -0.0000 0.9752 0.2214
vn 0.0878 0.9840 0.1551
vn -0.0000 0.9893 0.1462
vn 0.2079 0.9643 0.1642
vn 0.0721 0.9955 0.0611
vn -0.0000 0.9986 0.0519
vn 0.1974 0.9776 0.0732
vn 0.0619 0.9966 -0.0543
vn -0.0000 0.9984 -0.0572
vn 0.1850 0.9813 -0.0521
vn 0.0556 0.9773 -0.2044
vn -0.0000 0.9779 -0.2090
vn 0.1755 0.9626 -0.2064
vn 0.0477 0.9147 -0.4013
vn -0.0000 0.9161 -0.4009
vn 0.1789 0.8924 -0.4143
vn 0.0534 0.7935 -0.6063
vn -0.0000 0.8032 -0.5957
vn 0.2036 0.7524 -0.6265
vn 0.0820 0.6330 -0.7698
vn -0.0000 0.6553 -0.7554
vn 0.2364 0.5766 -0.7821
vn 0.1222 0.4713 -0.8735
vn -0.0000 0.5040 -0.8637
vn 0.2713 0.3922 -0.8790
vn 0.1509 0.3243 -0.9339
vn -0.0000 0.3601 -0.9329
vn 0.3217 0.2367 -0.9168
vn 0.1648 0.1708 -0.9714
vn -0.0000 0.2121 -0.9772
vn 0.3697 0.0814 -0.9256
vn 0.1813 -0.0107 -0.9834
vn -0.0000 0.0331 -0.9995
vn 0.3932 -0.0860 -0.9154
vn 0.1941 -0.1861 -0.9632
vn -0.0000 -0.1583 -0.9874
vn 0.3905 -0.2151 -0.8951
vn 0.1771 -0.3370 -0.9247
vn -0.0000 -0.3312 -0.9436
vn 0.3547 -0.3318 -0.8741
vn 0.1298 -0.4430 -0.8871
vn -0.0000 -0.4456 -0.8952
vn 0.3154 -0.4295 -0.8462
vn 0.0947 -0.5054 -0.8577
vn -0.0000 -0.4990 -0.8666
vn 0.3050 -0.5138 -0.8019
vn 0.0887 -0.5832 -0.8075
vn -0.0000 -0.5599 -0.8286
vn 0.3125 -0.6019 -0.7349
vn 0.1214 -0.6591 -0.7422
vn -0.0000 -0.6284 -0.7779
vn 0.3214 -0.6921 -0.6463
vn 0.2033 -0.6942 -0.6905
vn -0.0000 -0.6650 -0.7468
vn 0.3419 -0.7329 -0.5882
vn 0.2928 -0.6535 -0.6980
vn -0.0000 -0.6600 -0.7513
vn 0.4134 -0.6629 -0.6242
vn 0.3340 -0.5045 -0.7962
vn -0.0000 -0.5378 -0.8431
vn 0.4690 -0.4944 -0.7318
vn 0.3373 -0.2748 -0.9004
vn -0.0000 -0.2810 -0.9597
vn 0.4940 -0.2864 -0.8209
vn 0.3957 0.8403 0.3707
vn 0.5916 0.7036 0.3937
vn 0.3668 0.8941 0.2569
vn 0.5665 0.7718 0.2889
vn 0.3454 0.9217 0.1765
vn 0.5302 0.8211 0.2114
vn 0.3271 0.9406 0.0906
vn 0.5215 0.8443 0.1232
vn 0.3140 0.9484 -0.0433
vn 0.5428 0.8394 -0.0295
vn 0.3262 0.9202 -0.2164
vn 0.5752 0.7895 -0.2139
vn 0.3694 0.8134 -0.4494
vn 0.6022 0.6585 -0.4515
vn 0.4310 0.6422 -0.6339
vn 0.6220 0.4887 -0.6118
vn 0.4848 0.4702 -0.7375
vn 0.6611 0.3370 -0.6704
vn 0.5014 0.2726 -0.8212
vn 0.6690 0.1477 -0.7284
vn 0.5322 0.1010 -0.8406
vn 0.6577 -0.0078 -0.7532
vn 0.5714 -0.0254 -0.8203
vn 0.6547 -0.0803 -0.7516
vn 0.5665 -0.1210 -0.8151
vn 0.6496 -0.1199 -0.7507
vn 0.5198 -0.2090 -0.8283
vn 0.6338 -0.1951 -0.7485
vn 0.4658 -0.3264 -0.8225
vn 0.6020 -0.3288 -0.7276
vn 0.4463 -0.4443 -0.7768
vn 0.5712 -0.4742 -0.6700
vn 0.4658 -0.5398 -0.7012
vn 0.5639 -0.5701 -0.5975
vn 0.4940 -0.6050 -0.6245
vn 0.5743 -0.6222 -0.5321
vn 0.4844 -0.6888 -0.5394
vn 0.5659 -0.6813 -0.4644
vn 0.4538 -0.7405 -0.4957
vn 0.5402 -0.7231 -0.4304
vn 0.4938 -0.6707 -0.5534
vn 0.5682 -0.6718 -0.4753
vn 0.5757 -0.5027 -0.6449
vn 0.6508 -0.5254 -0.5481
vn 0.6401 -0.3118 -0.7022
vn 0.7286 -0.3475 -0.5903
vn 0.7436 0.5391 0.3955
vn 0.7405 0.5912 0.3194
vn 0.7311 0.6366 0.2454
vn 0.7492 0.6472 0.1409
vn 0.7756 0.6305 -0.0301
vn 0.7916 0.5777 -0.1990
vn 0.7931 0.4747 -0.3817
vn 0.7833 0.3417 -0.5194
vn 0.7893 0.2060 -0.5784
vn 0.7778 0.0582 -0.6258
vn 0.7439 -0.0387 -0.6671
vn 0.7203 -0.0954 -0.6870
vn 0.7230 -0.1413 -0.6762
vn 0.7274 -0.2078 -0.6540
vn 0.7025 -0.3448 -0.6225
vn 0.6608 -0.4937 -0.5653
vn 0.6326 -0.5852 -0.5072
vn 0.6191 -0.6378 -0.4581
vn 0.6027 -0.6790 -0.4193
vn 0.5794 -0.7099 -0.4005
vn 0.6068 -0.6711 -0.4259
vn 0.6883 -0.5482 -0.4752
vn 0.7740 -0.3898 -0.4989
vn 0.9207 0.3409 -0.1901
vn 0.8888 0.3332 -0.3147
vn 0.9682 0.1667 -0.1867
vn 0.9063 0.2267 -0.3567
vn 0.9699 0.0917 -0.2257
vn 0.9041 0.1100 -0.4130
vn 0.9543 0.0384 -0.2963
vn 0.8800 0.0252 -0.4742
vn 0.9333 -0.0061 -0.3591
vn 0.8485 -0.0266 -0.5285
vn 0.9100 -0.0669 -0.4092
vn 0.8229 -0.0958 -0.5600
vn 0.8815 -0.1418 -0.4503
vn 0.8035 -0.1576 -0.5741
vn 0.8468 -0.2385 -0.4755
vn 0.7897 -0.2342 -0.5671
vn 0.7935 -0.3637 -0.4879
vn 0.7592 -0.3696 -0.5357
vn 0.7261 -0.5044 -0.4672
vn 0.7093 -0.5013 -0.4956
vn 0.6833 -0.5919 -0.4274
vn 0.6631 -0.5892 -0.4617
vn 0.6535 -0.6362 -0.4101
vn 0.6299 -0.6416 -0.4376
vn 0.7202 -0.6633 -0.2033
vn 0.6843 -0.6699 -0.2879
vn 0.6197 -0.6781 -0.3952
vn 0.6053 -0.6781 -0.4169
vn 0.6931 -0.6918 -0.2024
vn 0.6482 -0.7088 -0.2783
vn 0.5981 -0.7144 -0.3633
vn 0.5876 -0.7083 -0.3913
vn 0.6674 -0.7147 -0.2092
vn 0.6450 -0.7175 -0.2630
vn 0.6291 -0.7017 -0.3343
vn 0.6230 -0.6807 -0.3854
vn 0.6998 -0.6979 -0.1524
vn 0.7157 -0.6617 -0.2236
vn 0.7244 -0.6138 -0.3137
vn 0.7127 -0.5747 -0.4023
vn 0.7539 -0.6570 0.0083
vn 0.8054 -0.5814 -0.1150
vn 0.8207 -0.5083 -0.2610
vn 0.8031 -0.4441 -0.3972
vn 0.7550 -0.6347 0.1647
vn 0.8355 -0.5478 0.0427
vn 0.8898 -0.4360 -0.1350
vn 0.8914 -0.3154 -0.3255
vn 0.8442 -0.2258 -0.4861
vn 0.7733 -0.1799 -0.6080
vn 0.6693 -0.1555 -0.7265
vn 0.5101 -0.1381 -0.8490
vn 0.3437 -0.1220 -0.9311
vn -0.0000 -0.1172 -0.9931
vn -0.0000 -0.7123 0.7018
vn 0.5110 -0.6460 0.5670
vn -0.0000 -0.5014 0.8652
vn 0.5087 -0.4400 0.7400
vn -0.0000 -0.2659 0.9640
vn 0.4893 -0.2274 0.8420
vn -0.0000 0.0324 0.9995
vn 0.4564 0.0238 0.8895
vn 0.6980 -0.5741 0.4280
vn 0.7294 -0.3268 0.6010
vn 0.6820 -0.1472 0.7164
vn 0.4572 0.0850 -0.8853
vn 0.5983 0.1202 -0.7922
vn 0.5598 0.2438 -0.7919
vn 0.3930 0.1932 -0.8990
vn 0.8010 -0.4950 0.3366
vn 0.8747 -0.4091 0.2599
vn 0.9538 -0.2906 0.0763
vn 0.9677 -0.1609 -0.1943
vn 0.8915 -0.0755 -0.4467
vn 0.7873 -0.0470 -0.6147
vn 0.6691 -0.0517 -0.7413
vn 0.5153 -0.0662 -0.8544
vn 0.3618 -0.0696 -0.9297
vn -0.0000 -0.0663 -0.9978
vn 0.8310 -0.2405 0.5017
vn 0.8933 -0.1819 0.4110
vn 0.9652 -0.1245 0.2299
vn 0.9964 -0.0541 -0.0647
vn 0.9257 0.0067 -0.3782
vn 0.7889 0.0283 -0.6139
vn 0.6435 0.0131 -0.7654
vn 0.4963 -0.0095 -0.8681
vn 0.3724 -0.0090 -0.9280
vn -0.0000 0.0068 -1.0000
vn 0.7987 -0.0849 0.5957
vn 0.8794 -0.0454 0.4738
vn 0.9525 -0.0104 0.3044
vn 0.9975 0.0444 0.0554
vn 0.9550 0.1145 -0.2735
vn 0.7894 0.1455 -0.5964
vn 0.3755 0.0718 -0.9240
vn -0.0000 0.0810 -0.9967
vn 0.8510 0.0752 0.5198
vn 0.9155 0.1079 0.3876
vn 0.3407 0.1495 -0.9282
vn -0.0000 0.1467 -0.9892
vn 0.9619 0.1719 0.2126
vn 0.9595 0.2581 -0.1133
vn 0.7949 0.2826 -0.5369
vn 0.7688 0.0625 0.6364
vn 0.6374 0.0481 0.7691
vn 0.4959 0.3960 -0.7729
vn 0.3124 0.3153 -0.8961
vn -0.0000 0.2872 0.9579
vn 0.3857 0.2915 0.8754
vn 0.8069 0.5113 0.2957
vn 0.8127 0.5756 -0.0909
vn 0.5433 0.3298 0.7721
vn 0.6340 0.3786 0.6743
vn 0.6894 0.4205 0.5899
vn 0.2569 0.2569 -0.9317
vn 0.6825 0.5026 -0.5307
vn -0.0000 0.2424 -0.9702
vn 0.7414 0.4773 0.4718
vn 0.3249 0.6166 0.7171
vn 0.3044 0.7071 0.6383
vn 0.4419 0.6665 -0.6005
vn 0.3528 0.4937 -0.7949
vn 0.3585 0.8220 0.4425
vn 0.4337 0.8881 0.1522
vn 0.2300 0.4252 0.8754
vn 0.3507 0.5215 0.7778
vn 0.2326 0.3550 -0.9055
vn 0.4636 0.8473 -0.2591
vn -0.0000 0.3823 0.9240
vn 0.1606 0.2822 -0.9458
vn -0.0000 0.2535 -0.9673
vn 0.1872 0.2362 -0.9535
vn 0.0948 0.1817 -0.9788
vn 0.1755 0.6389 0.7490
vn 0.2326 0.8151 0.5306
vn 0.3286 0.8385 -0.4346
vn 0.3023 0.6293 -0.7159
vn 0.2577 0.3684 0.8932
vn 0.2478 0.3450 0.9053
vn -0.0001 0.1579 -0.9875
vn 0.2386 0.3474 -0.9068
vn 0.3079 0.9484 0.0758
vn 0.1138 0.3544 0.9282
vn -0.0002 0.3379 0.9412
vn -0.0002 0.2455 0.9694
vn 0.1746 0.1964 0.9648
vn 0.2324 0.0417 -0.9717
vn 0.0672 0.0749 -0.9949
vn 0.3768 0.0790 0.9229
vn 0.2947 -0.1474 0.9442
vn -0.0001 0.0624 -0.9981
vn 0.1636 -0.1582 -0.9737
vn 0.3046 0.0705 0.9499
vn 0.5222 -0.0268 0.8524
vn 0.0422 -0.0328 -0.9986
vn -0.0001 -0.0387 -0.9993
vn 0.7926 -0.2076 -0.5733
vn 0.3251 -0.0873 -0.9417
vn -0.0000 0.1050 0.9945
vn 0.8114 -0.1187 0.5723
vn 0.4059 -0.1505 -0.9015
vn 0.0498 -0.1095 -0.9927
vn 0.6310 -0.0314 0.7751
vn 0.8540 -0.1085 0.5088
vn 0.3813 0.0091 0.9244
vn -0.0000 -0.0958 -0.9954
vn 0.8137 -0.1922 -0.5486
vn 0.0001 0.0148 0.9999
vn 0.9834 -0.1780 0.0340
vn 0.9003 -0.0740 0.4289
vn 0.9905 -0.1332 -0.0338
vn 0.4479 -0.1528 -0.8809
vn 0.0818 -0.1205 -0.9893
vn 0.7091 -0.0300 0.7045
vn -0.0000 -0.1067 -0.9943
vn 0.8101 -0.1649 -0.5626
vn 0.0002 -0.0122 0.9999
vn 0.4182 -0.0124 0.9083
vn 0.4388 0.3947 0.8073
vn 0.2653 0.1771 0.9478
vn 0.2582 -0.0161 0.9660
vn 0.5658 0.1329 0.8138
vn 0.2503 -0.0079 -0.9681
vn 0.0203 -0.1125 -0.9934
vn -0.6858 -0.3258 -0.6508
vn 0.5838 0.5526 0.5948
vn 0.8130 0.2136 0.5416
vn 0.4842 0.3773 -0.7894
vn 0.6396 0.5895 -0.4933
vn 0.8454 0.2268 -0.4835
vn 0.5701 0.1326 -0.8108
vn 0.2487 0.1941 -0.9489
vn -0.6522 -0.3666 0.6635
vn 0.1475 -0.0686 0.9867
vn 0.4436 -0.0701 -0.8935
vn 0.0824 -0.0677 -0.9943
vn 0.7516 -0.0644 0.6565
vn 0.9172 -0.0366 0.3968
vn 0.4373 -0.0882 0.8950
vn -0.0004 -0.0644 -0.9979
vn 0.7727 -0.0448 -0.6332
vn 0.0008 -0.1001 0.9950
vn 0.0790 0.0227 -0.9966
vn -0.0013 0.0200 -0.9998
vn 0.7006 0.1394 -0.6998
vn 0.3877 0.0526 -0.9203
vn 0.0015 -0.2530 0.9675
vn 0.4464 -0.2544 0.8579
vn 0.6349 -0.0759 0.7688
vn 0.8852 0.1131 0.4513
vn 0.7978 0.0716 -0.5986
vn 0.9419 0.3357 -0.0041
vn 0.9971 0.0673 0.0364
vn 0.7893 -0.0748 -0.6094
vn -0.2060 -0.0922 0.9742
vn -0.4061 -0.2919 0.8659
vn -0.5917 -0.1199 0.7972
vn -0.3271 -0.0625 0.9429
vn 0.6913 0.7170 0.0892
vn 0.0816 -0.9966 0.0114
vn -0.9329 -0.3547 -0.0626
vn 0.5239 0.0934 0.8467
vn 0.8343 0.1843 0.5195
vn 0.9790 -0.1866 0.0819
vn 0.9733 0.1911 -0.1269
vn 0.9951 -0.0242 -0.0954
vn 0.9672 0.2495 0.0472
vn 0.9769 0.2132 -0.0118
vn -0.1398 -0.0190 0.9900
vn -0.6836 -0.1889 0.7050
vn -0.7240 -0.2491 0.6432
vn -0.2308 -0.0522 0.9716
vn -0.9624 -0.2396 0.1280
vn -0.8590 -0.2038 -0.4697
vn -0.8264 -0.2563 -0.5015
vn -0.9499 -0.2995 0.0894
vn 0.7374 0.2415 -0.6308
vn 0.9398 0.3284 -0.0941
vn 0.9543 0.2798 -0.1055
vn 0.7373 0.1929 -0.6474
vn 0.7886 0.2790 0.5480
vn 0.8235 0.2504 0.5090
vn 0.3641 0.1509 0.9191
vn 0.3389 0.1420 0.9300
vn 0.4746 0.0387 0.8794
vn 0.8360 0.1824 0.5176
vn 0.4110 0.0195 -0.9114
vn 0.5320 0.1451 -0.8342
vn -0.2273 -0.0204 -0.9736
vn -0.2834 -0.1793 -0.9421
vn -0.8509 -0.2449 -0.4647
vn -0.8104 -0.3328 -0.4822
vn -0.4149 -0.1449 0.8982
vn -0.6439 -0.1353 0.7531
vn 0.0803 0.1394 0.9870
vn 0.2407 0.0601 0.9687
vn -0.9293 -0.3621 0.0729
vn -0.9493 -0.3095 0.0560
vn -0.8856 -0.2733 0.3755
vn -0.8032 -0.2996 0.5150
vn 0.8400 0.1422 -0.5237
vn 0.8805 0.2122 -0.4240
vn 0.7896 0.2577 0.5568
vn 0.8101 0.1919 0.5540
vn 0.9797 0.1997 -0.0199
vn 0.9699 0.2428 0.0210
vn 0.4025 0.0489 0.9141
vn 0.8074 0.2184 0.5482
vn -0.6640 -0.2859 0.6909
vn 0.0224 -0.1269 0.9917
vn 0.4645 0.0738 -0.8825
vn 0.8225 0.1752 -0.5412
vn 0.7622 0.1931 -0.6179
vn 0.3058 0.0307 -0.9516
vn -0.8205 -0.2235 -0.5261
vn -0.9659 -0.2536 0.0522
vn 0.9655 0.2534 -0.0605
vn -0.3067 -0.1533 -0.9394
vn -0.2428 -0.1621 -0.9564
vn -0.7244 -0.4422 -0.5289
vn 0.0005 -0.6738 -0.7390
vn 0.0026 -0.1404 -0.9901
vn 0.8256 0.3437 0.4475
vn 0.3175 0.1290 0.9394
vn 0.2644 -0.3018 0.9160
vn 0.4101 -0.4265 0.8062
vn 0.3499 -0.5346 0.7693
vn 0.1320 -0.4766 0.8691
vn 0.2530 -0.6565 0.7106
vn -0.0229 -0.6573 0.7533
vn 0.0014 -0.6957 0.7183
vn -0.0027 -0.7361 0.6768
vn -0.5618 -0.4544 0.6913
vn -0.0068 -0.8227 0.5684
vn 0.0022 -0.4160 0.9093
vn 0.0022 -0.5314 0.8471
vn -0.8187 -0.5469 0.1749
vn -0.0061 -0.9945 0.1043
vn 0.8638 0.4728 -0.1742
vn 0.5666 0.4074 -0.7162
vn 0.3900 0.5957 -0.7022
vn 0.7755 0.5121 -0.3692
vn 0.5784 0.3109 -0.7542
vn 0.2405 0.5288 -0.8139
vn 0.1419 0.1417 -0.9797
vn -0.0059 0.4114 -0.9114
vn -0.2285 0.1393 -0.9635
vn -0.1949 0.2791 -0.9403
vn 0.0020 0.1383 -0.9904
vn 0.0003 0.2028 -0.9792
vn 0.3263 -0.0974 -0.9402
vn -0.0544 0.2405 -0.9691
vn -0.0013 0.1733 -0.9849
vn 0.0915 0.4210 -0.9024
vn 0.2697 0.2506 -0.9298
vn 0.0479 0.1421 -0.9887
vn -0.0017 0.1133 -0.9936
vn 0.7898 0.2146 0.5746
vn -0.1574 -0.2482 -0.9558
vn -0.8050 -0.2837 -0.5210
vn 0.3871 -0.1659 -0.9070
vn 0.3068 0.0777 0.9486
vn -0.9700 -0.2171 0.1091
vn -0.8161 -0.1733 0.5513
vn -0.5454 -0.0909 0.8332
vn -0.2210 -0.1046 0.9696
vn -0.8452 -0.0817 0.5282
vn -0.7897 -0.2724 -0.5497
vn -0.9854 -0.1636 0.0470
vn -0.1845 -0.2490 -0.9508
vn 0.8218 -0.0092 0.5698
vn 0.9938 -0.0857 -0.0714
vn 0.3711 -0.0568 0.9269
vn 0.7478 -0.1318 -0.6507
vn 0.3485 -0.1782 -0.9202
vn -0.8410 -0.2098 -0.4987
vn -0.9874 -0.1081 0.1159
vn -0.2675 -0.1916 -0.9443
vn -0.8300 -0.0600 0.5545
vn -0.4983 -0.0668 0.8644
vn -0.0411 -0.0980 0.9943
vn 0.4960 -0.1164 0.8605
vn 0.9791 -0.1119 -0.1695
vn 0.7208 -0.1078 -0.6847
vn 0.8925 -0.1142 0.4364
vn 0.2932 -0.1269 -0.9476
vn -0.4430 -0.0676 0.8940
vn 0.0609 -0.0825 0.9947
vn 0.9115 -0.1210 0.3931
vn 0.9715 -0.1103 -0.2098
vn -0.8568 -0.0998 -0.5059
vn -0.9918 -0.0765 0.1026
vn -0.3389 -0.1090 -0.9345
vn -0.8179 -0.0646 0.5718
vn 0.5484 -0.1059 0.8295
vn 0.7068 -0.0948 -0.7010
vn 0.2502 -0.0995 -0.9631
vn 0.9723 -0.0424 -0.2298
vn 0.6800 -0.0429 -0.7319
vn 0.5761 -0.0317 0.8168
vn 0.9270 -0.0416 0.3727
vn 0.2033 -0.0525 -0.9777
vn -0.3655 -0.0619 -0.9288
vn -0.4516 -0.0194 0.8920
vn 0.0700 -0.0212 0.9973
vn -0.8632 -0.0582 -0.5015
vn -0.9942 -0.0418 0.0992
vn -0.8245 -0.0270 0.5652
vn 0.9378 -0.0193 0.3466
vn 0.9684 -0.0132 -0.2491
vn -0.8606 -0.0340 -0.5082
vn -0.9954 -0.0379 0.0880
vn -0.3709 -0.0241 -0.9284
vn -0.8311 -0.0371 0.5549
vn -0.4557 -0.0344 0.8895
vn 0.0815 -0.0298 0.9962
vn 0.5992 -0.0249 0.8002
vn 0.6653 -0.0108 -0.7465
vn 0.1857 -0.0151 -0.9825
vn 0.9654 -0.0103 -0.2606
vn 0.6534 -0.0022 -0.7570
vn 0.6299 0.0362 0.7758
vn 0.9467 -0.0072 0.3219
vn 0.1311 -0.0309 -0.9909
vn -0.4488 -0.0831 -0.8898
vn -0.5639 0.0693 0.8229
vn 0.0330 0.0887 0.9955
vn -0.8697 -0.1042 -0.4824
vn -0.9962 -0.0606 0.0618
vn -0.8694 0.0112 0.4940
vn -0.0893 -0.1115 0.9897
vn 0.9534 0.2902 -0.0826
vn 0.7776 0.2244 -0.5873
vn -0.9740 -0.1973 0.1112
vn -0.7039 -0.2022 0.6809
vn -0.8728 -0.1686 -0.4580
vn -0.3559 -0.1226 -0.9264
vn 0.1696 0.0065 -0.9855
vn -0.6331 -0.1805 -0.7527
vn 0.4612 0.0816 -0.8835
vn 0.2728 0.0142 -0.9620
vn 0.1591 0.0191 -0.9871
vn 0.4262 0.1100 -0.8979
vn -0.6319 -0.1545 -0.7595
vn -0.3335 -0.1077 -0.9366
vn -0.3751 -0.1630 -0.9125
vn -0.6478 -0.1710 -0.7424
vn -0.6547 -0.1858 -0.7327
vn 0.5349 0.1199 -0.8364
vn 0.5506 0.1189 -0.8263
vn -0.7963 0.1962 0.5722
vn -0.9472 -0.2717 0.1702
vn -0.9232 -0.2016 -0.3272
vn -0.9171 0.2639 0.2987
vn -0.9203 -0.3782 -0.1000
vn -0.9542 -0.2879 0.0812
vn -0.9443 -0.2978 0.1398
vn -0.9012 -0.4294 0.0595
vn -0.9661 -0.2535 -0.0488
vn -0.9623 -0.1529 0.2250
vn -0.8979 -0.2513 0.3614
vn -0.9372 -0.3013 0.1758
vn -0.9350 -0.2649 0.2356
vn -0.9376 -0.2492 0.2423
vn -0.8588 -0.2712 0.4346
vn -0.8870 -0.3225 0.3304
vn -0.8377 -0.4239 0.3444
vn -0.8319 -0.3471 0.4330
vn -0.9349 -0.2816 0.2159
vn -0.8351 -0.2759 0.4758
vn -0.9457 -0.3198 -0.0572
vn -0.9624 -0.1701 0.2117
vn -0.8141 -0.0728 -0.5762
vn -0.1535 -0.4975 -0.8538
vn 0.0274 -0.2772 -0.9604
vn -0.6813 0.1600 -0.7143
vn 0.7414 0.0874 0.6653
vn 0.1792 0.4037 0.8972
vn 0.1893 0.5087 0.8399
vn 0.7734 0.1936 0.6036
vn -0.5218 0.4969 0.6933
vn -0.9397 0.3271 0.0996
vn -0.8334 0.5525 0.0111
vn -0.4500 0.6503 0.6121
vn 0.5519 -0.6361 -0.5392
vn 0.6884 -0.3775 -0.6194
vn 0.9269 -0.3585 0.1115
vn 0.9862 -0.1652 0.0095
vn 0.3968 0.4478 0.8013
vn -0.3753 0.5739 0.7279
vn -0.4918 0.4532 0.7435
vn 0.2452 0.3532 0.9028
vn -0.8021 -0.0748 -0.5925
vn -0.1412 -0.4367 -0.8885
vn -0.1798 -0.5099 -0.8412
vn -0.8080 -0.1090 -0.5791
vn 0.8137 0.1183 0.5692
vn 0.7397 0.0332 0.6722
vn -0.9360 0.3256 0.1333
vn -0.9559 0.2624 0.1322
vn 0.5318 -0.6381 -0.5568
vn 0.4880 -0.7070 -0.5119
vn 0.8753 -0.4556 0.1622
vn 0.9177 -0.3791 0.1184
vn 0.5228 0.4044 0.7504
vn -0.1828 0.4893 0.8527
vn -0.2752 0.5793 0.7673
vn 0.4866 0.4648 0.7397
vn -0.6742 -0.7190 -0.1685
vn -0.0429 -0.9734 0.2249
vn 0.3115 -0.8727 -0.3759
vn -0.4181 -0.6105 -0.6727
vn 0.7883 0.2144 0.5767
vn 0.8065 0.1717 0.5657
vn 0.8976 -0.1381 -0.4186
vn 0.9742 -0.1343 -0.1815
vn 0.9972 -0.0670 -0.0334
vn 0.8088 -0.0900 -0.5811
vn 0.8314 -0.1839 -0.5243
vn 0.8730 0.1788 -0.4538
vn 0.8724 0.0997 -0.4786
vn 0.9263 -0.1520 -0.3447
vn 0.8690 0.2351 -0.4355
vn 0.9277 0.3281 -0.1780
vn 0.9032 0.2590 -0.3424
vn 0.9622 0.0695 -0.2634
vn 0.9761 0.2045 -0.0740
vn 0.6447 0.2310 -0.7287
vn 0.6228 0.2008 -0.7562
vn 0.9477 -0.1033 -0.3018
vn 0.9929 -0.0296 -0.1153
vn 0.9991 -0.0251 -0.0330
vn 0.8990 -0.1460 -0.4129
vn 0.9346 0.1151 0.3367
vn 0.8440 0.5099 0.1664
vn 0.8331 0.3971 0.3850
vn 0.8663 0.2434 0.4361
vn 0.9427 0.2539 -0.2166
vn 0.9095 0.3839 -0.1596
vn 0.6311 -0.1286 -0.7650
vn 0.5739 0.0406 -0.8180
vn 0.9702 -0.1794 -0.1631
vn 0.7057 -0.0196 -0.7082
vn 0.8591 -0.1624 -0.4854
vn 0.9996 -0.0245 -0.0125
vn 0.9862 -0.0636 -0.1526
vn 0.8868 0.2358 0.3974
vn 0.9788 -0.0381 -0.2010
vn 0.9932 -0.0422 -0.1083
vn 0.9696 -0.1388 -0.2016
vn 0.0211 0.0914 -0.9956
vn 0.4533 0.2880 0.8436
vn 0.5283 0.2009 0.8249
vn 0.9991 -0.0065 0.0422
vn 0.7782 -0.0405 -0.6267
vn -0.9830 -0.1812 0.0295
vn -0.9361 -0.2804 0.2125
vn -0.9345 -0.2439 0.2595
vn -0.9563 -0.2875 0.0532
vn -0.9295 -0.3230 0.1782
vn -0.3184 -0.1036 0.9423
vn -0.3174 -0.0339 0.9477
vn -0.8409 -0.1515 0.5196
vn -0.7836 -0.3609 0.5058
vn -0.8966 -0.4259 -0.1211
vn -0.8299 -0.4553 0.3226
vn -0.9678 -0.1377 0.2107
vn -0.9199 -0.1338 0.3686
vn -0.8360 -0.1505 -0.5276
vn -0.7883 -0.0934 -0.6082
vn -0.9145 -0.2982 0.2736
vn -0.6066 -0.1104 -0.7873
vn -0.9784 -0.1550 0.1365
vn -0.9446 -0.1098 0.3094
vn -0.8221 -0.4421 -0.3588
vn -0.8220 -0.5111 -0.2511
vn -0.7779 -0.6168 -0.1203
vn -0.8045 -0.4883 -0.3383
vn -0.8879 -0.3596 -0.2869
vn 0.8129 0.2755 0.5131
vn 0.8780 0.2593 0.4022
vn 0.9052 0.2598 0.3362
vn 0.7801 0.3711 0.5037
vn 0.8749 0.3574 0.3268
vn 0.7650 0.4190 0.4892
vn 0.5752 0.5223 0.6296
vn -0.7616 -0.6474 -0.0277
vn -0.6867 -0.7208 0.0948
vn 0.7008 0.3853 0.6004
vn 0.7119 0.3136 0.6284
vn -0.7438 -0.5781 0.3356
vn -0.7903 -0.6097 0.0605
vn 0.8585 -0.3990 0.3221
vn 0.6998 -0.2706 0.6611
vn 0.0526 0.6219 0.7813
vn -0.0479 0.4761 0.8781
vn -0.9923 0.1106 -0.0550
vn -0.9163 -0.2238 -0.3320
vn -0.9923 -0.0536 -0.1121
vn -0.9535 0.2949 -0.0615
vn 0.7343 -0.1119 0.6695
vn 0.9616 -0.2744 -0.0097
vn 0.1313 -0.7574 0.6396
vn -0.1071 -0.6233 0.7746
vn 0.6246 0.0397 0.7799
vn -0.1830 -0.6539 0.7341
vn -0.5686 0.5325 0.6270
vn -0.6479 0.3651 0.6685
vn -0.0684 0.5316 0.8442
vn -0.5856 0.5291 0.6141
vn 0.7544 -0.5305 0.3866
vn 0.7305 -0.4831 -0.4826
vn -0.1234 -0.9906 -0.0588
vn -0.0862 -0.8183 0.5683
vn 0.9055 -0.4226 -0.0390
vn 0.3479 -0.5054 -0.7896
vn -0.4391 -0.7618 -0.4763
vn -0.1712 -0.9820 -0.0802
vn 0.6910 -0.2746 0.6687
vn -0.1392 -0.7162 0.6839
vn 0.6211 -0.4894 -0.6122
vn 0.0176 -0.7953 -0.6059
vn -0.1377 0.2479 -0.9589
vn 0.1361 0.1638 -0.9771
vn -0.4037 0.0134 -0.9148
vn -0.4397 0.1824 -0.8795
vn 0.2023 -0.3095 -0.9292
vn -0.4758 -0.6298 -0.6139
vn 0.9412 0.3378 0.0096
vn 0.9357 0.3497 0.0477
vn -0.8929 0.0525 -0.4471
vn -0.9259 0.0963 -0.3652
vn 0.4144 0.2118 0.8851
vn -0.8783 0.3618 0.3124
vn -0.8250 0.0760 0.5600
vn -0.8870 -0.4601 -0.0393
vn 0.0001 -0.0295 -0.9996
vn -0.7444 -0.1662 -0.6468
vn -0.8631 0.4150 0.2879
vn 0.1210 0.1104 -0.9865
vn -0.4565 -0.0949 -0.8847
vn -0.3521 -0.8637 0.3606
vn 0.9545 0.1887 -0.2309
vn 0.9182 0.3318 -0.2166
vn 0.9719 0.2192 0.0854
vn -0.8553 -0.2588 0.4488
vn -0.8157 -0.5632 0.1320
vn -0.5740 -0.8024 0.1637
vn 0.8123 0.2115 -0.5435
vn 0.8498 0.3144 -0.4232
vn 0.4491 0.4819 0.7524
vn -0.9041 -0.3538 -0.2396
vn -0.7268 -0.6570 0.2003
vn 0.9999 -0.0073 -0.0093
vn 0.8619 -0.1210 -0.4924
vn 0.9831 0.1779 0.0443
vn 0.9659 0.0856 -0.2446
vn 0.8432 0.0952 -0.5290
vn 0.5354 0.2714 -0.7998
vn 0.5551 0.2177 -0.8028
vn -0.9255 0.0997 0.3655
vn -0.7687 -0.5977 0.2277
vn -0.5679 -0.8224 0.0345
vn -0.7761 -0.4909 0.3959
vn -0.9565 -0.2918 -0.0004
vn 0.6034 0.1450 -0.7841
vn -0.9484 -0.1902 -0.2539
vn -0.9846 -0.1161 0.1311
vn -0.7997 0.4188 0.4302
vn -0.8730 0.4545 0.1772
vn -0.9672 -0.1820 -0.1772
vn -0.6864 -0.4394 0.5794
vn -0.6619 -0.7396 0.1222
vn -0.0546 -0.8828 0.4665
vn -0.2232 -0.5525 0.8031
vn -0.5650 -0.8123 -0.1447
vn 0.3664 -0.4761 0.7994
vn 0.0886 -0.9741 0.2078
vn 0.5523 -0.5985 0.5804
vn -0.3703 0.5065 0.7787
vn -0.3985 0.6200 0.6758
vn 0.0784 -0.1895 0.9787
vn 0.0020 0.3753 0.9269
vn 0.1250 0.4420 0.8883
vn -0.8053 0.0525 0.5906
vn -0.6540 0.3351 0.6782
vn 0.3548 0.0462 0.9338
vn 0.5699 -0.0011 0.8217
vn -0.4184 0.7059 0.5716
vn -0.8608 0.4962 -0.1130
vn -0.9083 -0.1932 -0.3711
vn 0.7760 0.0074 0.6307
vn 0.2225 0.4984 0.8379
vn -0.3027 -0.1509 0.9411
vn -0.5108 -0.0763 0.8563
vn 0.1260 -0.9880 0.0894
vn 0.6693 -0.6227 0.4053
vn -0.7416 0.4583 0.4900
vn -0.9168 0.3859 -0.1026
vn -0.8432 0.4793 -0.2434
vn -0.7114 0.5578 0.4274
vn 0.7587 0.2532 0.6002
vn 0.9741 -0.2249 0.0220
vn 0.9999 0.0073 0.0080
vn -0.3741 -0.8416 -0.3895
vn -0.1204 -0.7591 -0.6398
vn 0.2909 -0.8549 -0.4295
vn 0.2563 -0.9631 -0.0825
vn -0.1374 -0.2808 0.9499
vn 0.5900 -0.1628 0.7908
vn 0.8225 -0.3140 0.4742
vn 0.9249 -0.3801 0.0008
vn 0.9453 -0.3222 0.0512
vn 0.7272 -0.1895 0.6597
vn 0.5721 -0.2579 0.7785
vn 0.9237 -0.3634 0.1210
vn 0.9923 -0.0655 0.1049
vn 0.6128 0.0030 0.7902
vn -0.5384 -0.8057 -0.2470
vn -0.5777 0.3278 -0.7475
vn -0.6262 0.1319 -0.7685
vn -0.7442 0.6662 -0.0482
vn 0.7348 -0.6772 0.0373
vn -0.7759 -0.3294 0.5381
vn -0.5649 -0.2449 -0.7880
vn -0.9808 -0.1027 -0.1656
vn -0.9776 -0.0878 -0.1915
vn -0.5446 -0.1452 -0.8261
vn 0.2131 -0.9177 0.3354
vn 0.6513 -0.6141 0.4458
vn 0.3065 -0.5292 0.7912
vn -0.3351 -0.7732 0.5383
vn 0.8657 -0.4275 0.2606
vn 0.8841 -0.4669 -0.0210
vn -0.5209 0.0934 0.8485
vn -0.8379 -0.2738 0.4722
vn -0.6708 -0.4796 0.5657
vn -0.1553 -0.1742 0.9724
vn 0.9774 -0.1764 0.1168
vn 0.6397 0.0744 0.7650
vn 0.5843 -0.1076 0.8044
vn 0.9261 -0.3407 0.1622
vn 0.3566 -0.4862 -0.7978
vn -0.2612 -0.6777 -0.6874
vn -0.4850 -0.4807 -0.7306
vn 0.1950 -0.2319 -0.9530
vn 0.7885 -0.4385 -0.4313
vn 0.9040 -0.4082 0.1274
vn 0.9503 -0.2915 0.1095
vn 0.8007 -0.3275 -0.5016
vn -0.1174 0.3469 0.9305
vn -0.1503 0.1822 0.9717
vn -0.1414 0.2896 0.9467
vn -0.1642 0.4289 0.8883
vn 0.5689 0.0436 0.8213
vn 0.6531 -0.0971 0.7511
vn -0.9227 0.0354 0.3839
vn -0.9987 -0.0148 0.0486
vn -0.9303 -0.3516 -0.1048
vn -0.7288 0.4541 0.5125
vn -0.7536 0.3452 0.5594
vn -0.2055 -0.1263 0.9705
vn -0.1830 0.1397 0.9731
vn 0.6057 -0.0952 0.7900
vn 0.1607 -0.1997 -0.9666
vn 0.7730 -0.0911 -0.6279
vn 0.7901 -0.0085 -0.6129
vn 0.1732 -0.0827 -0.9814
vn -0.8126 0.2486 0.5272
vn -0.9621 0.2134 -0.1696
vn -0.8934 0.4160 -0.1696
vn -0.5984 -0.5961 0.5354
vn -0.7949 -0.5985 -0.0992
vn -0.6814 -0.7195 -0.1341
vn -0.7937 -0.1574 -0.5876
vn -0.4482 0.2037 -0.8704
vn -0.9681 0.2272 -0.1059
vn 0.4438 -0.7685 -0.4609
vn 0.7272 -0.6429 -0.2405
vn 0.5688 -0.8091 -0.1476
vn 0.1420 -0.9803 -0.1370
vn 0.8210 -0.4162 -0.3909
vn -0.9517 0.2666 -0.1524
vn 0.0452 -0.3748 0.9260
vn 0.0430 -0.7900 -0.6116
vn -0.4169 -0.9017 -0.1145
vn -0.5359 0.0239 -0.8439
vn -0.9874 -0.0770 -0.1382
vn -0.5791 -0.0648 -0.8127
vn -0.5545 -0.0202 -0.8320
vn -0.9857 -0.0375 -0.1642
vn 0.8336 -0.4488 -0.3220
vn 0.5541 -0.5427 -0.6313
vn -0.8405 0.3296 0.4300
vn 0.9923 0.0381 0.1181
vn 0.5816 0.0203 0.8132
vn 0.5757 0.2169 0.7884
vn 0.9718 0.2174 0.0916
vn 0.2387 -0.3259 -0.9148
vn 0.7690 -0.4049 -0.4946
vn 0.3465 -0.2728 -0.8975
vn 0.5808 0.2651 0.7697
vn 0.9689 0.2357 0.0752
vn -0.1936 0.0955 0.9764
vn -0.4611 0.1660 0.8717
vn 0.1814 0.5400 0.8219
vn 0.7362 -0.1519 -0.6595
vn 0.7209 -0.2794 -0.6343
vn -0.4119 0.7163 0.5633
vn 0.1894 0.0275 -0.9815
vn 0.7788 0.1354 -0.6124
vn 0.7716 0.1529 -0.6175
vn 0.1962 0.0638 -0.9785
vn -0.0488 -0.4936 -0.8683
vn 0.5310 -0.6418 -0.5532
vn -0.6648 -0.3293 -0.6705
vn -0.8385 -0.0243 0.5444
vn -0.1855 0.0177 0.9825
vn -0.2173 0.1810 0.9592
vn -0.8436 0.0453 0.5351
vn 0.1886 -0.1525 -0.9701
vn 0.9922 -0.0776 0.0976
vn 0.7339 -0.4018 -0.5477
vn 0.7867 -0.1248 -0.6045
vn 0.1602 -0.3656 -0.9169
vn 0.2959 -0.0961 -0.9504
vn 0.8096 -0.2359 -0.5374
vn -0.8451 -0.0554 0.5317
vn -0.9349 -0.3296 -0.1318
vn 0.7950 -0.6062 0.0221
vn 0.6229 -0.7807 0.0497
vn 0.2223 -0.2155 -0.9509
vn -0.4701 0.2032 -0.8589
vn -0.1830 -0.0527 0.9817
vn -0.9765 -0.1660 -0.1376
vn -0.8102 -0.1270 0.5722
vn 0.7694 -0.3270 -0.5487
vn 0.9498 -0.2894 0.1191
vn -0.5545 -0.3161 -0.7698
vn -0.5762 -0.1476 -0.8039
vn 0.8118 -0.5207 -0.2645
vn -0.5374 -0.0322 -0.8427
vn -0.4884 0.1433 -0.8608
vn -0.2108 0.1217 0.9699
vn -0.8346 -0.0021 0.5508
vn 0.0864 -0.3871 0.9180
vn -0.6198 -0.3901 0.6809
vn -0.6586 -0.1854 0.7293
vn 0.0606 -0.1515 0.9866
vn -0.6726 -0.0963 0.7337
vn 0.0362 -0.1040 0.9939
vn 0.0115 0.0731 0.9973
vn -0.6816 -0.0038 0.7317
vn -0.6841 -0.0170 0.7292
vn -0.9981 0.0413 0.0466
vn -0.9983 0.0370 0.0440
vn 0.7264 -0.0913 0.6812
vn 0.9967 -0.0796 0.0159
vn 0.9731 0.2271 0.0396
vn 0.6914 0.1726 0.7016
vn 0.7850 -0.2880 0.5484
vn 0.9360 -0.3517 -0.0162
vn 0.9505 -0.3102 0.0210
vn 0.6776 -0.1057 0.7278
vn 0.6503 -0.5865 -0.4829
vn 0.2517 -0.4758 0.8428
vn 0.0899 -0.3295 0.9398
vn 0.0380 -0.2650 -0.9635
vn 0.7026 -0.3345 -0.6280
vn 0.7259 -0.2858 -0.6256
vn 0.0935 -0.1486 -0.9845
vn -0.6956 0.0693 -0.7150
vn -0.7254 -0.1489 -0.6720
vn 0.7251 -0.0995 -0.6814
vn 0.9850 -0.1704 0.0261
vn 0.9979 0.0412 0.0499
vn 0.7312 0.0941 -0.6756
vn 0.0468 0.2572 0.9652
vn -0.2863 -0.0839 0.9545
vn 0.0111 0.2907 -0.9567
vn 0.0669 0.2554 -0.9645
vn -0.6962 0.1695 -0.6976
vn -0.7224 0.1795 -0.6678
vn 0.0228 -0.0284 0.9993
vn 0.0667 0.2015 0.9772
vn 0.7656 -0.0284 0.6427
vn 0.7221 -0.2143 0.6578
vn 0.0197 0.0406 0.9990
vn 0.9362 -0.3516 0.0034
vn 0.9513 -0.3082 -0.0080
vn 0.7737 -0.5151 -0.3689
vn 0.6043 -0.5536 -0.5730
vn 0.4492 -0.4686 -0.7607
vn 0.7899 -0.4208 -0.4460
vn -0.6975 -0.3919 0.5999
vn -0.4863 -0.5803 0.6532
vn -0.6691 0.1307 0.7316
vn -0.9818 0.1735 0.0775
vn -0.9137 0.4021 0.0579
vn -0.6143 0.3534 0.7055
vn -0.9924 -0.1200 0.0270
vn -0.7233 -0.0133 -0.6904
vn 0.9678 0.2473 0.0468
vn 0.6880 0.1510 0.7098
vn 0.7008 -0.6231 -0.3473
vn 0.4034 -0.7294 -0.5526
vn -0.9544 -0.2968 0.0332
vn -0.7163 -0.2070 -0.6664
vn -0.6041 -0.3916 -0.6940
vn -0.7908 -0.6121 0.0010
vn -0.9257 -0.3781 0.0098
vn -0.8729 -0.1011 -0.4773
vn -0.0003 0.0674 -0.9977
vn -0.5630 0.5052 0.6541
vn -0.8676 0.4970 -0.0157
vn -0.9741 0.2061 0.0933
vn -0.7174 0.2192 0.6613
vn -0.4098 -0.7145 0.5671
vn -0.6528 -0.7502 -0.1054
vn 0.0663 -0.0410 -0.9970
vn 0.7512 -0.0639 -0.6570
vn 0.7576 -0.1702 -0.6302
vn 0.9834 -0.1792 -0.0275
vn 0.9559 -0.2935 -0.0073
vn 0.7215 -0.2964 -0.6258
vn -0.7006 -0.0341 -0.7127
vn 0.6986 -0.2834 0.6569
vn 0.7115 0.3049 -0.6331
vn 0.7960 -0.5999 -0.0804
vn 0.6370 -0.7679 -0.0677
vn 0.5523 -0.7889 -0.2696
vn 0.6921 -0.3211 0.6464
vn 0.7329 0.2586 -0.6292
vn 0.8667 -0.4847 -0.1182
vn 0.8746 -0.4626 0.1452
vn 0.7125 -0.6319 0.3051
vn 0.0409 0.1013 0.9940
vn 0.0872 0.1736 0.9809
vn 0.7598 -0.1721 0.6270
vn 0.7277 -0.1471 0.6699
vn 0.1514 0.0127 -0.9884
vn 0.0890 -0.1635 -0.9825
vn -0.8042 -0.0736 0.5898
vn -0.9671 -0.0744 0.2434
vn 0.0224 -0.1178 -0.9928
vn -0.6113 0.2714 -0.7434
vn 0.3175 -0.9216 0.2232
vn 0.1840 -0.9549 -0.2331
vn -0.0118 -0.1242 -0.9922
vn 0.8573 -0.3691 0.3589
vn 0.4596 -0.5820 0.6708
vn -0.9973 -0.0606 0.0421
vn -0.9948 -0.0739 0.0708
vn 0.7055 -0.0501 0.7069
vn -0.1508 -0.8600 0.4875
vn -0.3101 -0.9375 -0.1580
vn 0.9109 -0.4037 -0.0852
vn 0.7636 -0.3739 -0.5264
vn 0.9314 -0.3639 -0.0110
vn -0.9350 0.3510 0.0509
vn -0.6670 0.1462 -0.7306
vn -0.6354 0.2659 -0.7249
vn -0.8810 0.4683 0.0673
vn -0.6800 -0.1064 0.7254
vn -0.0135 -0.7306 -0.6827
vn -0.3788 -0.5928 -0.7107
vn 0.7319 -0.2748 -0.6236
vn 0.0190 -0.2218 0.9749
vn -0.5817 0.4595 0.6712
vn 0.2177 -0.3841 -0.8973
vn -0.6266 0.2862 -0.7249
vn -0.6130 0.3168 0.7238
vn 0.7467 -0.3378 -0.5730
vn 0.1637 -0.1410 -0.9764
vn -0.9706 -0.0590 0.2333
vn -0.8458 -0.3124 -0.4326
vn -0.8674 -0.1362 -0.4785
vn -0.9812 0.1148 0.1550
vn -0.5144 0.4365 0.7381
vn -0.5551 0.4660 0.6890
vn 0.2652 0.1998 0.9433
vn 0.2665 0.1968 0.9435
vn -0.9786 0.0811 0.1891
vn -0.8384 -0.1938 -0.5094
vn -0.8334 -0.1274 -0.5378
vn -0.9748 0.1316 0.1799
vn -0.1903 -0.4253 -0.8848
vn -0.1217 -0.1414 -0.9824
vn -0.8000 0.1395 -0.5836
vn 0.6572 -0.2848 -0.6978
vn 0.6534 -0.3621 -0.6648
vn -0.0858 -0.1507 -0.9849
vn 0.5817 -0.5145 -0.6300
vn 0.9122 -0.4056 -0.0577
vn 0.9690 -0.2161 -0.1198
vn 0.6894 -0.3557 -0.6310
vn -0.0097 -0.0392 -0.9992
vn 0.3074 0.1061 0.9456
vn 0.8550 -0.1714 0.4895
vn 0.8541 -0.0651 0.5161
vn 0.1694 0.2908 0.9417
vn -0.7164 -0.6474 -0.2601
vn -0.8164 -0.4069 0.4097
vn -0.7616 0.1958 -0.6177
vn -0.7068 0.3364 -0.6223
vn -0.8644 0.4996 0.0556
vn -0.7281 0.3211 -0.6056
vn -0.9059 0.0403 -0.4215
vn -0.9569 0.2623 0.1249
vn -0.4869 0.1343 0.8631
vn -0.9393 -0.1657 0.3004
vn -0.5433 0.3885 0.7443
vn 0.7777 -0.2294 0.5853
vn 0.2055 -0.0200 0.9785
vn 0.2183 0.1207 0.9684
vn 0.8061 -0.1750 0.5653
vn 0.8788 0.0294 0.4763
vn 0.3039 0.3747 0.8759
vn 0.8352 -0.1344 0.5333
vn -0.5501 0.0588 0.8331
vn -0.5842 0.2402 0.7752
vn 0.6181 -0.3237 -0.7164
vn -0.1160 -0.3750 -0.9198
vn -0.1282 -0.1891 -0.9735
vn 0.5983 -0.0676 -0.7984
vn -0.5388 0.4309 0.7239
vn 0.2275 0.5475 0.8053
vn 0.2227 0.5299 0.8183
vn 0.3549 0.1468 0.9233
vn 0.8823 0.1432 0.4483
vn -0.1077 -0.1013 -0.9890
vn -0.4632 -0.4555 -0.7602
vn 0.5655 -0.1354 -0.8136
vn -0.1712 -0.2787 -0.9450
vn 0.3352 -0.8660 -0.3709
vn -0.3789 -0.9246 -0.0404
vn -0.5708 -0.8093 -0.1385
vn 0.1093 -0.8487 -0.5174
vn 0.8755 -0.2509 0.4131
vn 0.9151 -0.3944 0.0836
vn 0.9290 -0.3697 0.0195
vn -0.8086 -0.3828 0.4467
vn -0.4299 -0.0240 0.9026
vn -0.5260 0.0678 0.8478
vn -0.8003 -0.3923 0.4535
vn -0.9220 0.3848 0.0434
vn -0.9071 0.4163 0.0628
vn -0.1738 -0.5622 -0.8085
vn -0.8301 -0.2152 -0.5144
vn 0.6006 -0.4312 -0.6733
vn -0.0469 -0.7458 -0.6645
vn 0.5732 -0.4625 -0.6765
vn 0.5533 -0.3617 -0.7504
vn -0.1540 -0.5259 -0.8365
vn -0.1170 -0.6915 -0.7128
vn 0.8348 -0.2043 0.5112
vn 0.8886 -0.4361 0.1421
vn 0.8366 -0.5442 -0.0634
vn 0.7907 -0.5575 -0.2531
vn 0.9408 -0.3297 -0.0794
vn 0.9233 -0.3797 -0.0574
vn 0.4782 -0.0204 0.8780
vn -0.3566 -0.1046 0.9284
vn -0.9629 -0.1781 -0.2028
vn -0.9892 -0.0254 0.1443
vn 0.2684 0.3160 0.9100
vn 0.7863 -0.4429 0.4309
vn 0.4059 -0.3533 0.8429
vn 0.0646 -0.7568 0.6504
vn 0.6150 -0.6459 0.4522
vn -0.8042 -0.4399 -0.3996
vn 0.9680 -0.0555 -0.2448
vn 0.9506 0.1331 -0.2805
vn 0.8620 0.2390 0.4470
vn 0.8295 0.4099 0.3793
vn -0.7613 0.1911 0.6196
vn -0.9105 -0.2513 0.3283
vn -0.5355 0.5116 0.6720
vn 0.2567 0.2827 0.9242
vn 0.8579 0.1006 0.5038
vn 0.8347 0.4004 0.3781
vn 0.8922 -0.4492 -0.0458
vn 0.5534 -0.5883 -0.5896
vn 0.9766 -0.1442 -0.1595
vn -0.6296 -0.7631 -0.1457
vn -0.8019 -0.5484 -0.2371
vn 0.9477 -0.3131 -0.0613
vn -0.1865 -0.1579 0.9697
vn -0.5238 0.2609 0.8109
vn -0.5116 0.5322 0.6746
vn -0.6018 -0.5634 0.5661
vn 0.8272 -0.5399 0.1557
vn 0.6693 -0.7368 -0.0953
vn -0.9745 0.0475 0.2194
vn 0.9682 -0.1187 -0.2202
vn 0.7055 -0.5537 -0.4425
vn 0.8653 -0.3209 0.3851
vn 0.6727 -0.1928 0.7144
vn 0.9530 0.1464 -0.2651
vn 0.6408 -0.7321 0.2309
vn -0.8708 0.4916 0.0031
vn 0.2124 -0.9652 0.1523
vn 0.9573 -0.2692 0.1060
vn 0.8577 -0.4278 -0.2853
vn 0.8458 -0.3434 -0.4083
vn 0.9620 -0.2372 0.1351
vn 0.7619 -0.5136 -0.3945
vn 0.9099 -0.3579 0.2098
vn 0.9316 -0.3078 0.1934
vn 0.7849 -0.4588 -0.4165
vn -0.5752 -0.5394 0.6150
vn 0.0687 -0.2339 0.9698
vn -0.1319 -0.0491 0.9900
vn -0.6549 -0.4424 0.6127
vn -0.5246 -0.4557 -0.7191
vn -0.9653 -0.2038 -0.1631
vn -0.9625 -0.1978 -0.1857
vn -0.4957 -0.3413 -0.7986
vn 0.3216 -0.2273 -0.9192
vn 0.2916 -0.3719 -0.8813
vn -0.5126 -0.0806 -0.8548
vn -0.4742 0.0573 -0.8786
vn 0.7353 -0.0562 0.6754
vn 0.5858 0.1538 0.7958
vn 0.6049 -0.6139 -0.5072
vn 0.1112 -0.8691 -0.4819
vn -0.2195 -0.7986 -0.5604
vn 0.4030 -0.6023 -0.6891
vn 0.8628 -0.4567 -0.2166
vn -0.4001 -0.9164 -0.0117
vn -0.6349 -0.7710 -0.0485
vn -0.8476 -0.0288 0.5298
vn -0.9723 0.0775 -0.2204
vn -0.8591 0.2451 0.4492
vn 0.9843 0.1458 0.0995
vn 0.6025 0.1159 0.7897
vn 0.5796 0.3274 0.7463
vn 0.9566 0.2753 0.0951
vn -0.8105 -0.1278 0.5716
vn -0.9636 -0.2374 -0.1227
vn -0.9837 -0.0822 -0.1600
vn -0.8375 0.0779 0.5408
vn -0.4456 -0.6295 -0.6365
vn 0.2499 -0.3731 -0.8935
vn 0.7156 -0.6077 -0.3444
vn 0.5150 -0.7895 -0.3338
vn -0.9324 0.2559 -0.2552
vn -0.4365 0.0946 -0.8947
vn -0.8960 0.3908 -0.2110
vn 0.2169 -0.0312 -0.9757
vn 0.8045 0.1365 -0.5781
vn 0.8218 0.0862 -0.5632
vn 0.2582 -0.0557 -0.9645
vn 0.3412 -0.3760 0.8615
vn 0.8395 -0.2062 0.5027
vn -0.1865 0.4310 0.8829
vn -0.2271 0.5181 0.8246
vn 0.6665 0.0406 0.7444
vn 0.9871 -0.0478 0.1527
vn 0.8344 -0.2268 -0.5023
vn 0.9623 0.2539 0.0973
vn 0.5846 0.3660 0.7241
vn -0.2109 0.2393 0.9478
vn -0.7974 0.4776 0.3689
vn -0.1604 0.4957 0.8536
vn 0.6051 -0.0206 0.7959
vn 0.6547 0.1998 0.7290
vn 0.9784 -0.1431 0.1489
vn -0.1741 0.3798 0.9086
vn 0.6241 0.0722 0.7780
vn 0.9022 -0.4305 0.0280
vn 0.8456 -0.5071 -0.1667
vn 0.9369 -0.3451 0.0567
vn 0.8374 -0.5382 0.0949
vn 0.7777 -0.6132 -0.1385
vn 0.9987 0.0181 0.0470
vn 0.6484 -0.0613 0.7588
vn -0.7878 0.5015 0.3576
vn -0.7761 0.5548 0.2997
vn 0.2203 -0.5760 -0.7872
vn 0.2484 -0.4399 -0.8630
vn -0.5391 -0.2081 -0.8161
vn 0.6623 -0.7352 0.1444
vn 0.6225 -0.7811 -0.0489
vn -0.9049 -0.4160 -0.0899
vn -0.7661 -0.3286 0.5524
vn -0.1184 -0.2238 0.9674
vn 0.9518 -0.2416 0.1888
vn -0.8348 -0.0113 0.5504
vn -0.8427 0.0889 0.5310
vn -0.9773 -0.0892 -0.1923
vn -0.7580 -0.6515 -0.0319
vn -0.9042 -0.4237 -0.0549
vn -0.7865 -0.3055 -0.5367
vn -0.9080 0.3227 -0.2671
vn -0.5381 0.1723 0.8251
vn -0.8375 -0.2563 0.4825
vn -0.1862 0.2541 0.9491
vn -0.1864 0.3017 0.9350
vn 0.8115 -0.0782 -0.5791
vn 0.2221 -0.3392 -0.9141
vn 0.9315 -0.3205 0.1722
vn -0.5205 -0.1355 -0.8431
vn -0.5679 -0.1348 -0.8120
vn 0.4241 -0.3172 -0.8483
vn 0.8378 -0.4238 -0.3442
vn 0.2692 -0.3425 -0.9001
vn -0.4424 0.0828 -0.8930
vn 0.1723 -0.9848 -0.0239
vn -0.1800 -0.0167 0.9835
vn 0.5829 -0.1683 0.7949
vn -0.8475 0.4277 -0.3144
vn -0.9818 0.1405 -0.1281
vn -0.8829 0.3173 0.3461
vn 0.6978 -0.5005 0.5124
vn 0.8864 -0.3541 0.2981
vn 0.2494 -0.8533 0.4580
vn -0.3198 -0.7106 0.6267
vn 0.1887 -0.1534 -0.9700
vn 0.8052 0.0471 -0.5912
vn -0.1700 0.0034 0.9854
vn 0.8385 -0.2993 -0.4553
vn -0.5411 -0.4867 -0.6858
vn -0.5836 -0.2746 -0.7642
vn -0.8048 0.4305 0.4086
vn -0.1497 0.1273 0.9805
vn 0.6256 0.1012 0.7735
vn 0.8179 -0.3964 -0.4170
vn -0.9960 -0.0834 0.0315
vn -0.9415 0.0055 0.3369
vn 0.0859 -0.0687 -0.9939
vn 0.0760 -0.1789 -0.9809
vn -0.1313 0.2603 0.9566
vn 0.1046 0.0870 0.9907
vn -0.3843 0.3445 0.8565
vn 0.8725 0.1628 0.4608
vn 0.7453 0.2111 0.6325
vn 0.7116 0.4438 0.5446
vn 0.8456 0.3646 0.3899
vn 0.9782 0.1893 0.0854
vn 0.9707 -0.1683 0.1716
vn 0.9476 0.2303 0.2212
vn 0.9159 0.2140 0.3397
vn 0.1316 0.2856 0.9493
vn -0.3038 0.3327 0.8927
vn -0.2711 0.6526 0.7075
vn 0.1837 0.5886 0.7873
vn 0.4354 0.2571 0.8627
vn 0.4381 0.5310 0.7253
vn -0.6086 0.0124 -0.7934
vn -0.2195 0.0346 -0.9750
vn -0.2764 0.1684 -0.9462
vn -0.6793 0.1589 -0.7164
vn -0.8905 0.1257 -0.4373
vn -0.7958 0.1545 -0.5855
vn 0.2689 0.0581 -0.9614
vn 0.2891 0.1689 -0.9423
vn 0.9275 0.1421 0.3457
vn 0.9186 0.2812 0.2776
vn -0.7265 0.2927 0.6217
vn -0.7809 0.4206 0.4619
vn 0.6446 0.0721 -0.7611
vn 0.8897 0.1158 -0.4417
vn 0.7401 0.0809 -0.6676
vn 0.6633 0.1228 -0.7382
vn -0.9258 0.2758 0.2586
vn -0.8659 0.3215 0.3832
vn 0.9865 0.1535 0.0576
vn -0.9238 0.1148 -0.3652
vn -0.9435 -0.0952 -0.3174
vn -0.8756 0.2058 -0.4370
vn -0.2718 0.3045 -0.9129
vn 0.2857 0.3315 -0.8992
vn 0.2499 0.2237 -0.9421
vn -0.3045 0.2177 -0.9273
vn 0.8799 0.4617 0.1124
vn 0.7532 0.6262 0.2013
vn 0.6741 0.7378 0.0338
vn 0.8912 0.4521 -0.0357
vn -0.1308 0.8863 0.4442
vn -0.7022 0.6434 0.3048
vn -0.6897 0.7124 0.1296
vn -0.0384 0.9444 0.3265
vn 0.7053 0.2894 -0.6472
vn 0.9051 0.1050 -0.4119
vn 0.9158 0.2865 -0.2816
vn 0.7025 0.2419 -0.6693
vn -0.9539 0.2614 0.1477
vn -0.9556 0.2924 0.0372
vn 0.3935 0.8037 0.4463
vn 0.2451 0.8558 0.4556
vn 0.2216 0.9129 0.3427
vn 0.2823 0.9091 0.3062
vn 0.9432 0.3283 -0.0507
vn -0.9581 0.2125 -0.1922
vn 0.5425 0.7657 0.3454
vn 0.3445 0.9087 0.2356
vn -0.6885 0.2564 -0.6784
vn -0.7416 0.2091 -0.6374
vn -0.8960 -0.4411 -0.0514
vn -0.7184 -0.4113 -0.5610
vn -0.5095 -0.7767 -0.3702
vn -0.6350 -0.7707 0.0536
vn -0.2900 -0.4323 -0.8538
vn 0.1967 -0.4234 -0.8843
vn 0.1068 -0.8004 -0.5898
vn -0.2007 -0.8114 -0.5489
vn 0.9331 -0.3227 -0.1587
vn 0.9245 -0.2788 -0.2599
vn 0.4554 -0.8717 -0.1812
vn 0.5063 -0.8603 -0.0596
vn -0.5418 0.8074 0.2335
vn -0.0413 0.9361 0.3494
vn 0.6251 -0.3997 -0.6705
vn 0.8640 -0.3861 -0.3231
vn 0.6403 -0.7412 -0.2015
vn 0.4311 -0.7669 -0.4754
vn -0.7142 -0.6611 -0.2297
vn -0.8034 -0.5943 0.0353
vn -0.4792 -0.8679 0.1307
vn -0.3332 -0.9317 -0.1443
vn -0.1573 -0.9836 -0.0883
vn -0.0810 -0.9938 -0.0759
vn -0.0330 -0.9967 -0.0740
vn -0.0909 -0.9897 -0.1109
vn 0.9283 -0.3604 -0.0917
vn 0.6198 -0.7846 0.0150
vn -0.0112 -0.9970 -0.0762
vn 0.0238 -0.9967 -0.0776
vn 0.0391 -0.9981 -0.0476
vn 0.0111 -0.9986 -0.0521
vn 0.2321 0.9382 0.2568
vn 0.5390 0.8345 0.1145
vn -0.2996 -0.9407 -0.1590
vn -0.8644 -0.5021 0.0268
vn -0.3075 -0.9480 -0.0823
vn -0.3007 -0.9493 -0.0917
vn -0.8821 -0.4641 -0.0807
vn 0.0278 -0.9987 0.0420
vn 0.0733 -0.9952 0.0647
vn 0.4013 -0.9129 0.0749
vn -0.3180 -0.9382 0.1364
vn -0.0261 -0.9996 -0.0070
vn 0.2734 -0.9591 0.0731
vn 0.1525 0.8915 0.4266
vn 0.0472 0.9100 0.4118
vn -0.1511 0.8937 0.4224
vn 0.3728 0.8929 0.2525
vn 0.9143 0.3857 0.1237
vn 0.4692 0.8677 0.1638
vn 0.3530 0.9312 0.0909
vn 0.8897 0.4426 0.1119
vn 0.1847 0.9263 0.3284
vn 0.1699 0.9146 0.3669
vn -0.8115 -0.5669 -0.1420
vn 0.9349 0.3047 -0.1820
vn 0.9260 0.3751 -0.0420
vn 0.4434 -0.8916 -0.0919
vn 0.4444 -0.8932 0.0686
vn -0.2696 -0.9397 0.2105
vn 0.0531 -0.9949 0.0861
vn 0.2991 -0.9529 0.0497
vn 0.3250 -0.9417 0.0868
vn -0.3258 -0.9258 0.1916
vn 0.3863 -0.9045 0.1805
vn -0.1311 -0.9638 0.2323
vn 0.3545 0.9331 0.0612
vn -0.4023 0.9155 0.0068
vn -0.3877 0.9105 0.1437
vn 0.3014 0.9331 0.1961
vn -0.3153 -0.8047 0.5030
vn -0.2384 -0.9242 0.2983
vn 0.1632 -0.9244 0.3447
vn 0.2253 -0.7055 0.6720
vn -0.8758 -0.4701 -0.1097
vn -0.2959 -0.9546 -0.0345
vn -0.2659 -0.9325 -0.2444
vn -0.8900 -0.4062 -0.2071
vn -0.2439 -0.9387 0.2436
vn -0.3990 -0.3905 0.8297
vn 0.1612 -0.3110 0.9367
vn 0.1856 -0.9321 0.3111
vn 0.9038 0.4276 0.0171
vn 0.8595 0.5059 0.0724
vn -0.7439 -0.6235 0.2407
vn -0.2333 -0.9682 0.0908
vn 0.6487 0.4648 0.6027
vn 0.3942 0.7572 0.5208
vn 0.1979 0.4790 0.8552
vn 0.2616 0.0040 0.9652
vn -0.5612 0.6872 0.4614
vn -0.9110 0.1892 0.3665
vn -0.5106 -0.1800 0.8408
vn -0.4445 0.4101 0.7964
vn 0.2586 -0.9601 0.1060
vn 0.7617 -0.5137 0.3949
vn -0.9219 0.3784 -0.0830
vn -0.9042 0.4254 -0.0379
vn 0.3556 -0.9346 0.0119
vn 0.3751 -0.8985 -0.2281
vn 0.9252 -0.3793 -0.0084
vn 0.9468 -0.2924 -0.1345
vn -0.8028 -0.1542 0.5759
vn 0.6508 0.1612 0.7419
vn 0.8690 0.4492 0.2076
vn 0.7334 0.4591 0.5014
vn 0.8966 -0.4374 0.0686
vn 0.9416 -0.3009 -0.1515
vn -0.8784 -0.4063 -0.2518
vn -0.8296 -0.5578 -0.0239
vn -0.8748 0.3021 0.3788
vn -0.9359 0.3395 0.0941
vn 0.2924 0.8881 0.3547
vn -0.4282 0.8536 0.2967
vn -0.2924 0.7719 0.5645
vn 0.1265 0.7922 0.5970
vn 0.4275 -0.7628 -0.4852
vn 0.3916 -0.8755 -0.2832
vn -0.2679 -0.8138 -0.5156
vn -0.2833 -0.9141 -0.2899
vn 0.8568 0.4637 0.2256
vn 0.9148 -0.3474 0.2061
vn -0.9085 0.4178 -0.0007
vn -0.3876 0.9175 0.0895
vn 0.2458 0.9305 0.2718
vn 0.6620 0.0749 0.7457
vn -0.8590 -0.0866 0.5047
vn -0.0163 0.1580 0.9873
vn 0.3235 0.1905 0.9269
vn -0.3500 0.2511 0.9025
vn -0.0367 0.4101 0.9113
vn 0.3058 0.7959 0.5225
vn -0.4382 0.7581 0.4831
vn -0.8564 0.4427 0.2657
vn 0.6464 0.6341 0.4244
vn 0.7451 0.3068 0.5922
vn 0.5738 0.6347 0.5175
vn -0.9309 -0.0441 0.3625
vn -0.2480 -0.9108 0.3299
vn 0.2484 0.7094 0.6596
vn -0.4159 0.6234 0.6621
vn -0.7726 0.4713 0.4255
vn 0.2080 -0.8691 0.4488
vn 0.1477 0.9409 0.3047
vn 0.1555 0.9058 0.3942
vn -0.1949 0.9329 0.3028
vn 0.3394 0.9137 0.2233
vn -0.3545 0.9095 0.2170
vn -0.1727 0.9177 0.3578
vn 0.3824 0.8902 0.2478
vn -0.4275 0.8572 0.2870
vn 0.9353 -0.3436 -0.0845
vn -0.9848 0.0333 -0.1705
vn -0.9749 0.2215 0.0216
vn 0.8887 -0.4478 0.0985
vn 0.8976 -0.4282 0.1044
vn -0.9208 0.3458 0.1803
vn -0.3225 -0.0609 -0.9446
vn -0.7882 -0.0640 -0.6121
vn 0.9953 0.0452 -0.0856
vn 0.9413 -0.0195 -0.3371
vn -0.9879 -0.0945 -0.1233
vn -0.9949 -0.1003 0.0039
vn 0.9808 0.1556 -0.1179
vn 0.6938 -0.0618 -0.7175
vn 0.2279 -0.0712 -0.9711
vn 0.2070 0.7934 0.5724
vn 0.1107 0.8523 0.5113
vn 0.2774 0.7095 0.6478
vn 0.3480 -0.8333 0.4296
vn 0.0197 -0.9308 0.3649
vn 0.0344 -0.8658 0.4991
vn 0.0475 -0.8905 0.4525
vn -0.8495 0.3057 0.4300
vn 0.3073 0.4620 0.8319
vn 0.9607 -0.2775 -0.0051
vn 0.0603 -0.8989 0.4340
vn -0.9188 -0.3501 0.1824
vn -0.9170 0.3507 0.1901
vn 0.1696 0.8089 0.5629
vn 0.0320 0.8478 0.5294
vn 0.9176 0.3962 0.0308
vn 0.9336 -0.2974 0.1998
vn -0.0902 -0.6546 0.7505
vn -0.9457 -0.3118 0.0916
vn -0.8340 -0.3996 0.3804
vn -0.0135 -0.4389 0.8984
vn 0.9190 0.3942 0.0068
vn 0.1393 0.8645 0.4830
vn -0.9096 0.3500 0.2238
vn -0.9133 -0.3332 0.2342
vn 0.3661 -0.6114 0.7016
vn 0.9574 -0.2850 0.0472
vn 0.8993 0.4094 0.1538
vn -0.1355 0.7823 0.6080
vn -0.9648 0.2521 0.0747
vn 0.1044 -0.9914 0.0788
vn 0.0215 -0.9915 0.1286
vn -0.0662 -0.9849 0.1597
vn -0.2175 -0.9600 0.1762
vn -0.2781 -0.9482 0.1534
vn -0.0546 -0.9866 0.1540
vn 0.0549 -0.9860 0.1575
vn 0.2651 -0.9537 0.1420
vn 0.1131 -0.9731 -0.2009
vn 0.3207 -0.9458 -0.0509
vn -0.0943 -0.9761 -0.1960
vn -0.2541 -0.9547 -0.1549
vn 0.8956 0.2776 -0.3477
vn 0.8651 0.1422 -0.4811
vn -0.8415 0.4552 -0.2910
vn -0.8691 0.4876 0.0838
vn 0.3508 0.9363 0.0170
vn -0.3906 0.9161 0.0902
vn -0.3652 0.9189 0.1490
vn 0.3299 0.9388 0.0991
vn -0.2664 -0.7235 0.6368
vn -0.1417 -0.9373 0.3183
vn 0.1853 -0.9414 0.2820
vn 0.4135 -0.6899 0.5942
vn -0.8857 -0.4367 0.1574
vn -0.2864 -0.9556 0.0690
vn -0.3191 -0.9181 -0.2351
vn -0.9240 -0.3724 -0.0867
vn -0.2200 -0.9360 0.2749
vn -0.3023 -0.2949 0.9064
vn 0.3787 -0.2866 0.8800
vn 0.2584 -0.9285 0.2667
vn 0.8974 0.4377 -0.0554
vn 0.8676 0.4915 -0.0759
vn -0.6666 -0.6201 0.4136
vn -0.2402 -0.9545 0.1768
vn 0.7680 0.4954 0.4060
vn 0.5099 0.7771 0.3690
vn 0.3942 0.4943 0.7748
vn 0.4236 -0.7534 0.5029
vn -0.5266 0.7106 0.4667
vn -0.8841 0.1869 0.4282
vn -0.3141 -0.7833 0.5364
vn -0.3832 0.4252 0.8200
vn 0.2990 -0.9472 0.1158
vn 0.7665 -0.5825 0.2706
vn -0.9148 0.3780 0.1422
vn -0.8997 0.4314 0.0658
vn 0.3677 -0.9296 -0.0243
vn 0.3654 -0.8800 -0.3034
vn 0.9251 -0.3720 -0.0756
vn 0.9209 -0.2931 -0.2569
vn -0.6909 0.0039 0.7230
vn 0.7689 0.1735 0.6154
vn 0.8763 0.4724 0.0947
vn 0.7278 0.5013 0.4680
vn 0.8851 -0.4653 0.0061
vn 0.9203 -0.3050 -0.2451
vn -0.9239 -0.3642 -0.1175
vn -0.8435 -0.5142 0.1550
vn -0.6921 0.3991 0.6015
vn -0.8924 0.3952 0.2177
vn 0.3187 0.9092 0.2680
vn -0.3435 0.8863 0.3108
vn -0.1320 0.7786 0.6135
vn 0.1689 0.7945 0.5833
vn 0.3845 -0.7813 -0.4917
vn 0.3543 -0.9045 -0.2374
vn -0.3831 -0.8116 -0.4410
vn -0.3344 -0.9243 -0.1841
vn 0.7800 0.0946 0.6185
vn -0.7300 0.0669 0.6802
vn -0.0257 0.4771 0.8785
vn 0.2894 0.3711 0.8823
vn -0.2801 0.2824 0.9175
vn 0.0102 0.4863 0.8737
vn 0.4192 0.8176 0.3948
vn -0.4021 0.7828 0.4749
vn -0.8547 0.4100 0.3184
vn 0.7576 0.6082 0.2369
vn 0.7654 0.4864 0.4213
vn 0.6850 0.6358 0.3557
vn -0.8837 0.0696 0.4629
vn 0.3662 0.7418 0.5618
vn -0.3237 0.6631 0.6749
vn -0.7250 0.4899 0.4841
vn 0.3542 0.9346 0.0322
vn -0.4016 0.9114 0.0900
vn -0.3934 0.9026 0.1748
vn 0.3242 0.9406 0.1006
vn -0.1925 -0.7220 0.6646
vn -0.0973 -0.9364 0.3371
vn 0.2248 -0.9380 0.2638
vn 0.4824 -0.6824 0.5492
vn -0.8881 -0.4437 0.1200
vn -0.2930 -0.9550 0.0470
vn -0.3538 -0.9151 -0.1932
vn -0.9258 -0.3772 -0.0247
vn -0.1751 -0.9362 0.3046
vn -0.2089 -0.2942 0.9327
vn 0.4698 -0.2749 0.8389
vn 0.3001 -0.9233 0.2397
vn 0.9042 0.4268 0.0138
vn 0.8737 0.4839 -0.0504
vn -0.6100 -0.6227 0.4900
vn -0.2079 -0.9543 0.2148
vn 0.7991 0.5168 0.3071
vn 0.5320 0.7919 0.2997
vn 0.4626 0.5078 0.7267
vn 0.4900 -0.7358 0.4675
vn -0.4857 0.7007 0.5226
vn -0.8324 0.1691 0.5277
vn -0.2451 -0.7889 0.5635
vn -0.3056 0.4239 0.8526
vn 0.3186 -0.9432 0.0940
vn 0.7970 -0.5744 0.1869
vn -0.9195 0.3699 0.1330
vn -0.9102 0.3938 0.1286
vn 0.3710 -0.9283 0.0238
vn 0.3549 -0.9064 -0.2290
vn 0.9292 -0.3683 0.0314
vn 0.9331 -0.3154 -0.1728
vn -0.6117 -0.0034 0.7911
vn 0.8283 0.1876 0.5280
vn 0.8808 0.4719 0.0384
vn 0.7643 0.5177 0.3846
vn 0.8866 -0.4580 -0.0644
vn 0.9065 -0.3251 -0.2692
vn -0.9306 -0.3646 -0.0326
vn -0.8453 -0.4881 0.2171
vn -0.6532 0.4047 0.6399
vn -0.8819 0.3866 0.2699
vn 0.3303 0.9099 0.2511
vn -0.3416 0.8766 0.3388
vn -0.1379 0.7955 0.5900
vn 0.2021 0.8067 0.5553
vn 0.3571 -0.8205 -0.4464
vn 0.3446 -0.9133 -0.2172
vn -0.4033 -0.8373 -0.3692
vn -0.3591 -0.9263 -0.1136
vn 0.8356 0.1362 0.5323
vn -0.6570 0.0423 0.7527
vn 0.1041 0.4564 0.8837
vn 0.4086 0.3713 0.8338
vn -0.2002 0.2954 0.9342
vn 0.0801 0.4953 0.8650
vn 0.4417 0.8316 0.3366
vn -0.3666 0.7742 0.5160
vn -0.8208 0.3894 0.4180
vn 0.7681 0.6256 0.1365
vn 0.7962 0.5107 0.3243
vn 0.7050 0.6563 0.2688
vn -0.8258 0.0504 0.5618
vn 0.4023 0.7573 0.5144
vn -0.2689 0.6564 0.7048
vn -0.6777 0.4719 0.5639
vn 0.3312 0.9434 0.0140
vn -0.4202 0.9071 0.0254
vn -0.3719 0.9127 0.1691
vn 0.3319 0.9368 0.1105
vn -0.2421 -0.7233 0.6467
vn -0.1297 -0.9368 0.3251
vn 0.1940 -0.9417 0.2750
vn 0.4333 -0.6923 0.5771
vn -0.9006 -0.4331 0.0374
vn -0.2939 -0.9555 0.0256
vn -0.3585 -0.9028 -0.2377
vn -0.9324 -0.3493 -0.0927
vn -0.2104 -0.9345 0.2871
vn -0.2688 -0.2952 0.9168
vn 0.4104 -0.2883 0.8651
vn 0.2757 -0.9257 0.2591
vn 0.9003 0.4329 0.0445
vn 0.8778 0.4764 -0.0493
vn -0.6359 -0.6247 0.4531
vn -0.2222 -0.9535 0.2036
vn 0.7830 0.4985 0.3720
vn 0.5209 0.7798 0.3471
vn 0.4206 0.4965 0.7593
vn 0.4449 -0.7488 0.4913
vn -0.5047 0.7108 0.4899
vn -0.8631 0.1901 0.4679
vn -0.2950 -0.7828 0.5480
vn -0.3503 0.4274 0.8334
vn 0.3021 -0.9465 0.1134
vn 0.7771 -0.5829 0.2371
vn -0.9314 0.3622 0.0345
vn -0.9027 0.4217 0.0854
vn 0.3601 -0.9327 0.0184
vn 0.3423 -0.9015 -0.2648
vn 0.9193 -0.3890 0.0591
vn 0.9235 -0.3276 -0.1993
vn -0.6526 0.0001 0.7577
vn 0.7963 0.1678 0.5811
vn 0.8847 0.4622 0.0614
vn 0.7492 0.5114 0.4210
vn 0.8863 -0.4618 -0.0345
vn 0.9069 -0.3241 -0.2693
vn -0.9263 -0.3753 -0.0324
vn -0.8127 -0.5364 0.2276
vn -0.6448 0.3883 0.6584
vn -0.8695 0.3812 0.3141
vn 0.3418 0.8989 0.2742
vn -0.3204 0.8757 0.3613
vn -0.0795 0.7587 0.6466
vn 0.2096 0.7844 0.5837
vn 0.3459 -0.8032 -0.4851
vn 0.3481 -0.9083 -0.2319
vn -0.4213 -0.8185 -0.3906
vn -0.3288 -0.9336 -0.1425
vn 0.8044 0.0995 0.5857
vn -0.6955 0.0687 0.7153
vn 0.0821 0.4390 0.8947
vn 0.3760 0.3282 0.8666
vn -0.3191 0.2112 0.9239
vn -0.0227 0.4262 0.9044
vn 0.4320 0.8204 0.3746
vn -0.3831 0.7825 0.4909
vn -0.8386 0.4110 0.3575
vn 0.7659 0.6104 0.2020
vn 0.7836 0.4856 0.3876
vn 0.6974 0.6383 0.3257
vn -0.8615 0.0718 0.5027
vn 0.3841 0.7447 0.5458
vn -0.2944 0.6612 0.6900
vn -0.6994 0.4910 0.5194
vn 0.3063 0.9519 0.0083
vn -0.3900 0.9206 0.0179
vn -0.3923 0.9028 0.1763
vn 0.3486 0.9277 0.1335
vn -0.2367 -0.7247 0.6471
vn -0.1249 -0.9359 0.3293
vn 0.1899 -0.9409 0.2804
vn 0.4273 -0.6941 0.5794
vn -0.9151 -0.4033 -0.0038
vn -0.3316 -0.9405 0.0737
vn -0.3523 -0.9144 -0.1996
vn -0.9296 -0.3609 -0.0753
vn -0.2108 -0.9332 0.2911
vn -0.2648 -0.2939 0.9184
vn 0.4067 -0.2876 0.8671
vn 0.2797 -0.9228 0.2651
vn 0.8951 0.4454 0.0198
vn 0.8764 0.4808 -0.0270
vn -0.5917 -0.6404 0.4896
vn -0.1795 -0.9419 0.2837
vn 0.7824 0.4992 0.3724
vn 0.5196 0.7803 0.3481
vn 0.4190 0.4975 0.7596
vn 0.4462 -0.7471 0.4927
vn -0.5034 0.7115 0.4903
vn -0.8622 0.1918 0.4688
vn -0.2957 -0.7815 0.5494
vn -0.3492 0.4284 0.8334
vn 0.2737 -0.9412 0.1983
vn 0.7543 -0.5959 0.2756
vn -0.9326 0.3605 -0.0164
vn -0.9037 0.4214 0.0755
vn 0.3564 -0.9314 0.0746
vn 0.3541 -0.9082 -0.2233
vn 0.9137 -0.4027 0.0550
vn 0.9340 -0.3193 -0.1603
vn -0.6300 -0.0171 0.7764
vn 0.7897 0.1489 0.5952
vn 0.8970 0.4152 0.1517
vn 0.7310 0.4917 0.4731
vn 0.8403 -0.5339 0.0941
vn 0.9123 -0.3701 -0.1751
vn -0.9218 -0.3775 -0.0887
vn -0.8269 -0.5199 0.2142
vn -0.6710 0.4075 0.6195
vn -0.8918 0.3851 0.2373
vn 0.3583 0.8771 0.3198
vn -0.3434 0.8622 0.3724
vn -0.1813 0.7910 0.5844
vn 0.1856 0.7864 0.5891
vn 0.3748 -0.8367 -0.3994
vn 0.3084 -0.9452 -0.1076
vn -0.3689 -0.8420 -0.3936
vn -0.3402 -0.9378 -0.0699
vn 0.8006 0.1142 0.5883
vn -0.6820 0.0849 0.7264
vn 0.2826 0.3290 0.9010
vn 0.5318 0.2571 0.8069
vn -0.4383 0.1457 0.8869
vn -0.1746 0.2877 0.9417
vn 0.4314 0.8204 0.3754
vn -0.3822 0.7833 0.4903
vn -0.8374 0.4130 0.3580
vn 0.7656 0.6105 0.2029
vn 0.7865 0.4815 0.3867
vn 0.6935 0.6388 0.3331
vn -0.8608 0.0733 0.5036
vn 0.3797 0.7433 0.5508
vn -0.2821 0.6600 0.6963
vn -0.6884 0.4945 0.5306
vn 0.9348 0.3484 0.0693
vn 0.8988 -0.1872 -0.3963
vn -0.9261 0.3270 0.1881
vn -0.9914 -0.0245 0.1287
vn 0.8625 -0.4433 0.2441
vn 0.6963 -0.6906 0.1956
vn 0.1750 0.9636 0.2023
vn 0.4377 0.8681 0.2341
vn -0.6567 0.7311 0.1849
vn -0.4574 0.8729 0.1697
vn -0.9238 0.2791 0.2619
vn -0.8126 0.5414 0.2161
vn 0.0295 -0.9793 0.2002
vn -0.3231 -0.9090 0.2633
vn 0.4694 -0.8644 0.1803
vn -0.2983 0.9402 0.1644
vn -0.1475 0.9735 0.1746
vn 0.8040 0.5102 0.3054
vn 0.9593 -0.0391 0.2797
vn 0.5877 0.7658 0.2610
vn -0.6220 -0.7203 0.3071
vn -0.6963 -0.6439 0.3172
vn -0.8905 -0.2917 0.3490
vn 0.2494 -0.9514 0.1806
vn 0.0132 0.9827 0.1849
vn 0.1346 0.5560 0.8202
vn 0.2676 0.5079 0.8188
vn 0.3331 -0.5315 0.7788
vn 0.2291 -0.5835 0.7791
vn -0.0655 -0.5404 0.8389
vn -0.2238 -0.4056 0.8862
vn 0.1252 -0.5817 0.8037
vn -0.4302 -0.1454 0.8909
vn -0.4516 0.2009 0.8693
vn 0.3369 0.3954 0.8545
vn 0.4651 0.2777 0.8406
vn -0.2148 0.5429 0.8118
vn -0.1286 0.5792 0.8050
vn -0.2482 -0.3484 0.9039
vn -0.3286 0.4705 0.8189
vn -0.3974 0.3489 0.8487
vn -0.0414 0.5812 0.8127
vn 0.5611 -0.0645 0.8252
vn 0.4998 -0.2893 0.8164
vn 0.0500 0.5766 0.8155
vn 0.4406 -0.4523 0.7754
vn -0.8278 -0.4504 0.3345
vn -0.9382 -0.0602 0.3407
vn -0.7448 -0.1204 0.6564
vn -0.6370 -0.3923 0.6636
vn -0.6327 -0.6687 0.3906
vn -0.4907 -0.5412 0.6828
vn -0.4096 -0.6077 0.6804
vn -0.5049 -0.4961 0.7064
vn -0.4627 -0.4673 0.7534
vn -0.3875 -0.5248 0.7579
vn -0.3938 -0.5753 0.7169
vn -0.4373 -0.4845 0.7576
vn -0.1534 0.3995 0.9038
vn -0.2628 0.4075 0.8746
vn -0.2215 0.2576 0.9405
vn -0.1373 0.2127 0.9674
vn -0.2100 -0.7977 0.5653
vn -0.3178 -0.7999 0.5092
vn -0.3376 -0.5106 0.7908
vn -0.3575 -0.3915 0.8479
vn -0.3511 -0.2196 0.9102
vn -0.0033 -0.7446 0.6675
vn -0.3065 -0.0693 0.9493
vn 0.3289 -0.6012 0.7283
vn -0.9614 -0.2013 0.1874
vn -0.9047 -0.0923 0.4159
vn -0.8974 0.0045 0.4412
vn -0.9780 -0.0654 0.1981
vn -0.1592 0.2589 0.9527
vn 0.5205 0.5525 0.6510
vn 0.5977 0.3801 0.7059
vn -0.2308 0.2529 0.9396
vn -0.0689 0.2345 0.9697
vn 0.4052 0.6476 0.6453
vn -0.0430 0.2622 0.9641
vn 0.2883 0.7332 0.6158
vn -0.0344 0.3404 0.9397
vn 0.1925 0.7949 0.5754
vn -0.0521 0.4508 0.8911
vn 0.0924 0.8607 0.5007
vn -0.1322 0.5624 0.8162
vn -0.0458 0.9077 0.4171
vn -0.2576 0.6289 0.7336
vn -0.1983 0.9190 0.3406
vn -0.5442 0.5474 0.6358
vn -0.6187 0.7319 0.2854
vn -0.4392 0.8411 0.3158
vn -0.4189 0.5849 0.6945
vn -0.8051 0.5152 0.2941
vn -0.6930 0.3244 0.6438
vn -0.6924 -0.0815 0.7169
vn -0.6454 0.1963 0.7382
vn -0.5923 0.0806 0.8016
vn -0.6132 -0.1119 0.7820
vn -0.6196 -0.3224 0.7157
vn -0.5703 -0.3018 0.7640
vn -0.3815 -0.5797 0.7200
vn -0.5900 0.4584 0.6646
vn -0.5758 0.5137 0.6361
vn -0.6680 0.5324 0.5199
vn -0.7076 0.5017 0.4976
vn -0.6557 0.3215 0.6831
vn -0.7958 0.3464 0.4968
vn -0.4261 -0.4540 0.7825
vn -0.5011 -0.4260 0.7533
vn -0.5803 -0.2714 0.7678
vn -0.4695 -0.2538 0.8457
vn -0.6515 -0.0991 0.7521
vn -0.4929 0.0066 0.8701
vn -0.6730 0.0505 0.7380
vn -0.4808 0.1158 0.8691
vn 0.5594 -0.1617 0.8130
vn -0.2945 0.1285 0.9470
vn -0.6194 -0.0390 0.7841
vn -0.3450 0.1764 0.9219
vn -0.4330 0.2263 0.8725
vn -0.6887 0.1013 0.7179
vn -0.4999 -0.1998 0.8427
vn -0.2380 0.1030 0.9658
vn -0.4021 -0.2932 0.8674
vn -0.1722 0.0616 0.9831
vn -0.3809 -0.3341 0.8621
vn -0.1739 0.0752 0.9819
vn -0.3513 -0.2395 0.9051
vn -0.1932 0.1639 0.9674
vn -0.3532 -0.0812 0.9320
vn -0.2459 0.2591 0.9340
vn -0.4087 0.0682 0.9101
vn -0.3342 0.3359 0.8806
vn -0.4743 0.1684 0.8641
vn -0.4431 0.3544 0.8234
vn -0.5327 0.1811 0.8267
vn -0.5400 0.3424 0.7689
vn -0.3039 -0.3015 0.9038
vn -0.2926 -0.2031 0.9344
vn -0.4702 0.4745 0.7442
vn -0.4573 0.3915 0.7985
vn -0.3990 -0.0759 0.9138
vn -0.4805 0.2979 0.8249
vn -0.2970 -0.0019 0.9549
vn 0.4298 -0.5392 0.7243
vn -0.4878 0.1829 0.8536
vn -0.7202 0.1058 0.6857
vn -0.0791 0.2086 0.9748
vn -0.0676 0.4040 0.9123
vn -0.1757 -0.0367 0.9838
vn -0.1320 -0.0689 0.9889
vn -0.0713 0.6285 0.7745
vn -0.0664 0.5196 0.8519
vn -0.1932 -0.2220 0.9557
vn -0.2594 -0.1722 0.9503
vn -0.3252 -0.0817 0.9421
vn -0.3656 0.0446 0.9297
vn -0.3789 0.1905 0.9056
vn -0.3581 0.3426 0.8686
vn -0.3338 0.4359 0.8358
vn -0.2925 0.2786 0.9148
vn -0.0682 -0.6169 0.7841
vn -0.1168 -0.4289 0.8958
vn -0.1948 -0.4912 0.8490
vn -0.1462 -0.6562 0.7403
vn -0.1062 -0.6656 0.7387
vn -0.0916 -0.6899 0.7181
vn -0.1598 -0.6866 0.7093
vn -0.0787 -0.5794 0.8112
vn 0.0658 -0.5991 0.7980
vn -0.0153 -0.4041 0.9146
vn 0.0933 -0.3098 0.9462
vn -0.0145 -0.2554 0.9667
vn 0.0772 -0.1680 0.9827
vn 0.0183 -0.1588 0.9871
vn 0.0855 -0.0683 0.9940
vn -0.1203 -0.4413 0.8893
vn -0.2189 -0.4863 0.8459
vn -0.3200 -0.5045 0.8019
vn -0.3735 -0.5236 0.7657
vn -0.2551 -0.5193 0.8156
vn -0.0438 -0.6640 0.7465
vn -0.5613 0.2167 0.7987
vn -0.8019 0.0146 0.5973
vn -0.6047 -0.3283 0.7256
vn -0.4236 -0.2005 0.8834
vn -0.7848 -0.3223 0.5293
vn -0.5512 -0.5186 0.6537
vn -0.4806 -0.6536 0.5846
vn -0.2368 -0.7104 0.6627
vn -0.4628 -0.5176 0.7196
vn -0.0997 -0.7189 0.6879
vn -0.1491 -0.6494 0.7457
vn -0.0668 -0.6524 0.7549
vn -0.1354 -0.7071 0.6940
vn -0.1884 -0.1917 0.9632
vn -0.1531 -0.7228 0.6739
vn -0.0829 -0.4547 0.8868
vn -0.1247 -0.3190 0.9395
vn -0.5492 0.3637 0.7524
vn -0.5159 0.2855 0.8077
vn -0.4956 0.1600 0.8537
vn -0.4891 0.0412 0.8712
vn -0.4779 -0.1179 0.8705
vn -0.4185 -0.2633 0.8692
vn -0.4498 -0.7807 0.4338
vn -0.5192 -0.5593 0.6462
vn -0.3981 -0.6995 0.5935
vn -0.2685 -0.6562 0.7052
vn -0.1997 -0.7470 0.6342
vn 0.1679 -0.7349 0.6571
vn 0.3653 -0.5618 0.7422
vn 0.1591 -0.5040 0.8489
vn -0.0499 -0.4460 0.8936
vn -0.3106 -0.3932 0.8654
vn 0.6494 -0.3750 0.6616
vn 0.0937 -0.8140 0.5733
vn -0.6921 -0.0339 0.7210
vn -0.3685 0.1622 0.9154
vn 0.4047 0.0002 0.9145
vn 0.6995 -0.0560 0.7124
vn -0.5591 -0.6812 0.4726
vn -0.7798 -0.3074 0.5454
vn -0.0140 0.1630 0.9865
vn -0.7729 -0.1073 0.6254
vn -0.6849 -0.3303 0.6494
vn -0.4505 -0.4782 0.7539
vn -0.5959 -0.3744 0.7104
vn -0.5091 -0.4910 0.7069
vn -0.5973 -0.4660 0.6528
vn -0.5212 -0.5211 0.6759
vn -0.6179 -0.5364 0.5749
vn -0.5599 -0.5201 0.6450
vn -0.6839 -0.5165 0.5153
vn -0.5252 -0.5153 0.6772
vn -0.6558 -0.4759 0.5861
vn -0.3810 -0.5598 0.7358
vn -0.5067 -0.5171 0.6899
vn -0.2204 -0.5836 0.7815
vn -0.2968 -0.5685 0.7673
vn -0.7560 0.1552 0.6359
vn -0.2225 -0.3510 0.9096
vn -0.3365 -0.3965 0.8541
vn -0.4386 -0.4575 0.7735
vn -0.1778 -0.4505 0.8749
vn -0.3009 -0.4736 0.8278
vn -0.2228 -0.0740 0.9720
vn -0.3379 0.8201 0.4618
vn -0.3298 0.7833 0.5270
vn -0.1425 0.8121 0.5659
vn -0.1727 0.8659 0.4695
vn -0.5985 0.6624 0.4506
vn -0.5913 0.6532 0.4730
vn -0.4764 0.7246 0.4980
vn -0.4655 0.7560 0.4602
vn -0.8235 0.4838 0.2964
vn -0.7864 0.5149 0.3411
vn -0.7383 0.5501 0.3903
vn -0.7760 0.5218 0.3543
vn -0.8785 0.4195 0.2286
vn -0.8392 0.4682 0.2765
vn -0.9400 0.3078 0.1469
vn -0.9140 0.3541 0.1981
vn -0.9810 0.1767 0.0798
vn -0.9722 0.1894 0.1375
vn -0.9971 0.0412 0.0646
vn -0.9934 0.0266 0.1114
vn -0.9917 -0.1000 0.0814
vn -0.9895 -0.1040 0.1003
vn -0.9652 -0.2411 0.1016
vn -0.8992 -0.4351 0.0463
vn -0.9040 -0.4119 0.1144
vn -0.9665 -0.2433 0.0814
vn -0.7198 -0.6941 -0.0082
vn -0.7236 -0.6555 0.2162
vn -0.7351 -0.6604 0.1531
vn -0.7471 -0.6645 -0.0177
vn -0.7056 -0.7086 0.0082
vn -0.7065 -0.6732 0.2183
vn -0.7517 -0.6572 0.0549
vn -0.7771 -0.5572 0.2926
vn -0.7216 -0.6419 0.2593
vn -0.6950 -0.7181 0.0368
vn -0.7401 -0.6723 0.0145
vn -0.7573 -0.5517 0.3495
vn -0.6210 -0.7838 0.0004
vn -0.6104 -0.6553 0.4450
vn -0.3472 -0.9360 0.0584
vn -0.3724 -0.7623 0.5294
vn -0.5631 -0.7834 -0.2633
vn -0.6102 -0.6383 -0.4694
vn -0.6755 -0.6710 -0.3056
vn -0.6777 -0.7057 -0.2067
vn -0.6914 -0.5637 0.4519
vn -0.6796 -0.5668 0.4657
vn -0.6342 -0.5930 0.4962
vn -0.6936 -0.6118 0.3804
vn -0.9104 -0.3634 0.1977
vn -0.9589 0.1621 -0.2330
vn -0.9792 0.0770 -0.1878
vn -0.9592 0.0325 -0.2809
vn -0.9145 0.0381 -0.4029
vn -0.9720 0.0364 0.2321
vn -0.9445 0.1781 0.2760
vn -0.8717 0.3697 0.3216
vn -0.7835 0.4976 0.3723
vn -0.7367 0.5278 0.4228
vn -0.6913 0.5535 0.4645
vn -0.5654 0.6157 0.5489
vn -0.4601 0.6656 0.5876
vn -0.2957 0.7201 0.6277
vn -0.0942 0.7474 0.6576
vn -0.2095 0.1054 0.9721
vn -0.3716 0.4322 0.8216
vn -0.3376 0.3225 0.8843
vn -0.3314 0.2310 0.9148
vn -0.5426 -0.0553 0.8382
vn -0.6908 -0.0378 0.7220
vn -0.8282 0.0305 0.5596
vn -0.8792 0.0162 0.4761
vn -0.8614 -0.2541 0.4399
vn -0.7506 -0.4453 0.4882
vn -0.5901 -0.5534 0.5877
vn -0.5209 -0.5501 0.6527
vn -0.4812 -0.4564 0.7484
vn -0.4733 -0.2815 0.8347
vn -0.5059 -0.0831 0.8586
vn -0.5323 0.0855 0.8422
vn -0.6366 0.0970 0.7651
vn -0.6223 -0.1472 0.7688
vn -0.5749 -0.3264 0.7503
vn -0.5839 -0.4744 0.6588
vn -0.8200 -0.5077 0.2642
vn -0.8310 -0.5430 0.1203
vn -0.8134 -0.5817 0.0066
vn -0.6549 -0.4576 0.6013
vn -0.6401 -0.3383 0.6898
vn -0.6474 -0.2561 0.7179
vn -0.6665 -0.4186 0.6169
vn -0.6747 -0.4924 0.5498
vn -0.9828 0.1818 -0.0332
vn -0.9950 0.0891 -0.0456
vn -0.9912 0.0490 0.1229
vn -0.9959 0.0811 0.0399
vn -0.9955 -0.0694 0.0643
vn -0.9969 0.0662 0.0435
vn -0.9662 -0.2521 0.0536
vn -0.9543 -0.2107 0.2119
vn -0.4067 0.5782 0.7073
vn -0.2434 0.6069 0.7566
vn -0.6376 0.5799 0.5070
vn -0.6357 0.5436 0.5481
vn -0.5783 0.5531 0.5997
vn -0.1921 0.5113 0.8377
vn -0.3305 0.5068 0.7962
vn -0.4344 0.5144 0.7394
vn -0.5125 0.5275 0.6776
vn -0.5781 0.5335 0.6174
vn -0.5092 0.5624 0.6515
vn -0.6817 0.5882 0.4351
vn -0.7152 0.5674 0.4081
vn -0.9654 0.1786 0.1899
vn -0.9994 -0.0323 0.0155
vn -0.9766 -0.2151 0.0042
vn -0.9378 -0.0382 0.3452
vn -0.9657 0.2595 -0.0103
vn -0.9208 0.2545 0.2956
vn -0.9297 0.3682 0.0098
vn -0.9374 0.2588 -0.2332
vn -0.9803 0.1082 -0.1654
vn -0.9971 0.0658 -0.0394
vn -0.9093 0.1266 -0.3964
vn -0.9017 0.3396 -0.2677
vn -0.8412 0.1911 -0.5058
vn -0.8972 -0.0575 -0.4378
vn -0.9614 -0.1573 -0.2258
vn -0.9611 -0.0329 -0.2744
vn -0.9134 -0.2273 -0.3376
vn -0.7416 -0.0376 -0.6698
vn -0.6700 -0.3478 -0.6559
vn -0.9245 -0.3424 -0.1673
vn -0.6133 -0.6166 -0.4935
vn -0.8935 -0.4332 -0.1183
vn -0.9851 -0.1718 -0.0074
vn -0.9785 -0.2058 -0.0137
vn -0.8751 -0.4822 -0.0405
vn -0.5453 -0.7887 -0.2840
vn -0.5438 -0.8389 -0.0216
vn -0.8627 -0.4935 0.1105
vn -0.9742 -0.2225 -0.0378
vn -0.9821 -0.1883 -0.0054
vn -0.8905 -0.3398 0.3024
vn -0.6066 -0.7472 0.2715
vn -0.7340 -0.4800 0.4805
vn -0.9513 -0.3014 -0.0652
vn -0.9971 0.0169 -0.0744
vn -1.0000 0.0023 0.0075
vn -0.9297 -0.3490 -0.1177
vn -0.9149 -0.3799 -0.1367
vn -0.9217 -0.3868 0.0286
vn -0.9272 -0.3722 -0.0416
vn -0.9335 -0.2750 -0.2302
vn -0.9740 -0.1034 -0.2015
vn -0.9965 -0.0809 0.0200
vn -0.9741 -0.2240 0.0297
vn -0.9676 -0.2254 -0.1133
vn -0.9292 -0.3662 0.0508
vn -0.8629 -0.0697 0.5005
vn -0.9155 -0.3800 -0.1322
vn -0.9492 -0.3146 0.0053
vn -0.9552 -0.2875 -0.0700
vn -0.9579 -0.2869 -0.0042
vn -0.9578 -0.2780 -0.0728
vn -0.3340 -0.9194 -0.2077
vn -0.3845 -0.9101 -0.1544
vn -0.4152 -0.9069 -0.0713
vn -0.4252 -0.9036 -0.0517
vn -0.4944 -0.8435 0.2100
vn -0.5457 -0.8181 -0.1815
vn -0.5363 -0.8372 -0.1070
vn -0.5445 -0.8377 -0.0421
vn -0.5420 -0.8392 -0.0436
vn -0.6357 -0.7618 0.1250
vn -0.6563 -0.7478 -0.1006
vn -0.6356 -0.7702 -0.0534
vn -0.6412 -0.7673 -0.0129
vn -0.6467 -0.7611 -0.0507
vn -0.6837 -0.7298 -0.0049
vn -0.6947 -0.7178 -0.0450
vn -0.6874 -0.7257 -0.0293
vn -0.7007 -0.7134 -0.0102
vn -0.6905 -0.7206 -0.0623
vn -0.6865 -0.7211 -0.0934
vn -0.6921 -0.7206 -0.0412
vn -0.7048 -0.7085 -0.0361
vn -0.7172 -0.6963 -0.0298
vn -0.7163 -0.6955 -0.0567
vn -0.6950 -0.7064 -0.1344
vn -0.7061 -0.7063 -0.0503
vn -0.7152 -0.6974 -0.0461
vn -0.7213 -0.6913 -0.0437
vn -0.7240 -0.6862 -0.0704
vn -0.7099 -0.6884 -0.1486
vn -0.7221 -0.6895 -0.0565
vn -0.7294 -0.6824 -0.0474
vn -0.7317 -0.6801 -0.0446
vn -0.7267 -0.6808 -0.0920
vn -0.7205 -0.6739 -0.1635
vn -0.7461 -0.6634 -0.0578
vn -0.7543 -0.6552 -0.0417
vn -0.7555 -0.6545 -0.0301
vn -0.7339 -0.6730 -0.0924
vn -0.7080 -0.6804 -0.1892
vn -0.7978 -0.6012 -0.0452
vn -0.7982 -0.6021 -0.0164
vn -0.7757 -0.6309 0.0164
vn -0.7231 -0.6878 -0.0631
vn -0.8423 -0.5104 0.1731
vn -0.6075 -0.7937 -0.0313
vn -0.7077 -0.6920 0.1429
vn -0.8069 -0.0885 -0.5841
vn -0.6913 -0.3518 -0.6311
vn -0.8930 -0.4501 0.0024
vn -0.7123 -0.6596 -0.2400
vn -0.8617 -0.1827 -0.4735
vn -0.7808 -0.3401 -0.5241
vn -0.9163 -0.0889 -0.3905
vn -0.7074 -0.5380 -0.4585
vn -0.6953 -0.6201 -0.3633
vn -0.7066 -0.6367 -0.3088
vn -0.9474 -0.0191 -0.3195
vn -0.9872 0.1500 0.0541
vn -0.9629 0.2387 0.1263
vn -0.9908 0.1267 0.0466
vn -0.9803 0.1734 0.0950
vn -0.9925 0.1212 -0.0173
vn -0.9893 0.1440 0.0212
vn -0.9849 0.1106 -0.1331
vn -0.9875 0.1355 -0.0809
vn -0.9762 0.0744 -0.2036
vn -0.9835 0.1137 -0.1405
vn -0.9667 0.0274 -0.2545
vn -0.9799 0.0767 -0.1840
vn -0.9101 0.3457 0.2284
vn -0.8509 0.4216 0.3135
vn -0.9443 0.2634 0.1973
vn -0.8819 0.3592 0.3054
vn -0.9738 0.2032 0.1017
vn -0.9235 0.3158 0.2177
vn -0.9854 0.1693 -0.0200
vn -0.9589 0.2671 0.0955
vn -0.9859 0.1426 -0.0881
vn -0.9796 0.2012 -0.0023
vn -0.9858 0.1151 -0.1222
vn -0.9841 0.1594 -0.0779
vn -0.8008 0.4680 0.3738
vn -0.7353 0.5327 0.4190
vn -0.5990 0.6633 0.4487
vn -0.4325 0.7872 0.4396
vn -0.3090 0.8609 0.4041
vn -0.1558 0.9154 0.3712
vn -0.8210 0.4335 0.3716
vn -0.8486 0.4346 0.3017
vn -0.8788 0.4280 0.2108
vn -0.9141 0.3934 0.0986
vn -0.9322 0.3588 -0.0467
vn -0.1226 0.9480 0.2938
vn -0.2559 0.9088 0.3295
vn -0.1016 0.9684 0.2278
vn -0.2199 0.9457 0.2395
vn -0.0878 0.9840 0.1551
vn -0.2079 0.9643 0.1642
vn -0.0721 0.9955 0.0611
vn -0.1974 0.9776 0.0732
vn -0.0619 0.9966 -0.0543
vn -0.1850 0.9813 -0.0521
vn -0.0556 0.9773 -0.2044
vn -0.1755 0.9626 -0.2064
vn -0.0477 0.9147 -0.4013
vn -0.1789 0.8924 -0.4143
vn -0.0534 0.7935 -0.6063
vn -0.2036 0.7524 -0.6265
vn -0.0820 0.6330 -0.7698
vn -0.2364 0.5766 -0.7821
vn -0.1222 0.4713 -0.8735
vn -0.2713 0.3922 -0.8790
vn -0.1509 0.3243 -0.9339
vn -0.3217 0.2367 -0.9168
vn -0.1648 0.1708 -0.9714
vn -0.3697 0.0814 -0.9256
vn -0.1813 -0.0107 -0.9834
vn -0.3932 -0.0860 -0.9154
vn -0.1941 -0.1861 -0.9632
vn -0.3905 -0.2151 -0.8951
vn -0.1771 -0.3370 -0.9247
vn -0.3547 -0.3318 -0.8741
vn -0.1298 -0.4430 -0.8871
vn -0.3154 -0.4295 -0.8462
vn -0.0947 -0.5054 -0.8577
vn -0.3050 -0.5138 -0.8019
vn -0.0887 -0.5832 -0.8075
vn -0.3125 -0.6019 -0.7349
vn -0.1214 -0.6591 -0.7422
vn -0.3214 -0.6921 -0.6463
vn -0.2033 -0.6942 -0.6905
vn -0.3419 -0.7329 -0.5882
vn -0.2928 -0.6535 -0.6980
vn -0.4134 -0.6629 -0.6242
vn -0.3340 -0.5045 -0.7962
vn -0.4690 -0.4944 -0.7318
vn -0.3373 -0.2748 -0.9004
vn -0.4940 -0.2864 -0.8209
vn -0.3957 0.8403 0.3707
vn -0.5916 0.7036 0.3937
vn -0.3668 0.8941 0.2569
vn -0.5665 0.7718 0.2889
vn -0.3454 0.9217 0.1765
vn -0.5302 0.8211 0.2114
vn -0.3271 0.9406 0.0906
vn -0.5215 0.8443 0.1232
vn -0.3140 0.9484 -0.0433
vn -0.5428 0.8394 -0.0295
vn -0.3262 0.9202 -0.2164
vn -0.5752 0.7895 -0.2139
vn -0.3694 0.8134 -0.4494
vn -0.6022 0.6585 -0.4515
vn -0.4310 0.6422 -0.6339
vn -0.6220 0.4887 -0.6118
vn -0.4848 0.4702 -0.7375
vn -0.6611 0.3370 -0.6704
vn -0.5014 0.2726 -0.8212
vn -0.6690 0.1477 -0.7284
vn -0.5322 0.1010 -0.8406
vn -0.6577 -0.0078 -0.7532
vn -0.5714 -0.0254 -0.8203
vn -0.6547 -0.0803 -0.7516
vn -0.5665 -0.1210 -0.8151
vn -0.6496 -0.1199 -0.7507
vn -0.5198 -0.2090 -0.8283
vn -0.6338 -0.1951 -0.7485
vn -0.4658 -0.3264 -0.8225
vn -0.6020 -0.3288 -0.7276
vn -0.4463 -0.4443 -0.7768
vn -0.5712 -0.4742 -0.6700
vn -0.4658 -0.5398 -0.7012
vn -0.5639 -0.5701 -0.5975
vn -0.4940 -0.6050 -0.6245
vn -0.5743 -0.6222 -0.5321
vn -0.4844 -0.6888 -0.5394
vn -0.5659 -0.6813 -0.4644
vn -0.4538 -0.7405 -0.4957
vn -0.5402 -0.7231 -0.4304
vn -0.4938 -0.6707 -0.5534
vn -0.5682 -0.6718 -0.4753
vn -0.5757 -0.5027 -0.6449
vn -0.6508 -0.5254 -0.5481
vn -0.6401 -0.3118 -0.7022
vn -0.7286 -0.3475 -0.5903
vn -0.7436 0.5391 0.3955
vn -0.7405 0.5912 0.3194
vn -0.7311 0.6366 0.2453
vn -0.7492 0.6472 0.1409
vn -0.7756 0.6305 -0.0301
vn -0.7916 0.5777 -0.1990
vn -0.7931 0.4747 -0.3817
vn -0.7833 0.3417 -0.5194
vn -0.7893 0.2060 -0.5784
vn -0.7778 0.0582 -0.6258
vn -0.7439 -0.0387 -0.6671
vn -0.7203 -0.0954 -0.6870
vn -0.7230 -0.1413 -0.6762
vn -0.7274 -0.2078 -0.6540
vn -0.7025 -0.3448 -0.6225
vn -0.6608 -0.4937 -0.5653
vn -0.6326 -0.5852 -0.5072
vn -0.6191 -0.6378 -0.4581
vn -0.6027 -0.6790 -0.4193
vn -0.5794 -0.7099 -0.4005
vn -0.6068 -0.6711 -0.4259
vn -0.6883 -0.5482 -0.4752
vn -0.7740 -0.3898 -0.4989
vn -0.9207 0.3409 -0.1901
vn -0.8888 0.3332 -0.3147
vn -0.9682 0.1667 -0.1867
vn -0.9063 0.2267 -0.3567
vn -0.9699 0.0917 -0.2257
vn -0.9041 0.1100 -0.4130
vn -0.9543 0.0384 -0.2963
vn -0.8800 0.0252 -0.4742
vn -0.9333 -0.0061 -0.3591
vn -0.8485 -0.0266 -0.5285
vn -0.9100 -0.0669 -0.4092
vn -0.8229 -0.0958 -0.5600
vn -0.8815 -0.1418 -0.4503
vn -0.8035 -0.1576 -0.5741
vn -0.8468 -0.2385 -0.4755
vn -0.7897 -0.2342 -0.5671
vn -0.7935 -0.3637 -0.4879
vn -0.7592 -0.3696 -0.5357
vn -0.7261 -0.5044 -0.4672
vn -0.7093 -0.5013 -0.4956
vn -0.6833 -0.5919 -0.4274
vn -0.6631 -0.5892 -0.4617
vn -0.6535 -0.6362 -0.4101
vn -0.6299 -0.6416 -0.4376
vn -0.7202 -0.6633 -0.2033
vn -0.6843 -0.6699 -0.2879
vn -0.6197 -0.6781 -0.3952
vn -0.6053 -0.6781 -0.4169
vn -0.6931 -0.6918 -0.2024
vn -0.6482 -0.7088 -0.2783
vn -0.5981 -0.7144 -0.3633
vn -0.5876 -0.7083 -0.3913
vn -0.6674 -0.7147 -0.2092
vn -0.6450 -0.7175 -0.2630
vn -0.6291 -0.7017 -0.3343
vn -0.6230 -0.6807 -0.3854
vn -0.6998 -0.6979 -0.1524
vn -0.7157 -0.6617 -0.2236
vn -0.7244 -0.6138 -0.3137
vn -0.7127 -0.5747 -0.4023
vn -0.7539 -0.6570 0.0083
vn -0.8054 -0.5814 -0.1150
vn -0.8207 -0.5083 -0.2610
vn -0.8031 -0.4441 -0.3972
vn -0.7550 -0.6347 0.1647
vn -0.8355 -0.5478 0.0427
vn -0.8898 -0.4360 -0.1350
vn -0.8914 -0.3154 -0.3255
vn -0.8442 -0.2258 -0.4861
vn -0.7733 -0.1799 -0.6080
vn -0.6693 -0.1555 -0.7265
vn -0.5101 -0.1381 -0.8490
vn -0.3437 -0.1220 -0.9311
vn -0.5110 -0.6460 0.5670
vn -0.5087 -0.4400 0.7400
vn -0.4893 -0.2274 0.8420
vn -0.4564 0.0238 0.8895
vn -0.6980 -0.5741 0.4280
vn -0.7294 -0.3268 0.6010
vn -0.6820 -0.1472 0.7164
vn -0.4572 0.0850 -0.8853
vn -0.3930 0.1932 -0.8990
vn -0.5598 0.2438 -0.7919
vn -0.5983 0.1202 -0.7922
vn -0.8010 -0.4950 0.3366
vn -0.8747 -0.4091 0.2599
vn -0.9538 -0.2906 0.0763
vn -0.9677 -0.1609 -0.1943
vn -0.8915 -0.0755 -0.4467
vn -0.7873 -0.0470 -0.6147
vn -0.6691 -0.0517 -0.7413
vn -0.5153 -0.0662 -0.8544
vn -0.3618 -0.0696 -0.9297
vn -0.8310 -0.2405 0.5017
vn -0.8933 -0.1819 0.4110
vn -0.9652 -0.1245 0.2299
vn -0.9964 -0.0541 -0.0647
vn -0.9257 0.0067 -0.3782
vn -0.7889 0.0283 -0.6139
vn -0.6435 0.0131 -0.7654
vn -0.4963 -0.0095 -0.8681
vn -0.3724 -0.0090 -0.9280
vn -0.7987 -0.0849 0.5957
vn -0.8794 -0.0454 0.4738
vn -0.9525 -0.0104 0.3044
vn -0.9975 0.0444 0.0554
vn -0.9550 0.1145 -0.2735
vn -0.7894 0.1455 -0.5964
vn -0.3755 0.0718 -0.9240
vn -0.9155 0.1079 0.3876
vn -0.8510 0.0752 0.5198
vn -0.3407 0.1495 -0.9282
vn -0.9595 0.2581 -0.1133
vn -0.9619 0.1719 0.2126
vn -0.7949 0.2826 -0.5369
vn -0.7688 0.0625 0.6364
vn -0.6374 0.0481 0.7691
vn -0.3126 0.3153 -0.8960
vn -0.4964 0.3957 -0.7727
vn -0.3857 0.2915 0.8754
vn -0.8132 0.5748 -0.0913
vn -0.8073 0.5110 0.2953
vn -0.6340 0.3786 0.6743
vn -0.5433 0.3298 0.7721
vn -0.6895 0.4205 0.5898
vn -0.2569 0.2569 -0.9317
vn -0.6830 0.5017 -0.5309
vn -0.7417 0.4772 0.4714
vn -0.3049 0.7070 0.6381
vn -0.3252 0.6165 0.7171
vn -0.3534 0.4931 -0.7950
vn -0.4425 0.6656 -0.6010
vn -0.4344 0.8879 0.1514
vn -0.3592 0.8219 0.4420
vn -0.3508 0.5215 0.7778
vn -0.2300 0.4252 0.8754
vn -0.2332 0.3549 -0.9054
vn -0.4643 0.8467 -0.2599
vn -0.1608 0.2821 -0.9458
vn -0.0949 0.1817 -0.9788
vn -0.1868 0.2366 -0.9535
vn -0.2301 0.8158 0.5305
vn -0.1738 0.6389 0.7494
vn -0.2995 0.6305 -0.7161
vn -0.3254 0.8398 -0.4346
vn -0.2469 0.3459 0.9052
vn -0.2569 0.3689 0.8932
vn -0.2369 0.3479 -0.9071
vn -0.3042 0.9496 0.0755
vn -0.1140 0.3541 0.9282
vn -0.1746 0.1964 0.9648
vn -0.0670 0.0749 -0.9949
vn -0.2307 0.0418 -0.9721
vn -0.2947 -0.1531 0.9433
vn -0.3742 0.0796 0.9239
vn -0.1646 -0.1648 -0.9725
vn -0.5188 -0.0277 0.8545
vn -0.3039 0.0704 0.9501
vn -0.0419 -0.0331 -0.9986
vn -0.3228 -0.0887 -0.9423
vn -0.7882 -0.2136 -0.5771
vn -0.8068 -0.1237 0.5777
vn -0.0494 -0.1097 -0.9927
vn -0.4042 -0.1525 -0.9019
vn -0.8516 -0.1140 0.5117
vn -0.6288 -0.0337 0.7769
vn -0.3802 0.0086 0.9249
vn -0.8110 -0.1979 -0.5505
vn -0.9820 -0.1860 0.0345
vn -0.9899 -0.1376 -0.0336
vn -0.8995 -0.0768 0.4301
vn -0.0819 -0.1208 -0.9893
vn -0.4474 -0.1542 -0.8809
vn -0.7083 -0.0309 0.7053
vn -0.8089 -0.1685 -0.5632
vn -0.4176 -0.0123 0.9086
vn -0.4321 0.4012 0.8076
vn -0.5598 0.1468 0.8156
vn -0.2556 -0.0103 0.9667
vn -0.2611 0.1797 0.9484
vn 0.6738 -0.3447 -0.6536
vn -0.0248 -0.1112 -0.9935
vn -0.2516 -0.0013 -0.9678
vn -0.5745 0.5617 0.5953
vn -0.8059 0.2333 0.5441
vn -0.4779 0.3871 -0.7885
vn -0.5674 0.1472 -0.8102
vn -0.8401 0.2477 -0.4825
vn -0.6305 0.6002 -0.4921
vn -0.2455 0.1975 -0.9491
vn -0.1472 -0.0645 0.9870
vn 0.6415 -0.3854 0.6633
vn -0.0836 -0.0686 -0.9941
vn -0.4449 -0.0719 -0.8927
vn -0.9171 -0.0363 0.3970
vn -0.7513 -0.0635 0.6569
vn -0.4364 -0.0875 0.8955
vn -0.7730 -0.0470 -0.6327
vn -0.0818 0.0214 -0.9964
vn -0.3905 0.0500 -0.9192
vn -0.7021 0.1364 -0.6989
vn -0.4443 -0.2536 0.8593
vn -0.8850 0.1130 0.4517
vn -0.6341 -0.0759 0.7695
vn -0.7974 0.0807 -0.5980
vn -0.7893 -0.0655 -0.6105
vn -0.9969 0.0700 0.0368
vn -0.9410 0.3385 -0.0008
vn 0.2060 -0.1009 0.9733
vn 0.3259 -0.0740 0.9425
vn 0.5892 -0.1314 0.7973
vn 0.4042 -0.3009 0.8637
vn -0.6808 0.7269 0.0902
vn 0.9223 -0.3810 -0.0646
vn -0.0908 -0.9958 0.0101
vn -0.8280 0.2057 0.5217
vn -0.5192 0.1069 0.8479
vn -0.9771 -0.1958 0.0830
vn -0.9737 0.1895 -0.1265
vn -0.9951 -0.0255 -0.0956
vn -0.9607 0.2732 0.0493
vn -0.9712 0.2380 -0.0093
vn 0.1391 -0.0122 0.9902
vn 0.2339 -0.0464 0.9712
vn 0.7331 -0.2259 0.6415
vn 0.6867 -0.1742 0.7057
vn 0.9673 -0.2192 0.1273
vn 0.9597 -0.2672 0.0876
vn 0.8345 -0.2273 -0.5020
vn 0.8621 -0.1830 -0.4725
vn -0.7460 0.2249 -0.6269
vn -0.7439 0.1692 -0.6465
vn -0.9635 0.2469 -0.1034
vn -0.9466 0.3091 -0.0915
vn -0.8307 0.2211 0.5110
vn -0.7936 0.2660 0.5472
vn -0.3671 0.1483 0.9183
vn -0.3424 0.1288 0.9307
vn -0.8285 0.2085 0.5197
vn -0.4700 0.0543 0.8810
vn -0.4116 0.0090 -0.9113
vn 0.2883 -0.1681 -0.9427
vn 0.2306 -0.0213 -0.9728
vn -0.5325 0.1320 -0.8361
vn 0.8200 -0.3062 -0.4836
vn 0.8559 -0.2270 -0.4647
vn 0.4196 -0.1349 0.8976
vn -0.2423 0.0497 0.9689
vn -0.0802 0.1402 0.9869
vn 0.6498 -0.1178 0.7509
vn 0.9401 -0.3334 0.0716
vn 0.8121 -0.2761 0.5140
vn 0.8929 -0.2507 0.3740
vn 0.9566 -0.2861 0.0558
vn -0.8441 0.1177 -0.5232
vn -0.8839 0.1939 -0.4256
vn -0.8156 0.1651 0.5545
vn -0.7953 0.2401 0.5566
vn -0.9854 0.1695 -0.0190
vn -0.9750 0.2214 0.0199
vn -0.8031 0.2365 0.5469
vn -0.4003 0.0629 0.9142
vn -0.0218 -0.1252 0.9919
vn 0.6580 -0.3044 0.6888
vn -0.4639 0.0860 -0.8817
vn -0.3070 0.0369 -0.9510
vn -0.7578 0.2126 -0.6169
vn -0.8190 0.1962 -0.5392
vn 0.9586 -0.2803 0.0501
vn 0.8126 -0.2461 -0.5284
vn -0.9578 0.2813 -0.0591
vn 0.2998 -0.1630 -0.9400
vn 0.2456 -0.1540 -0.9571
vn 0.7249 -0.4393 -0.5306
vn -0.8244 0.3418 0.4511
vn -0.3159 0.1229 0.9408
vn -0.2612 -0.3047 0.9159
vn -0.1280 -0.4819 0.8668
vn -0.3451 -0.5370 0.7698
vn -0.4064 -0.4272 0.8077
vn 0.0228 -0.6608 0.7502
vn -0.2493 -0.6583 0.7103
vn 0.5539 -0.4643 0.6911
vn 0.8144 -0.5543 0.1719
vn -0.5685 0.4082 -0.7142
vn -0.8640 0.4740 -0.1699
vn -0.3893 0.6018 -0.6974
vn -0.2384 0.5373 -0.8090
vn -0.5771 0.3207 -0.7511
vn -0.7740 0.5178 -0.3644
vn 0.0074 0.4184 -0.9082
vn -0.1402 0.1514 -0.9785
vn 0.1957 0.2827 -0.9390
vn 0.2312 0.1445 -0.9621
vn -0.3254 -0.0865 -0.9416
vn 0.0520 0.2422 -0.9688
vn -0.0926 0.4251 -0.9004
vn -0.2731 0.2505 -0.9288
vn -0.0515 0.1419 -0.9885
vn -0.7893 0.2106 0.5768
vn 0.8050 -0.2796 -0.5233
vn 0.1592 -0.2372 -0.9583
vn -0.3865 -0.1544 -0.9093
vn -0.3068 0.0682 0.9493
vn 0.9689 -0.2231 0.1071
vn 0.8142 -0.1840 0.5507
vn 0.2200 -0.1163 0.9685
vn 0.5443 -0.1023 0.8326
vn 0.8446 -0.0908 0.5277
vn 0.9848 -0.1675 0.0452
vn 0.7891 -0.2682 -0.5527
vn 0.1850 -0.2381 -0.9535
vn -0.9940 -0.0817 -0.0726
vn -0.8220 -0.0129 0.5694
vn -0.3716 -0.0660 0.9260
vn -0.7481 -0.1221 -0.6523
vn -0.3484 -0.1666 -0.9224
vn 0.9870 -0.1125 0.1149
vn 0.8404 -0.2070 -0.5008
vn 0.2672 -0.1820 -0.9463
vn 0.8297 -0.0688 0.5540
vn 0.4979 -0.0780 0.8637
vn -0.4966 -0.1244 0.8590
vn 0.0404 -0.1091 0.9932
vn -0.7209 -0.0979 -0.6861
vn -0.9794 -0.1069 -0.1710
vn -0.8930 -0.1162 0.4349
vn -0.2933 -0.1154 -0.9490
vn -0.0615 -0.0936 0.9937
vn 0.4424 -0.0792 0.8933
vn -0.9718 -0.1046 -0.2112
vn -0.9120 -0.1224 0.3915
vn 0.9915 -0.0809 0.1020
vn 0.8567 -0.0967 -0.5066
vn 0.3390 -0.0992 -0.9356
vn 0.8175 -0.0738 0.5713
vn -0.5489 -0.1135 0.8281
vn -0.7070 -0.0843 -0.7022
vn -0.2502 -0.0874 -0.9642
vn -0.6795 -0.0367 -0.7328
vn -0.9720 -0.0390 -0.2316
vn -0.9278 -0.0422 0.3708
vn -0.5774 -0.0359 0.8157
vn -0.2031 -0.0456 -0.9781
vn 0.3651 -0.0564 -0.9293
vn -0.0710 -0.0275 0.9971
vn 0.4514 -0.0262 0.8919
vn 0.9942 -0.0445 0.0983
vn 0.8627 -0.0566 -0.5026
vn 0.8246 -0.0326 0.5648
vn -0.9680 -0.0159 -0.2503
vn -0.9383 -0.0187 0.3453
vn 0.9955 -0.0363 0.0877
vn 0.8602 -0.0356 -0.5087
vn 0.3708 -0.0285 -0.9283
vn 0.8312 -0.0335 0.5550
vn 0.4555 -0.0294 0.8898
vn -0.6002 -0.0214 0.7995
vn -0.0825 -0.0247 0.9963
vn -0.6647 -0.0157 -0.7470
vn -0.1853 -0.0205 -0.9825
vn -0.6530 -0.0133 -0.7573
vn -0.9652 -0.0164 -0.2609
vn -0.9469 -0.0064 0.3215
vn -0.6307 0.0432 0.7749
vn -0.1303 -0.0431 -0.9905
vn 0.4496 -0.0923 -0.8885
vn -0.0345 0.1001 0.9944
vn 0.5630 0.0808 0.8225
vn 0.9964 -0.0568 0.0630
vn 0.8702 -0.1073 -0.4808
vn 0.8691 0.0199 0.4942
vn 0.0876 -0.1077 0.9903
vn -0.9490 0.3047 -0.0811
vn -0.7771 0.2341 -0.5842
vn 0.7006 -0.2113 0.6815
vn 0.9717 -0.2092 0.1100
vn 0.8678 -0.1824 -0.4623
vn 0.3484 -0.1300 -0.9283
vn -0.1753 0.0048 -0.9845
vn 0.6290 -0.1936 -0.7529
vn -0.4621 0.0859 -0.8827
vn -0.2737 0.0070 -0.9618
vn -0.4308 0.0991 -0.8970
vn -0.1636 0.0150 -0.9864
vn 0.3805 -0.1484 -0.9128
vn 0.3318 -0.1027 -0.9377
vn 0.6349 -0.1425 -0.7594
vn 0.6528 -0.1786 -0.7362
vn 0.6417 -0.1778 -0.7461
vn -0.5542 0.1199 -0.8237
vn -0.5415 0.1111 -0.8333
vn 0.7963 0.1962 0.5722
vn 0.9171 0.2639 0.2987
vn 0.9232 -0.2016 -0.3272
vn 0.9472 -0.2717 0.1702
vn 0.9203 -0.3782 -0.1000
vn 0.9012 -0.4294 0.0595
vn 0.9443 -0.2978 0.1398
vn 0.9542 -0.2879 0.0812
vn 0.9658 -0.2546 -0.0481
vn 0.9366 -0.3026 0.1769
vn 0.8970 -0.2521 0.3630
vn 0.9635 -0.1451 0.2252
vn 0.9350 -0.2649 0.2356
vn 0.9376 -0.2493 0.2424
vn 0.8586 -0.2715 0.4349
vn 0.8870 -0.3225 0.3304
vn 0.8377 -0.4239 0.3444
vn 0.8313 -0.3480 0.4334
vn 0.9347 -0.2822 0.2163
vn 0.8345 -0.2767 0.4764
vn 0.9457 -0.3200 -0.0571
vn 0.9624 -0.1701 0.2117
vn 0.8141 -0.0728 -0.5762
vn 0.6813 0.1600 -0.7144
vn -0.0274 -0.2772 -0.9604
vn 0.1535 -0.4975 -0.8538
vn -0.7414 0.0874 0.6653
vn -0.7734 0.1936 0.6036
vn -0.1893 0.5087 0.8399
vn -0.1792 0.4037 0.8972
vn 0.5218 0.4969 0.6934
vn 0.4500 0.6503 0.6121
vn 0.8334 0.5525 0.0111
vn 0.9397 0.3271 0.0996
vn -0.6884 -0.3775 -0.6194
vn -0.5519 -0.6361 -0.5392
vn -0.9862 -0.1652 0.0095
vn -0.9269 -0.3585 0.1115
vn -0.3968 0.4478 0.8013
vn -0.2452 0.3532 0.9028
vn 0.4918 0.4532 0.7435
vn 0.3753 0.5739 0.7279
vn 0.8021 -0.0748 -0.5925
vn 0.8080 -0.1090 -0.5791
vn 0.1798 -0.5099 -0.8412
vn 0.1412 -0.4367 -0.8885
vn -0.8137 0.1183 0.5692
vn -0.7397 0.0332 0.6722
vn 0.9559 0.2624 0.1322
vn 0.9360 0.3256 0.1333
vn -0.4880 -0.7070 -0.5119
vn -0.5318 -0.6381 -0.5568
vn -0.9177 -0.3791 0.1184
vn -0.8753 -0.4556 0.1622
vn -0.5228 0.4044 0.7504
vn -0.4866 0.4648 0.7397
vn 0.2752 0.5793 0.7673
vn 0.1828 0.4893 0.8527
vn 0.6742 -0.7190 -0.1685
vn 0.4181 -0.6105 -0.6727
vn -0.3115 -0.8727 -0.3759
vn 0.0429 -0.9734 0.2249
vn -0.7883 0.2144 0.5767
vn -0.8065 0.1717 0.5657
vn -0.8976 -0.1381 -0.4186
vn -0.8088 -0.0900 -0.5811
vn -0.9972 -0.0670 -0.0334
vn -0.9742 -0.1343 -0.1815
vn -0.8314 -0.1839 -0.5243
vn -0.9263 -0.1520 -0.3447
vn -0.8724 0.0997 -0.4786
vn -0.8730 0.1788 -0.4538
vn -0.8690 0.2351 -0.4355
vn -0.9277 0.3281 -0.1780
vn -0.9761 0.2045 -0.0740
vn -0.9622 0.0695 -0.2634
vn -0.9032 0.2590 -0.3424
vn -0.6228 0.2008 -0.7562
vn -0.6447 0.2310 -0.7287
vn -0.9477 -0.1033 -0.3018
vn -0.8990 -0.1460 -0.4129
vn -0.9991 -0.0251 -0.0330
vn -0.9929 -0.0296 -0.1153
vn -0.9346 0.1151 0.3367
vn -0.8663 0.2434 0.4361
vn -0.8331 0.3971 0.3850
vn -0.8440 0.5099 0.1664
vn -0.9427 0.2538 -0.2166
vn -0.9095 0.3839 -0.1596
vn -0.5739 0.0406 -0.8180
vn -0.6311 -0.1286 -0.7650
vn -0.7057 -0.0196 -0.7082
vn -0.9702 -0.1794 -0.1631
vn -0.8591 -0.1624 -0.4854
vn -0.9862 -0.0636 -0.1526
vn -0.9996 -0.0245 -0.0125
vn -0.9788 -0.0381 -0.2010
vn -0.8868 0.2358 0.3974
vn -0.9932 -0.0422 -0.1083
vn -0.9696 -0.1388 -0.2016
vn -0.0211 0.0914 -0.9956
vn -0.4533 0.2880 0.8436
vn -0.5283 0.2009 0.8249
vn -0.7782 -0.0405 -0.6267
vn -0.9991 -0.0065 0.0422
vn 0.9830 -0.1812 0.0295
vn 0.9563 -0.2875 0.0532
vn 0.9345 -0.2439 0.2595
vn 0.9361 -0.2804 0.2125
vn 0.9295 -0.3230 0.1782
vn 0.3184 -0.1036 0.9423
vn 0.3174 -0.0339 0.9477
vn 0.7836 -0.3609 0.5058
vn 0.8409 -0.1515 0.5196
vn 0.8966 -0.4259 -0.1211
vn 0.8299 -0.4553 0.3226
vn 0.9199 -0.1338 0.3686
vn 0.9678 -0.1377 0.2107
vn 0.7883 -0.0934 -0.6082
vn 0.8360 -0.1505 -0.5276
vn 0.9145 -0.2982 0.2736
vn 0.6067 -0.1104 -0.7873
vn 0.9795 -0.1460 0.1385
vn 0.9439 -0.1112 0.3109
vn 0.8221 -0.4421 -0.3588
vn 0.8045 -0.4883 -0.3383
vn 0.7779 -0.6168 -0.1203
vn 0.8220 -0.5111 -0.2511
vn 0.8879 -0.3596 -0.2869
vn -0.8129 0.2755 0.5131
vn -0.9052 0.2598 0.3363
vn -0.8780 0.2593 0.4023
vn -0.7800 0.3717 0.5034
vn -0.5748 0.5239 0.6286
vn -0.7655 0.4173 0.4898
vn -0.8745 0.3586 0.3265
vn 0.6867 -0.7208 0.0948
vn 0.7616 -0.6474 -0.0277
vn -0.7008 0.3853 0.6004
vn -0.7119 0.3136 0.6284
vn 0.7438 -0.5781 0.3356
vn 0.7903 -0.6097 0.0605
vn -0.8585 -0.3990 0.3221
vn -0.6998 -0.2706 0.6611
vn -0.0532 0.6233 0.7802
vn 0.0502 0.4814 0.8751
vn 0.9927 0.1082 -0.0540
vn 0.9542 0.2931 -0.0601
vn 0.9923 -0.0540 -0.1116
vn 0.9162 -0.2246 -0.3318
vn -0.7343 -0.1119 0.6695
vn 0.1071 -0.6233 0.7746
vn -0.1313 -0.7574 0.6396
vn -0.9616 -0.2744 -0.0097
vn -0.6246 0.0397 0.7799
vn 0.1830 -0.6539 0.7341
vn 0.5676 0.5328 0.6277
vn 0.0684 0.5318 0.8441
vn 0.6478 0.3652 0.6686
vn 0.5839 0.5299 0.6151
vn -0.7544 -0.5305 0.3866
vn 0.0862 -0.8183 0.5683
vn 0.1234 -0.9906 -0.0588
vn -0.7305 -0.4831 -0.4826
vn -0.9055 -0.4226 -0.0390
vn 0.1712 -0.9820 -0.0802
vn 0.4391 -0.7618 -0.4763
vn -0.3479 -0.5054 -0.7896
vn -0.6910 -0.2746 0.6687
vn 0.1392 -0.7162 0.6839
vn -0.0176 -0.7953 -0.6059
vn -0.6211 -0.4894 -0.6122
vn 0.1376 0.2429 -0.9602
vn 0.4393 0.1788 -0.8804
vn 0.4035 0.0105 -0.9149
vn -0.1362 0.1626 -0.9773
vn 0.4758 -0.6298 -0.6139
vn -0.2023 -0.3095 -0.9292
vn -0.9431 0.3324 0.0098
vn -0.9352 0.3509 0.0473
vn 0.9263 0.0932 -0.3652
vn 0.8939 0.0529 -0.4451
vn -0.4144 0.2118 0.8851
vn 0.8780 0.3606 0.3148
vn 0.8254 0.0864 0.5579
vn 0.8870 -0.4601 -0.0393
vn 0.7444 -0.1662 -0.6468
vn -0.0001 -0.0295 -0.9996
vn 0.8632 0.4137 0.2892
vn 0.4562 -0.0961 -0.8847
vn -0.1212 0.1103 -0.9865
vn 0.3521 -0.8637 0.3606
vn -0.9544 0.1890 -0.2311
vn -0.9719 0.2192 0.0854
vn -0.9176 0.3329 -0.2173
vn 0.8543 -0.2605 0.4499
vn 0.8157 -0.5632 0.1320
vn 0.5740 -0.8024 0.1637
vn -0.8507 0.3103 -0.4242
vn -0.8118 0.2122 -0.5440
vn -0.4489 0.4821 0.7524
vn 0.9035 -0.3557 -0.2391
vn 0.7268 -0.6570 0.2003
vn -0.9999 -0.0073 -0.0093
vn -0.8619 -0.1210 -0.4924
vn -0.9831 0.1779 0.0443
vn -0.9659 0.0856 -0.2446
vn -0.8431 0.0954 -0.5292
vn -0.5367 0.2657 -0.8008
vn -0.5548 0.2179 -0.8029
vn 0.9255 0.0997 0.3655
vn 0.7687 -0.5977 0.2277
vn 0.5679 -0.8224 0.0345
vn 0.7761 -0.4909 0.3959
vn 0.9565 -0.2918 -0.0004
vn -0.6033 0.1453 -0.7841
vn 0.9478 -0.1935 -0.2533
vn 0.9846 -0.1161 0.1311
vn 0.9672 -0.1819 -0.1772
vn 0.8730 0.4545 0.1772
vn 0.7997 0.4188 0.4302
vn 0.6864 -0.4394 0.5794
vn 0.2232 -0.5525 0.8031
vn 0.0546 -0.8828 0.4665
vn 0.6619 -0.7396 0.1222
vn 0.5650 -0.8123 -0.1447
vn -0.3664 -0.4761 0.7994
vn -0.5523 -0.5985 0.5804
vn -0.0886 -0.9741 0.2078
vn 0.3985 0.6200 0.6758
vn 0.3703 0.5065 0.7787
vn -0.0784 -0.1895 0.9787
vn -0.1250 0.4420 0.8883
vn -0.0020 0.3753 0.9269
vn 0.8053 0.0525 0.5906
vn 0.6540 0.3352 0.6782
vn -0.3548 0.0462 0.9338
vn -0.5699 -0.0011 0.8217
vn 0.8608 0.4963 -0.1130
vn 0.4184 0.7059 0.5716
vn 0.9083 -0.1932 -0.3711
vn -0.2225 0.4984 0.8379
vn -0.7760 0.0074 0.6307
vn 0.3027 -0.1509 0.9411
vn 0.5107 -0.0763 0.8563
vn -0.6693 -0.6227 0.4053
vn -0.1260 -0.9880 0.0894
vn 0.7416 0.4583 0.4900
vn 0.7114 0.5578 0.4274
vn 0.8432 0.4793 -0.2434
vn 0.9168 0.3859 -0.1026
vn -0.7587 0.2532 0.6002
vn -0.9999 0.0073 0.0080
vn -0.9741 -0.2249 0.0220
vn 0.3741 -0.8416 -0.3895
vn -0.2563 -0.9631 -0.0825
vn -0.2909 -0.8549 -0.4295
vn 0.1204 -0.7591 -0.6398
vn -0.5900 -0.1628 0.7908
vn 0.1374 -0.2807 0.9499
vn -0.8225 -0.3140 0.4742
vn -0.7272 -0.1895 0.6598
vn -0.9453 -0.3223 0.0512
vn -0.9249 -0.3801 0.0008
vn -0.5721 -0.2579 0.7785
vn -0.6128 0.0030 0.7902
vn -0.9923 -0.0655 0.1049
vn -0.9237 -0.3634 0.1210
vn 0.5383 -0.8057 -0.2470
vn 0.5777 0.3278 -0.7475
vn 0.7442 0.6662 -0.0482
vn 0.6262 0.1319 -0.7685
vn -0.7348 -0.6772 0.0373
vn 0.7759 -0.3294 0.5381
vn 0.5649 -0.2449 -0.7880
vn 0.5446 -0.1452 -0.8261
vn 0.9776 -0.0878 -0.1915
vn 0.9808 -0.1027 -0.1656
vn -0.2131 -0.9177 0.3354
vn 0.3351 -0.7732 0.5383
vn -0.3065 -0.5292 0.7912
vn -0.6513 -0.6141 0.4457
vn -0.8657 -0.4275 0.2606
vn -0.8841 -0.4669 -0.0210
vn 0.5209 0.0934 0.8485
vn 0.1553 -0.1742 0.9724
vn 0.6708 -0.4796 0.5657
vn 0.8379 -0.2738 0.4722
vn -0.9774 -0.1764 0.1168
vn -0.9261 -0.3407 0.1622
vn -0.5843 -0.1076 0.8044
vn -0.6397 0.0744 0.7650
vn -0.3566 -0.4862 -0.7978
vn -0.1949 -0.2319 -0.9530
vn 0.4850 -0.4807 -0.7306
vn 0.2612 -0.6777 -0.6874
vn -0.7885 -0.4385 -0.4313
vn -0.8007 -0.3275 -0.5016
vn -0.9503 -0.2915 0.1095
vn -0.9040 -0.4082 0.1274
vn 0.1174 0.3469 0.9305
vn 0.1503 0.1822 0.9717
vn 0.1414 0.2896 0.9467
vn -0.6531 -0.0971 0.7511
vn -0.5689 0.0436 0.8213
vn 0.1642 0.4289 0.8883
vn 0.9303 -0.3516 -0.1048
vn 0.9987 -0.0148 0.0486
vn 0.9227 0.0354 0.3839
vn 0.7536 0.3452 0.5594
vn 0.7288 0.4541 0.5125
vn 0.2055 -0.1263 0.9705
vn -0.6057 -0.0952 0.7900
vn 0.1830 0.1397 0.9731
vn -0.1607 -0.1997 -0.9666
vn -0.1732 -0.0827 -0.9814
vn -0.7901 -0.0085 -0.6129
vn -0.7730 -0.0911 -0.6279
vn 0.8126 0.2486 0.5272
vn 0.8934 0.4160 -0.1696
vn 0.9621 0.2134 -0.1696
vn 0.5984 -0.5960 0.5354
vn 0.6814 -0.7195 -0.1341
vn 0.7949 -0.5985 -0.0992
vn 0.4482 0.2037 -0.8704
vn 0.7937 -0.1574 -0.5876
vn 0.9681 0.2272 -0.1059
vn -0.4438 -0.7685 -0.4610
vn -0.1420 -0.9803 -0.1370
vn -0.5688 -0.8091 -0.1476
vn -0.7272 -0.6429 -0.2405
vn -0.8210 -0.4162 -0.3909
vn 0.9517 0.2666 -0.1524
vn -0.0452 -0.3748 0.9260
vn -0.0430 -0.7900 -0.6116
vn 0.4169 -0.9017 -0.1145
vn 0.5359 0.0239 -0.8439
vn 0.9874 -0.0770 -0.1382
vn 0.9857 -0.0375 -0.1642
vn 0.5545 -0.0202 -0.8320
vn 0.5791 -0.0648 -0.8127
vn -0.8336 -0.4489 -0.3220
vn -0.5541 -0.5427 -0.6313
vn 0.8405 0.3296 0.4300
vn -0.9923 0.0381 0.1181
vn -0.9718 0.2174 0.0916
vn -0.5757 0.2169 0.7884
vn -0.5816 0.0203 0.8132
vn -0.2387 -0.3259 -0.9148
vn -0.3465 -0.2728 -0.8975
vn -0.7690 -0.4049 -0.4946
vn -0.9689 0.2357 0.0752
vn -0.5808 0.2651 0.7697
vn 0.1936 0.0955 0.9764
vn 0.4611 0.1660 0.8717
vn -0.1814 0.5400 0.8219
vn -0.7362 -0.1519 -0.6595
vn -0.7209 -0.2794 -0.6343
vn 0.4119 0.7163 0.5633
vn -0.1894 0.0275 -0.9815
vn -0.1962 0.0638 -0.9785
vn -0.7716 0.1529 -0.6175
vn -0.7788 0.1354 -0.6124
vn 0.0488 -0.4936 -0.8683
vn -0.5310 -0.6418 -0.5532
vn 0.6648 -0.3293 -0.6705
vn 0.8385 -0.0243 0.5444
vn 0.8436 0.0453 0.5351
vn 0.2173 0.1810 0.9592
vn 0.1855 0.0177 0.9825
vn -0.1886 -0.1525 -0.9701
vn -0.9922 -0.0776 0.0976
vn -0.7867 -0.1248 -0.6045
vn -0.7339 -0.4018 -0.5477
vn -0.1602 -0.3656 -0.9169
vn -0.2959 -0.0961 -0.9504
vn -0.8096 -0.2359 -0.5374
vn 0.8451 -0.0554 0.5317
vn 0.9349 -0.3296 -0.1318
vn -0.7950 -0.6062 0.0221
vn -0.6229 -0.7807 0.0497
vn -0.2223 -0.2155 -0.9509
vn 0.4701 0.2032 -0.8589
vn 0.1830 -0.0527 0.9817
vn 0.8102 -0.1270 0.5722
vn 0.9765 -0.1660 -0.1376
vn -0.7694 -0.3270 -0.5487
vn -0.9498 -0.2894 0.1191
vn 0.5762 -0.1476 -0.8039
vn 0.5545 -0.3161 -0.7698
vn -0.8118 -0.5207 -0.2645
vn 0.5374 -0.0322 -0.8427
vn 0.4884 0.1433 -0.8608
vn 0.2108 0.1217 0.9699
vn 0.8346 -0.0021 0.5508
vn -0.0864 -0.3871 0.9180
vn -0.0606 -0.1515 0.9866
vn 0.6586 -0.1854 0.7293
vn 0.6198 -0.3901 0.6809
vn 0.6726 -0.0963 0.7337
vn 0.6816 -0.0038 0.7317
vn -0.0115 0.0731 0.9973
vn -0.0362 -0.1040 0.9939
vn 0.6841 -0.0170 0.7292
vn 0.9983 0.0370 0.0440
vn 0.9981 0.0413 0.0466
vn -0.7264 -0.0913 0.6812
vn -0.6914 0.1726 0.7016
vn -0.9731 0.2271 0.0396
vn -0.9967 -0.0796 0.0159
vn -0.7850 -0.2880 0.5484
vn -0.6776 -0.1057 0.7278
vn -0.9505 -0.3102 0.0210
vn -0.9360 -0.3517 -0.0162
vn -0.6503 -0.5865 -0.4829
vn -0.2517 -0.4758 0.8428
vn -0.0899 -0.3295 0.9398
vn -0.0380 -0.2650 -0.9635
vn -0.0935 -0.1486 -0.9845
vn -0.7259 -0.2858 -0.6256
vn -0.7026 -0.3345 -0.6280
vn 0.7254 -0.1489 -0.6720
vn 0.6956 0.0693 -0.7150
vn -0.7251 -0.0995 -0.6814
vn -0.7312 0.0941 -0.6756
vn -0.9979 0.0412 0.0499
vn -0.9850 -0.1704 0.0261
vn -0.0468 0.2572 0.9652
vn 0.2863 -0.0839 0.9545
vn -0.0111 0.2907 -0.9567
vn 0.7224 0.1795 -0.6678
vn 0.6962 0.1695 -0.6976
vn -0.0669 0.2554 -0.9645
vn -0.0228 -0.0284 0.9993
vn -0.7221 -0.2143 0.6578
vn -0.7656 -0.0284 0.6427
vn -0.0667 0.2015 0.9772
vn -0.0197 0.0406 0.9990
vn -0.9513 -0.3082 -0.0080
vn -0.9362 -0.3516 0.0034
vn -0.7737 -0.5151 -0.3689
vn -0.7899 -0.4208 -0.4460
vn -0.4492 -0.4686 -0.7607
vn -0.6043 -0.5536 -0.5730
vn 0.4863 -0.5803 0.6532
vn 0.6975 -0.3919 0.5999
vn 0.6691 0.1307 0.7316
vn 0.6143 0.3534 0.7055
vn 0.9137 0.4021 0.0579
vn 0.9818 0.1735 0.0775
vn 0.9924 -0.1200 0.0270
vn 0.7233 -0.0133 -0.6904
vn -0.9678 0.2473 0.0468
vn -0.6880 0.1510 0.7098
vn -0.4034 -0.7294 -0.5526
vn -0.7008 -0.6231 -0.3473
vn 0.9544 -0.2968 0.0332
vn 0.7163 -0.2070 -0.6664
vn 0.6041 -0.3916 -0.6941
vn 0.8729 -0.1011 -0.4773
vn 0.9257 -0.3781 0.0098
vn 0.7908 -0.6121 0.0010
vn 0.0003 0.0674 -0.9977
vn 0.5630 0.5052 0.6541
vn 0.7174 0.2192 0.6613
vn 0.9741 0.2061 0.0933
vn 0.8676 0.4970 -0.0157
vn 0.4098 -0.7145 0.5671
vn 0.6528 -0.7502 -0.1054
vn -0.7512 -0.0639 -0.6570
vn -0.0663 -0.0410 -0.9970
vn -0.7576 -0.1702 -0.6302
vn -0.7215 -0.2964 -0.6258
vn -0.9559 -0.2935 -0.0073
vn -0.9834 -0.1792 -0.0275
vn 0.7006 -0.0341 -0.7127
vn -0.6986 -0.2834 0.6569
vn -0.7115 0.3049 -0.6331
vn -0.5523 -0.7889 -0.2696
vn -0.6370 -0.7679 -0.0677
vn -0.7960 -0.5999 -0.0804
vn -0.6921 -0.3211 0.6464
vn -0.7329 0.2586 -0.6292
vn -0.8666 -0.4847 -0.1182
vn -0.7125 -0.6319 0.3051
vn -0.8746 -0.4626 0.1452
vn -0.0409 0.1013 0.9940
vn -0.7277 -0.1471 0.6699
vn -0.7598 -0.1721 0.6270
vn -0.0872 0.1736 0.9809
vn -0.1514 0.0127 -0.9884
vn -0.0890 -0.1635 -0.9825
vn 0.9671 -0.0744 0.2434
vn 0.8042 -0.0736 0.5898
vn -0.0224 -0.1178 -0.9928
vn 0.6113 0.2714 -0.7434
vn -0.1840 -0.9549 -0.2331
vn -0.3175 -0.9216 0.2232
vn 0.0118 -0.1242 -0.9922
vn -0.4596 -0.5820 0.6708
vn -0.8573 -0.3691 0.3589
vn 0.9973 -0.0606 0.0421
vn 0.9948 -0.0739 0.0708
vn -0.7055 -0.0501 0.7069
vn 0.3101 -0.9375 -0.1580
vn 0.1508 -0.8600 0.4875
vn -0.9109 -0.4037 -0.0852
vn -0.7636 -0.3739 -0.5264
vn -0.9314 -0.3639 -0.0110
vn 0.9350 0.3510 0.0509
vn 0.8810 0.4683 0.0673
vn 0.6354 0.2659 -0.7249
vn 0.6670 0.1462 -0.7306
vn 0.6800 -0.1064 0.7254
vn 0.0135 -0.7306 -0.6827
vn 0.3787 -0.5928 -0.7107
vn -0.7319 -0.2748 -0.6236
vn -0.0190 -0.2218 0.9749
vn 0.5817 0.4595 0.6712
vn -0.2177 -0.3841 -0.8973
vn 0.6266 0.2862 -0.7249
vn 0.6130 0.3168 0.7238
vn -0.7467 -0.3378 -0.5730
vn -0.1637 -0.1410 -0.9764
vn 0.9706 -0.0590 0.2333
vn 0.9812 0.1148 0.1550
vn 0.8674 -0.1362 -0.4785
vn 0.8458 -0.3124 -0.4325
vn 0.5144 0.4365 0.7381
vn -0.2665 0.1968 0.9435
vn -0.2652 0.1998 0.9433
vn 0.5551 0.4660 0.6890
vn 0.9786 0.0811 0.1891
vn 0.9748 0.1316 0.1799
vn 0.8334 -0.1274 -0.5378
vn 0.8384 -0.1938 -0.5094
vn 0.8000 0.1395 -0.5836
vn 0.1217 -0.1414 -0.9824
vn 0.1903 -0.4253 -0.8848
vn -0.6572 -0.2848 -0.6978
vn 0.0858 -0.1507 -0.9849
vn -0.6534 -0.3621 -0.6648
vn -0.5817 -0.5145 -0.6300
vn -0.9690 -0.2161 -0.1198
vn -0.9122 -0.4056 -0.0577
vn 0.0097 -0.0392 -0.9992
vn -0.6894 -0.3557 -0.6310
vn -0.3074 0.1061 0.9456
vn -0.1694 0.2908 0.9417
vn -0.8541 -0.0651 0.5161
vn -0.8550 -0.1714 0.4895
vn 0.8164 -0.4069 0.4097
vn 0.7164 -0.6474 -0.2601
vn 0.7616 0.1958 -0.6177
vn 0.7068 0.3364 -0.6223
vn 0.8644 0.4996 0.0556
vn 0.9569 0.2623 0.1249
vn 0.9059 0.0403 -0.4215
vn 0.7281 0.3211 -0.6056
vn 0.4869 0.1343 0.8631
vn 0.5433 0.3885 0.7443
vn 0.9393 -0.1657 0.3004
vn -0.7777 -0.2294 0.5853
vn -0.8061 -0.1750 0.5653
vn -0.2183 0.1207 0.9684
vn -0.2055 -0.0200 0.9785
vn -0.8788 0.0294 0.4763
vn -0.8352 -0.1344 0.5333
vn -0.3038 0.3747 0.8759
vn 0.5501 0.0588 0.8330
vn 0.5842 0.2402 0.7752
vn -0.6181 -0.3237 -0.7164
vn -0.5983 -0.0676 -0.7984
vn 0.1282 -0.1892 -0.9735
vn 0.1160 -0.3750 -0.9198
vn -0.2227 0.5299 0.8183
vn -0.2275 0.5475 0.8053
vn 0.5388 0.4309 0.7239
vn -0.8823 0.1432 0.4483
vn -0.3549 0.1468 0.9233
vn 0.1077 -0.1013 -0.9890
vn 0.4632 -0.4555 -0.7602
vn -0.5655 -0.1354 -0.8136
vn 0.1712 -0.2787 -0.9450
vn -0.3353 -0.8660 -0.3709
vn -0.1093 -0.8487 -0.5174
vn 0.5708 -0.8093 -0.1385
vn 0.3789 -0.9246 -0.0404
vn -0.8755 -0.2508 0.4131
vn -0.9290 -0.3697 0.0195
vn -0.9151 -0.3944 0.0836
vn 0.8086 -0.3828 0.4467
vn 0.8003 -0.3923 0.4535
vn 0.5260 0.0678 0.8478
vn 0.4299 -0.0240 0.9026
vn 0.9220 0.3848 0.0434
vn 0.9071 0.4163 0.0628
vn 0.1738 -0.5622 -0.8085
vn 0.8301 -0.2152 -0.5144
vn -0.6006 -0.4312 -0.6733
vn 0.0469 -0.7458 -0.6645
vn -0.5732 -0.4625 -0.6765
vn 0.1170 -0.6915 -0.7128
vn 0.1540 -0.5259 -0.8365
vn -0.5533 -0.3617 -0.7504
vn -0.8348 -0.2043 0.5112
vn -0.8886 -0.4361 0.1421
vn -0.7907 -0.5575 -0.2531
vn -0.8366 -0.5442 -0.0634
vn -0.9233 -0.3797 -0.0574
vn -0.9408 -0.3296 -0.0794
vn -0.4782 -0.0204 0.8780
vn 0.3566 -0.1046 0.9284
vn 0.9892 -0.0254 0.1443
vn 0.9629 -0.1781 -0.2028
vn -0.2684 0.3160 0.9100
vn -0.7863 -0.4429 0.4309
vn -0.6150 -0.6460 0.4522
vn -0.0646 -0.7568 0.6504
vn -0.4059 -0.3533 0.8429
vn 0.8042 -0.4399 -0.3996
vn -0.9506 0.1331 -0.2805
vn -0.9680 -0.0555 -0.2448
vn -0.8295 0.4099 0.3793
vn -0.8620 0.2390 0.4470
vn 0.7613 0.1911 0.6196
vn 0.9105 -0.2513 0.3283
vn 0.5355 0.5116 0.6720
vn -0.2567 0.2827 0.9242
vn -0.8347 0.4004 0.3781
vn -0.8579 0.1006 0.5038
vn -0.8922 -0.4492 -0.0458
vn -0.9766 -0.1442 -0.1595
vn -0.5534 -0.5883 -0.5896
vn 0.8019 -0.5484 -0.2371
vn 0.6296 -0.7631 -0.1457
vn -0.9477 -0.3131 -0.0613
vn 0.1864 -0.1579 0.9697
vn 0.5238 0.2609 0.8109
vn 0.5116 0.5322 0.6746
vn 0.6018 -0.5634 0.5661
vn -0.6693 -0.7368 -0.0953
vn -0.8272 -0.5399 0.1557
vn 0.9745 0.0475 0.2194
vn -0.9682 -0.1187 -0.2202
vn -0.7055 -0.5537 -0.4425
vn -0.8653 -0.3209 0.3851
vn -0.6727 -0.1928 0.7144
vn -0.9530 0.1464 -0.2651
vn -0.6408 -0.7321 0.2309
vn 0.8708 0.4916 0.0031
vn -0.2124 -0.9652 0.1524
vn -0.9573 -0.2691 0.1060
vn -0.9620 -0.2372 0.1351
vn -0.8458 -0.3434 -0.4083
vn -0.8577 -0.4278 -0.2853
vn -0.7619 -0.5136 -0.3945
vn -0.7849 -0.4588 -0.4165
vn -0.9316 -0.3078 0.1934
vn -0.9099 -0.3579 0.2098
vn 0.5752 -0.5394 0.6150
vn 0.6549 -0.4424 0.6127
vn 0.1319 -0.0491 0.9900
vn -0.0687 -0.2339 0.9698
vn 0.5246 -0.4557 -0.7191
vn 0.4957 -0.3413 -0.7986
vn 0.9625 -0.1978 -0.1857
vn 0.9653 -0.2038 -0.1631
vn -0.3216 -0.2273 -0.9192
vn 0.4742 0.0573 -0.8786
vn 0.5126 -0.0806 -0.8548
vn -0.2916 -0.3719 -0.8813
vn -0.5858 0.1538 0.7958
vn -0.7353 -0.0562 0.6754
vn -0.6049 -0.6139 -0.5072
vn -0.4030 -0.6023 -0.6891
vn 0.2194 -0.7986 -0.5604
vn -0.1112 -0.8691 -0.4819
vn -0.8628 -0.4567 -0.2166
vn 0.6349 -0.7710 -0.0485
vn 0.4001 -0.9164 -0.0117
vn 0.8476 -0.0288 0.5298
vn 0.8591 0.2451 0.4492
vn 0.9723 0.0775 -0.2204
vn -0.9843 0.1458 0.0995
vn -0.9566 0.2753 0.0951
vn -0.5796 0.3274 0.7463
vn -0.6025 0.1159 0.7897
vn 0.8105 -0.1278 0.5716
vn 0.8375 0.0779 0.5408
vn 0.9837 -0.0821 -0.1600
vn 0.9636 -0.2374 -0.1227
vn -0.2499 -0.3731 -0.8935
vn 0.4456 -0.6295 -0.6365
vn -0.7156 -0.6077 -0.3444
vn -0.5150 -0.7895 -0.3338
vn 0.9324 0.2559 -0.2552
vn 0.8960 0.3907 -0.2110
vn 0.4365 0.0946 -0.8947
vn -0.2169 -0.0312 -0.9757
vn -0.2582 -0.0557 -0.9645
vn -0.8218 0.0862 -0.5632
vn -0.8045 0.1365 -0.5781
vn -0.3412 -0.3760 0.8615
vn -0.8395 -0.2062 0.5027
vn 0.1865 0.4310 0.8829
vn -0.6665 0.0406 0.7444
vn 0.2271 0.5181 0.8246
vn -0.9871 -0.0478 0.1527
vn -0.9623 0.2539 0.0973
vn -0.8344 -0.2268 -0.5023
vn -0.5846 0.3660 0.7241
vn 0.2109 0.2393 0.9478
vn 0.1604 0.4957 0.8536
vn 0.7974 0.4776 0.3689
vn -0.9784 -0.1431 0.1489
vn -0.6547 0.1998 0.7290
vn -0.6051 -0.0206 0.7959
vn 0.1741 0.3798 0.9086
vn -0.6241 0.0723 0.7780
vn -0.9022 -0.4305 0.0280
vn -0.9369 -0.3451 0.0567
vn -0.8456 -0.5071 -0.1667
vn -0.7777 -0.6132 -0.1385
vn -0.8374 -0.5382 0.0949
vn -0.9987 0.0181 0.0470
vn -0.6484 -0.0613 0.7588
vn 0.7761 0.5548 0.2997
vn 0.7878 0.5015 0.3576
vn -0.2203 -0.5760 -0.7872
vn 0.5391 -0.2081 -0.8161
vn -0.2484 -0.4399 -0.8630
vn -0.6225 -0.7811 -0.0489
vn -0.6623 -0.7352 0.1444
vn 0.7661 -0.3286 0.5524
vn 0.9049 -0.4160 -0.0899
vn 0.1184 -0.2238 0.9674
vn -0.9518 -0.2416 0.1888
vn 0.9773 -0.0892 -0.1923
vn 0.8427 0.0889 0.5310
vn 0.8348 -0.0113 0.5504
vn 0.7865 -0.3055 -0.5367
vn 0.9042 -0.4237 -0.0549
vn 0.7580 -0.6515 -0.0319
vn 0.9080 0.3227 -0.2671
vn 0.5381 0.1723 0.8251
vn 0.8375 -0.2563 0.4825
vn 0.1862 0.2541 0.9491
vn 0.1864 0.3017 0.9350
vn -0.2221 -0.3392 -0.9141
vn -0.8115 -0.0782 -0.5791
vn -0.9315 -0.3205 0.1722
vn 0.5679 -0.1348 -0.8120
vn 0.5205 -0.1355 -0.8431
vn -0.4241 -0.3172 -0.8483
vn -0.8378 -0.4238 -0.3442
vn -0.2692 -0.3425 -0.9001
vn 0.4424 0.0828 -0.8930
vn -0.1723 -0.9848 -0.0239
vn 0.1800 -0.0167 0.9835
vn -0.5829 -0.1683 0.7949
vn 0.8829 0.3173 0.3461
vn 0.9818 0.1405 -0.1281
vn 0.8475 0.4277 -0.3144
vn -0.6978 -0.5005 0.5124
vn -0.8864 -0.3541 0.2981
vn -0.2494 -0.8533 0.4580
vn 0.3198 -0.7106 0.6267
vn -0.1887 -0.1534 -0.9700
vn -0.8052 0.0471 -0.5912
vn 0.1700 0.0034 0.9854
vn -0.8385 -0.2993 -0.4554
vn 0.5836 -0.2746 -0.7642
vn 0.5411 -0.4867 -0.6858
vn 0.8048 0.4305 0.4086
vn 0.1497 0.1273 0.9805
vn -0.6256 0.1012 0.7735
vn -0.8179 -0.3964 -0.4170
vn 0.9960 -0.0834 0.0315
vn 0.9415 0.0055 0.3369
vn -0.0760 -0.1789 -0.9809
vn -0.0859 -0.0687 -0.9939
vn 0.1313 0.2603 0.9566
vn -0.1046 0.0870 0.9907
vn 0.3843 0.3445 0.8565
vn -0.8728 0.1626 0.4602
vn -0.8459 0.3636 0.3903
vn -0.7114 0.4431 0.5455
vn -0.7451 0.2122 0.6323
vn -0.9785 0.1879 0.0848
vn -0.9165 0.2132 0.3386
vn -0.9481 0.2293 0.2202
vn -0.9703 -0.1689 0.1730
vn -0.1347 0.2890 0.9478
vn -0.1848 0.5876 0.7878
vn 0.2697 0.6522 0.7085
vn 0.2996 0.3379 0.8922
vn -0.4380 0.5302 0.7260
vn -0.4363 0.2595 0.8616
vn 0.6093 0.0064 -0.7929
vn 0.6793 0.1569 -0.7169
vn 0.2764 0.1634 -0.9471
vn 0.2201 0.0257 -0.9751
vn 0.8904 0.1249 -0.4377
vn 0.7956 0.1539 -0.5859
vn -0.2891 0.1626 -0.9434
vn -0.2687 0.0480 -0.9620
vn -0.9279 0.1415 0.3450
vn -0.9191 0.2801 0.2773
vn 0.7792 0.4231 0.4625
vn 0.7232 0.3006 0.6218
vn -0.6446 0.0626 -0.7619
vn -0.6632 0.1166 -0.7393
vn -0.7402 0.0752 -0.6682
vn -0.8899 0.1086 -0.4429
vn 0.8643 0.3264 0.3827
vn 0.9240 0.2824 0.2577
vn -0.9870 0.1503 0.0562
vn 0.9237 0.1161 -0.3650
vn 0.8748 0.2075 -0.4378
vn 0.9441 -0.0905 -0.3170
vn 0.2708 0.3009 -0.9144
vn 0.3037 0.2147 -0.9282
vn -0.2497 0.2198 -0.9431
vn -0.2859 0.3272 -0.9007
vn -0.8800 0.4615 0.1120
vn -0.8913 0.4519 -0.0361
vn -0.6742 0.7378 0.0339
vn -0.7530 0.6264 0.2016
vn 0.1302 0.8863 0.4445
vn 0.0384 0.9444 0.3265
vn 0.6897 0.7124 0.1297
vn 0.7019 0.6434 0.3056
vn -0.7050 0.2858 -0.6491
vn -0.7018 0.2390 -0.6711
vn -0.9154 0.2852 -0.2840
vn -0.9049 0.1024 -0.4132
vn 0.9555 0.2927 0.0375
vn 0.9536 0.2625 0.1476
vn -0.3930 0.8041 0.4461
vn -0.2822 0.9091 0.3063
vn -0.2216 0.9130 0.3427
vn -0.2453 0.8559 0.4552
vn -0.9433 0.3278 -0.0524
vn 0.9578 0.2130 -0.1930
vn -0.3444 0.9087 0.2358
vn -0.5420 0.7660 0.3457
vn 0.6876 0.2550 -0.6799
vn 0.7407 0.2081 -0.6388
vn 0.8964 -0.4405 -0.0504
vn 0.6355 -0.7701 0.0551
vn 0.5107 -0.7767 -0.3687
vn 0.7190 -0.4113 -0.5602
vn 0.2906 -0.4339 -0.8528
vn 0.2020 -0.8124 -0.5470
vn -0.1051 -0.8022 -0.5878
vn -0.1955 -0.4259 -0.8834
vn -0.9330 -0.3228 -0.1591
vn -0.5062 -0.8604 -0.0596
vn -0.4553 -0.8716 -0.1814
vn -0.9244 -0.2789 -0.2601
vn 0.0413 0.9361 0.3494
vn 0.5418 0.8074 0.2335
vn -0.6237 -0.4020 -0.6704
vn -0.4292 -0.7687 -0.4742
vn -0.6393 -0.7423 -0.2007
vn -0.8632 -0.3876 -0.3236
vn 0.7142 -0.6611 -0.2298
vn 0.3332 -0.9317 -0.1444
vn 0.4793 -0.8678 0.1312
vn 0.8037 -0.5940 0.0358
vn 0.1573 -0.9836 -0.0885
vn 0.0909 -0.9897 -0.1109
vn 0.0330 -0.9967 -0.0740
vn 0.0809 -0.9938 -0.0760
vn -0.9280 -0.3610 -0.0920
vn -0.6194 -0.7849 0.0158
vn 0.0111 -0.9970 -0.0764
vn -0.0111 -0.9986 -0.0521
vn -0.0391 -0.9981 -0.0476
vn -0.0238 -0.9967 -0.0778
vn -0.5390 0.8345 0.1145
vn -0.2321 0.9382 0.2568
vn 0.2996 -0.9407 -0.1590
vn 0.8644 -0.5021 0.0268
vn 0.8821 -0.4641 -0.0807
vn 0.3007 -0.9493 -0.0917
vn 0.3075 -0.9480 -0.0823
vn -0.0278 -0.9987 0.0420
vn 0.3180 -0.9382 0.1364
vn -0.4013 -0.9129 0.0749
vn -0.0733 -0.9952 0.0647
vn -0.2734 -0.9591 0.0731
vn 0.0261 -0.9996 -0.0070
vn -0.1525 0.8915 0.4266
vn -0.3728 0.8929 0.2525
vn 0.1511 0.8937 0.4224
vn -0.0472 0.9100 0.4118
vn -0.9143 0.3857 0.1237
vn -0.8897 0.4426 0.1119
vn -0.3530 0.9312 0.0909
vn -0.4692 0.8677 0.1638
vn -0.1847 0.9263 0.3284
vn -0.1699 0.9146 0.3669
vn 0.8115 -0.5669 -0.1420
vn -0.9349 0.3046 -0.1822
vn -0.9260 0.3751 -0.0420
vn -0.4434 -0.8916 -0.0919
vn 0.2696 -0.9397 0.2105
vn -0.4444 -0.8932 0.0686
vn -0.0531 -0.9949 0.0861
vn 0.3258 -0.9258 0.1916
vn -0.3250 -0.9417 0.0868
vn -0.2991 -0.9529 0.0497
vn 0.1311 -0.9638 0.2323
vn -0.3863 -0.9045 0.1805
vn -0.3545 0.9331 0.0612
vn -0.3014 0.9331 0.1961
vn 0.3877 0.9105 0.1437
vn 0.4023 0.9155 0.0068
vn 0.3153 -0.8047 0.5030
vn -0.2253 -0.7055 0.6720
vn -0.1632 -0.9244 0.3447
vn 0.2384 -0.9242 0.2983
vn 0.8758 -0.4701 -0.1097
vn 0.8900 -0.4062 -0.2071
vn 0.2659 -0.9325 -0.2444
vn 0.2959 -0.9546 -0.0345
vn 0.2439 -0.9387 0.2436
vn -0.1856 -0.9321 0.3111
vn -0.1612 -0.3110 0.9367
vn 0.3990 -0.3905 0.8297
vn -0.9038 0.4276 0.0171
vn -0.8595 0.5059 0.0724
vn 0.7439 -0.6235 0.2407
vn 0.2333 -0.9682 0.0908
vn -0.6487 0.4648 0.6027
vn -0.2616 0.0040 0.9652
vn -0.1979 0.4790 0.8552
vn -0.3942 0.7572 0.5208
vn 0.5612 0.6872 0.4614
vn 0.4445 0.4101 0.7964
vn 0.5106 -0.1799 0.8408
vn 0.9110 0.1892 0.3665
vn -0.2586 -0.9601 0.1060
vn -0.7617 -0.5137 0.3949
vn 0.9042 0.4254 -0.0379
vn 0.9219 0.3784 -0.0830
vn -0.3751 -0.8985 -0.2281
vn -0.3556 -0.9346 0.0119
vn -0.9468 -0.2924 -0.1345
vn -0.9252 -0.3793 -0.0084
vn 0.8028 -0.1542 0.5759
vn -0.6508 0.1612 0.7419
vn -0.8690 0.4492 0.2076
vn -0.9416 -0.3009 -0.1515
vn -0.8966 -0.4374 0.0686
vn -0.7334 0.4591 0.5014
vn 0.8784 -0.4063 -0.2518
vn 0.9359 0.3395 0.0941
vn 0.8748 0.3021 0.3788
vn 0.8296 -0.5578 -0.0239
vn -0.2924 0.8881 0.3547
vn -0.1265 0.7922 0.5970
vn 0.2924 0.7719 0.5645
vn 0.4282 0.8536 0.2967
vn -0.4275 -0.7628 -0.4852
vn -0.3916 -0.8755 -0.2832
vn 0.2679 -0.8138 -0.5156
vn 0.2833 -0.9141 -0.2899
vn -0.8568 0.4637 0.2256
vn -0.9148 -0.3474 0.2061
vn 0.9085 0.4178 -0.0007
vn 0.3876 0.9175 0.0895
vn -0.2458 0.9305 0.2718
vn -0.6620 0.0749 0.7457
vn 0.8590 -0.0866 0.5047
vn 0.0163 0.1580 0.9873
vn -0.3235 0.1905 0.9269
vn 0.3500 0.2511 0.9025
vn 0.0367 0.4101 0.9113
vn -0.3058 0.7959 0.5225
vn 0.4382 0.7581 0.4831
vn 0.8564 0.4427 0.2657
vn -0.6464 0.6341 0.4244
vn -0.5738 0.6347 0.5175
vn -0.7451 0.3068 0.5922
vn 0.2480 -0.9108 0.3300
vn 0.9309 -0.0441 0.3625
vn -0.2484 0.7094 0.6596
vn 0.7726 0.4713 0.4255
vn 0.4159 0.6234 0.6621
vn -0.2080 -0.8691 0.4488
vn -0.1477 0.9409 0.3047
vn -0.3394 0.9137 0.2233
vn 0.1949 0.9329 0.3028
vn -0.1555 0.9058 0.3942
vn 0.3545 0.9095 0.2170
vn -0.3824 0.8902 0.2478
vn 0.1727 0.9177 0.3578
vn 0.4275 0.8572 0.2870
vn -0.9353 -0.3436 -0.0845
vn 0.9749 0.2215 0.0216
vn 0.9848 0.0333 -0.1704
vn -0.8976 -0.4282 0.1044
vn -0.8887 -0.4478 0.0985
vn 0.9208 0.3458 0.1803
vn 0.7879 -0.0645 -0.6124
vn 0.3223 -0.0632 -0.9445
vn -0.9407 -0.0209 -0.3387
vn -0.9952 0.0448 -0.0866
vn 0.9950 -0.1000 0.0043
vn 0.9879 -0.0940 -0.1232
vn -0.9807 0.1555 -0.1183
vn -0.2273 -0.0745 -0.9710
vn -0.6926 -0.0645 -0.7184
vn -0.2070 0.7934 0.5724
vn -0.1107 0.8523 0.5113
vn -0.2774 0.7095 0.6478
vn -0.3480 -0.8333 0.4296
vn -0.0197 -0.9308 0.3649
vn -0.0344 -0.8658 0.4991
vn -0.0475 -0.8905 0.4525
vn 0.8495 0.3057 0.4300
vn -0.3073 0.4620 0.8319
vn -0.9607 -0.2775 -0.0051
vn -0.0603 -0.8989 0.4340
vn 0.9188 -0.3501 0.1824
vn 0.9170 0.3507 0.1901
vn -0.0320 0.8478 0.5294
vn -0.1696 0.8089 0.5629
vn -0.9176 0.3962 0.0308
vn -0.9336 -0.2974 0.1998
vn 0.0902 -0.6546 0.7505
vn 0.9457 -0.3118 0.0916
vn 0.0135 -0.4389 0.8984
vn 0.8340 -0.3996 0.3804
vn -0.1393 0.8645 0.4830
vn -0.9190 0.3942 0.0068
vn 0.9096 0.3500 0.2238
vn -0.3661 -0.6114 0.7016
vn 0.9133 -0.3332 0.2342
vn -0.9574 -0.2850 0.0472
vn 0.1355 0.7823 0.6080
vn -0.8993 0.4094 0.1538
vn 0.9648 0.2521 0.0747
vn -0.1043 -0.9914 0.0792
vn -0.0213 -0.9914 0.1291
vn 0.0664 -0.9848 0.1602
vn 0.2176 -0.9599 0.1767
vn 0.2787 -0.9478 0.1550
vn 0.0555 -0.9863 0.1557
vn -0.0542 -0.9857 0.1596
vn -0.2647 -0.9536 0.1436
vn -0.3197 -0.9462 -0.0489
vn -0.1115 -0.9738 -0.1981
vn 0.0960 -0.9763 -0.1940
vn 0.2554 -0.9547 -0.1528
vn -0.8653 0.1378 -0.4820
vn -0.8966 0.2726 -0.3491
vn 0.8661 0.4934 0.0803
vn 0.8393 0.4574 -0.2938
vn -0.3508 0.9363 0.0170
vn -0.3299 0.9388 0.0991
vn 0.3652 0.9189 0.1490
vn 0.3906 0.9161 0.0902
vn 0.2664 -0.7235 0.6368
vn -0.4135 -0.6899 0.5942
vn -0.1853 -0.9414 0.2820
vn 0.1417 -0.9373 0.3183
vn 0.8857 -0.4367 0.1574
vn 0.9240 -0.3724 -0.0867
vn 0.3191 -0.9181 -0.2351
vn 0.2864 -0.9556 0.0690
vn 0.2200 -0.9360 0.2749
vn -0.2584 -0.9285 0.2667
vn -0.3787 -0.2866 0.8800
vn 0.3023 -0.2949 0.9064
vn -0.8974 0.4377 -0.0554
vn -0.8676 0.4915 -0.0759
vn 0.6666 -0.6201 0.4136
vn 0.2402 -0.9545 0.1768
vn -0.7680 0.4954 0.4060
vn -0.4236 -0.7534 0.5029
vn -0.3942 0.4943 0.7748
vn -0.5099 0.7771 0.3690
vn 0.5266 0.7106 0.4667
vn 0.3832 0.4252 0.8200
vn 0.3141 -0.7833 0.5364
vn 0.8841 0.1869 0.4282
vn -0.2990 -0.9472 0.1158
vn -0.7665 -0.5825 0.2706
vn 0.8997 0.4314 0.0658
vn 0.9148 0.3780 0.1422
vn -0.3654 -0.8800 -0.3034
vn -0.3677 -0.9296 -0.0243
vn -0.9209 -0.2931 -0.2569
vn -0.9251 -0.3720 -0.0756
vn 0.6909 0.0039 0.7230
vn -0.7689 0.1735 0.6154
vn -0.8763 0.4724 0.0947
vn -0.9203 -0.3050 -0.2451
vn -0.8851 -0.4653 0.0061
vn -0.7278 0.5013 0.4680
vn 0.9239 -0.3642 -0.1175
vn 0.8924 0.3952 0.2177
vn 0.6921 0.3991 0.6015
vn 0.8435 -0.5142 0.1550
vn -0.3187 0.9092 0.2680
vn -0.1689 0.7945 0.5833
vn 0.1320 0.7786 0.6135
vn 0.3435 0.8863 0.3108
vn -0.3845 -0.7813 -0.4917
vn -0.3543 -0.9045 -0.2374
vn 0.3831 -0.8116 -0.4410
vn 0.3344 -0.9243 -0.1841
vn -0.7800 0.0946 0.6185
vn 0.7300 0.0669 0.6802
vn 0.0257 0.4771 0.8785
vn -0.2894 0.3711 0.8823
vn 0.2801 0.2824 0.9175
vn -0.0102 0.4863 0.8737
vn -0.4192 0.8176 0.3948
vn 0.4021 0.7828 0.4749
vn 0.8547 0.4100 0.3184
vn -0.7576 0.6082 0.2369
vn -0.6850 0.6358 0.3557
vn -0.7654 0.4864 0.4213
vn 0.8837 0.0696 0.4629
vn -0.3662 0.7418 0.5618
vn 0.7250 0.4899 0.4841
vn 0.3237 0.6631 0.6749
vn -0.3542 0.9346 0.0322
vn -0.3242 0.9406 0.1006
vn 0.3934 0.9026 0.1748
vn 0.4016 0.9114 0.0900
vn 0.1925 -0.7220 0.6646
vn -0.4824 -0.6824 0.5492
vn -0.2248 -0.9380 0.2638
vn 0.0973 -0.9364 0.3371
vn 0.8881 -0.4437 0.1200
vn 0.9258 -0.3772 -0.0247
vn 0.3538 -0.9151 -0.1932
vn 0.2930 -0.9550 0.0470
vn 0.1751 -0.9362 0.3046
vn -0.3000 -0.9233 0.2397
vn -0.4698 -0.2749 0.8389
vn 0.2089 -0.2942 0.9327
vn -0.9042 0.4268 0.0138
vn -0.8737 0.4839 -0.0504
vn 0.6100 -0.6227 0.4900
vn 0.2079 -0.9543 0.2148
vn -0.7991 0.5168 0.3072
vn -0.4900 -0.7358 0.4675
vn -0.4626 0.5078 0.7267
vn -0.5320 0.7919 0.2997
vn 0.4857 0.7007 0.5226
vn 0.3056 0.4239 0.8526
vn 0.2451 -0.7889 0.5635
vn 0.8324 0.1691 0.5277
vn -0.3186 -0.9432 0.0940
vn -0.7970 -0.5744 0.1869
vn 0.9102 0.3938 0.1286
vn 0.9195 0.3699 0.1330
vn -0.3549 -0.9064 -0.2290
vn -0.3710 -0.9283 0.0238
vn -0.9331 -0.3154 -0.1728
vn -0.9292 -0.3683 0.0314
vn 0.6117 -0.0034 0.7911
vn -0.8283 0.1876 0.5280
vn -0.8808 0.4719 0.0384
vn -0.9065 -0.3251 -0.2692
vn -0.8866 -0.4580 -0.0644
vn -0.7643 0.5177 0.3846
vn 0.9306 -0.3646 -0.0326
vn 0.8819 0.3866 0.2699
vn 0.6532 0.4047 0.6399
vn 0.8453 -0.4881 0.2171
vn -0.3303 0.9099 0.2511
vn -0.2021 0.8067 0.5553
vn 0.1379 0.7955 0.5900
vn 0.3416 0.8766 0.3388
vn -0.3571 -0.8205 -0.4464
vn -0.3446 -0.9133 -0.2172
vn 0.4033 -0.8373 -0.3692
vn 0.3591 -0.9263 -0.1136
vn -0.8355 0.1362 0.5323
vn 0.6570 0.0423 0.7527
vn -0.1041 0.4564 0.8837
vn -0.4086 0.3713 0.8337
vn 0.2002 0.2954 0.9342
vn -0.0801 0.4953 0.8650
vn -0.4417 0.8316 0.3366
vn 0.3666 0.7742 0.5160
vn 0.8208 0.3894 0.4180
vn -0.7681 0.6256 0.1366
vn -0.7050 0.6563 0.2688
vn -0.7962 0.5107 0.3243
vn 0.8258 0.0505 0.5618
vn -0.4023 0.7573 0.5144
vn 0.6777 0.4719 0.5639
vn 0.2689 0.6564 0.7048
vn -0.3312 0.9434 0.0140
vn -0.3319 0.9368 0.1105
vn 0.3719 0.9127 0.1691
vn 0.4202 0.9071 0.0254
vn 0.2421 -0.7233 0.6467
vn -0.4333 -0.6923 0.5771
vn -0.1940 -0.9417 0.2750
vn 0.1297 -0.9368 0.3251
vn 0.9006 -0.4331 0.0374
vn 0.9324 -0.3493 -0.0927
vn 0.3585 -0.9028 -0.2377
vn 0.2939 -0.9555 0.0256
vn 0.2104 -0.9345 0.2871
vn -0.2757 -0.9257 0.2591
vn -0.4104 -0.2883 0.8651
vn 0.2688 -0.2952 0.9168
vn -0.9003 0.4329 0.0445
vn -0.8778 0.4764 -0.0493
vn 0.6359 -0.6247 0.4531
vn 0.2222 -0.9535 0.2036
vn -0.7830 0.4985 0.3720
vn -0.4449 -0.7488 0.4913
vn -0.4206 0.4965 0.7593
vn -0.5209 0.7798 0.3471
vn 0.5047 0.7108 0.4899
vn 0.3503 0.4274 0.8334
vn 0.2950 -0.7828 0.5480
vn 0.8631 0.1901 0.4679
vn -0.3021 -0.9465 0.1134
vn -0.7771 -0.5829 0.2371
vn 0.9027 0.4217 0.0854
vn 0.9314 0.3622 0.0345
vn -0.3423 -0.9015 -0.2648
vn -0.3601 -0.9327 0.0184
vn -0.9235 -0.3276 -0.1993
vn -0.9193 -0.3890 0.0591
vn 0.6526 0.0001 0.7577
vn -0.7963 0.1678 0.5811
vn -0.8847 0.4622 0.0614
vn -0.9069 -0.3241 -0.2693
vn -0.8863 -0.4617 -0.0345
vn -0.7492 0.5114 0.4210
vn 0.9263 -0.3753 -0.0324
vn 0.8695 0.3812 0.3141
vn 0.6448 0.3883 0.6584
vn 0.8127 -0.5364 0.2276
vn -0.3418 0.8989 0.2742
vn -0.2096 0.7844 0.5837
vn 0.0795 0.7587 0.6466
vn 0.3204 0.8757 0.3613
vn -0.3459 -0.8032 -0.4851
vn -0.3481 -0.9083 -0.2319
vn 0.4213 -0.8185 -0.3906
vn 0.3288 -0.9336 -0.1425
vn -0.8044 0.0995 0.5857
vn 0.6955 0.0686 0.7153
vn -0.0821 0.4391 0.8947
vn -0.3760 0.3282 0.8666
vn 0.3191 0.2112 0.9239
vn 0.0227 0.4262 0.9044
vn -0.4320 0.8204 0.3746
vn 0.3831 0.7825 0.4909
vn 0.8386 0.4110 0.3575
vn -0.7659 0.6104 0.2020
vn -0.6974 0.6383 0.3257
vn -0.7836 0.4856 0.3875
vn 0.8615 0.0718 0.5027
vn -0.3841 0.7447 0.5458
vn 0.6994 0.4910 0.5194
vn 0.2944 0.6612 0.6900
vn -0.3063 0.9519 0.0083
vn -0.3486 0.9277 0.1335
vn 0.3923 0.9028 0.1763
vn 0.3900 0.9206 0.0179
vn 0.2367 -0.7247 0.6471
vn -0.4273 -0.6941 0.5794
vn -0.1899 -0.9409 0.2804
vn 0.1249 -0.9359 0.3293
vn 0.9151 -0.4033 -0.0038
vn 0.9296 -0.3609 -0.0753
vn 0.3523 -0.9144 -0.1996
vn 0.3316 -0.9405 0.0737
vn 0.2108 -0.9332 0.2911
vn -0.2797 -0.9228 0.2651
vn -0.4067 -0.2876 0.8671
vn 0.2649 -0.2939 0.9184
vn -0.8951 0.4454 0.0198
vn -0.8764 0.4808 -0.0270
vn 0.5917 -0.6404 0.4896
vn 0.1795 -0.9419 0.2837
vn -0.7824 0.4992 0.3724
vn -0.4462 -0.7471 0.4927
vn -0.4190 0.4975 0.7596
vn -0.5196 0.7803 0.3481
vn 0.5034 0.7115 0.4903
vn 0.3492 0.4284 0.8334
vn 0.2957 -0.7815 0.5494
vn 0.8622 0.1919 0.4689
vn -0.2737 -0.9412 0.1983
vn -0.7543 -0.5959 0.2756
vn 0.9037 0.4214 0.0755
vn 0.9326 0.3605 -0.0164
vn -0.3541 -0.9082 -0.2233
vn -0.3563 -0.9314 0.0746
vn -0.9340 -0.3193 -0.1603
vn -0.9137 -0.4027 0.0550
vn 0.6300 -0.0171 0.7764
vn -0.7897 0.1489 0.5952
vn -0.8970 0.4152 0.1517
vn -0.9123 -0.3701 -0.1751
vn -0.8403 -0.5339 0.0941
vn -0.7310 0.4917 0.4731
vn 0.9218 -0.3775 -0.0887
vn 0.8918 0.3851 0.2373
vn 0.6710 0.4075 0.6195
vn 0.8269 -0.5199 0.2142
vn -0.3583 0.8771 0.3198
vn -0.1856 0.7864 0.5891
vn 0.1813 0.7910 0.5844
vn 0.3434 0.8622 0.3724
vn -0.3748 -0.8367 -0.3994
vn -0.3084 -0.9452 -0.1076
vn 0.3689 -0.8420 -0.3936
vn 0.3402 -0.9378 -0.0699
vn -0.8005 0.1142 0.5883
vn 0.6820 0.0849 0.7264
vn -0.2826 0.3290 0.9010
vn -0.5318 0.2571 0.8069
vn 0.4383 0.1457 0.8870
vn 0.1746 0.2877 0.9417
vn -0.4314 0.8204 0.3754
vn 0.3822 0.7832 0.4904
vn 0.8374 0.4130 0.3580
vn -0.7656 0.6105 0.2029
vn -0.6935 0.6388 0.3332
vn -0.7865 0.4815 0.3868
vn 0.8608 0.0733 0.5036
vn -0.3797 0.7433 0.5508
vn 0.6884 0.4945 0.5306
vn 0.2821 0.6600 0.6963
vn -0.9359 0.3460 0.0667
vn -0.8985 -0.1908 -0.3954
vn 0.9240 0.3331 0.1877
vn 0.9914 -0.0171 0.1294
vn -0.6963 -0.6906 0.1956
vn -0.8625 -0.4433 0.2441
vn -0.4377 0.8681 0.2341
vn -0.1750 0.9636 0.2023
vn 0.4574 0.8729 0.1697
vn 0.6567 0.7311 0.1849
vn 0.8126 0.5414 0.2161
vn 0.9238 0.2791 0.2619
vn 0.3231 -0.9090 0.2633
vn -0.0295 -0.9793 0.2002
vn -0.4694 -0.8644 0.1803
vn 0.1475 0.9735 0.1746
vn 0.2983 0.9402 0.1644
vn -0.9593 -0.0391 0.2797
vn -0.8040 0.5102 0.3054
vn -0.5877 0.7658 0.2610
vn 0.6220 -0.7203 0.3071
vn 0.8905 -0.2917 0.3490
vn 0.6962 -0.6439 0.3172
vn -0.2494 -0.9514 0.1806
vn -0.0132 0.9827 0.1849
vn -0.2676 0.5079 0.8188
vn -0.1346 0.5560 0.8202
vn -0.2291 -0.5835 0.7791
vn -0.3331 -0.5315 0.7788
vn 0.2237 -0.4056 0.8862
vn 0.0655 -0.5404 0.8389
vn -0.1252 -0.5817 0.8037
vn 0.4516 0.2009 0.8693
vn 0.4302 -0.1454 0.8910
vn -0.4651 0.2777 0.8406
vn -0.3369 0.3954 0.8545
vn 0.1286 0.5792 0.8050
vn 0.2148 0.5429 0.8118
vn 0.2482 -0.3484 0.9039
vn 0.3286 0.4705 0.8189
vn 0.3974 0.3489 0.8487
vn 0.0414 0.5812 0.8127
vn -0.4998 -0.2893 0.8164
vn -0.5611 -0.0645 0.8252
vn -0.0500 0.5766 0.8155
vn -0.4406 -0.4523 0.7754
vt 0.639870 0.137584
vt 0.768983 0.343743
vt 0.640332 0.139810
vt 0.767616 0.338925
vt 0.641784 0.143144
vt 0.763906 0.332567
vt 0.597406 0.225754
vt 0.647350 0.148925
vt 0.751271 0.325705
vt 0.634063 0.208172
vt 0.653159 0.152196
vt 0.739531 0.325234
vt 0.660263 0.153535
vt 0.728245 0.331353
vt 0.666599 0.155489
vt 0.673372 0.150377
vt 0.673231 0.144154
vt 0.671152 0.139531
vt 0.667239 0.134875
vt 0.662501 0.131217
vt 0.657284 0.128466
vt 0.653184 0.127669
vt 0.648622 0.127326
vt 0.638986 0.128785
vt 0.636074 0.133921
vt 0.635814 0.138407
vt 0.636759 0.141774
vt 0.638913 0.145067
vt 0.607986 0.225777
vt 0.645226 0.151297
vt 0.624117 0.206982
vt 0.652340 0.154833
vt 0.660391 0.156102
vt 0.665179 0.153230
vt 0.723474 0.338960
vt 0.669995 0.149324
vt 0.722099 0.349188
vt 0.669622 0.145064
vt 0.722461 0.357204
vt 0.668032 0.141615
vt 0.725550 0.363756
vt 0.665033 0.137546
vt 0.732679 0.369965
vt 0.660615 0.134154
vt 0.742122 0.372685
vt 0.656152 0.132122
vt 0.750247 0.372076
vt 0.653083 0.131417
vt 0.755032 0.370385
vt 0.649687 0.131347
vt 0.759989 0.367513
vt 0.643019 0.132967
vt 0.767802 0.357470
vt 0.640667 0.134925
vt 0.768983 0.351111
vt 0.631170 0.133234
vt 0.632008 0.138125
vt 0.632648 0.142911
vt 0.634539 0.146304
vt 0.641703 0.154307
vt 0.659330 0.200777
vt 0.650469 0.158731
vt 0.660072 0.159986
vt 0.669980 0.163912
vt 0.679631 0.159523
vt 0.683526 0.151338
vt 0.680730 0.142573
vt 0.676931 0.135727
vt 0.673298 0.131680
vt 0.667661 0.126801
vt 0.661648 0.121566
vt 0.654076 0.119116
vt 0.645699 0.118542
vt 0.637157 0.119788
vt 0.629613 0.122899
vt 0.624121 0.127668
vt 0.622668 0.133466
vt 0.623006 0.139596
vt 0.624402 0.145992
vt 0.626881 0.150851
vt 0.654779 0.213042
vt 0.634869 0.160635
vt 0.634427 0.192664
vt 0.646029 0.165738
vt 0.658699 0.166146
vt 0.667731 0.159267
vt 0.675196 0.155909
vt 0.677287 0.150637
vt 0.676128 0.144170
vt 0.673325 0.138430
vt 0.669867 0.134311
vt 0.664980 0.130112
vt 0.659632 0.126554
vt 0.653663 0.124577
vt 0.647378 0.123823
vt 0.640871 0.124631
vt 0.635387 0.126516
vt 0.632365 0.129595
vt 0.637267 0.131137
vt 0.641797 0.133979
vt 0.768613 0.354305
vt 0.642566 0.127787
vt 0.645162 0.132201
vt 0.765857 0.361453
vt 0.670534 0.152978
vt 0.668077 0.151340
vt 0.721971 0.344963
vt 0.615780 0.206641
vt 0.614120 0.183064
vt 0.629923 0.240556
vt 0.612639 0.167150
vt 0.616415 0.159381
vt 0.613818 0.148962
vt 0.613262 0.140486
vt 0.613663 0.132673
vt 0.614676 0.123966
vt 0.610026 0.116724
vt 0.608050 0.111781
vt 0.606911 0.106451
vt 0.597820 0.206527
vt 0.598368 0.181008
vt 0.609065 0.244453
vt 0.598732 0.164045
vt 0.598937 0.154540
vt 0.599092 0.147317
vt 0.599253 0.139794
vt 0.599414 0.132298
vt 0.599563 0.125365
vt 0.599698 0.119042
vt 0.599819 0.113403
vt 0.599928 0.108365
vt 0.544601 0.778045
vt 0.543123 0.780015
vt 0.536592 0.780802
vt 0.606897 0.073029
vt 0.536534 0.783997
vt 0.609481 0.071688
vt 0.538535 0.789434
vt 0.612991 0.067742
vt 0.543665 0.790045
vt 0.611009 0.063312
vt 0.547595 0.788471
vt 0.607655 0.061041
vt 0.549869 0.786079
vt 0.604534 0.060555
vt 0.552454 0.783319
vt 0.600964 0.060038
vt 0.537798 0.773418
vt 0.600633 0.075444
vt 0.536672 0.777760
vt 0.604475 0.074304
vt 0.542093 0.781661
vt 0.541421 0.783551
vt 0.541387 0.785169
vt 0.542825 0.784257
vt 0.544254 0.782834
vt 0.545709 0.781145
vt 0.546915 0.779558
vt 0.539375 0.781267
vt 0.541297 0.775789
vt 0.539628 0.778792
vt 0.539022 0.783805
vt 0.540195 0.787053
vt 0.543132 0.786702
vt 0.545718 0.785335
vt 0.547471 0.783403
vt 0.549319 0.781196
vt 0.602120 0.104804
vt 0.609750 0.100595
vt 0.602068 0.101234
vt 0.502690 0.304314
vt 0.601373 0.098659
vt 0.504614 0.308819
vt 0.602111 0.093711
vt 0.504614 0.317205
vt 0.602973 0.088869
vt 0.605636 0.101922
vt 0.495099 0.303864
vt 0.603542 0.083613
vt 0.604032 0.080423
vt 0.604615 0.077423
vt 0.599998 0.105092
vt 0.611393 0.102677
vt 0.600069 0.101763
vt 0.600127 0.099039
vt 0.600245 0.093551
vt 0.600351 0.088599
vt 0.608367 0.099364
vt 0.490292 0.309898
vt 0.600458 0.083612
vt 0.600521 0.080700
vt 0.600585 0.077686
vt 0.607441 0.206926
vt 0.607056 0.181603
vt 0.596992 0.244997
vt 0.606673 0.164900
vt 0.605534 0.148276
vt 0.605057 0.140306
vt 0.605236 0.132532
vt 0.605291 0.125141
vt 0.602688 0.107753
vt 0.604042 0.118725
vt 0.603303 0.113165
vt 0.606749 0.156859
vt 0.606154 0.103828
vt 0.611526 0.096773
vt 0.614623 0.096448
vt 0.612248 0.091110
vt 0.616075 0.088264
vt 0.608998 0.088195
vt 0.611164 0.084552
vt 0.605529 0.088810
vt 0.606566 0.083812
vt 0.609301 0.096137
vt 0.490375 0.316214
vt 0.608867 0.092815
vt 0.493525 0.320843
vt 0.607351 0.091464
vt 0.496543 0.322051
vt 0.604460 0.091697
vt 0.500925 0.320776
vt 0.499927 0.312742
vt 0.501280 0.313985
vt 0.501338 0.317572
vt 0.496438 0.313272
vt 0.494649 0.315151
vt 0.494142 0.317104
vt 0.495680 0.318947
vt 0.497589 0.319391
vt 0.499111 0.319094
vt 0.607311 0.076368
vt 0.622125 0.062910
vt 0.619020 0.080508
vt 0.623746 0.075583
vt 0.606642 0.049195
vt 0.609745 0.037032
vt 0.617830 0.056214
vt 0.612155 0.051865
vt 0.601247 0.046747
vt 0.618734 0.101148
vt 0.621003 0.093207
vt 0.628424 0.084831
vt 0.631584 0.077216
vt 0.633871 0.069212
vt 0.637399 0.055043
vt 0.627043 0.045270
vt 0.617669 0.040097
vt 0.601514 0.034242
vt 0.611187 0.075397
vt 0.613731 0.107640
vt 0.612028 0.079922
vt 0.621971 0.070808
vt 0.607010 0.080236
vt 0.497992 0.316863
vt 0.615280 0.073668
vt 0.613945 0.302543
vt 0.002293 0.184713
vt 0.646404 0.294842
vt 0.009708 0.147406
vt 0.696724 0.266437
vt 0.042627 0.086310
vt 0.712799 0.251992
vt 0.061538 0.067152
vt 0.728212 0.234766
vt 0.085148 0.050311
vt 0.742300 0.214810
vt 0.113026 0.037175
vt 0.752728 0.192842
vt 0.142437 0.027546
vt 0.758259 0.171337
vt 0.170299 0.020867
vt 0.498190 0.802712
vt 0.230516 0.095104
vt 0.225444 0.013012
vt 0.756419 0.127131
vt 0.734547 0.077473
vt 0.291310 0.010004
vt 0.719892 0.059496
vt 0.318880 0.010037
vt 0.688847 0.033697
vt 0.366843 0.009618
vt 0.671341 0.024006
vt 0.390298 0.008012
vt 0.654360 0.016447
vt 0.412040 0.005906
vt 0.637258 0.011489
vt 0.432745 0.002593
vt 0.474494 0.002099
vt 0.602000 0.011417
vt 0.474494 0.410079
vt 0.612254 0.282625
vt 0.640007 0.275664
vt 0.681667 0.253118
vt 0.695456 0.240464
vt 0.709018 0.224988
vt 0.722127 0.206416
vt 0.731748 0.186887
vt 0.736368 0.168662
vt 0.190125 0.104288
vt 0.733530 0.129651
vt 0.711725 0.083794
vt 0.695593 0.067795
vt 0.666088 0.044077
vt 0.649167 0.035563
vt 0.634539 0.029555
vt 0.621623 0.026579
vt 0.601716 0.024724
vt 0.595742 0.303123
vt 0.000369 0.206010
vt 0.596172 0.283147
vt 0.198558 0.016301
vt 0.759470 0.148844
vt 0.736673 0.149129
vt 0.616941 0.009775
vt 0.456880 0.000369
vt 0.612637 0.025427
vt 0.653784 0.061182
vt 0.676280 0.089848
vt 0.693878 0.103432
vt 0.713690 0.135318
vt 0.188366 0.093444
vt 0.717361 0.152146
vt 0.716151 0.166869
vt 0.710826 0.181033
vt 0.701666 0.198653
vt 0.690394 0.215552
vt 0.679402 0.229630
vt 0.668514 0.240367
vt 0.634615 0.257668
vt 0.610380 0.263191
vt 0.596598 0.263324
vt 0.617659 0.111461
vt 0.644619 0.210130
vt 0.626742 0.168779
vt 0.647224 0.197096
vt 0.640635 0.175081
vt 0.654529 0.177417
vt 0.669449 0.177547
vt 0.687693 0.173547
vt 0.700456 0.154043
vt 0.697542 0.138793
vt 0.693280 0.130883
vt 0.690159 0.125519
vt 0.679771 0.117226
vt 0.668176 0.109393
vt 0.655334 0.108107
vt 0.643281 0.109276
vt 0.632105 0.112403
vt 0.622693 0.117570
vt 0.626770 0.104150
vt 0.640520 0.099148
vt 0.655734 0.094702
vt 0.706111 0.045679
vt 0.342140 0.010763
vt 0.685573 0.056814
vt 0.703089 0.116256
vt 0.722118 0.100645
vt 0.745519 0.095736
vt 0.265762 0.010579
vt 0.665962 0.071877
vt 0.650834 0.082078
vt 0.636536 0.088617
vt 0.627015 0.095882
vt 0.637953 0.079641
vt 0.644315 0.073094
vt 0.728314 0.114508
vt 0.751992 0.110036
vt 0.246821 0.011800
vt 0.708408 0.124824
vt 0.186497 0.082198
vt 0.182223 0.066751
vt 0.176387 0.046019
vt 0.200082 0.042602
vt 0.202705 0.065925
vt 0.527254 0.771294
vt 0.671959 0.151689
vt 0.669040 0.150333
vt 0.721954 0.347117
vt 0.681632 0.155471
vt 0.676255 0.153259
vt 0.697952 0.164258
vt 0.680530 0.190961
vt 0.673001 0.206910
vt 0.665439 0.219767
vt 0.658539 0.229063
vt 0.622835 0.176218
vt 0.621995 0.186642
vt 0.637195 0.182946
vt 0.651364 0.186319
vt 0.665873 0.187741
vt 0.652803 0.221374
vt 0.662956 0.288208
vt 0.017196 0.127960
vt 0.653569 0.270477
vt 0.645901 0.253494
vt 0.640134 0.237806
vt 0.630324 0.299404
vt 0.005128 0.165890
vt 0.635976 0.223092
vt 0.626512 0.224005
vt 0.626610 0.279733
vt 0.623026 0.260936
vt 0.619790 0.242783
vt 0.617459 0.224892
vt 0.680125 0.278428
vt 0.028017 0.106800
vt 0.667659 0.263023
vt 0.657279 0.248011
vt 0.649489 0.234355
vt 0.645379 0.222209
vt 0.525267 0.786095
vt 0.518805 0.779490
vt 0.513020 0.777188
vt 0.506637 0.778246
vt 0.502262 0.781895
vt 0.500859 0.787152
vt 0.502081 0.790764
vt 0.505234 0.793887
vt 0.511324 0.797826
vt 0.516966 0.798806
vt 0.523151 0.797194
vt 0.525829 0.793449
vt 0.530189 0.785794
vt 0.521795 0.776608
vt 0.513139 0.773576
vt 0.504784 0.775027
vt 0.498608 0.779535
vt 0.497098 0.786986
vt 0.498808 0.792536
vt 0.502413 0.796838
vt 0.510314 0.802238
vt 0.518445 0.803471
vt 0.526260 0.801425
vt 0.530391 0.796821
vt 0.521971 0.786380
vt 0.517034 0.781340
vt 0.513084 0.779825
vt 0.508191 0.780704
vt 0.505269 0.783031
vt 0.504429 0.787238
vt 0.505467 0.789781
vt 0.507421 0.792427
vt 0.511890 0.795272
vt 0.515969 0.795988
vt 0.520148 0.794426
vt 0.522165 0.791888
vt 0.519347 0.786640
vt 0.515518 0.783076
vt 0.513119 0.782249
vt 0.509763 0.782721
vt 0.508369 0.783894
vt 0.507572 0.787056
vt 0.508123 0.788810
vt 0.509390 0.790719
vt 0.512441 0.792684
vt 0.514795 0.793352
vt 0.517947 0.792007
vt 0.519321 0.790171
vt 0.510167 0.788365
vt 0.511825 0.784647
vt 0.514201 0.790183
vt 0.515308 0.786689
vt 0.463345 0.024865
vt 0.463347 0.387304
vt 0.444292 0.020356
vt 0.450679 0.049478
vt 0.450682 0.362681
vt 0.429756 0.046937
vt 0.437665 0.078799
vt 0.437671 0.333349
vt 0.413238 0.076777
vt 0.429212 0.099571
vt 0.429220 0.312570
vt 0.853861 0.011297
vt 0.406664 0.097275
vt 0.840323 0.011785
vt 0.420158 0.024557
vt 0.397410 0.027891
vt 0.406883 0.048146
vt 0.389583 0.077020
vt 0.382349 0.098005
vt 0.825913 0.009691
vt 0.374398 0.030414
vt 0.383578 0.050197
vt 0.365760 0.077261
vt 0.358990 0.094366
vt 0.351074 0.031651
vt 0.360859 0.050721
vt 0.343326 0.077552
vt 0.336042 0.092763
vt 0.304501 0.031044
vt 0.338814 0.049420
vt 0.320920 0.077102
vt 0.313156 0.090740
vt 0.327891 0.031328
vt 0.316434 0.048303
vt 0.298969 0.076129
vt 0.295324 0.091417
vt 0.293789 0.048386
vt 0.280038 0.032058
vt 0.278334 0.075306
vt 0.276050 0.087538
vt 0.271556 0.049875
vt 0.260457 0.075086
vt 0.259682 0.086270
vt 0.257445 0.034162
vt 0.251599 0.052962
vt 0.247790 0.075433
vt 0.246025 0.086027
vt 0.535796 0.786001
vt 0.218284 0.056149
vt 0.244852 0.096048
vt 0.200970 0.080561
vt 0.513262 0.768141
vt 0.201412 0.090682
vt 0.502375 0.768145
vt 0.490845 0.771843
vt 0.204844 0.100631
vt 0.489594 0.784860
vt 0.215563 0.101567
vt 0.492816 0.794626
vt 0.223477 0.099242
vt 0.259353 0.096548
vt 0.509452 0.807985
vt 0.236707 0.085631
vt 0.520005 0.809478
vt 0.240163 0.076123
vt 0.529824 0.806617
vt 0.239223 0.065689
vt 0.535796 0.800212
vt 0.233895 0.057884
vt 0.421636 0.061431
vt 0.444309 0.063652
vt 0.444313 0.348502
vt 0.398359 0.062256
vt 0.374644 0.063531
vt 0.351619 0.064132
vt 0.329269 0.063573
vt 0.307073 0.062801
vt 0.285255 0.062767
vt 0.264972 0.063538
vt 0.249341 0.064904
vt 0.214268 0.112302
vt 0.239523 0.036103
vt 0.222455 0.037870
vt 0.224116 0.109894
vt 0.203474 0.113745
vt 0.233809 0.107468
vt 0.246195 0.107053
vt 0.190517 0.116460
vt 0.260046 0.107666
vt 0.126393 0.058389
vt 0.151905 0.050815
vt 0.080866 0.082222
vt 0.137912 0.075825
vt 0.160540 0.069777
vt 0.147746 0.090301
vt 0.167759 0.085096
vt 0.154748 0.101666
vt 0.171913 0.096746
vt 0.159587 0.111911
vt 0.174815 0.107818
vt 0.163493 0.122206
vt 0.176958 0.119411
vt 0.102156 0.068805
vt 0.096519 0.095368
vt 0.116096 0.084328
vt 0.109368 0.106918
vt 0.127571 0.097592
vt 0.119845 0.116685
vt 0.136956 0.108441
vt 0.128661 0.124373
vt 0.143989 0.117227
vt 0.136575 0.132116
vt 0.149813 0.126095
vt 0.063117 0.098277
vt 0.038301 0.135271
vt 0.049002 0.116277
vt 0.030450 0.153372
vt 0.022270 0.187513
vt 0.025090 0.170417
vt 0.021716 0.206014
vt 0.038665 0.189526
vt 0.079879 0.109104
vt 0.093711 0.118847
vt 0.105159 0.127226
vt 0.115347 0.133551
vt 0.125023 0.139698
vt 0.038139 0.206017
vt 0.054337 0.191249
vt 0.042161 0.173889
vt 0.053809 0.206020
vt 0.057478 0.176798
vt 0.068461 0.192564
vt 0.068047 0.206023
vt 0.071460 0.179312
vt 0.081937 0.193648
vt 0.081357 0.206025
vt 0.084817 0.181429
vt 0.095319 0.194557
vt 0.094695 0.206027
vt 0.098254 0.183185
vt 0.108993 0.195276
vt 0.108417 0.206029
vt 0.111677 0.184541
vt 0.122786 0.195819
vt 0.122169 0.206032
vt 0.124966 0.185597
vt 0.136023 0.196091
vt 0.135411 0.206034
vt 0.137918 0.186226
vt 0.148081 0.196030
vt 0.147518 0.206036
vt 0.149675 0.186351
vt 0.158539 0.195836
vt 0.157628 0.206037
vt 0.160243 0.186213
vt 0.167661 0.195664
vt 0.165783 0.206038
vt 0.169957 0.185943
vt 0.176946 0.195423
vt 0.174462 0.206040
vt 0.179608 0.185574
vt 0.187685 0.195070
vt 0.185881 0.206041
vt 0.190354 0.185003
vt 0.199418 0.194645
vt 0.197462 0.206043
vt 0.202227 0.184163
vt 0.212217 0.194062
vt 0.210436 0.206045
vt 0.214899 0.183239
vt 0.225853 0.193822
vt 0.223692 0.206046
vt 0.228319 0.182319
vt 0.240256 0.193533
vt 0.237794 0.206048
vt 0.242491 0.181168
vt 0.255327 0.193028
vt 0.252439 0.206050
vt 0.257408 0.179715
vt 0.270633 0.192155
vt 0.267355 0.206051
vt 0.272822 0.177896
vt 0.286577 0.190947
vt 0.283084 0.206053
vt 0.287967 0.178492
vt 0.303807 0.191085
vt 0.300658 0.206054
vt 0.304388 0.178863
vt 0.321524 0.192014
vt 0.320798 0.206056
vt 0.321480 0.180178
vt 0.338502 0.193142
vt 0.338867 0.206057
vt 0.337905 0.182240
vt 0.055938 0.141849
vt 0.047926 0.158196
vt 0.126577 0.153058
vt 0.070862 0.147825
vt 0.063014 0.162399
vt 0.083778 0.152972
vt 0.076575 0.166181
vt 0.096609 0.156433
vt 0.089830 0.169162
vt 0.108965 0.159422
vt 0.103016 0.171420
vt 0.120956 0.162496
vt 0.115970 0.173326
vt 0.132712 0.164963
vt 0.128743 0.174957
vt 0.143917 0.166433
vt 0.140850 0.176046
vt 0.154592 0.166745
vt 0.152038 0.176357
vt 0.165354 0.166801
vt 0.162631 0.176465
vt 0.175553 0.166457
vt 0.172642 0.176246
vt 0.185580 0.165280
vt 0.182605 0.175633
vt 0.196306 0.163521
vt 0.193469 0.174458
vt 0.207620 0.161666
vt 0.205104 0.173113
vt 0.219664 0.159803
vt 0.217457 0.171734
vt 0.232469 0.157802
vt 0.230577 0.170213
vt 0.245993 0.155530
vt 0.244428 0.168338
vt 0.260336 0.153836
vt 0.259066 0.166122
vt 0.274983 0.153111
vt 0.274238 0.164263
vt 0.289072 0.153288
vt 0.288733 0.165066
vt 0.305502 0.154524
vt 0.304991 0.166572
vt 0.322198 0.157051
vt 0.321687 0.168618
vt 0.338141 0.160977
vt 0.337729 0.171657
vt 0.136052 0.156264
vt 0.066419 0.124907
vt 0.080963 0.132839
vt 0.093265 0.139579
vt 0.104866 0.144359
vt 0.116142 0.148822
vt 0.146110 0.157268
vt 0.156673 0.157185
vt 0.167889 0.156985
vt 0.178128 0.156304
vt 0.188246 0.154327
vt 0.198888 0.152159
vt 0.209891 0.149893
vt 0.221572 0.147666
vt 0.234056 0.145255
vt 0.247236 0.143315
vt 0.261167 0.142172
vt 0.275492 0.141520
vt 0.290228 0.141115
vt 0.306528 0.141951
vt 0.323141 0.145228
vt 0.339136 0.149941
vt 0.133342 0.145585
vt 0.143029 0.140241
vt 0.138885 0.150227
vt 0.166861 0.133228
vt 0.146710 0.148576
vt 0.154808 0.135991
vt 0.157431 0.146817
vt 0.169077 0.145548
vt 0.190773 0.129378
vt 0.178631 0.131713
vt 0.179467 0.144672
vt 0.190049 0.142326
vt 0.202761 0.126678
vt 0.213505 0.124645
vt 0.201054 0.139887
vt 0.212033 0.137561
vt 0.224145 0.122237
vt 0.223375 0.135094
vt 0.235135 0.120001
vt 0.235099 0.132687
vt 0.247463 0.119100
vt 0.247843 0.131261
vt 0.260889 0.119088
vt 0.261291 0.130651
vt 0.274675 0.097746
vt 0.290852 0.099392
vt 0.274309 0.108845
vt 0.274970 0.119446
vt 0.275397 0.130417
vt 0.289230 0.109689
vt 0.290158 0.119733
vt 0.290440 0.130326
vt 0.308415 0.098163
vt 0.330776 0.100839
vt 0.306333 0.109369
vt 0.307902 0.119663
vt 0.307623 0.130617
vt 0.351478 0.105002
vt 0.326443 0.111963
vt 0.325359 0.122691
vt 0.324281 0.133739
vt 0.369310 0.112881
vt 0.815542 0.015429
vt 0.345673 0.116368
vt 0.342424 0.127436
vt 0.340495 0.138681
vt 0.843485 0.021874
vt 0.362242 0.124377
vt 0.808670 0.019902
vt 0.358349 0.134752
vt 0.803623 0.024398
vt 0.355916 0.144950
vt 0.799053 0.028806
vt 0.488013 0.521219
vt 0.354301 0.155503
vt 0.489682 0.527865
vt 0.353385 0.165848
vt 0.491551 0.534234
vt 0.353177 0.175336
vt 0.493458 0.540003
vt 0.353476 0.184412
vt 0.495318 0.545507
vt 0.354129 0.194156
vt 0.497156 0.551442
vt 0.354913 0.206057
vt 0.498842 0.558807
vt 0.855751 0.022407
vt 0.845032 0.034381
vt 0.857606 0.033528
vt 0.846697 0.049938
vt 0.860051 0.048745
vt 0.839337 0.069581
vt 0.862785 0.066895
vt 0.830814 0.023924
vt 0.834206 0.037636
vt 0.836873 0.052372
vt 0.848862 0.067885
vt 0.822330 0.027332
vt 0.815699 0.030594
vt 0.809764 0.033942
vt 0.804649 0.037532
vt 0.498917 0.520996
vt 0.500505 0.527066
vt 0.502314 0.532909
vt 0.503973 0.538298
vt 0.505494 0.543644
vt 0.507104 0.549753
vt 0.509002 0.557900
vt 0.826602 0.040179
vt 0.820191 0.042599
vt 0.814238 0.045122
vt 0.809039 0.047665
vt 0.510296 0.519962
vt 0.511994 0.525239
vt 0.513736 0.530647
vt 0.515190 0.536116
vt 0.516342 0.541822
vt 0.517803 0.548587
vt 0.519976 0.556971
vt 0.829432 0.054121
vt 0.823045 0.055562
vt 0.817256 0.057049
vt 0.521692 0.517859
vt 0.812109 0.058667
vt 0.524004 0.522569
vt 0.526226 0.527701
vt 0.527752 0.533637
vt 0.528680 0.540058
vt 0.529626 0.547339
vt 0.531499 0.556091
vt 0.831776 0.070626
vt 0.825181 0.070975
vt 0.819110 0.071194
vt 0.533433 0.513110
vt 0.813308 0.071462
vt 0.536723 0.517604
vt 0.539746 0.522495
vt 0.541698 0.529293
vt 0.542849 0.537502
vt 0.543450 0.546108
vt 0.545162 0.555205
vt 0.841773 0.090931
vt 0.865754 0.088556
vt 0.851866 0.089863
vt 0.833429 0.091087
vt 0.826220 0.089911
vt 0.819104 0.088195
vt 0.812549 0.086174
vt 0.545121 0.504822
vt 0.550583 0.509130
vt 0.555292 0.514562
vt 0.558314 0.522778
vt 0.560780 0.533297
vt 0.561338 0.543484
vt 0.561773 0.554418
vt 0.837691 0.116837
vt 0.868945 0.114110
vt 0.853465 0.116189
vt 0.820590 0.118041
vt 0.810727 0.115331
vt 0.802680 0.111718
vt 0.796625 0.107643
vt 0.564580 0.486721
vt 0.570099 0.491125
vt 0.574836 0.499140
vt 0.579523 0.508756
vt 0.582806 0.523715
vt 0.583449 0.538519
vt 0.584470 0.553788
vt 0.836646 0.159794
vt 0.873473 0.154199
vt 0.855567 0.156663
vt 0.808082 0.161765
vt 0.951095 0.451034
vt 0.798792 0.147057
vt 0.932813 0.444278
vt 0.787282 0.134849
vt 0.914056 0.443823
vt 0.777572 0.126114
vt 0.577452 0.464761
vt 0.900093 0.446536
vt 0.586716 0.471315
vt 0.887803 0.450289
vt 0.595970 0.476757
vt 0.876900 0.455363
vt 0.610898 0.486300
vt 0.859721 0.467036
vt 0.614405 0.512416
vt 0.616779 0.534059
vt 0.618124 0.553490
vt 0.834442 0.193328
vt 0.877310 0.189525
vt 0.857119 0.191519
vt 0.970705 0.485815
vt 0.802324 0.196936
vt 0.649176 0.470551
vt 0.859058 0.511495
vt 0.648893 0.504465
vt 0.649880 0.531122
vt 0.651021 0.553468
vt 0.836387 0.224766
vt 0.880838 0.222223
vt 0.860398 0.223083
vt 0.807648 0.227757
vt 0.679618 0.478548
vt 0.681466 0.508088
vt 0.682957 0.532862
vt 0.684004 0.553476
vt 0.838800 0.259098
vt 0.884388 0.255124
vt 0.861872 0.257095
vt 0.813585 0.261872
vt 0.716341 0.485148
vt 0.716400 0.511093
vt 0.717751 0.533587
vt 0.718500 0.553488
vt 0.864470 0.543816
vt 0.973972 0.518335
vt 0.876141 0.541331
vt 0.890931 0.537593
vt 0.903139 0.533121
vt 0.915471 0.530409
vt 0.928945 0.526997
vt 0.941944 0.524821
vt 0.842019 0.294794
vt 0.888107 0.289586
vt 0.863981 0.292268
vt 0.820001 0.296923
vt 0.751893 0.491105
vt 0.751205 0.513632
vt 0.752191 0.534111
vt 0.752765 0.553496
vt 0.845129 0.333149
vt 0.891935 0.325043
vt 0.866895 0.328720
vt 0.826146 0.334627
vt 0.789139 0.497118
vt 0.786886 0.517035
vt 0.786186 0.536562
vt 0.785712 0.553501
vt 0.485487 0.538708
vt 0.848960 0.377559
vt 0.896807 0.370157
vt 0.872064 0.368883
vt 0.831271 0.371055
vt 0.487275 0.518030
vt 0.823184 0.500485
vt 0.482692 0.473006
vt 0.816797 0.520584
vt 0.485743 0.449566
vt 0.814624 0.537855
vt 0.486462 0.430115
vt 0.487275 0.412544
vt 0.813138 0.553502
vt 0.487275 0.914550
vt 0.941408 0.471414
vt 0.926809 0.472912
vt 0.915973 0.474060
vt 0.906435 0.475170
vt 0.897211 0.478612
vt 0.887813 0.484192
vt 0.871270 0.487975
vt 0.950088 0.494954
vt 0.934914 0.500406
vt 0.999631 0.500464
vt 0.777532 0.211620
vt 0.670712 0.443823
vt 0.828931 0.535655
vt 0.900817 0.507253
vt 0.806014 0.336036
vt 0.792915 0.475893
vt 0.781461 0.233956
vt 0.691165 0.451908
vt 0.811359 0.370784
vt 0.828193 0.479458
vt 0.483520 0.496692
vt 0.798572 0.299962
vt 0.756458 0.469587
vt 0.956349 0.521993
vt 0.789780 0.265952
vt 0.722586 0.460890
vt 0.396648 0.468926
vt 0.412959 0.492483
vt 0.996670 0.527365
vt 0.840251 0.559485
vt 0.894916 0.662656
vt 0.983989 0.641417
vt 0.906145 0.659562
vt 0.917412 0.656323
vt 0.928369 0.653016
vt 0.938900 0.649616
vt 0.949529 0.646431
vt 0.960661 0.643951
vt 0.972218 0.642152
vt 0.995677 0.641796
vt 0.883621 0.665462
vt 0.990080 0.735075
vt 0.998654 0.736019
vt 0.923303 0.750893
vt 0.930897 0.749394
vt 0.937757 0.748823
vt 0.944596 0.747116
vt 0.952442 0.744438
vt 0.960583 0.740172
vt 0.968475 0.736543
vt 0.975427 0.734595
vt 0.981921 0.733387
vt 0.955991 0.613711
vt 0.898650 0.631764
vt 0.945586 0.616308
vt 0.933563 0.619717
vt 0.992298 0.614430
vt 0.873589 0.639671
vt 0.886753 0.635938
vt 0.909477 0.627772
vt 0.920837 0.623819
vt 0.967807 0.612750
vt 0.978933 0.613270
vt 0.433937 0.510813
vt 0.389754 0.418196
vt 0.389754 0.908898
vt 0.385090 0.443750
vt 0.454742 0.521217
vt 0.455583 0.542798
vt 0.877875 0.416298
vt 0.455900 0.582692
vt 0.886170 0.402970
vt 0.888343 0.430554
vt 0.447680 0.599599
vt 0.892179 0.412175
vt 0.449415 0.617404
vt 0.904104 0.437701
vt 0.449415 0.709690
vt 0.901422 0.412878
vt 0.442222 0.591155
vt 0.431410 0.613830
vt 0.900019 0.399888
vt 0.431609 0.637319
vt 0.431610 0.689774
vt 0.391625 0.640675
vt 0.365672 0.430163
vt 0.411233 0.662858
vt 0.466989 0.568173
vt 0.866164 0.404069
vt 0.880339 0.390134
vt 0.449561 0.570885
vt 0.898660 0.387313
vt 0.423617 0.651098
vt 0.423618 0.675996
vt 0.374422 0.418119
vt 0.425715 0.663178
vt 0.374422 0.908974
vt 0.425715 0.663916
vt 0.424295 0.575190
vt 0.414875 0.645400
vt 0.460404 0.472260
vt 0.457256 0.499157
vt 0.432888 0.466784
vt 0.424627 0.478776
vt 0.429178 0.452711
vt 0.414122 0.459359
vt 0.426639 0.434445
vt 0.407913 0.439359
vt 0.425924 0.414942
vt 0.425924 0.912151
vt 0.405790 0.416373
vt 0.405790 0.910720
vt 0.445041 0.469680
vt 0.439954 0.492635
vt 0.445253 0.431294
vt 0.445648 0.414170
vt 0.445648 0.912923
vt 0.444931 0.449544
vt 0.462033 0.430598
vt 0.461142 0.413630
vt 0.461142 0.913463
vt 0.461762 0.449231
vt 0.388935 0.658565
vt 0.346437 0.443631
vt 0.402086 0.613355
vt 0.414970 0.593575
vt 0.432680 0.548757
vt 0.435017 0.529293
vt 0.360267 0.457413
vt 0.414985 0.517747
vt 0.392475 0.499878
vt 0.374897 0.479221
vt 0.360698 0.639399
vt 0.389343 0.578131
vt 0.361773 0.653927
vt 0.321769 0.458155
vt 0.366604 0.613656
vt 0.378985 0.594668
vt 0.401220 0.556346
vt 0.405031 0.538520
vt 0.333320 0.469129
vt 0.381371 0.524452
vt 0.361739 0.507520
vt 0.346489 0.488241
vt 0.338519 0.629478
vt 0.335696 0.580238
vt 0.337968 0.644916
vt 0.297981 0.469465
vt 0.338137 0.612631
vt 0.337090 0.596279
vt 0.333674 0.564852
vt 0.330957 0.550967
vt 0.305950 0.483482
vt 0.327147 0.536992
vt 0.321162 0.520020
vt 0.313620 0.500944
vt 0.290623 0.629450
vt 0.287710 0.587182
vt 0.290737 0.642793
vt 0.255472 0.492739
vt 0.290014 0.614832
vt 0.289014 0.600621
vt 0.285999 0.574480
vt 0.283597 0.562259
vt 0.261654 0.504892
vt 0.280005 0.549639
vt 0.274748 0.535327
vt 0.268331 0.519578
vt 0.247853 0.631861
vt 0.243160 0.595816
vt 0.248676 0.642848
vt 0.216835 0.511036
vt 0.246596 0.619688
vt 0.245020 0.607629
vt 0.240972 0.584029
vt 0.238354 0.572346
vt 0.221329 0.521516
vt 0.235183 0.560519
vt 0.231212 0.547919
vt 0.226379 0.534330
vt 0.213962 0.636052
vt 0.208749 0.602088
vt 0.214963 0.646914
vt 0.184879 0.523570
vt 0.212586 0.624352
vt 0.210806 0.612959
vt 0.206391 0.591303
vt 0.203752 0.580591
vt 0.188908 0.533857
vt 0.200792 0.569831
vt 0.197341 0.558520
vt 0.193319 0.546046
vt 0.028451 0.655100
vt 0.024049 0.637951
vt 0.014434 0.597565
vt 0.029392 0.660196
vt 0.027018 0.649442
vt 0.025384 0.643688
vt 0.022926 0.632161
vt 0.021915 0.626344
vt 0.016247 0.602471
vt 0.020843 0.620628
vt 0.019565 0.614765
vt 0.018009 0.608463
vt 0.922790 0.502923
vt 0.911172 0.506135
vt 0.872255 0.511961
vt 0.889393 0.510473
vt 0.980749 0.621176
vt 0.982406 0.634706
vt 0.924176 0.631979
vt 0.927122 0.645878
vt 0.887893 0.643595
vt 0.892223 0.656443
vt 0.935372 0.627927
vt 0.938277 0.642371
vt 0.947281 0.624615
vt 0.949319 0.639101
vt 0.959391 0.636837
vt 0.957573 0.622401
vt 0.994202 0.635150
vt 0.880537 0.659344
vt 0.993048 0.621952
vt 0.876260 0.646726
vt 0.971217 0.635152
vt 0.969388 0.621060
vt 0.919277 0.645378
vt 0.917213 0.635782
vt 0.899171 0.651533
vt 0.896235 0.642391
vt 0.905980 0.649740
vt 0.903087 0.640366
vt 0.912971 0.647571
vt 0.910624 0.637887
vt 0.892812 0.645549
vt 0.894799 0.651423
vt 0.920642 0.636414
vt 0.922262 0.643707
vt 0.651429 0.346654
vt 0.660269 0.360059
vt 0.648662 0.346148
vt 0.652567 0.344134
vt 0.653291 0.350894
vt 0.655739 0.349464
vt 0.651130 0.351812
vt 0.655458 0.356443
vt 0.658495 0.354874
vt 0.652958 0.357762
vt 0.846026 0.855579
vt 0.840284 0.868755
vt 0.621737 0.360849
vt 0.844823 0.858543
vt 0.620611 0.364186
vt 0.617896 0.371652
vt 0.847926 0.852741
vt 0.842024 0.865131
vt 0.619042 0.368280
vt 0.843617 0.861742
vt 0.852765 0.858740
vt 0.845740 0.872827
vt 0.627644 0.360780
vt 0.625896 0.365023
vt 0.623726 0.369331
vt 0.852056 0.862717
vt 0.850996 0.866306
vt 0.853277 0.854944
vt 0.622655 0.372414
vt 0.849090 0.869722
vt 0.858728 0.866535
vt 0.857342 0.870640
vt 0.630471 0.365272
vt 0.855144 0.873806
vt 0.626375 0.373948
vt 0.858300 0.856431
vt 0.859458 0.860941
vt 0.627707 0.370957
vt 0.632486 0.359132
vt 0.850640 0.876161
vt 0.881343 0.834602
vt 0.869676 0.841119
vt 0.907808 0.830137
vt 0.913105 0.832662
vt 0.894794 0.830232
vt 0.901743 0.829542
vt 0.896726 0.835963
vt 0.893083 0.837842
vt 0.907950 0.835549
vt 0.904486 0.836597
vt 0.888301 0.831828
vt 0.912442 0.839001
vt 0.877555 0.842273
vt 0.881486 0.842119
vt 0.872992 0.847051
vt 0.875326 0.837586
vt 0.875208 0.840113
vt 0.883829 0.836426
vt 0.905151 0.829497
vt 0.911417 0.833244
vt 0.878136 0.836152
vt 0.896735 0.832266
vt 0.891478 0.830757
vt 0.872233 0.841821
vt 0.908742 0.832382
vt 0.900359 0.831825
vt 0.631731 0.385498
vt 0.864710 0.844308
vt 0.887447 0.834745
vt 0.677118 0.353947
vt 0.676247 0.351344
vt 0.680529 0.356232
vt 0.667906 0.361227
vt 0.675059 0.368160
vt 0.665618 0.356871
vt 0.659070 0.365781
vt 0.665890 0.377171
vt 0.657259 0.361725
vt 0.650009 0.372422
vt 0.652327 0.383094
vt 0.647690 0.366801
vt 0.673433 0.356443
vt 0.671274 0.353024
vt 0.677944 0.360286
vt 0.642064 0.376239
vt 0.641397 0.382478
vt 0.639362 0.374390
vt 0.647320 0.359798
vt 0.649851 0.359395
vt 0.643481 0.363608
vt 0.647322 0.356210
vt 0.644587 0.356107
vt 0.648915 0.353647
vt 0.871452 0.873157
vt 0.868900 0.870169
vt 0.872447 0.867050
vt 0.876044 0.873164
vt 0.864909 0.881310
vt 0.867254 0.878545
vt 0.694925 0.377194
vt 0.906065 0.822495
vt 0.691144 0.376186
vt 0.680206 0.398625
vt 0.889985 0.823128
vt 0.677331 0.394156
vt 0.651418 0.409772
vt 0.874571 0.829176
vt 0.651250 0.403667
vt 0.632516 0.376764
vt 0.629229 0.379524
vt 0.865273 0.852547
vt 0.667268 0.339388
vt 0.642317 0.342833
vt 0.879208 0.889450
vt 0.861626 0.874002
vt 0.859201 0.877108
vt 0.673055 0.340862
vt 0.918993 0.857320
vt 0.670515 0.343004
vt 0.630087 0.372867
vt 0.628099 0.375841
vt 0.861611 0.855590
vt 0.673684 0.347331
vt 0.676994 0.346482
vt 0.917926 0.848182
vt 0.634636 0.381929
vt 0.630698 0.382573
vt 0.865852 0.848340
vt 0.682103 0.352181
vt 0.918010 0.838349
vt 0.657439 0.342123
vt 0.663111 0.340498
vt 0.666638 0.334971
vt 0.920329 0.869147
vt 0.873107 0.882927
vt 0.870332 0.884802
vt 0.654345 0.363344
vt 0.872092 0.890663
vt 0.638144 0.340289
vt 0.883478 0.872428
vt 0.645404 0.349201
vt 0.891645 0.869238
vt 0.861503 0.885082
vt 0.635876 0.349281
vt 0.874038 0.887883
vt 0.687625 0.374631
vt 0.674789 0.390396
vt 0.652520 0.398201
vt 0.640071 0.355911
vt 0.868019 0.887805
vt 0.636669 0.343873
vt 0.646682 0.338721
vt 0.636705 0.370940
vt 0.874081 0.855216
vt 0.879848 0.863651
vt 0.885238 0.883208
vt 0.991737 0.757717
vt 0.644171 0.327343
vt 0.869449 0.875366
vt 0.999631 0.758721
vt 0.932947 0.771599
vt 0.650400 0.326513
vt 0.958481 0.766889
vt 0.907270 0.887000
vt 0.640532 0.349326
vt 0.899831 0.891844
vt 0.965901 0.762458
vt 0.888626 0.860475
vt 0.897022 0.858000
vt 0.905225 0.858096
vt 0.660162 0.347595
vt 0.885248 0.852056
vt 0.895322 0.849197
vt 0.904910 0.848025
vt 0.662992 0.352553
vt 0.639385 0.362277
vt 0.884589 0.839667
vt 0.889136 0.837763
vt 0.901303 0.835236
vt 0.639691 0.344871
vt 0.897839 0.865825
vt 0.653837 0.335863
vt 0.904094 0.871317
vt 0.895313 0.878563
vt 0.945435 0.770630
vt 0.659995 0.325234
vt 0.920880 0.884266
vt 0.978820 0.756769
vt 0.887999 0.900174
vt 0.939646 0.770552
vt 0.655609 0.325913
vt 0.984213 0.755581
vt 0.638019 0.326868
vt 0.884063 0.904561
vt 0.893094 0.896626
vt 0.972957 0.758663
vt 0.951283 0.769340
vt 0.914753 0.884750
vt 0.665684 0.345307
vt 0.635474 0.356474
vt 0.853611 0.879809
vt 0.864037 0.869622
vt 0.913132 0.857584
vt 0.668730 0.349336
vt 0.634089 0.365892
vt 0.865704 0.861427
vt 0.912759 0.848061
vt 0.874054 0.844084
vt 0.911347 0.836213
vt 0.660244 0.334701
vt 0.639369 0.336023
vt 0.876152 0.894828
vt 0.875958 0.879010
vt 0.913363 0.869871
vt 0.837665 0.858166
vt 0.838004 0.853626
vt 0.835750 0.853151
vt 0.833296 0.857976
vt 0.838760 0.855679
vt 0.835412 0.859306
vt 0.832849 0.855798
vt 0.833930 0.854058
vt 0.835710 0.853744
vt 0.478881 0.323237
vt 0.833841 0.857466
vt 0.478495 0.334032
vt 0.837932 0.855556
vt 0.485331 0.325519
vt 0.837021 0.857541
vt 0.485331 0.330407
vt 0.835376 0.858378
vt 0.482956 0.333948
vt 0.833361 0.855848
vt 0.475232 0.330693
vt 0.834231 0.854520
vt 0.475758 0.326304
vt 0.837378 0.854082
vt 0.483036 0.322789
vt 0.479424 0.332341
vt 0.479402 0.324523
vt 0.836242 0.848385
vt 0.607218 0.368283
vt 0.832319 0.859018
vt 0.610154 0.365765
vt 0.480333 0.330038
vt 0.835984 0.851852
vt 0.610003 0.358045
vt 0.829255 0.861065
vt 0.480428 0.326578
vt 0.611277 0.361978
vt 0.483481 0.326049
vt 0.483288 0.330122
vt 0.835828 0.861704
vt 0.831848 0.855819
vt 0.833335 0.853308
vt 0.840113 0.852571
vt 0.843413 0.854178
vt 0.837623 0.867590
vt 0.619441 0.359670
vt 0.842312 0.857266
vt 0.618336 0.363507
vt 0.615477 0.371591
vt 0.845640 0.851126
vt 0.839225 0.863671
vt 0.616934 0.367885
vt 0.840961 0.860451
vt 0.855798 0.859901
vt 0.630313 0.360016
vt 0.848388 0.874503
vt 0.628215 0.365218
vt 0.624539 0.373100
vt 0.855621 0.855767
vt 0.625500 0.370079
vt 0.855272 0.864544
vt 0.852225 0.871720
vt 0.854220 0.868386
vt 0.842764 0.848841
vt 0.612152 0.371261
vt 0.482368 0.323837
vt 0.482298 0.332671
vt 0.615794 0.358062
vt 0.833555 0.866008
vt 0.614260 0.367515
vt 0.838984 0.859439
vt 0.840528 0.856114
vt 0.615625 0.362994
vt 0.848924 0.857132
vt 0.850222 0.854086
vt 0.620151 0.371772
vt 0.842554 0.870132
vt 0.623971 0.361244
vt 0.844888 0.866883
vt 0.476687 0.330133
vt 0.605904 0.360490
vt 0.828931 0.855152
vt 0.476816 0.326875
vt 0.831906 0.850887
vt 0.604983 0.364690
vt 0.621211 0.368618
vt 0.846600 0.863582
vt 0.847856 0.860325
vt 0.622838 0.364602
vt 0.478010 0.329462
vt 0.477864 0.327416
vt 0.607698 0.364211
vt 0.608420 0.361788
vt 0.900200 0.822682
vt 0.684381 0.377648
vt 0.894525 0.823250
vt 0.677746 0.385654
vt 0.716810 0.410639
vt 0.717873 0.409187
vt 0.525123 0.315933
vt 0.525281 0.318149
vt 0.903036 0.818768
vt 0.695086 0.380338
vt 0.681159 0.393596
vt 0.692000 0.380705
vt 0.687577 0.382247
vt 0.709901 0.406594
vt 0.894329 0.785837
vt 0.890056 0.786472
vt 0.712471 0.403398
vt 0.904181 0.820577
vt 0.694696 0.378849
vt 0.691237 0.378227
vt 0.678933 0.393475
vt 0.681262 0.398142
vt 0.890410 0.821693
vt 0.719396 0.409510
vt 0.524145 0.315546
vt 0.717774 0.411827
vt 0.524226 0.318686
vt 0.682629 0.387715
vt 0.682497 0.397582
vt 0.890607 0.820154
vt 0.894467 0.820198
vt 0.899316 0.819650
vt 0.886972 0.787070
vt 0.706695 0.410987
vt 0.708128 0.408978
vt 0.714238 0.401122
vt 0.897688 0.785227
vt 0.716051 0.399210
vt 0.712930 0.408485
vt 0.894176 0.780579
vt 0.889369 0.781114
vt 0.715294 0.405408
vt 0.712203 0.411293
vt 0.528941 0.320808
vt 0.528821 0.312241
vt 0.717582 0.403936
vt 0.892834 0.806989
vt 0.892041 0.800523
vt 0.892358 0.803746
vt 0.698330 0.392578
vt 0.703344 0.396308
vt 0.700955 0.394325
vt 0.700838 0.399766
vt 0.695698 0.396155
vt 0.698242 0.398156
vt 0.896264 0.800126
vt 0.897233 0.806463
vt 0.896715 0.803379
vt 0.693722 0.399263
vt 0.698801 0.402618
vt 0.696120 0.401278
vt 0.888761 0.800364
vt 0.697232 0.405425
vt 0.889068 0.807671
vt 0.691733 0.402318
vt 0.888453 0.804039
vt 0.694159 0.404424
vt 0.702479 0.387467
vt 0.900681 0.806260
vt 0.706900 0.391687
vt 0.899445 0.799190
vt 0.705029 0.389189
vt 0.900389 0.802718
vt 0.705107 0.393918
vt 0.700506 0.389909
vt 0.702981 0.391681
vt 0.684780 0.394052
vt 0.686496 0.389888
vt 0.695908 0.382185
vt 0.902198 0.816222
vt 0.898693 0.816709
vt 0.894224 0.817267
vt 0.890713 0.817649
vt 0.684561 0.397399
vt 0.690128 0.385589
vt 0.693341 0.383490
vt 0.890598 0.789488
vt 0.704910 0.409391
vt 0.887647 0.789971
vt 0.894746 0.788755
vt 0.710660 0.402054
vt 0.712315 0.399805
vt 0.708229 0.405243
vt 0.706399 0.407531
vt 0.713799 0.397749
vt 0.897953 0.788416
vt 0.889973 0.783990
vt 0.713501 0.404588
vt 0.708543 0.412191
vt 0.887012 0.784138
vt 0.715805 0.402604
vt 0.711369 0.407419
vt 0.893752 0.783445
vt 0.709654 0.409827
vt 0.896799 0.783038
vt 0.717504 0.400366
vt 0.897086 0.778491
vt 0.720234 0.403144
vt 0.720631 0.410407
vt 0.892160 0.772337
vt 0.718427 0.413025
vt 0.888261 0.772481
vt 0.711651 0.414077
vt 0.885458 0.779918
vt 0.529685 0.318872
vt 0.529712 0.314191
vt 0.715323 0.409970
vt 0.527245 0.314853
vt 0.715286 0.412319
vt 0.721215 0.407154
vt 0.895399 0.774131
vt 0.527195 0.318750
vt 0.717034 0.407690
vt 0.715656 0.414254
vt 0.885427 0.774993
vt 0.719225 0.406908
vt 0.526308 0.313208
vt 0.526559 0.320605
vt 0.529056 0.311696
vt 0.894538 0.777144
vt 0.891548 0.773691
vt 0.523061 0.315120
vt 0.522761 0.319296
vt 0.888870 0.773634
vt 0.887447 0.777909
vt 0.529188 0.321406
vt 0.889336 0.778955
vt 0.530627 0.318904
vt 0.893139 0.778541
vt 0.530627 0.313885
vt 0.887368 0.775576
vt 0.525851 0.321612
vt 0.525663 0.312277
vt 0.893672 0.774985
vt 0.891881 0.773044
vt 0.888683 0.773191
vt 0.886868 0.778264
vt 0.893401 0.779007
vt 0.886639 0.775301
vt 0.894222 0.774635
vt 0.895242 0.777304
vt 0.889325 0.779503
vt 0.897890 0.811432
vt 0.698908 0.385152
vt 0.901324 0.811206
vt 0.691883 0.393262
vt 0.689997 0.396499
vt 0.893611 0.811979
vt 0.890096 0.812604
vt 0.688440 0.399418
vt 0.694460 0.389738
vt 0.696790 0.387283
vt 0.891670 0.795424
vt 0.895443 0.794862
vt 0.706767 0.399062
vt 0.704430 0.402203
vt 0.702677 0.404627
vt 0.709684 0.395098
vt 0.898114 0.794248
vt 0.701311 0.406616
vt 0.888946 0.795417
vt 0.708378 0.396989
vt 0.707544 0.360880
vt 0.910725 0.802632
vt 0.708733 0.371819
vt 0.918816 0.803884
vt 0.707376 0.358349
vt 0.708374 0.369714
vt 0.708137 0.367130
vt 0.707722 0.363734
vt 0.916164 0.803656
vt 0.913056 0.803174
vt 0.697264 0.361757
vt 0.697494 0.364752
vt 0.698734 0.373657
vt 0.908307 0.814693
vt 0.911167 0.815036
vt 0.698277 0.371196
vt 0.697852 0.368286
vt 0.696881 0.358984
vt 0.917723 0.816225
vt 0.914673 0.815534
vt 0.914687 0.791801
vt 0.919533 0.791220
vt 0.919513 0.788811
vt 0.913374 0.788080
vt 0.917606 0.792152
vt 0.913035 0.790470
vt 0.915383 0.786627
vt 0.917968 0.787056
vt 0.541017 0.312008
vt 0.918802 0.789161
vt 0.541534 0.319709
vt 0.913926 0.788548
vt 0.917497 0.791762
vt 0.545277 0.313666
vt 0.914880 0.791397
vt 0.545277 0.317412
vt 0.913632 0.790356
vt 0.544199 0.319424
vt 0.538691 0.317949
vt 0.915466 0.787142
vt 0.538895 0.314426
vt 0.917488 0.787789
vt 0.543941 0.311696
vt 0.918895 0.790973
vt 0.542194 0.318671
vt 0.541770 0.312996
vt 0.718521 0.361678
vt 0.719989 0.368279
vt 0.912539 0.787621
vt 0.717564 0.363576
vt 0.542689 0.317193
vt 0.719957 0.360613
vt 0.920574 0.788505
vt 0.718870 0.367241
vt 0.542677 0.314356
vt 0.717671 0.365820
vt 0.544492 0.313956
vt 0.544560 0.317276
vt 0.911597 0.791321
vt 0.717693 0.370358
vt 0.721154 0.366065
vt 0.915095 0.786025
vt 0.721215 0.363208
vt 0.918258 0.786371
vt 0.717303 0.358199
vt 0.920880 0.792397
vt 0.714362 0.357930
vt 0.920114 0.795644
vt 0.714572 0.368911
vt 0.917260 0.795212
vt 0.714224 0.366367
vt 0.714453 0.360703
vt 0.911745 0.794267
vt 0.715379 0.371088
vt 0.713987 0.363427
vt 0.914216 0.794849
vt 0.919638 0.799904
vt 0.710758 0.358178
vt 0.711673 0.369299
vt 0.711446 0.366761
vt 0.710932 0.360687
vt 0.711095 0.363458
vt 0.916850 0.799446
vt 0.911116 0.798674
vt 0.711885 0.371369
vt 0.913627 0.798965
vt 0.693631 0.361951
vt 0.693323 0.365021
vt 0.695914 0.374225
vt 0.907722 0.818186
vt 0.910467 0.818775
vt 0.914023 0.819366
vt 0.917009 0.819831
vt 0.693872 0.359481
vt 0.693442 0.369026
vt 0.694503 0.372212
vt 0.702329 0.360743
vt 0.700034 0.361067
vt 0.704627 0.360926
vt 0.702024 0.357553
vt 0.919000 0.810101
vt 0.918990 0.807239
vt 0.704497 0.357954
vt 0.699592 0.357945
vt 0.918459 0.812939
vt 0.908886 0.808676
vt 0.703806 0.373744
vt 0.908511 0.811454
vt 0.701450 0.373762
vt 0.909754 0.805965
vt 0.706071 0.372924
vt 0.703443 0.370958
vt 0.705623 0.370450
vt 0.701235 0.371015
vt 0.915564 0.809893
vt 0.915199 0.812375
vt 0.915835 0.807249
vt 0.703087 0.367915
vt 0.700834 0.368058
vt 0.705299 0.367569
vt 0.702659 0.363982
vt 0.704928 0.363891
vt 0.700429 0.364281
vt 0.911982 0.809293
vt 0.912371 0.806775
vt 0.911605 0.811745
vt 0.715887 0.360650
vt 0.543752 0.312494
vt 0.544002 0.318820
vt 0.716547 0.368291
vt 0.715330 0.363248
vt 0.914321 0.792940
vt 0.917871 0.793414
vt 0.715524 0.366235
vt 0.920256 0.797255
vt 0.713073 0.357938
vt 0.712805 0.360558
vt 0.713479 0.369141
vt 0.911189 0.796381
vt 0.713687 0.371324
vt 0.913615 0.822031
vt 0.909811 0.821116
vt 0.907128 0.820015
vt 0.694762 0.375209
vt 0.690188 0.369728
vt 0.540138 0.317229
vt 0.720097 0.365570
vt 0.540029 0.314737
vt 0.719920 0.363280
vt 0.906756 0.821166
vt 0.694583 0.376164
vt 0.690972 0.374709
vt 0.686845 0.360072
vt 0.917648 0.827498
vt 0.688617 0.357322
vt 0.712883 0.363321
vt 0.913855 0.796620
vt 0.917237 0.797064
vt 0.713121 0.366624
vt 0.690017 0.364930
vt 0.690798 0.361555
vt 0.692201 0.373659
vt 0.917128 0.822693
vt 0.691782 0.358979
vt 0.541118 0.316655
vt 0.540887 0.314975
vt 0.718816 0.364089
vt 0.718894 0.365446
vt 0.686014 0.370504
vt 0.909104 0.823844
vt 0.685499 0.364070
vt 0.913341 0.825639
vt 0.630054 0.418645
vt 0.620664 0.409854
vt 0.847100 0.814736
vt 0.854777 0.809109
vt 0.631763 0.420637
vt 0.622654 0.411384
vt 0.624996 0.413507
vt 0.628005 0.416500
vt 0.852536 0.811033
vt 0.849466 0.813396
vt 0.640759 0.409286
vt 0.638273 0.406508
vt 0.628927 0.398644
vt 0.856200 0.828252
vt 0.858785 0.825981
vt 0.631548 0.400776
vt 0.634735 0.403251
vt 0.642892 0.411906
vt 0.865317 0.821724
vt 0.862271 0.823569
vt 0.838674 0.798795
vt 0.843475 0.793788
vt 0.841114 0.791574
vt 0.835009 0.795510
vt 0.842500 0.796402
vt 0.836131 0.798384
vt 0.835828 0.792898
vt 0.838271 0.791474
vt 0.840797 0.792045
vt 0.477809 0.395691
vt 0.835491 0.795408
vt 0.477995 0.405018
vt 0.842053 0.795942
vt 0.483297 0.397525
vt 0.838530 0.798197
vt 0.483297 0.403049
vt 0.836371 0.797779
vt 0.481497 0.405403
vt 0.836166 0.793149
vt 0.475309 0.402426
vt 0.838211 0.792019
vt 0.475232 0.398546
vt 0.481611 0.395048
vt 0.842763 0.793835
vt 0.478459 0.404239
vt 0.478283 0.396521
vt 0.616708 0.429782
vt 0.608954 0.425167
vt 0.833872 0.795944
vt 0.616414 0.427275
vt 0.479178 0.402535
vt 0.615784 0.432221
vt 0.842114 0.790619
vt 0.611296 0.424804
vt 0.479218 0.398371
vt 0.614176 0.425165
vt 0.482176 0.397793
vt 0.482169 0.402887
vt 0.610044 0.420542
vt 0.835823 0.800966
vt 0.609637 0.428522
vt 0.835100 0.792393
vt 0.612231 0.431209
vt 0.838355 0.790615
vt 0.846045 0.794370
vt 0.620814 0.431384
vt 0.848594 0.800028
vt 0.624963 0.427611
vt 0.616130 0.418161
vt 0.846084 0.801754
vt 0.618673 0.420291
vt 0.623161 0.425559
vt 0.840064 0.805801
vt 0.613704 0.416630
vt 0.621504 0.423143
vt 0.842700 0.804162
vt 0.628133 0.424048
vt 0.851413 0.804597
vt 0.619089 0.414947
vt 0.621426 0.417153
vt 0.626360 0.422216
vt 0.624410 0.420192
vt 0.848957 0.806168
vt 0.843647 0.810548
vt 0.617233 0.413102
vt 0.845763 0.808669
vt 0.645280 0.406082
vt 0.642874 0.402347
vt 0.631441 0.395579
vt 0.859199 0.831899
vt 0.861875 0.829731
vt 0.865435 0.827298
vt 0.646129 0.409421
vt 0.868468 0.825330
vt 0.638349 0.398560
vt 0.634403 0.396566
vt 0.635918 0.414698
vt 0.637888 0.412635
vt 0.633604 0.416162
vt 0.638413 0.417547
vt 0.860852 0.814929
vt 0.635693 0.418985
vt 0.858445 0.812361
vt 0.640412 0.415366
vt 0.862654 0.817725
vt 0.850682 0.822158
vt 0.623349 0.403149
vt 0.625654 0.401152
vt 0.852889 0.824862
vt 0.849095 0.819057
vt 0.622027 0.405903
vt 0.626316 0.405581
vt 0.624848 0.407876
vt 0.628407 0.403696
vt 0.857626 0.817455
vt 0.859438 0.819771
vt 0.855835 0.815061
vt 0.629478 0.408295
vt 0.631518 0.406326
vt 0.627681 0.410412
vt 0.633298 0.411872
vt 0.631212 0.413634
vt 0.635191 0.409784
vt 0.853917 0.819963
vt 0.852184 0.817605
vt 0.855793 0.822399
vt 0.620168 0.427929
vt 0.481215 0.395770
vt 0.481185 0.404912
vt 0.613276 0.421202
vt 0.619221 0.425421
vt 0.839567 0.800635
vt 0.843869 0.797935
vt 0.616504 0.422504
vt 0.626587 0.426053
vt 0.849990 0.802177
vt 0.624770 0.424122
vt 0.617230 0.416459
vt 0.841578 0.808376
vt 0.615127 0.414670
vt 0.867625 0.829723
vt 0.863916 0.832420
vt 0.860698 0.834629
vt 0.632006 0.393266
vt 0.640117 0.395220
vt 0.476133 0.402144
vt 0.611250 0.427768
vt 0.475892 0.398942
vt 0.613704 0.429889
vt 0.862042 0.838086
vt 0.632256 0.390504
vt 0.635780 0.389924
vt 0.651006 0.404121
vt 0.872521 0.828410
vt 0.650232 0.409335
vt 0.622884 0.421894
vt 0.843912 0.806378
vt 0.847369 0.803904
vt 0.619708 0.418693
vt 0.646217 0.399391
vt 0.648677 0.404842
vt 0.635281 0.393645
vt 0.870615 0.827218
vt 0.648379 0.409167
vt 0.476952 0.401792
vt 0.476775 0.399365
vt 0.614607 0.428195
vt 0.613102 0.426880
vt 0.641486 0.391045
vt 0.865913 0.835501
vt 0.649093 0.395700
vt 0.870171 0.832201
vt 0.678267 0.423308
vt 0.864512 0.799543
vt 0.665622 0.427784
vt 0.680687 0.422702
vt 0.873711 0.795282
vt 0.668109 0.426656
vt 0.671257 0.425528
vt 0.675487 0.424179
vt 0.871174 0.796852
vt 0.867404 0.798643
vt 0.674424 0.407669
vt 0.670422 0.408623
vt 0.871303 0.817212
vt 0.658327 0.413769
vt 0.874751 0.815488
vt 0.661585 0.412099
vt 0.665500 0.410299
vt 0.882771 0.812233
vt 0.678010 0.406829
vt 0.879083 0.813503
vt 0.860355 0.784079
vt 0.866018 0.779883
vt 0.863824 0.777510
vt 0.856502 0.780360
vt 0.864717 0.782291
vt 0.857508 0.783408
vt 0.857948 0.777831
vt 0.860916 0.776835
vt 0.863437 0.777981
vt 0.478179 0.373661
vt 0.478076 0.383136
vt 0.857138 0.780387
vt 0.864260 0.781811
vt 0.483301 0.374971
vt 0.860200 0.783489
vt 0.483301 0.380444
vt 0.857910 0.782851
vt 0.481632 0.383036
vt 0.475232 0.380597
vt 0.858190 0.778099
vt 0.860769 0.777382
vt 0.475635 0.376561
vt 0.865269 0.779904
vt 0.481709 0.372701
vt 0.478644 0.382242
vt 0.478643 0.374358
vt 0.681233 0.437731
vt 0.855253 0.780509
vt 0.673773 0.442370
vt 0.678923 0.437008
vt 0.479348 0.380415
vt 0.682762 0.439229
vt 0.864889 0.776733
vt 0.674547 0.440337
vt 0.479522 0.376062
vt 0.676049 0.438105
vt 0.482312 0.375210
vt 0.482243 0.380328
vt 0.856793 0.785692
vt 0.670327 0.439535
vt 0.676897 0.443085
vt 0.857295 0.777224
vt 0.680387 0.441906
vt 0.861064 0.776053
vt 0.868487 0.780747
vt 0.684234 0.434803
vt 0.869413 0.785689
vt 0.683305 0.430736
vt 0.671045 0.434319
vt 0.866528 0.787054
vt 0.673939 0.433043
vt 0.680663 0.431495
vt 0.668659 0.435667
vt 0.859740 0.790010
vt 0.677658 0.431855
vt 0.862682 0.788939
vt 0.681690 0.426536
vt 0.871888 0.790684
vt 0.669588 0.430477
vt 0.672631 0.429387
vt 0.679432 0.427271
vt 0.676741 0.428044
vt 0.868984 0.791942
vt 0.862176 0.795351
vt 0.667188 0.431309
vt 0.864954 0.793927
vt 0.673362 0.401963
vt 0.668765 0.401868
vt 0.873212 0.822008
vt 0.656194 0.410030
vt 0.876704 0.820319
vt 0.881259 0.818161
vt 0.676762 0.402630
vt 0.884985 0.816914
vt 0.662502 0.403857
vt 0.658250 0.406894
vt 0.677579 0.415976
vt 0.676500 0.412786
vt 0.677787 0.418991
vt 0.681296 0.415154
vt 0.878904 0.802659
vt 0.681034 0.418347
vt 0.876743 0.799548
vt 0.680257 0.411747
vt 0.880488 0.806468
vt 0.660705 0.422265
vt 0.866651 0.808023
vt 0.659718 0.418894
vt 0.868360 0.811766
vt 0.662701 0.424725
vt 0.865843 0.804409
vt 0.664407 0.420580
vt 0.665892 0.423135
vt 0.663493 0.417354
vt 0.875222 0.804717
vt 0.876743 0.807958
vt 0.873743 0.801758
vt 0.668481 0.419037
vt 0.667417 0.415738
vt 0.669622 0.421699
vt 0.673670 0.417135
vt 0.674427 0.420114
vt 0.672484 0.414007
vt 0.870732 0.806618
vt 0.869409 0.803587
vt 0.872139 0.809862
vt 0.681444 0.433881
vt 0.481397 0.373383
vt 0.481336 0.382502
vt 0.672438 0.437242
vt 0.678770 0.433675
vt 0.861106 0.785875
vt 0.866039 0.783823
vt 0.674859 0.435030
vt 0.682598 0.428672
vt 0.871013 0.787983
vt 0.680159 0.429289
vt 0.670180 0.432479
vt 0.667755 0.433429
vt 0.860725 0.793011
vt 0.882763 0.820956
vt 0.877821 0.823129
vt 0.873811 0.824640
vt 0.654292 0.409218
vt 0.659923 0.399294
vt 0.476249 0.380247
vt 0.676993 0.441480
vt 0.476316 0.376918
vt 0.679862 0.440284
vt 0.874209 0.826709
vt 0.652537 0.409295
vt 0.652495 0.403035
vt 0.675452 0.395412
vt 0.887956 0.821154
vt 0.678388 0.398942
vt 0.677433 0.429990
vt 0.863648 0.791536
vt 0.867942 0.789500
vt 0.673145 0.431307
vt 0.668318 0.396784
vt 0.674008 0.398199
vt 0.654832 0.404327
vt 0.677193 0.400436
vt 0.886455 0.819295
vt 0.477150 0.379735
vt 0.477118 0.377218
vt 0.678811 0.438964
vt 0.676968 0.439725
vt 0.657226 0.394883
vt 0.878916 0.826620
vt 0.668882 0.391059
vt 0.884613 0.824309
vt 0.986901 0.862670
vt 0.957074 0.836425
vt 0.964588 0.833746
vt 0.973023 0.865335
vt 0.968942 0.860896
vt 0.977121 0.867531
vt 0.984073 0.866233
vt 0.980290 0.867797
vt 0.970824 0.831746
vt 0.976909 0.830477
vt 0.982173 0.829382
vt 0.984367 0.846190
vt 0.952467 0.838758
vt 0.987638 0.857017
vt 0.963655 0.853624
vt 0.544396 0.940279
vt 0.561562 0.877099
vt 0.605675 0.915823
vt 0.606251 0.909433
vt 0.570843 0.934834
vt 0.577348 0.931415
vt 0.564091 0.937504
vt 0.551704 0.939671
vt 0.558129 0.939015
vt 0.606570 0.903086
vt 0.605860 0.898178
vt 0.600951 0.889387
vt 0.580371 0.885256
vt 0.603807 0.924456
vt 0.569345 0.880453
vt 0.584793 0.927830
vt 0.557113 0.888170
vt 0.544768 0.928217
vt 0.577337 0.914444
vt 0.578551 0.910357
vt 0.561861 0.925294
vt 0.569907 0.920757
vt 0.559126 0.926535
vt 0.549507 0.928663
vt 0.554970 0.928287
vt 0.578609 0.905342
vt 0.577703 0.899945
vt 0.574151 0.896570
vt 0.568619 0.894127
vt 0.575077 0.917734
vt 0.560960 0.890086
vt 0.572553 0.919867
vt 0.623270 0.910516
vt 0.623679 0.900280
vt 0.621788 0.919472
vt 0.621037 0.927334
vt 0.623171 0.891227
vt 0.622160 0.883306
vt 0.955574 0.815521
vt 0.964997 0.809891
vt 0.948342 0.821927
vt 0.942932 0.828119
vt 0.975302 0.807478
vt 0.983558 0.808003
vt 0.633685 0.929609
vt 0.634568 0.880136
vt 0.933135 0.819344
vt 0.986850 0.794346
vt 0.992595 0.784602
vt 0.990356 0.782018
vt 0.476060 0.350557
vt 0.476625 0.354955
vt 0.989268 0.790788
vt 0.642194 0.883002
vt 0.639241 0.877755
vt 0.984374 0.786109
vt 0.991225 0.781051
vt 0.475314 0.350582
vt 0.993909 0.783818
vt 0.475711 0.354877
vt 0.638196 0.875201
vt 0.993913 0.793696
vt 0.991588 0.792325
vt 0.983047 0.783710
vt 0.643835 0.885312
vt 0.981709 0.781147
vt 0.991108 0.787552
vt 0.646848 0.880890
vt 0.643308 0.875499
vt 0.987883 0.784001
vt 0.993093 0.788487
vt 0.480471 0.358753
vt 0.480655 0.347007
vt 0.987303 0.782021
vt 0.552874 0.944906
vt 0.989067 0.872895
vt 0.986099 0.869298
vt 0.981441 0.871246
vt 0.559515 0.943379
vt 0.982645 0.875824
vt 0.572403 0.875220
vt 0.996092 0.857335
vt 0.991209 0.857155
vt 0.989992 0.864588
vt 0.544602 0.946049
vt 0.563883 0.871833
vt 0.994037 0.866309
vt 0.638116 0.878240
vt 0.993264 0.794544
vt 0.636960 0.875571
vt 0.641134 0.883594
vt 0.983661 0.786824
vt 0.982229 0.784305
vt 0.988653 0.791595
vt 0.990993 0.793171
vt 0.980906 0.781719
vt 0.642848 0.885993
vt 0.641638 0.876162
vt 0.986542 0.784626
vt 0.641537 0.873439
vt 0.995170 0.790859
vt 0.985632 0.782499
vt 0.990624 0.788792
vt 0.645025 0.881996
vt 0.992706 0.790000
vt 0.647400 0.883971
vt 0.984668 0.779945
vt 0.649831 0.881998
vt 0.987292 0.778885
vt 0.992125 0.780306
vt 0.652307 0.876636
vt 0.994888 0.783181
vt 0.650049 0.873375
vt 0.644349 0.873265
vt 0.996092 0.788415
vt 0.481953 0.357912
vt 0.481963 0.347936
vt 0.991509 0.786234
vt 0.478551 0.348709
vt 0.994177 0.786618
vt 0.652161 0.879581
vt 0.990155 0.779196
vt 0.478970 0.356678
vt 0.989301 0.783135
vt 0.646979 0.872072
vt 0.995821 0.785678
vt 0.989404 0.781056
vt 0.477331 0.348229
vt 0.477992 0.357307
vt 0.480695 0.346752
vt 0.648909 0.881081
vt 0.475232 0.350603
vt 0.650866 0.876312
vt 0.475618 0.354855
vt 0.649494 0.874770
vt 0.480469 0.358988
vt 0.644467 0.874063
vt 0.482260 0.357991
vt 0.643703 0.875149
vt 0.482260 0.347939
vt 0.647472 0.880878
vt 0.477803 0.357342
vt 0.646727 0.873329
vt 0.477172 0.348175
vt 0.651002 0.879133
vt 0.651331 0.876675
vt 0.649711 0.874236
vt 0.644317 0.873734
vt 0.647193 0.880880
vt 0.646906 0.873089
vt 0.651376 0.879027
vt 0.649160 0.881458
vt 0.643542 0.875315
vt 0.637262 0.886214
vt 0.979898 0.789902
vt 0.989524 0.795984
vt 0.639985 0.887686
vt 0.978392 0.782446
vt 0.633744 0.876924
vt 0.991901 0.797147
vt 0.978367 0.786125
vt 0.605692 0.929462
vt 0.948660 0.843667
vt 0.950490 0.840973
vt 0.961577 0.855298
vt 0.587580 0.932101
vt 0.959115 0.857966
vt 0.601455 0.882191
vt 0.990995 0.827574
vt 0.986842 0.828334
vt 0.572834 0.938670
vt 0.968528 0.871660
vt 0.971138 0.867908
vt 0.976504 0.870874
vt 0.565747 0.941374
vt 0.975630 0.875623
vt 0.583232 0.880321
vt 0.993377 0.845431
vt 0.988523 0.845466
vt 0.966323 0.862803
vt 0.579912 0.935481
vt 0.963439 0.865255
vt 0.939603 0.831380
vt 0.621390 0.931055
vt 0.940921 0.829560
vt 0.991217 0.808262
vt 0.621334 0.877513
vt 0.988542 0.808224
vt 0.931636 0.823745
vt 0.632887 0.931437
vt 0.932431 0.821820
vt 0.634275 0.911744
vt 0.635199 0.900601
vt 0.937492 0.820800
vt 0.630267 0.929205
vt 0.940127 0.814047
vt 0.630373 0.881662
vt 0.634153 0.889508
vt 0.985110 0.798803
vt 0.632159 0.921708
vt 0.961565 0.796970
vt 0.976045 0.794053
vt 0.948538 0.804279
vt 0.935431 0.823439
vt 0.934370 0.825055
vt 0.629879 0.931401
vt 0.990818 0.800640
vt 0.629737 0.877427
vt 0.988557 0.799928
vt 0.640413 0.909443
vt 0.638941 0.914250
vt 0.641033 0.912472
vt 0.640717 0.896821
vt 0.640240 0.903041
vt 0.639586 0.900203
vt 0.637608 0.921394
vt 0.636445 0.925094
vt 0.638009 0.923773
vt 0.639729 0.891120
vt 0.637920 0.888644
vt 0.943829 0.800905
vt 0.947986 0.796206
vt 0.946225 0.799711
vt 0.957308 0.791842
vt 0.963619 0.788444
vt 0.960673 0.792927
vt 0.933578 0.812896
vt 0.935911 0.809040
vt 0.933396 0.810540
vt 0.973661 0.788322
vt 0.976519 0.790642
vt 0.975946 0.786085
vt 0.977439 0.785966
vt 0.977138 0.783380
vt 0.641099 0.888486
vt 0.640275 0.888388
vt 0.977784 0.783087
vt 0.960114 0.785599
vt 0.643022 0.898637
vt 0.958450 0.786613
vt 0.642092 0.900776
vt 0.641442 0.900010
vt 0.959172 0.786501
vt 0.958093 0.789103
vt 0.961720 0.786593
vt 0.959807 0.788890
vt 0.943172 0.797673
vt 0.945762 0.795247
vt 0.944462 0.798008
vt 0.943703 0.794517
vt 0.642907 0.911141
vt 0.942679 0.795585
vt 0.641953 0.913550
vt 0.642289 0.912758
vt 0.943369 0.795887
vt 0.930807 0.807667
vt 0.639549 0.923299
vt 0.929972 0.809705
vt 0.638755 0.925386
vt 0.638698 0.924361
vt 0.930623 0.808963
vt 0.931267 0.811209
vt 0.932855 0.808051
vt 0.932037 0.809808
vt 0.966806 0.852070
vt 0.971278 0.850179
vt 0.976136 0.848650
vt 0.980460 0.847438
vt 0.984510 0.856927
vt 0.980691 0.857820
vt 0.976537 0.858992
vt 0.971716 0.859892
vt 0.974637 0.863749
vt 0.978438 0.864795
vt 0.982261 0.863086
vt 0.984796 0.861180
vt 0.556482 0.933062
vt 0.550481 0.933382
vt 0.581942 0.920405
vt 0.578110 0.923776
vt 0.579741 0.895239
vt 0.583566 0.899367
vt 0.567386 0.929113
vt 0.561905 0.931430
vt 0.570984 0.890778
vt 0.584730 0.905042
vt 0.584738 0.910880
vt 0.572241 0.926271
vt 0.564368 0.887061
vt 0.584319 0.916157
vt 0.558797 0.884111
vt 0.545091 0.932611
vt 0.572141 0.911944
vt 0.005050 0.636181
vt 0.569426 0.914221
vt 0.005086 0.632648
vt 0.563877 0.916821
vt 0.005887 0.626580
vt 0.559466 0.919527
vt 0.005106 0.621658
vt 0.573168 0.901562
vt 0.008302 0.646674
vt 0.573729 0.905497
vt 0.006992 0.642861
vt 0.573597 0.909034
vt 0.005756 0.639443
vt 0.548524 0.923423
vt 0.002968 0.609899
vt 0.544211 0.923482
vt 0.555369 0.892539
vt 0.002508 0.605434
vt 0.000369 0.600564
vt 0.560149 0.894108
vt 0.015370 0.660182
vt 0.552935 0.922765
vt 0.003367 0.614468
vt 0.566585 0.915510
vt 0.005701 0.629582
vt 0.570219 0.899086
vt 0.010577 0.649925
vt 0.556517 0.920926
vt 0.004483 0.618426
vt 0.565303 0.896306
vt 0.013452 0.654609
vt 0.967908 0.774949
vt 0.965928 0.775074
vt 0.546685 0.313894
vt 0.547040 0.316889
vt 0.970218 0.781264
vt 0.647409 0.894560
vt 0.646383 0.890720
vt 0.965093 0.781609
vt 0.965274 0.773524
vt 0.967952 0.773255
vt 0.646009 0.888696
vt 0.974839 0.779479
vt 0.972614 0.780521
vt 0.962967 0.781306
vt 0.648071 0.896599
vt 0.960675 0.781089
vt 0.968945 0.777631
vt 0.652116 0.893753
vt 0.650844 0.889636
vt 0.965683 0.777745
vt 0.970512 0.776519
vt 0.550868 0.319278
vt 0.550984 0.311850
vt 0.963961 0.776966
vt 0.644900 0.890943
vt 0.975219 0.780677
vt 0.644643 0.888762
vt 0.645948 0.894929
vt 0.965158 0.783005
vt 0.962940 0.782640
vt 0.970547 0.782708
vt 0.973049 0.781815
vt 0.960728 0.782340
vt 0.646706 0.897073
vt 0.649096 0.889874
vt 0.965369 0.778983
vt 0.649492 0.887718
vt 0.973400 0.776104
vt 0.963442 0.778442
vt 0.969537 0.778752
vt 0.650361 0.894204
vt 0.971403 0.777842
vt 0.651735 0.895942
vt 0.961053 0.777319
vt 0.653957 0.894919
vt 0.961881 0.774764
vt 0.965227 0.772510
vt 0.656755 0.891948
vt 0.967909 0.772337
vt 0.656354 0.889680
vt 0.652080 0.887857
vt 0.971932 0.773888
vt 0.551829 0.318641
vt 0.551839 0.312499
vt 0.968348 0.776039
vt 0.549027 0.312915
vt 0.969312 0.774472
vt 0.655909 0.893662
vt 0.963680 0.773200
vt 0.549250 0.317857
vt 0.965792 0.776192
vt 0.654547 0.888134
vt 0.969736 0.772921
vt 0.964543 0.774827
vt 0.548200 0.312504
vt 0.548629 0.318416
vt 0.551047 0.311696
vt 0.653432 0.894002
vt 0.546015 0.313760
vt 0.656026 0.891344
vt 0.546168 0.316996
vt 0.655723 0.890507
vt 0.550906 0.319432
vt 0.652024 0.888925
vt 0.552060 0.318679
vt 0.651246 0.889488
vt 0.552060 0.312511
vt 0.652571 0.893813
vt 0.548496 0.318474
vt 0.654001 0.888936
vt 0.548094 0.312450
vt 0.655277 0.893183
vt 0.656184 0.891725
vt 0.655944 0.890157
vt 0.651968 0.888664
vt 0.652368 0.893772
vt 0.654173 0.888806
vt 0.655547 0.893196
vt 0.653498 0.894249
vt 0.651078 0.889574
vt 0.947615 0.782088
vt 0.946034 0.782863
vt 0.566534 0.313588
vt 0.566852 0.316348
vt 0.951947 0.786881
vt 0.647205 0.907157
vt 0.647149 0.903348
vt 0.947637 0.789269
vt 0.944950 0.781812
vt 0.947036 0.780700
vt 0.647215 0.901408
vt 0.955015 0.783999
vt 0.953526 0.785436
vt 0.945625 0.789842
vt 0.647450 0.909088
vt 0.943350 0.790130
vt 0.949401 0.783843
vt 0.652154 0.907046
vt 0.651819 0.903121
vt 0.946776 0.785209
vt 0.950214 0.782418
vt 0.570410 0.318686
vt 0.570528 0.311836
vt 0.945016 0.785027
vt 0.645702 0.903394
vt 0.955763 0.785015
vt 0.645761 0.901312
vt 0.646015 0.907402
vt 0.947964 0.790344
vt 0.945866 0.790800
vt 0.952638 0.788050
vt 0.954383 0.786495
vt 0.943629 0.791023
vt 0.646466 0.909442
vt 0.649988 0.903143
vt 0.946966 0.786554
vt 0.650826 0.901340
vt 0.952644 0.781347
vt 0.945141 0.786759
vt 0.950235 0.784827
vt 0.650208 0.907204
vt 0.951476 0.783452
vt 0.651141 0.908996
vt 0.942690 0.786519
vt 0.653631 0.908483
vt 0.942602 0.783835
vt 0.944565 0.781012
vt 0.656680 0.906419
vt 0.946676 0.779973
vt 0.656755 0.904328
vt 0.653309 0.901863
vt 0.950499 0.779818
vt 0.571304 0.318115
vt 0.571316 0.312451
vt 0.948375 0.782815
vt 0.568699 0.312751
vt 0.948591 0.781221
vt 0.655593 0.907773
vt 0.943557 0.782059
vt 0.568920 0.317311
vt 0.946328 0.783840
vt 0.655425 0.902561
vt 0.948386 0.779809
vt 0.944799 0.783104
vt 0.567931 0.312353
vt 0.568337 0.317818
vt 0.570586 0.311696
vt 0.653297 0.907526
vt 0.565920 0.313455
vt 0.656142 0.905734
vt 0.566043 0.316432
vt 0.656036 0.904952
vt 0.570445 0.318831
vt 0.653017 0.902754
vt 0.571520 0.318157
vt 0.652220 0.903077
vt 0.571520 0.312469
vt 0.652559 0.907184
vt 0.568212 0.317868
vt 0.654779 0.903166
vt 0.567834 0.312302
vt 0.655113 0.907213
vt 0.656213 0.906107
vt 0.656297 0.904677
vt 0.653020 0.902517
vt 0.652385 0.907105
vt 0.654961 0.903084
vt 0.655352 0.907284
vt 0.653310 0.907757
vt 0.652053 0.903113
vt 0.931863 0.794853
vt 0.930522 0.796027
vt 0.512012 0.305755
vt 0.512319 0.308390
vt 0.937066 0.797697
vt 0.643787 0.920526
vt 0.645024 0.917424
vt 0.933816 0.801498
vt 0.929204 0.795276
vt 0.930953 0.793641
vt 0.645811 0.915842
vt 0.938918 0.793745
vt 0.937966 0.795693
vt 0.931946 0.802705
vt 0.643416 0.922160
vt 0.929744 0.803585
vt 0.934035 0.796076
vt 0.647485 0.921890
vt 0.648336 0.918540
vt 0.931814 0.798045
vt 0.934487 0.794429
vt 0.515705 0.310544
vt 0.515809 0.304000
vt 0.930083 0.798341
vt 0.643814 0.917020
vt 0.939915 0.794430
vt 0.644688 0.915287
vt 0.642544 0.920372
vt 0.934678 0.802733
vt 0.932609 0.803953
vt 0.938123 0.798630
vt 0.939029 0.796409
vt 0.930301 0.804599
vt 0.642336 0.922157
vt 0.647253 0.917995
vt 0.932368 0.799078
vt 0.648596 0.916784
vt 0.935931 0.792354
vt 0.930602 0.799805
vt 0.934952 0.796392
vt 0.646167 0.921454
vt 0.935647 0.794686
vt 0.646438 0.923155
vt 0.928117 0.800158
vt 0.648309 0.923416
vt 0.927419 0.797823
vt 0.928621 0.794586
vt 0.651383 0.922696
vt 0.930417 0.793022
vt 0.652107 0.920962
vt 0.650011 0.917857
vt 0.933961 0.791850
vt 0.516554 0.309985
vt 0.516563 0.304580
vt 0.932787 0.795373
vt 0.514077 0.304913
vt 0.932590 0.793738
vt 0.650054 0.923482
vt 0.927894 0.795888
vt 0.514276 0.309268
vt 0.931047 0.796909
vt 0.651532 0.919079
vt 0.932017 0.792425
vt 0.929382 0.796590
vt 0.513346 0.304540
vt 0.513726 0.309762
vt 0.515864 0.303864
vt 0.648281 0.922587
vt 0.511425 0.305635
vt 0.651149 0.921964
vt 0.511552 0.308480
vt 0.651308 0.921258
vt 0.515739 0.310682
vt 0.649444 0.918570
vt 0.516760 0.310022
vt 0.648652 0.918610
vt 0.516760 0.304592
vt 0.647766 0.922116
vt 0.513608 0.309812
vt 0.650799 0.919402
vt 0.513252 0.304492
vt 0.649835 0.922878
vt 0.651090 0.922291
vt 0.651613 0.921113
vt 0.649522 0.918374
vt 0.647643 0.922007
vt 0.650975 0.919385
vt 0.650009 0.923011
vt 0.648230 0.922773
vt 0.648509 0.918594
vt 0.923678 0.815963
vt 0.923708 0.817540
vt 0.480823 0.407693
vt 0.481075 0.409850
vt 0.928791 0.814301
vt 0.637086 0.931592
vt 0.639330 0.929140
vt 0.928912 0.818888
vt 0.922435 0.817998
vt 0.922346 0.815873
vt 0.640660 0.928042
vt 0.927246 0.810660
vt 0.928052 0.812451
vt 0.928560 0.820713
vt 0.636109 0.932839
vt 0.927866 0.822770
vt 0.925378 0.815273
vt 0.639663 0.934097
vt 0.641944 0.931574
vt 0.925458 0.817784
vt 0.924547 0.814183
vt 0.483851 0.411614
vt 0.483934 0.406252
vt 0.924668 0.819069
vt 0.638490 0.928502
vt 0.928172 0.810403
vt 0.640018 0.927191
vt 0.636458 0.930973
vt 0.929799 0.818974
vt 0.929422 0.820851
vt 0.929813 0.814163
vt 0.929001 0.812192
vt 0.928741 0.822899
vt 0.635409 0.932442
vt 0.640761 0.930387
vt 0.926851 0.818466
vt 0.642456 0.929861
vt 0.925042 0.811706
vt 0.926348 0.819960
vt 0.926790 0.814902
vt 0.638222 0.933034
vt 0.926152 0.813368
vt 0.637750 0.934671
vt 0.925348 0.821763
vt 0.639911 0.935881
vt 0.922761 0.820369
vt 0.921633 0.817990
vt 0.642589 0.936643
vt 0.921618 0.815874
vt 0.644139 0.935441
vt 0.643835 0.931962
vt 0.922646 0.813135
vt 0.484545 0.411155
vt 0.484553 0.406727
vt 0.924527 0.815647
vt 0.482514 0.407002
vt 0.923343 0.814849
vt 0.641021 0.936645
vt 0.922077 0.819218
vt 0.482679 0.410570
vt 0.924597 0.817688
vt 0.644526 0.933428
vt 0.922144 0.814464
vt 0.923413 0.818639
vt 0.481917 0.406695
vt 0.482229 0.410975
vt 0.483979 0.406141
vt 0.640114 0.934994
vt 0.480343 0.407595
vt 0.642752 0.935870
vt 0.480448 0.409924
vt 0.643257 0.935312
vt 0.483878 0.411727
vt 0.642833 0.932161
vt 0.484715 0.411185
vt 0.642179 0.931797
vt 0.484715 0.406737
vt 0.639839 0.934393
vt 0.482131 0.411017
vt 0.643685 0.933379
vt 0.481839 0.406656
vt 0.641142 0.936002
vt 0.642536 0.936126
vt 0.643608 0.935332
vt 0.642986 0.932057
vt 0.639772 0.934252
vt 0.643856 0.933439
vt 0.641216 0.936208
vt 0.640014 0.935128
vt 0.642071 0.931712
vt 0.563941 0.924235
vt 0.568215 0.921999
vt 0.564964 0.919379
vt 0.569893 0.925435
vt 0.567203 0.926847
vt 0.561980 0.921339
vt 0.566180 0.892930
vt 0.563241 0.891324
vt 0.565061 0.893818
vt 0.567149 0.891424
vt 0.564573 0.890025
vt 0.562878 0.892734
vt 0.761879 0.346067
vt 0.761008 0.343055
vt 0.758802 0.338943
vt 0.749229 0.333529
vt 0.740212 0.333775
vt 0.732438 0.338808
vt 0.729913 0.343620
vt 0.729227 0.349463
vt 0.729567 0.353656
vt 0.731268 0.357563
vt 0.735528 0.361928
vt 0.742130 0.364420
vt 0.748327 0.364466
vt 0.752059 0.363158
vt 0.755708 0.360974
vt 0.761014 0.354170
vt 0.761641 0.350135
vt 0.761466 0.352179
vt 0.759674 0.356729
vt 0.729257 0.346944
vt 0.729181 0.348239
vt 0.754935 0.347948
vt 0.754035 0.346570
vt 0.752139 0.344659
vt 0.746780 0.342878
vt 0.742120 0.343095
vt 0.737924 0.345160
vt 0.735720 0.347012
vt 0.734789 0.349881
vt 0.735794 0.351466
vt 0.737194 0.352950
vt 0.739672 0.354711
vt 0.743043 0.355786
vt 0.746238 0.355866
vt 0.748311 0.355408
vt 0.750394 0.354532
vt 0.754060 0.351893
vt 0.755071 0.349915
vt 0.754556 0.350866
vt 0.752895 0.352969
vt 0.735033 0.348502
vt 0.734893 0.349178
vt 0.558770 0.135843
vt 0.768983 0.402365
vt 0.558213 0.138047
vt 0.767617 0.407183
vt 0.556619 0.141315
vt 0.763906 0.413541
vt 0.550810 0.146852
vt 0.751271 0.420403
vt 0.561539 0.206613
vt 0.544866 0.149871
vt 0.739531 0.420874
vt 0.537712 0.150903
vt 0.728245 0.414755
vt 0.531298 0.152583
vt 0.524752 0.147186
vt 0.525160 0.140975
vt 0.527435 0.136446
vt 0.531544 0.131962
vt 0.536434 0.128511
vt 0.541763 0.125987
vt 0.545894 0.125366
vt 0.550466 0.125220
vt 0.560030 0.127091
vt 0.562719 0.132346
vt 0.562787 0.136840
vt 0.561698 0.140163
vt 0.559405 0.143360
vt 0.586835 0.225323
vt 0.552830 0.149313
vt 0.571528 0.205852
vt 0.545571 0.152539
vt 0.537473 0.153462
vt 0.532813 0.150387
vt 0.723474 0.407148
vt 0.528170 0.146279
vt 0.722099 0.396920
vt 0.528725 0.142039
vt 0.722461 0.388904
vt 0.530462 0.138661
vt 0.725550 0.382351
vt 0.533632 0.134725
vt 0.732679 0.376143
vt 0.538192 0.131526
vt 0.742123 0.373423
vt 0.542738 0.129687
vt 0.750247 0.374032
vt 0.545834 0.129115
vt 0.755032 0.375723
vt 0.549230 0.129191
vt 0.759989 0.378595
vt 0.555822 0.131096
vt 0.767802 0.388638
vt 0.558087 0.133153
vt 0.768983 0.394997
vt 0.567648 0.131871
vt 0.566600 0.136721
vt 0.565756 0.141475
vt 0.563721 0.144783
vt 0.556220 0.152472
vt 0.536615 0.198139
vt 0.547273 0.156514
vt 0.537625 0.157356
vt 0.527559 0.160853
vt 0.518105 0.156054
vt 0.514566 0.147709
vt 0.517736 0.139073
vt 0.521825 0.132397
vt 0.525628 0.128511
vt 0.531469 0.123878
vt 0.537700 0.118906
vt 0.545369 0.116784
vt 0.553763 0.116570
vt 0.562243 0.118181
vt 0.569647 0.121612
vt 0.574929 0.126612
vt 0.576132 0.132467
vt 0.575531 0.138577
vt 0.573861 0.144908
vt 0.571177 0.149655
vt 0.540634 0.210588
vt 0.562776 0.159087
vt 0.561842 0.191104
vt 0.551408 0.163706
vt 0.538733 0.163569
vt 0.530005 0.156309
vt 0.522692 0.152633
vt 0.520829 0.147277
vt 0.522265 0.140867
vt 0.525311 0.135252
vt 0.528943 0.131286
vt 0.534005 0.127301
vt 0.539500 0.123976
vt 0.545548 0.122257
vt 0.551859 0.121774
vt 0.558326 0.122860
vt 0.563723 0.124978
vt 0.566610 0.128184
vt 0.561647 0.129514
vt 0.556999 0.132159
vt 0.768613 0.391803
vt 0.556496 0.125940
vt 0.553714 0.130239
vt 0.765857 0.384655
vt 0.527475 0.149906
vt 0.530000 0.148375
vt 0.721971 0.401145
vt 0.579871 0.205869
vt 0.582542 0.182385
vt 0.564284 0.239145
vt 0.584706 0.166550
vt 0.581267 0.158625
vt 0.584309 0.148328
vt 0.585228 0.139884
vt 0.585162 0.132062
vt 0.584523 0.123319
vt 0.589480 0.116284
vt 0.591666 0.111429
vt 0.593033 0.106153
vt 0.584955 0.243934
vt 0.545919 0.775902
vt 0.544210 0.769546
vt 0.594480 0.072763
vt 0.547157 0.768304
vt 0.591954 0.071309
vt 0.552947 0.768141
vt 0.588617 0.067220
vt 0.555420 0.772674
vt 0.590786 0.062882
vt 0.555420 0.776902
vt 0.594233 0.060758
vt 0.554048 0.779897
vt 0.597375 0.060402
vt 0.541413 0.770753
vt 0.596845 0.074140
vt 0.547060 0.774334
vt 0.548562 0.773006
vt 0.550051 0.772373
vt 0.549739 0.774046
vt 0.548951 0.775902
vt 0.547926 0.777882
vt 0.545679 0.771958
vt 0.543473 0.773116
vt 0.547904 0.770685
vt 0.551355 0.770566
vt 0.552121 0.773421
vt 0.551815 0.776327
vt 0.550676 0.778670
vt 0.597889 0.104714
vt 0.590447 0.100181
vt 0.598095 0.101149
vt 0.487629 0.321601
vt 0.598899 0.098606
vt 0.489554 0.317096
vt 0.598374 0.093631
vt 0.489554 0.308710
vt 0.597721 0.088756
vt 0.594501 0.101684
vt 0.480039 0.322051
vt 0.597377 0.083481
vt 0.597024 0.080273
vt 0.596570 0.077250
vt 0.588716 0.102191
vt 0.591881 0.099011
vt 0.475232 0.316016
vt 0.588190 0.206512
vt 0.589662 0.181230
vt 0.590762 0.164558
vt 0.592615 0.147999
vt 0.593433 0.140057
vt 0.593588 0.132282
vt 0.593849 0.124895
vt 0.597196 0.107635
vt 0.595372 0.118539
vt 0.596349 0.113016
vt 0.591032 0.156522
vt 0.593901 0.103565
vt 0.588837 0.096286
vt 0.585757 0.095829
vt 0.588358 0.090598
vt 0.584656 0.087591
vt 0.591729 0.087825
vt 0.589722 0.084092
vt 0.595170 0.088588
vt 0.594347 0.083551
vt 0.591086 0.095746
vt 0.475315 0.309700
vt 0.591663 0.092446
vt 0.478465 0.305071
vt 0.593235 0.091162
vt 0.481483 0.303864
vt 0.596114 0.091518
vt 0.485865 0.305138
vt 0.484866 0.313173
vt 0.486219 0.311930
vt 0.486278 0.308343
vt 0.481378 0.312643
vt 0.479589 0.310763
vt 0.479081 0.308811
vt 0.480620 0.306967
vt 0.482529 0.306523
vt 0.484051 0.306821
vt 0.593922 0.076081
vt 0.579698 0.062003
vt 0.582046 0.079715
vt 0.577536 0.074593
vt 0.595752 0.048963
vt 0.593171 0.036678
vt 0.584275 0.055497
vt 0.590129 0.051396
vt 0.581448 0.100348
vt 0.579521 0.092317
vt 0.572466 0.083631
vt 0.569636 0.075888
vt 0.567694 0.067795
vt 0.564776 0.053490
vt 0.575538 0.044170
vt 0.585124 0.039402
vt 0.590091 0.074944
vt 0.586167 0.107049
vt 0.589056 0.079429
vt 0.579514 0.069899
vt 0.594057 0.079958
vt 0.482932 0.309052
vt 0.586075 0.073041
vt 0.577581 0.301761
vt 0.002285 0.227308
vt 0.545484 0.292671
vt 0.009686 0.264618
vt 0.496434 0.262128
vt 0.042583 0.325729
vt 0.480996 0.247006
vt 0.061489 0.344895
vt 0.466339 0.229133
vt 0.085094 0.361745
vt 0.453123 0.208592
vt 0.112969 0.374892
vt 0.443651 0.186198
vt 0.142380 0.384532
vt 0.439050 0.164477
vt 0.170242 0.391222
vt 0.498190 0.816981
vt 0.230488 0.316996
vt 0.225391 0.399096
vt 0.442788 0.120396
vt 0.466771 0.071731
vt 0.291266 0.402124
vt 0.482181 0.054403
vt 0.318841 0.402099
vt 0.514297 0.029966
vt 0.366814 0.402531
vt 0.532198 0.021035
vt 0.390275 0.404144
vt 0.549482 0.014211
vt 0.412023 0.406256
vt 0.566775 0.009988
vt 0.432733 0.409575
vt 0.580127 0.281934
vt 0.552700 0.273786
vt 0.512049 0.249469
vt 0.498817 0.236235
vt 0.485935 0.220191
vt 0.473637 0.201074
vt 0.464865 0.181150
vt 0.461033 0.162745
vt 0.190096 0.307799
vt 0.465545 0.123897
vt 0.489296 0.079025
vt 0.506097 0.063735
vt 0.536586 0.041308
vt 0.553852 0.033527
vt 0.568721 0.028151
vt 0.581750 0.025729
vt 0.198503 0.395797
vt 0.438807 0.141955
vt 0.461568 0.143220
vt 0.587143 0.009141
vt 0.456874 0.411805
vt 0.590776 0.024961
vt 0.548145 0.058922
vt 0.524444 0.086593
vt 0.506281 0.099408
vt 0.485121 0.130410
vt 0.188334 0.318643
vt 0.480731 0.147064
vt 0.481306 0.161823
vt 0.486018 0.176202
vt 0.494411 0.194197
vt 0.504946 0.211565
vt 0.515322 0.226102
vt 0.525737 0.237296
vt 0.558860 0.256039
vt 0.582835 0.262599
vt 0.582080 0.110698
vt 0.550909 0.208116
vt 0.570546 0.167571
vt 0.548867 0.194982
vt 0.556396 0.173271
vt 0.542414 0.175008
vt 0.527504 0.174497
vt 0.509449 0.169718
vt 0.497537 0.149684
vt 0.501103 0.134575
vt 0.505700 0.126857
vt 0.509049 0.121632
vt 0.519781 0.113793
vt 0.531701 0.106466
vt 0.544585 0.105731
vt 0.556576 0.107417
vt 0.567608 0.111019
vt 0.576789 0.116585
vt 0.573290 0.103003
vt 0.559768 0.097417
vt 0.544761 0.092323
vt 0.496539 0.041194
vt 0.342106 0.401380
vt 0.516577 0.053197
vt 0.496530 0.111823
vt 0.478191 0.095411
vt 0.455026 0.089502
vt 0.265714 0.401542
vt 0.535521 0.069084
vt 0.550196 0.079922
vt 0.564200 0.087067
vt 0.573400 0.094733
vt 0.563169 0.078039
vt 0.557093 0.071226
vt 0.471406 0.108994
vt 0.447945 0.103509
vt 0.246771 0.400314
vt 0.490848 0.120154
vt 0.186461 0.329890
vt 0.182182 0.345337
vt 0.176338 0.366069
vt 0.200035 0.369494
vt 0.202666 0.346170
vt 0.527254 0.848399
vt 0.526107 0.148557
vt 0.529081 0.147328
vt 0.721954 0.398991
vt 0.516281 0.151919
vt 0.521748 0.149941
vt 0.499600 0.159997
vt 0.515857 0.187422
vt 0.522693 0.203679
vt 0.529695 0.216848
vt 0.536189 0.226432
vt 0.574130 0.175172
vt 0.574521 0.185622
vt 0.559494 0.181276
vt 0.545193 0.184037
vt 0.530638 0.184835
vt 0.542250 0.218997
vt 0.529232 0.285331
vt 0.017167 0.284068
vt 0.539373 0.268020
vt 0.547765 0.251383
vt 0.554201 0.235958
vt 0.561352 0.297920
vt 0.005113 0.246132
vt 0.558987 0.221437
vt 0.568403 0.222756
vt 0.565909 0.278427
vt 0.570297 0.259802
vt 0.574311 0.241805
vt 0.577409 0.224031
vt 0.512501 0.274821
vt 0.027980 0.305232
vt 0.525617 0.259967
vt 0.536633 0.245416
vt 0.545003 0.232108
vt 0.549631 0.220150
vt 0.525266 0.833598
vt 0.518805 0.840203
vt 0.513020 0.842505
vt 0.506637 0.841447
vt 0.502261 0.837798
vt 0.500859 0.832542
vt 0.502081 0.828929
vt 0.505234 0.825806
vt 0.511324 0.821868
vt 0.516966 0.820887
vt 0.523151 0.822500
vt 0.525829 0.826245
vt 0.530189 0.833899
vt 0.521795 0.843086
vt 0.513139 0.846118
vt 0.504784 0.844666
vt 0.498608 0.840158
vt 0.497098 0.832707
vt 0.498808 0.827157
vt 0.502413 0.822855
vt 0.510314 0.817455
vt 0.518445 0.816222
vt 0.526260 0.818268
vt 0.530391 0.822872
vt 0.521971 0.833313
vt 0.517034 0.838353
vt 0.513083 0.839868
vt 0.508191 0.838989
vt 0.505269 0.836662
vt 0.504429 0.832456
vt 0.505467 0.829913
vt 0.507421 0.827266
vt 0.511890 0.824422
vt 0.515969 0.823705
vt 0.520148 0.825268
vt 0.522165 0.827806
vt 0.519347 0.833054
vt 0.515518 0.836618
vt 0.513118 0.837444
vt 0.509763 0.836972
vt 0.508369 0.835799
vt 0.507572 0.832637
vt 0.508123 0.830883
vt 0.509390 0.828974
vt 0.512441 0.827010
vt 0.514795 0.826341
vt 0.517947 0.827687
vt 0.519321 0.829522
vt 0.510167 0.831328
vt 0.511825 0.835046
vt 0.514201 0.829511
vt 0.515308 0.833005
vt 0.444288 0.391810
vt 0.429753 0.365218
vt 0.413237 0.335367
vt 0.406666 0.314862
vt 0.866796 0.007260
vt 0.420147 0.387602
vt 0.397394 0.384262
vt 0.406874 0.364004
vt 0.389576 0.335119
vt 0.382344 0.314128
vt 0.879659 0.000369
vt 0.374377 0.381732
vt 0.383564 0.361947
vt 0.365747 0.334873
vt 0.358980 0.317763
vt 0.351047 0.380490
vt 0.360839 0.361418
vt 0.343309 0.334578
vt 0.336027 0.319362
vt 0.304465 0.381084
vt 0.338790 0.362714
vt 0.320899 0.335022
vt 0.313137 0.321380
vt 0.327860 0.380806
vt 0.316405 0.363826
vt 0.298945 0.335990
vt 0.295302 0.320699
vt 0.293756 0.363737
vt 0.279999 0.380064
vt 0.278306 0.336809
vt 0.276025 0.324574
vt 0.271520 0.362241
vt 0.260427 0.337024
vt 0.259654 0.325838
vt 0.257403 0.377952
vt 0.251561 0.359148
vt 0.247758 0.336673
vt 0.245996 0.326078
vt 0.535796 0.833693
vt 0.218244 0.355951
vt 0.244825 0.316055
vt 0.200935 0.331532
vt 0.513261 0.851552
vt 0.201380 0.321410
vt 0.502375 0.851548
vt 0.490845 0.847850
vt 0.204815 0.311460
vt 0.489594 0.834833
vt 0.215536 0.310528
vt 0.492816 0.825067
vt 0.223449 0.312855
vt 0.259328 0.315559
vt 0.509452 0.811709
vt 0.236677 0.326471
vt 0.520005 0.810216
vt 0.240131 0.335981
vt 0.529824 0.813077
vt 0.239188 0.346416
vt 0.535796 0.819482
vt 0.233857 0.354221
vt 0.421634 0.350718
vt 0.398351 0.349888
vt 0.374630 0.348608
vt 0.351601 0.348002
vt 0.329246 0.348556
vt 0.307046 0.349322
vt 0.285225 0.349351
vt 0.264940 0.348575
vt 0.249306 0.347204
vt 0.214243 0.299792
vt 0.239478 0.376006
vt 0.222409 0.374234
vt 0.224091 0.302203
vt 0.203449 0.298346
vt 0.233784 0.304631
vt 0.246172 0.305049
vt 0.190492 0.295626
vt 0.260024 0.304440
vt 0.126345 0.353682
vt 0.151856 0.361265
vt 0.080823 0.329831
vt 0.137871 0.336248
vt 0.160498 0.342304
vt 0.147710 0.321774
vt 0.167723 0.326986
vt 0.154716 0.310411
vt 0.171880 0.315336
vt 0.159559 0.300167
vt 0.174786 0.304264
vt 0.163468 0.289872
vt 0.176933 0.292671
vt 0.102109 0.343256
vt 0.096482 0.316690
vt 0.116056 0.327737
vt 0.109335 0.305144
vt 0.127536 0.314477
vt 0.119816 0.295380
vt 0.136925 0.303630
vt 0.128635 0.287694
vt 0.143961 0.294845
vt 0.136552 0.279953
vt 0.149789 0.285978
vt 0.063079 0.313769
vt 0.038276 0.276764
vt 0.048969 0.295763
vt 0.030431 0.258661
vt 0.022263 0.224516
vt 0.025077 0.241613
vt 0.038659 0.222509
vt 0.079846 0.302947
vt 0.093682 0.293208
vt 0.105133 0.284833
vt 0.115324 0.278512
vt 0.125001 0.272367
vt 0.054332 0.220791
vt 0.042150 0.238147
vt 0.057468 0.235244
vt 0.068456 0.219482
vt 0.071451 0.232734
vt 0.081933 0.218402
vt 0.084809 0.230621
vt 0.095315 0.217497
vt 0.098246 0.228871
vt 0.108989 0.216783
vt 0.111670 0.227519
vt 0.122783 0.216245
vt 0.124960 0.226467
vt 0.136020 0.215977
vt 0.137912 0.225843
vt 0.148077 0.216042
vt 0.149669 0.225721
vt 0.158536 0.216238
vt 0.160238 0.225862
vt 0.167658 0.216413
vt 0.169951 0.226135
vt 0.176943 0.216657
vt 0.179602 0.226507
vt 0.187682 0.217013
vt 0.190349 0.227081
vt 0.199415 0.217441
vt 0.202221 0.227924
vt 0.212214 0.218028
vt 0.214893 0.228852
vt 0.225850 0.218271
vt 0.228313 0.229775
vt 0.240253 0.218564
vt 0.242485 0.230929
vt 0.255324 0.219071
vt 0.257403 0.232386
vt 0.270630 0.219948
vt 0.272816 0.234209
vt 0.286574 0.221159
vt 0.287962 0.233615
vt 0.303805 0.221024
vt 0.304384 0.233247
vt 0.321522 0.220097
vt 0.321477 0.231934
vt 0.338501 0.218971
vt 0.337902 0.229874
vt 0.055915 0.270192
vt 0.047909 0.253842
vt 0.126560 0.259007
vt 0.070841 0.264221
vt 0.062999 0.249644
vt 0.083760 0.259079
vt 0.076561 0.245868
vt 0.096593 0.255623
vt 0.089817 0.242891
vt 0.108950 0.252638
vt 0.103005 0.240637
vt 0.120942 0.249567
vt 0.115959 0.238736
vt 0.132699 0.247104
vt 0.128733 0.237109
vt 0.143905 0.245637
vt 0.140841 0.236023
vt 0.154581 0.245329
vt 0.152029 0.235716
vt 0.165343 0.245276
vt 0.162622 0.235611
vt 0.175541 0.245623
vt 0.172633 0.235833
vt 0.185568 0.246803
vt 0.182597 0.236449
vt 0.196294 0.248565
vt 0.193460 0.237627
vt 0.207608 0.250423
vt 0.205095 0.238975
vt 0.219653 0.252289
vt 0.217448 0.240358
vt 0.232458 0.254294
vt 0.230568 0.241882
vt 0.245981 0.256569
vt 0.244419 0.243760
vt 0.260324 0.258267
vt 0.259058 0.245980
vt 0.274973 0.258995
vt 0.274230 0.247842
vt 0.289062 0.258821
vt 0.288726 0.247042
vt 0.305494 0.257588
vt 0.304985 0.245539
vt 0.322192 0.255063
vt 0.321682 0.243494
vt 0.338136 0.251138
vt 0.337726 0.240457
vt 0.136037 0.255804
vt 0.066391 0.287139
vt 0.080938 0.279212
vt 0.093242 0.272476
vt 0.104845 0.267699
vt 0.116123 0.263240
vt 0.146095 0.254803
vt 0.156658 0.254889
vt 0.167875 0.255093
vt 0.178114 0.255777
vt 0.188232 0.257757
vt 0.198874 0.259928
vt 0.209876 0.262198
vt 0.221557 0.264428
vt 0.234041 0.266841
vt 0.247222 0.268785
vt 0.261153 0.269931
vt 0.275479 0.270586
vt 0.290216 0.270995
vt 0.306518 0.270162
vt 0.323133 0.266887
vt 0.339130 0.262175
vt 0.133323 0.266483
vt 0.143009 0.271830
vt 0.138867 0.261842
vt 0.166840 0.278851
vt 0.146692 0.263496
vt 0.154787 0.276084
vt 0.157413 0.265258
vt 0.169059 0.266530
vt 0.190752 0.282708
vt 0.178610 0.280369
vt 0.179450 0.267410
vt 0.190031 0.269759
vt 0.202739 0.285412
vt 0.213484 0.287447
vt 0.201037 0.272201
vt 0.212015 0.274530
vt 0.224124 0.289858
vt 0.223357 0.277001
vt 0.235114 0.292097
vt 0.235081 0.279411
vt 0.247442 0.293002
vt 0.247826 0.280839
vt 0.260869 0.293016
vt 0.261275 0.281453
vt 0.274652 0.314364
vt 0.290832 0.312722
vt 0.274289 0.303264
vt 0.274952 0.292663
vt 0.275382 0.281690
vt 0.289212 0.302423
vt 0.290142 0.292378
vt 0.290426 0.281785
vt 0.308397 0.313955
vt 0.330761 0.311283
vt 0.306317 0.302747
vt 0.307888 0.292453
vt 0.307611 0.281496
vt 0.351468 0.307123
vt 0.326430 0.300156
vt 0.325348 0.289426
vt 0.324272 0.278378
vt 0.369305 0.299246
vt 0.891424 0.002163
vt 0.345664 0.295754
vt 0.342416 0.284684
vt 0.340488 0.273438
vt 0.867182 0.017866
vt 0.362237 0.287746
vt 0.899472 0.003882
vt 0.358345 0.277369
vt 0.905862 0.006221
vt 0.355912 0.267168
vt 0.911800 0.008536
vt 0.354298 0.256615
vt 0.917855 0.010839
vt 0.495791 0.590925
vt 0.353382 0.246269
vt 0.496273 0.584300
vt 0.353175 0.236779
vt 0.496996 0.578276
vt 0.353475 0.227703
vt 0.497775 0.572526
vt 0.354128 0.217959
vt 0.498494 0.566357
vt 0.869845 0.030300
vt 0.873223 0.045786
vt 0.886387 0.062755
vt 0.879933 0.015563
vt 0.881325 0.029871
vt 0.883541 0.045072
vt 0.876536 0.063861
vt 0.889214 0.015870
vt 0.896748 0.016649
vt 0.903724 0.017675
vt 0.910145 0.019167
vt 0.916060 0.020907
vt 0.506363 0.589390
vt 0.506961 0.583440
vt 0.507550 0.577931
vt 0.508056 0.572471
vt 0.508549 0.566228
vt 0.889558 0.029779
vt 0.896667 0.029938
vt 0.903445 0.030327
vt 0.909550 0.030986
vt 0.915012 0.031840
vt 0.517621 0.588957
vt 0.518292 0.583495
vt 0.518729 0.578028
vt 0.518879 0.572351
vt 0.519192 0.565549
vt 0.891419 0.044420
vt 0.898239 0.043780
vt 0.904555 0.043365
vt 0.910340 0.043289
vt 0.915633 0.043432
vt 0.529260 0.589257
vt 0.530525 0.584144
vt 0.531074 0.578354
vt 0.531026 0.572112
vt 0.530903 0.564952
vt 0.894201 0.061572
vt 0.900927 0.059958
vt 0.907155 0.058339
vt 0.913135 0.056831
vt 0.918751 0.055960
vt 0.541565 0.592010
vt 0.543740 0.587100
vt 0.544752 0.580583
vt 0.544907 0.572703
vt 0.544509 0.564342
vt 0.889886 0.084603
vt 0.879646 0.086201
vt 0.898280 0.082561
vt 0.905268 0.079496
vt 0.912136 0.075888
vt 0.918496 0.072081
vt 0.925186 0.069449
vt 0.554646 0.597670
vt 0.558480 0.592701
vt 0.560758 0.585050
vt 0.562370 0.575033
vt 0.562176 0.565186
vt 0.900275 0.109425
vt 0.884555 0.112488
vt 0.917582 0.106695
vt 0.926917 0.101815
vt 0.934358 0.096463
vt 0.939740 0.091109
vt 0.571366 0.614102
vt 0.944259 0.085284
vt 0.576160 0.606716
vt 0.580853 0.597713
vt 0.583800 0.583350
vt 0.584005 0.568938
vt 0.910727 0.151708
vt 0.891506 0.152713
vt 0.939091 0.147684
vt 0.779657 0.984481
vt 0.945277 0.131328
vt 0.761375 0.991237
vt 0.954297 0.117142
vt 0.742618 0.991692
vt 0.962424 0.106859
vt 0.728655 0.988979
vt 0.585671 0.634391
vt 0.968545 0.095964
vt 0.716365 0.985226
vt 0.595468 0.629440
vt 0.705461 0.980152
vt 0.610721 0.620428
vt 0.688283 0.968479
vt 0.614593 0.594378
vt 0.616924 0.572899
vt 0.920011 0.184087
vt 0.897461 0.187153
vt 0.799267 0.949700
vt 0.952156 0.180796
vt 0.649045 0.636380
vt 0.687620 0.924020
vt 0.648871 0.602441
vt 0.649898 0.575800
vt 0.924809 0.215225
vt 0.900992 0.218702
vt 0.953519 0.212026
vt 0.679546 0.628421
vt 0.681436 0.598865
vt 0.682947 0.574089
vt 0.929771 0.249281
vt 0.906806 0.252246
vt 0.954993 0.246613
vt 0.716301 0.621846
vt 0.716377 0.595888
vt 0.717741 0.573390
vt 0.693031 0.891700
vt 0.802534 0.917180
vt 0.704703 0.894184
vt 0.719493 0.897922
vt 0.731701 0.902394
vt 0.744033 0.905106
vt 0.757506 0.908518
vt 0.770506 0.910694
vt 0.934242 0.284838
vt 0.912249 0.287058
vt 0.956204 0.282219
vt 0.751872 0.615901
vt 0.751191 0.593366
vt 0.752184 0.572882
vt 0.939391 0.322970
vt 0.917183 0.323290
vt 0.958251 0.320361
vt 0.789131 0.609893
vt 0.786879 0.589971
vt 0.786183 0.570441
vt 0.485487 0.788386
vt 0.945131 0.367172
vt 0.920708 0.363629
vt 0.961022 0.357040
vt 0.487275 0.809063
vt 0.823184 0.606528
vt 0.482692 0.854088
vt 0.816796 0.586424
vt 0.485743 0.877527
vt 0.814623 0.569151
vt 0.486462 0.896979
vt 0.769970 0.964102
vt 0.755371 0.962603
vt 0.744535 0.961455
vt 0.734996 0.960345
vt 0.725773 0.956903
vt 0.716375 0.951324
vt 0.699832 0.947540
vt 0.778650 0.940561
vt 0.763476 0.935109
vt 0.828193 0.935052
vt 0.979491 0.189853
vt 0.670585 0.663178
vt 0.657493 0.899860
vt 0.729379 0.928262
vt 0.978217 0.317439
vt 0.792905 0.631125
vt 0.980414 0.212500
vt 0.691077 0.655101
vt 0.980414 0.352523
vt 0.828193 0.627561
vt 0.483520 0.830401
vt 0.977784 0.280614
vt 0.756435 0.637430
vt 0.784911 0.913522
vt 0.979113 0.245520
vt 0.722538 0.646126
vt 0.396648 0.858168
vt 0.412960 0.834610
vt 0.825232 0.908151
vt 0.668813 0.876030
vt 0.723478 0.772860
vt 0.812551 0.794098
vt 0.734707 0.775953
vt 0.745974 0.779192
vt 0.756930 0.782499
vt 0.767462 0.785899
vt 0.778091 0.789084
vt 0.789223 0.791564
vt 0.800780 0.793363
vt 0.824239 0.793720
vt 0.712183 0.770053
vt 0.818642 0.700440
vt 0.827216 0.699496
vt 0.751864 0.684622
vt 0.759459 0.686121
vt 0.766319 0.686692
vt 0.773158 0.688399
vt 0.781004 0.691077
vt 0.789145 0.695344
vt 0.797037 0.698973
vt 0.803989 0.700920
vt 0.810483 0.702128
vt 0.784553 0.821804
vt 0.727212 0.803752
vt 0.774148 0.819207
vt 0.762125 0.815798
vt 0.820860 0.821085
vt 0.702151 0.795844
vt 0.715314 0.799577
vt 0.738039 0.807744
vt 0.749399 0.811696
vt 0.796368 0.822766
vt 0.807495 0.822245
vt 0.433937 0.816281
vt 0.385091 0.883343
vt 0.454743 0.805877
vt 0.455584 0.784295
vt 0.925156 0.411190
vt 0.455901 0.744402
vt 0.914206 0.399941
vt 0.917974 0.427353
vt 0.447680 0.727494
vt 0.910302 0.410217
vt 0.442222 0.735939
vt 0.431410 0.713263
vt 0.391626 0.686418
vt 0.365672 0.896930
vt 0.411234 0.664235
vt 0.466989 0.758920
vt 0.933985 0.396743
vt 0.917161 0.386156
vt 0.449562 0.756208
vt 0.424295 0.751903
vt 0.414876 0.681694
vt 0.460404 0.854833
vt 0.457256 0.827936
vt 0.432888 0.860310
vt 0.424627 0.848318
vt 0.429179 0.874382
vt 0.414122 0.867735
vt 0.426640 0.892649
vt 0.407913 0.887735
vt 0.445041 0.857414
vt 0.439954 0.834459
vt 0.445253 0.895799
vt 0.444931 0.877549
vt 0.462033 0.896496
vt 0.461762 0.877863
vt 0.388935 0.668528
vt 0.346437 0.883462
vt 0.402086 0.713739
vt 0.414970 0.733519
vt 0.432680 0.778336
vt 0.435018 0.797801
vt 0.360267 0.869681
vt 0.414985 0.809346
vt 0.392475 0.827216
vt 0.374897 0.847872
vt 0.360698 0.687695
vt 0.389343 0.748962
vt 0.361773 0.673167
vt 0.321770 0.868938
vt 0.366604 0.713438
vt 0.378985 0.732426
vt 0.401220 0.770748
vt 0.405031 0.788574
vt 0.333321 0.857964
vt 0.381371 0.802641
vt 0.361739 0.819574
vt 0.346489 0.838853
vt 0.338519 0.697615
vt 0.335696 0.746856
vt 0.337969 0.682178
vt 0.297982 0.857629
vt 0.338138 0.714462
vt 0.337090 0.730815
vt 0.333675 0.762241
vt 0.330958 0.776127
vt 0.305951 0.843612
vt 0.327147 0.790102
vt 0.321162 0.807073
vt 0.313620 0.826150
vt 0.290624 0.697643
vt 0.287710 0.739912
vt 0.290737 0.684300
vt 0.255473 0.834354
vt 0.290014 0.712262
vt 0.289014 0.726473
vt 0.286000 0.752614
vt 0.283597 0.764835
vt 0.261654 0.822201
vt 0.280005 0.777454
vt 0.274748 0.791767
vt 0.268331 0.807516
vt 0.247853 0.695232
vt 0.243161 0.731277
vt 0.248676 0.684245
vt 0.216835 0.816057
vt 0.246596 0.707406
vt 0.245020 0.719465
vt 0.240972 0.743064
vt 0.238354 0.754747
vt 0.221330 0.805577
vt 0.235183 0.766575
vt 0.231213 0.779175
vt 0.226380 0.792764
vt 0.213962 0.691041
vt 0.208749 0.725006
vt 0.214963 0.680179
vt 0.184879 0.803523
vt 0.212586 0.702741
vt 0.210807 0.714135
vt 0.206391 0.735790
vt 0.203752 0.746503
vt 0.188908 0.793236
vt 0.200792 0.757263
vt 0.197341 0.768573
vt 0.193320 0.781048
vt 0.028451 0.671993
vt 0.024049 0.689143
vt 0.014434 0.729529
vt 0.029392 0.666898
vt 0.027018 0.677652
vt 0.025384 0.683405
vt 0.022926 0.694932
vt 0.021915 0.700750
vt 0.016247 0.724623
vt 0.020843 0.706466
vt 0.019565 0.712329
vt 0.018010 0.718631
vt 0.751352 0.932592
vt 0.739734 0.929380
vt 0.700817 0.923555
vt 0.717955 0.925042
vt 0.809311 0.814339
vt 0.810968 0.800809
vt 0.752738 0.803537
vt 0.755684 0.789637
vt 0.716455 0.791920
vt 0.720785 0.779073
vt 0.763933 0.807588
vt 0.766839 0.793144
vt 0.775843 0.810900
vt 0.777881 0.796414
vt 0.787953 0.798678
vt 0.786135 0.813114
vt 0.822764 0.800365
vt 0.709099 0.776171
vt 0.821609 0.813563
vt 0.704822 0.788789
vt 0.799779 0.800363
vt 0.797950 0.814455
vt 0.747838 0.790137
vt 0.745775 0.799733
vt 0.727732 0.783982
vt 0.724797 0.793124
vt 0.734542 0.785776
vt 0.731649 0.795149
vt 0.741534 0.787944
vt 0.739186 0.797628
vt 0.721374 0.789966
vt 0.723360 0.784092
vt 0.749204 0.799101
vt 0.750823 0.791808
vt 0.534459 0.421665
vt 0.543298 0.408260
vt 0.531691 0.422171
vt 0.535597 0.424185
vt 0.536320 0.417425
vt 0.538769 0.418855
vt 0.534160 0.416507
vt 0.538487 0.411876
vt 0.541524 0.413445
vt 0.535987 0.410557
vt 0.581901 0.712898
vt 0.576159 0.699722
vt 0.504766 0.407470
vt 0.580698 0.709934
vt 0.503640 0.404133
vt 0.500925 0.396667
vt 0.583801 0.715737
vt 0.577900 0.703347
vt 0.502071 0.400040
vt 0.579492 0.706735
vt 0.588640 0.709737
vt 0.581615 0.695650
vt 0.510674 0.407539
vt 0.508925 0.403296
vt 0.506755 0.398989
vt 0.587931 0.705760
vt 0.586871 0.702172
vt 0.589152 0.713534
vt 0.505684 0.395905
vt 0.584965 0.698756
vt 0.594604 0.701942
vt 0.593217 0.697837
vt 0.513501 0.403047
vt 0.591019 0.694671
vt 0.509405 0.394371
vt 0.594175 0.712046
vt 0.595333 0.707536
vt 0.510737 0.397362
vt 0.515515 0.409187
vt 0.586515 0.692317
vt 0.617218 0.733875
vt 0.605551 0.727358
vt 0.643683 0.738340
vt 0.648979 0.735815
vt 0.630669 0.738245
vt 0.637618 0.738936
vt 0.632601 0.732515
vt 0.628958 0.730636
vt 0.643825 0.732928
vt 0.640361 0.731881
vt 0.624175 0.736649
vt 0.648317 0.729476
vt 0.613430 0.726204
vt 0.617361 0.726358
vt 0.608867 0.721426
vt 0.611201 0.730892
vt 0.611083 0.728365
vt 0.619703 0.732051
vt 0.641025 0.738980
vt 0.647292 0.735234
vt 0.614011 0.732326
vt 0.632610 0.736212
vt 0.627353 0.737721
vt 0.608108 0.726657
vt 0.644617 0.736095
vt 0.636234 0.736652
vt 0.514760 0.382821
vt 0.600585 0.724169
vt 0.623322 0.733732
vt 0.560147 0.414372
vt 0.559277 0.416975
vt 0.563559 0.412087
vt 0.550936 0.407092
vt 0.558088 0.400159
vt 0.548648 0.411448
vt 0.542100 0.402539
vt 0.548919 0.391148
vt 0.540288 0.406594
vt 0.533039 0.395897
vt 0.535357 0.385225
vt 0.530719 0.401518
vt 0.556463 0.411876
vt 0.554304 0.415295
vt 0.560974 0.408033
vt 0.525094 0.392080
vt 0.524426 0.385841
vt 0.522391 0.393930
vt 0.530349 0.408521
vt 0.532880 0.408924
vt 0.526511 0.404711
vt 0.530352 0.412109
vt 0.527617 0.412212
vt 0.531944 0.414672
vt 0.607327 0.695320
vt 0.604776 0.698308
vt 0.608322 0.701428
vt 0.611919 0.695313
vt 0.600784 0.687167
vt 0.603129 0.689932
vt 0.577954 0.391125
vt 0.641940 0.745982
vt 0.574174 0.392133
vt 0.563236 0.369694
vt 0.625860 0.745349
vt 0.560360 0.374164
vt 0.534448 0.358547
vt 0.610446 0.739301
vt 0.534280 0.364652
vt 0.515546 0.391556
vt 0.512258 0.388796
vt 0.601148 0.715931
vt 0.550297 0.428931
vt 0.525346 0.425486
vt 0.615083 0.679027
vt 0.597501 0.694476
vt 0.595076 0.691370
vt 0.556084 0.427457
vt 0.654868 0.711157
vt 0.553544 0.425315
vt 0.513117 0.395453
vt 0.511129 0.392478
vt 0.597486 0.712887
vt 0.556713 0.420988
vt 0.560023 0.421837
vt 0.653801 0.720295
vt 0.517666 0.386390
vt 0.513728 0.385746
vt 0.601727 0.720137
vt 0.565133 0.416138
vt 0.653885 0.730128
vt 0.540468 0.426196
vt 0.546141 0.427821
vt 0.549667 0.433348
vt 0.656205 0.699330
vt 0.608983 0.685550
vt 0.606207 0.683676
vt 0.537375 0.404975
vt 0.607967 0.677814
vt 0.521174 0.428030
vt 0.619354 0.696049
vt 0.528433 0.419118
vt 0.627520 0.699240
vt 0.597378 0.683396
vt 0.518906 0.419038
vt 0.609913 0.680595
vt 0.570655 0.393688
vt 0.557819 0.377923
vt 0.535550 0.370118
vt 0.523100 0.412408
vt 0.603894 0.680672
vt 0.519698 0.424446
vt 0.529712 0.429598
vt 0.519734 0.397379
vt 0.609956 0.713261
vt 0.615723 0.704827
vt 0.621113 0.685269
vt 0.820299 0.677798
vt 0.527201 0.440976
vt 0.605325 0.693111
vt 0.828193 0.676794
vt 0.761509 0.663916
vt 0.533430 0.441806
vt 0.787043 0.668627
vt 0.643145 0.681478
vt 0.523562 0.418993
vt 0.635707 0.676634
vt 0.794463 0.673057
vt 0.624501 0.708002
vt 0.632897 0.710478
vt 0.641100 0.710381
vt 0.543192 0.420724
vt 0.621123 0.716421
vt 0.631197 0.719281
vt 0.640785 0.720452
vt 0.546021 0.415766
vt 0.522415 0.406042
vt 0.620464 0.728810
vt 0.625011 0.730714
vt 0.637178 0.733241
vt 0.522721 0.423448
vt 0.633714 0.702653
vt 0.536866 0.432456
vt 0.639969 0.697161
vt 0.631189 0.689914
vt 0.773996 0.664885
vt 0.543025 0.443085
vt 0.656755 0.684211
vt 0.807382 0.678746
vt 0.623874 0.668304
vt 0.768208 0.664963
vt 0.538638 0.442406
vt 0.812775 0.679934
vt 0.521048 0.441451
vt 0.619938 0.663916
vt 0.628970 0.671851
vt 0.801518 0.676852
vt 0.779845 0.666176
vt 0.650628 0.683727
vt 0.548714 0.423013
vt 0.518504 0.411845
vt 0.589487 0.688668
vt 0.599912 0.698855
vt 0.649007 0.710893
vt 0.551760 0.418983
vt 0.517119 0.402427
vt 0.601579 0.707050
vt 0.648634 0.720416
vt 0.609929 0.724394
vt 0.647222 0.732264
vt 0.543274 0.433618
vt 0.522398 0.432296
vt 0.612028 0.673650
vt 0.611833 0.689467
vt 0.649238 0.698607
vt 0.573540 0.710311
vt 0.573880 0.714851
vt 0.571626 0.715326
vt 0.569171 0.710501
vt 0.574635 0.712798
vt 0.571287 0.709171
vt 0.568724 0.712679
vt 0.569805 0.714419
vt 0.571585 0.714733
vt 0.478881 0.345565
vt 0.569716 0.711012
vt 0.478495 0.334770
vt 0.573807 0.712921
vt 0.485331 0.343283
vt 0.572896 0.710936
vt 0.485331 0.338395
vt 0.571251 0.710099
vt 0.482956 0.334855
vt 0.569236 0.712629
vt 0.475232 0.338109
vt 0.570106 0.713957
vt 0.475758 0.342498
vt 0.573253 0.714395
vt 0.483036 0.346013
vt 0.479424 0.336462
vt 0.479402 0.344279
vt 0.572117 0.720093
vt 0.490248 0.400036
vt 0.568194 0.709460
vt 0.493184 0.402555
vt 0.480333 0.338764
vt 0.571859 0.716625
vt 0.493032 0.410274
vt 0.565130 0.707412
vt 0.480428 0.342225
vt 0.494307 0.406341
vt 0.483481 0.342753
vt 0.483288 0.338681
vt 0.571703 0.706773
vt 0.567723 0.712658
vt 0.569210 0.715169
vt 0.575988 0.715906
vt 0.579288 0.714299
vt 0.573499 0.700888
vt 0.502470 0.408649
vt 0.578187 0.711211
vt 0.501366 0.404813
vt 0.498507 0.396728
vt 0.581515 0.717351
vt 0.575100 0.704806
vt 0.499964 0.400434
vt 0.576836 0.708026
vt 0.591673 0.708576
vt 0.513343 0.408303
vt 0.584263 0.693974
vt 0.511244 0.403101
vt 0.507569 0.395219
vt 0.591496 0.712710
vt 0.508529 0.398240
vt 0.591147 0.703933
vt 0.588100 0.696757
vt 0.590095 0.700091
vt 0.578639 0.719637
vt 0.495182 0.397058
vt 0.482368 0.344965
vt 0.482298 0.336132
vt 0.498823 0.410258
vt 0.569430 0.702469
vt 0.497289 0.400804
vt 0.574859 0.709038
vt 0.576403 0.712364
vt 0.498654 0.405326
vt 0.584799 0.711346
vt 0.586097 0.714391
vt 0.503180 0.396547
vt 0.578429 0.698345
vt 0.507001 0.407075
vt 0.580763 0.701594
vt 0.476687 0.338669
vt 0.488934 0.407829
vt 0.564806 0.713325
vt 0.476816 0.341927
vt 0.567781 0.717590
vt 0.488013 0.403629
vt 0.504241 0.399701
vt 0.582475 0.704895
vt 0.583731 0.708152
vt 0.505868 0.403717
vt 0.478010 0.339341
vt 0.477864 0.341386
vt 0.490727 0.404108
vt 0.491449 0.406531
vt 0.636075 0.745796
vt 0.567410 0.390671
vt 0.630400 0.745227
vt 0.560776 0.382665
vt 0.599839 0.357680
vt 0.600903 0.359132
vt 0.516518 0.317375
vt 0.516676 0.315158
vt 0.638911 0.749710
vt 0.578116 0.387981
vt 0.564188 0.374723
vt 0.575029 0.387614
vt 0.570607 0.386072
vt 0.592930 0.361726
vt 0.630204 0.782641
vt 0.625931 0.782006
vt 0.595501 0.364921
vt 0.640056 0.747901
vt 0.577725 0.389471
vt 0.574266 0.390093
vt 0.561963 0.374845
vt 0.564292 0.370177
vt 0.626285 0.746785
vt 0.602425 0.358809
vt 0.515539 0.317762
vt 0.600804 0.356492
vt 0.515621 0.314622
vt 0.565659 0.380605
vt 0.565527 0.370737
vt 0.626482 0.748323
vt 0.630342 0.748279
vt 0.635191 0.748827
vt 0.622847 0.781407
vt 0.589725 0.357332
vt 0.591158 0.359341
vt 0.597267 0.367197
vt 0.633563 0.783251
vt 0.599081 0.369109
vt 0.595960 0.359834
vt 0.630051 0.787899
vt 0.625244 0.787363
vt 0.598323 0.362911
vt 0.595232 0.357026
vt 0.520336 0.312500
vt 0.520216 0.321066
vt 0.600612 0.364383
vt 0.628709 0.761488
vt 0.627916 0.767955
vt 0.628233 0.764732
vt 0.581360 0.375741
vt 0.586374 0.372011
vt 0.583985 0.373994
vt 0.583868 0.368553
vt 0.578728 0.372164
vt 0.581271 0.370163
vt 0.632139 0.768352
vt 0.633108 0.762015
vt 0.632590 0.765098
vt 0.576752 0.369056
vt 0.581831 0.365701
vt 0.579150 0.367041
vt 0.624636 0.768114
vt 0.580262 0.362894
vt 0.624943 0.760807
vt 0.574763 0.366001
vt 0.624328 0.764439
vt 0.577189 0.363895
vt 0.585509 0.380852
vt 0.636556 0.762217
vt 0.589930 0.376632
vt 0.635320 0.769288
vt 0.588058 0.379130
vt 0.636264 0.765760
vt 0.588137 0.374401
vt 0.583535 0.378410
vt 0.586011 0.376639
vt 0.567809 0.374267
vt 0.569525 0.378432
vt 0.578937 0.386134
vt 0.638074 0.752256
vt 0.634568 0.751769
vt 0.630099 0.751210
vt 0.626588 0.750829
vt 0.567590 0.370920
vt 0.573158 0.382730
vt 0.576370 0.384829
vt 0.626473 0.778990
vt 0.587940 0.358928
vt 0.623522 0.778506
vt 0.630621 0.779722
vt 0.593689 0.366265
vt 0.595344 0.368514
vt 0.591259 0.363076
vt 0.589429 0.360788
vt 0.596829 0.370570
vt 0.633828 0.780061
vt 0.625848 0.784487
vt 0.596531 0.363732
vt 0.591573 0.356128
vt 0.622887 0.784339
vt 0.598834 0.365715
vt 0.594399 0.360900
vt 0.629627 0.785032
vt 0.592684 0.358492
vt 0.632674 0.785439
vt 0.600534 0.367953
vt 0.632961 0.789987
vt 0.603263 0.365175
vt 0.603660 0.357912
vt 0.628035 0.796140
vt 0.601457 0.355294
vt 0.624136 0.795997
vt 0.594681 0.354242
vt 0.621333 0.788559
vt 0.521080 0.314436
vt 0.521107 0.319117
vt 0.598352 0.358349
vt 0.518640 0.318454
vt 0.598316 0.356000
vt 0.604245 0.361165
vt 0.631274 0.794346
vt 0.518590 0.314557
vt 0.600063 0.360629
vt 0.598686 0.354065
vt 0.621302 0.793485
vt 0.602254 0.361411
vt 0.517703 0.320099
vt 0.517953 0.312703
vt 0.520451 0.321612
vt 0.630413 0.791334
vt 0.627423 0.794787
vt 0.514456 0.318188
vt 0.514155 0.314012
vt 0.624745 0.794843
vt 0.623322 0.790568
vt 0.520583 0.311902
vt 0.625211 0.789522
vt 0.522022 0.314403
vt 0.629014 0.789937
vt 0.522022 0.319423
vt 0.623243 0.792901
vt 0.517246 0.311696
vt 0.517058 0.321031
vt 0.629547 0.793493
vt 0.627756 0.795433
vt 0.624558 0.795286
vt 0.622743 0.790214
vt 0.629276 0.789470
vt 0.622514 0.793177
vt 0.630097 0.793842
vt 0.631117 0.791173
vt 0.625199 0.788975
vt 0.633765 0.757046
vt 0.581937 0.383167
vt 0.637199 0.757271
vt 0.574912 0.375057
vt 0.573026 0.371820
vt 0.629486 0.756499
vt 0.625971 0.755873
vt 0.571470 0.368901
vt 0.577489 0.378582
vt 0.579820 0.381036
vt 0.627545 0.773053
vt 0.631318 0.773615
vt 0.589796 0.369257
vt 0.587460 0.366116
vt 0.585706 0.363692
vt 0.592714 0.373221
vt 0.633989 0.774229
vt 0.584341 0.361703
vt 0.624821 0.773061
vt 0.591408 0.371330
vt 0.590574 0.407439
vt 0.646600 0.765845
vt 0.591762 0.396500
vt 0.654691 0.764594
vt 0.590406 0.409970
vt 0.591404 0.398605
vt 0.591167 0.401189
vt 0.590752 0.404585
vt 0.652039 0.764821
vt 0.648931 0.765304
vt 0.580294 0.406562
vt 0.580524 0.403567
vt 0.581764 0.394662
vt 0.644182 0.753785
vt 0.647042 0.753441
vt 0.581306 0.397123
vt 0.580882 0.400033
vt 0.579910 0.409335
vt 0.653598 0.752252
vt 0.650547 0.752943
vt 0.650563 0.776677
vt 0.655409 0.777257
vt 0.655388 0.779666
vt 0.649249 0.780397
vt 0.653481 0.776326
vt 0.648910 0.778008
vt 0.651259 0.781850
vt 0.653843 0.781422
vt 0.533692 0.319397
vt 0.654677 0.779317
vt 0.534209 0.311696
vt 0.649801 0.779929
vt 0.653373 0.776716
vt 0.537952 0.317739
vt 0.650755 0.777080
vt 0.537952 0.313993
vt 0.649507 0.778122
vt 0.536874 0.311981
vt 0.531366 0.313455
vt 0.651341 0.781336
vt 0.531570 0.316979
vt 0.653363 0.780689
vt 0.536616 0.319709
vt 0.654770 0.777504
vt 0.534869 0.312734
vt 0.534445 0.318408
vt 0.601550 0.406641
vt 0.603019 0.400040
vt 0.648414 0.780857
vt 0.600593 0.404743
vt 0.535364 0.314211
vt 0.602987 0.407706
vt 0.656449 0.779972
vt 0.601900 0.401078
vt 0.535352 0.317049
vt 0.600700 0.402499
vt 0.537167 0.317449
vt 0.537236 0.314128
vt 0.647472 0.777157
vt 0.600722 0.397961
vt 0.604183 0.402254
vt 0.650971 0.782453
vt 0.604245 0.405111
vt 0.654134 0.782106
vt 0.600332 0.410120
vt 0.656755 0.776081
vt 0.597392 0.410389
vt 0.655989 0.772833
vt 0.597602 0.399408
vt 0.653135 0.773265
vt 0.597254 0.401952
vt 0.597483 0.407616
vt 0.647620 0.774211
vt 0.598408 0.397231
vt 0.597017 0.404892
vt 0.650091 0.773629
vt 0.655513 0.768573
vt 0.593787 0.410141
vt 0.594702 0.399020
vt 0.594475 0.401558
vt 0.593962 0.407632
vt 0.594124 0.404861
vt 0.652725 0.769032
vt 0.646991 0.769804
vt 0.594914 0.396950
vt 0.649502 0.769513
vt 0.576661 0.406368
vt 0.576353 0.403298
vt 0.578944 0.394094
vt 0.643597 0.750292
vt 0.646342 0.749703
vt 0.649898 0.749112
vt 0.652884 0.748647
vt 0.576901 0.408838
vt 0.576471 0.399293
vt 0.577533 0.396107
vt 0.585358 0.407576
vt 0.583064 0.407252
vt 0.587657 0.407393
vt 0.585054 0.410766
vt 0.654875 0.758377
vt 0.654865 0.761239
vt 0.587526 0.410365
vt 0.582622 0.410374
vt 0.654334 0.755539
vt 0.644761 0.759802
vt 0.586835 0.394575
vt 0.644385 0.757024
vt 0.584480 0.394558
vt 0.645629 0.762512
vt 0.589101 0.395395
vt 0.586473 0.397361
vt 0.588652 0.397870
vt 0.584264 0.397304
vt 0.651439 0.758584
vt 0.651073 0.756103
vt 0.651710 0.761228
vt 0.586116 0.400404
vt 0.583864 0.400261
vt 0.588328 0.400750
vt 0.585689 0.404337
vt 0.587957 0.404428
vt 0.583458 0.404038
vt 0.647857 0.759184
vt 0.648246 0.761703
vt 0.647480 0.756733
vt 0.598917 0.407669
vt 0.536427 0.318910
vt 0.536677 0.312584
vt 0.599576 0.400028
vt 0.598360 0.405072
vt 0.650196 0.775537
vt 0.653746 0.775063
vt 0.598554 0.402084
vt 0.656131 0.771222
vt 0.596103 0.410381
vt 0.595835 0.407761
vt 0.596509 0.399178
vt 0.647064 0.772096
vt 0.596717 0.396995
vt 0.649490 0.746446
vt 0.645686 0.747361
vt 0.643003 0.748463
vt 0.577791 0.393110
vt 0.573218 0.398591
vt 0.532813 0.314176
vt 0.603126 0.402749
vt 0.532704 0.316668
vt 0.602950 0.405039
vt 0.642631 0.747312
vt 0.577612 0.392155
vt 0.574002 0.393610
vt 0.569875 0.408247
vt 0.653523 0.740979
vt 0.571646 0.410997
vt 0.595913 0.404998
vt 0.649731 0.771857
vt 0.653112 0.771413
vt 0.596150 0.401695
vt 0.573047 0.403389
vt 0.573827 0.406764
vt 0.575230 0.394661
vt 0.653003 0.745784
vt 0.574812 0.409340
vt 0.533793 0.314749
vt 0.533562 0.316429
vt 0.601846 0.404230
vt 0.601924 0.402873
vt 0.569044 0.397815
vt 0.644978 0.744634
vt 0.568528 0.404249
vt 0.649216 0.742838
vt 0.513083 0.349674
vt 0.503693 0.358465
vt 0.582975 0.753741
vt 0.590652 0.759369
vt 0.514793 0.347683
vt 0.505683 0.356935
vt 0.508025 0.354812
vt 0.511034 0.351819
vt 0.588411 0.757444
vt 0.585341 0.755082
vt 0.523789 0.359033
vt 0.521303 0.361811
vt 0.511957 0.369675
vt 0.592075 0.740225
vt 0.594660 0.742496
vt 0.514578 0.367543
vt 0.517764 0.365069
vt 0.525921 0.356413
vt 0.601192 0.746754
vt 0.598146 0.744909
vt 0.574549 0.769682
vt 0.579350 0.774689
vt 0.576989 0.776904
vt 0.570884 0.772967
vt 0.578375 0.772076
vt 0.572007 0.770093
vt 0.571703 0.775579
vt 0.574147 0.777003
vt 0.576672 0.776433
vt 0.507929 0.321408
vt 0.571366 0.773069
vt 0.508116 0.312080
vt 0.577928 0.772535
vt 0.513417 0.319574
vt 0.574405 0.770280
vt 0.513417 0.314049
vt 0.572246 0.770698
vt 0.511617 0.311696
vt 0.572041 0.775328
vt 0.505430 0.314672
vt 0.574086 0.776458
vt 0.505353 0.318552
vt 0.511731 0.322051
vt 0.578638 0.774642
vt 0.508580 0.312859
vt 0.508403 0.320578
vt 0.499738 0.338537
vt 0.491984 0.343152
vt 0.569747 0.772533
vt 0.499443 0.341044
vt 0.509298 0.314563
vt 0.498814 0.336098
vt 0.577989 0.777858
vt 0.494326 0.343515
vt 0.509338 0.318727
vt 0.497206 0.343154
vt 0.512296 0.319306
vt 0.512289 0.314211
vt 0.493073 0.347777
vt 0.571698 0.767511
vt 0.492666 0.339797
vt 0.570975 0.776085
vt 0.495261 0.337110
vt 0.574230 0.777862
vt 0.581920 0.774107
vt 0.503844 0.336936
vt 0.584469 0.768449
vt 0.507993 0.340708
vt 0.499160 0.350158
vt 0.581959 0.766723
vt 0.501702 0.348028
vt 0.506191 0.342760
vt 0.575939 0.762676
vt 0.496733 0.351689
vt 0.504533 0.345176
vt 0.578575 0.764315
vt 0.511162 0.344271
vt 0.587288 0.763880
vt 0.502118 0.353372
vt 0.504455 0.351166
vt 0.509390 0.346103
vt 0.507439 0.348127
vt 0.584832 0.762309
vt 0.579522 0.757929
vt 0.500263 0.355217
vt 0.581638 0.759808
vt 0.528310 0.362237
vt 0.525903 0.365972
vt 0.514470 0.372740
vt 0.595074 0.736578
vt 0.597750 0.738747
vt 0.601310 0.741180
vt 0.529158 0.358898
vt 0.604343 0.743147
vt 0.521378 0.369759
vt 0.517433 0.371753
vt 0.518947 0.353621
vt 0.520917 0.355684
vt 0.516634 0.352157
vt 0.521443 0.350772
vt 0.596727 0.753548
vt 0.518723 0.349334
vt 0.594320 0.756117
vt 0.523442 0.352953
vt 0.598529 0.750752
vt 0.586557 0.746319
vt 0.506378 0.365170
vt 0.508684 0.367167
vt 0.588764 0.743615
vt 0.584970 0.749421
vt 0.505056 0.362416
vt 0.509346 0.362738
vt 0.507878 0.360443
vt 0.511437 0.364623
vt 0.593502 0.751022
vt 0.595313 0.748706
vt 0.591710 0.753416
vt 0.512508 0.360024
vt 0.514547 0.361994
vt 0.510711 0.357907
vt 0.516327 0.356447
vt 0.514241 0.354685
vt 0.518221 0.358535
vt 0.589792 0.748514
vt 0.588059 0.750872
vt 0.591668 0.746078
vt 0.503197 0.340390
vt 0.511335 0.321328
vt 0.511305 0.312186
vt 0.496305 0.347117
vt 0.502250 0.342898
vt 0.575442 0.767843
vt 0.579744 0.770542
vt 0.499534 0.345815
vt 0.509616 0.342266
vt 0.585865 0.766300
vt 0.507800 0.344197
vt 0.500260 0.351860
vt 0.577453 0.760102
vt 0.498157 0.353650
vt 0.603500 0.738754
vt 0.599791 0.736057
vt 0.596573 0.733848
vt 0.515036 0.375053
vt 0.523147 0.373100
vt 0.506254 0.314954
vt 0.494280 0.340551
vt 0.506013 0.318156
vt 0.496733 0.338430
vt 0.597917 0.730391
vt 0.515286 0.377816
vt 0.518809 0.378396
vt 0.534036 0.364198
vt 0.608396 0.740067
vt 0.533262 0.358984
vt 0.505914 0.346425
vt 0.579787 0.762100
vt 0.583244 0.764573
vt 0.502737 0.349626
vt 0.529246 0.368929
vt 0.531706 0.363477
vt 0.518310 0.374674
vt 0.606490 0.741259
vt 0.531409 0.359152
vt 0.507072 0.315306
vt 0.506895 0.317733
vt 0.497637 0.340124
vt 0.496131 0.341439
vt 0.524515 0.377274
vt 0.601788 0.732976
vt 0.532122 0.372619
vt 0.606045 0.736276
vt 0.561297 0.345012
vt 0.600387 0.768934
vt 0.548652 0.340535
vt 0.563717 0.345617
vt 0.609586 0.773195
vt 0.551139 0.341663
vt 0.554286 0.342791
vt 0.558516 0.344140
vt 0.607049 0.771626
vt 0.603279 0.769834
vt 0.557454 0.360650
vt 0.553451 0.359696
vt 0.607178 0.751265
vt 0.541357 0.354550
vt 0.610626 0.752989
vt 0.544615 0.356220
vt 0.548530 0.358020
vt 0.618645 0.756245
vt 0.561039 0.361490
vt 0.614958 0.754974
vt 0.596229 0.784398
vt 0.601893 0.788595
vt 0.599699 0.790968
vt 0.592377 0.788118
vt 0.600592 0.786186
vt 0.593383 0.785069
vt 0.593823 0.790647
vt 0.596791 0.791642
vt 0.599312 0.790497
vt 0.478179 0.393349
vt 0.478076 0.383875
vt 0.593013 0.788090
vt 0.600135 0.786667
vt 0.483301 0.392040
vt 0.596075 0.784988
vt 0.483301 0.386567
vt 0.593785 0.785626
vt 0.481632 0.383975
vt 0.475232 0.386414
vt 0.594064 0.790378
vt 0.596643 0.791095
vt 0.475635 0.390450
vt 0.601144 0.788574
vt 0.481709 0.394309
vt 0.478644 0.384769
vt 0.478643 0.392653
vt 0.564263 0.330588
vt 0.591128 0.787968
vt 0.556803 0.325949
vt 0.561952 0.331311
vt 0.479348 0.386596
vt 0.565791 0.329090
vt 0.600764 0.791745
vt 0.557577 0.327982
vt 0.479522 0.390949
vt 0.559079 0.330214
vt 0.482312 0.391801
vt 0.482243 0.386683
vt 0.592668 0.782785
vt 0.553356 0.328784
vt 0.559927 0.325234
vt 0.593170 0.791254
vt 0.563416 0.326413
vt 0.596939 0.792424
vt 0.604362 0.787731
vt 0.567263 0.333516
vt 0.605288 0.782788
vt 0.566335 0.337583
vt 0.554075 0.334000
vt 0.602403 0.781424
vt 0.556969 0.335276
vt 0.563693 0.336824
vt 0.551688 0.332652
vt 0.595615 0.778467
vt 0.560687 0.336464
vt 0.598557 0.779538
vt 0.564720 0.341783
vt 0.607763 0.777794
vt 0.552618 0.337842
vt 0.555661 0.338932
vt 0.562462 0.341049
vt 0.559770 0.340275
vt 0.604859 0.776535
vt 0.598051 0.773126
vt 0.550218 0.337010
vt 0.600829 0.774550
vt 0.556392 0.366356
vt 0.551795 0.366451
vt 0.609087 0.746470
vt 0.539223 0.358289
vt 0.612579 0.748158
vt 0.617134 0.750316
vt 0.559792 0.365689
vt 0.620860 0.751564
vt 0.545531 0.364462
vt 0.541280 0.361425
vt 0.560608 0.352343
vt 0.559530 0.355533
vt 0.560816 0.349328
vt 0.564326 0.353165
vt 0.614779 0.765819
vt 0.564063 0.349972
vt 0.612618 0.768929
vt 0.563287 0.356572
vt 0.616362 0.762010
vt 0.543734 0.346054
vt 0.602526 0.760454
vt 0.542747 0.349425
vt 0.604235 0.756711
vt 0.545731 0.343594
vt 0.601718 0.764068
vt 0.547437 0.347739
vt 0.548921 0.345184
vt 0.546523 0.350965
vt 0.611097 0.763760
vt 0.612618 0.760519
vt 0.609618 0.766719
vt 0.551510 0.349282
vt 0.550446 0.352581
vt 0.552651 0.346620
vt 0.556700 0.351184
vt 0.557457 0.348206
vt 0.555514 0.354312
vt 0.606607 0.761859
vt 0.605284 0.764891
vt 0.608014 0.758615
vt 0.564473 0.334438
vt 0.481397 0.393628
vt 0.481336 0.384509
vt 0.555468 0.331077
vt 0.561799 0.334644
vt 0.596980 0.782602
vt 0.601914 0.784655
vt 0.557889 0.333289
vt 0.565628 0.339648
vt 0.606888 0.780494
vt 0.563189 0.339030
vt 0.553209 0.335840
vt 0.550785 0.334890
vt 0.596600 0.775466
vt 0.618638 0.747521
vt 0.613695 0.745349
vt 0.609686 0.743838
vt 0.537322 0.359101
vt 0.542952 0.369025
vt 0.476249 0.386764
vt 0.560022 0.326839
vt 0.476316 0.390093
vt 0.562891 0.328035
vt 0.610084 0.741768
vt 0.535567 0.359024
vt 0.535525 0.365284
vt 0.558482 0.372908
vt 0.623831 0.747324
vt 0.561417 0.369377
vt 0.560463 0.338329
vt 0.599523 0.776942
vt 0.603817 0.778977
vt 0.556174 0.337012
vt 0.551347 0.371536
vt 0.557037 0.370120
vt 0.537861 0.363992
vt 0.560223 0.367883
vt 0.622330 0.749182
vt 0.477150 0.387276
vt 0.477118 0.389793
vt 0.561840 0.329355
vt 0.559998 0.328594
vt 0.540256 0.373436
vt 0.614790 0.741857
vt 0.551911 0.377260
vt 0.620488 0.744169
vt 0.554877 0.677071
vt 0.525050 0.703315
vt 0.532564 0.705994
vt 0.540999 0.674405
vt 0.536918 0.678844
vt 0.545097 0.672210
vt 0.552049 0.673507
vt 0.548266 0.671943
vt 0.538800 0.707994
vt 0.544885 0.709264
vt 0.550149 0.710358
vt 0.552344 0.693550
vt 0.520443 0.700982
vt 0.555614 0.682724
vt 0.531632 0.686117
vt 0.544396 0.802648
vt 0.561562 0.865828
vt 0.605675 0.827104
vt 0.606251 0.833494
vt 0.570843 0.808093
vt 0.577348 0.811513
vt 0.564091 0.805424
vt 0.551704 0.803256
vt 0.558129 0.803912
vt 0.606570 0.839841
vt 0.605860 0.844749
vt 0.600951 0.853540
vt 0.580372 0.857672
vt 0.603807 0.818471
vt 0.569345 0.862474
vt 0.584793 0.815098
vt 0.557113 0.854758
vt 0.544768 0.814710
vt 0.577337 0.828483
vt 0.578551 0.832571
vt 0.561861 0.817633
vt 0.569907 0.822170
vt 0.559126 0.816393
vt 0.549507 0.814264
vt 0.554970 0.814641
vt 0.578609 0.837585
vt 0.577703 0.842982
vt 0.574151 0.846357
vt 0.568619 0.848800
vt 0.575077 0.825193
vt 0.560960 0.852842
vt 0.572553 0.823060
vt 0.623271 0.832411
vt 0.623680 0.842648
vt 0.621788 0.823455
vt 0.621037 0.815594
vt 0.623171 0.851700
vt 0.622160 0.859621
vt 0.523550 0.724220
vt 0.532973 0.729850
vt 0.516318 0.717813
vt 0.510908 0.711621
vt 0.543278 0.732262
vt 0.551534 0.731738
vt 0.633685 0.813318
vt 0.634568 0.862791
vt 0.501111 0.720397
vt 0.554826 0.745394
vt 0.560571 0.755138
vt 0.558332 0.757722
vt 0.476060 0.368158
vt 0.476625 0.363760
vt 0.557244 0.748952
vt 0.642194 0.859926
vt 0.639242 0.865172
vt 0.552350 0.753632
vt 0.559201 0.758689
vt 0.475314 0.368133
vt 0.561885 0.755922
vt 0.475711 0.363838
vt 0.638196 0.867726
vt 0.561889 0.746044
vt 0.559564 0.747415
vt 0.551023 0.756030
vt 0.643835 0.857615
vt 0.549685 0.758593
vt 0.559084 0.752189
vt 0.646848 0.862037
vt 0.643308 0.867429
vt 0.555859 0.755740
vt 0.561069 0.751253
vt 0.480471 0.359962
vt 0.480655 0.371707
vt 0.555279 0.757720
vt 0.552874 0.798021
vt 0.557043 0.666845
vt 0.554075 0.670443
vt 0.549417 0.668494
vt 0.559515 0.799548
vt 0.550621 0.663916
vt 0.572403 0.867707
vt 0.564068 0.682405
vt 0.559185 0.682585
vt 0.557968 0.675152
vt 0.544602 0.796878
vt 0.563883 0.871095
vt 0.562013 0.673431
vt 0.638116 0.864688
vt 0.561240 0.745196
vt 0.636960 0.867356
vt 0.641134 0.859333
vt 0.551637 0.752916
vt 0.550205 0.755435
vt 0.556629 0.748146
vt 0.558969 0.746569
vt 0.548882 0.758021
vt 0.642849 0.856934
vt 0.641638 0.866766
vt 0.554518 0.755114
vt 0.641537 0.869488
vt 0.563146 0.748881
vt 0.553608 0.757241
vt 0.558600 0.750949
vt 0.645025 0.860932
vt 0.560682 0.749740
vt 0.647400 0.858956
vt 0.552644 0.759795
vt 0.649831 0.860930
vt 0.555268 0.760855
vt 0.560101 0.759434
vt 0.652307 0.866291
vt 0.562864 0.756560
vt 0.650049 0.869552
vt 0.644349 0.869662
vt 0.564068 0.751325
vt 0.481953 0.360803
vt 0.481963 0.370779
vt 0.559485 0.753506
vt 0.478551 0.370006
vt 0.562153 0.753123
vt 0.652161 0.863346
vt 0.558131 0.760544
vt 0.478970 0.362037
vt 0.557277 0.756605
vt 0.646979 0.870856
vt 0.563797 0.754062
vt 0.557380 0.758684
vt 0.477331 0.370486
vt 0.477992 0.361408
vt 0.480695 0.371963
vt 0.648909 0.861846
vt 0.475232 0.368112
vt 0.650866 0.866616
vt 0.475618 0.363860
vt 0.649494 0.868157
vt 0.480469 0.359727
vt 0.644467 0.868865
vt 0.482260 0.360724
vt 0.643703 0.867778
vt 0.482260 0.370776
vt 0.647473 0.862050
vt 0.477803 0.361373
vt 0.646727 0.869598
vt 0.477172 0.370540
vt 0.651002 0.863794
vt 0.651331 0.866253
vt 0.649711 0.868692
vt 0.644317 0.869193
vt 0.647193 0.862047
vt 0.646906 0.869839
vt 0.651376 0.863900
vt 0.649160 0.861470
vt 0.643543 0.867612
vt 0.637262 0.856713
vt 0.547874 0.749838
vt 0.557500 0.743756
vt 0.639985 0.855241
vt 0.546368 0.757294
vt 0.633744 0.866003
vt 0.559877 0.742593
vt 0.546343 0.753615
vt 0.605692 0.813465
vt 0.516636 0.696073
vt 0.518466 0.698767
vt 0.529553 0.684442
vt 0.587580 0.810827
vt 0.527091 0.681774
vt 0.601455 0.860736
vt 0.558971 0.712167
vt 0.554818 0.711406
vt 0.572834 0.804258
vt 0.536504 0.668080
vt 0.539114 0.671832
vt 0.544480 0.668867
vt 0.565747 0.801553
vt 0.543606 0.664118
vt 0.583232 0.862607
vt 0.561353 0.694309
vt 0.556499 0.694274
vt 0.534299 0.676937
vt 0.579912 0.807447
vt 0.531415 0.674485
vt 0.507579 0.708360
vt 0.621390 0.811872
vt 0.508897 0.710181
vt 0.559193 0.731479
vt 0.621334 0.865414
vt 0.556518 0.731516
vt 0.499612 0.715995
vt 0.632887 0.811490
vt 0.500407 0.717920
vt 0.634275 0.831183
vt 0.635199 0.842326
vt 0.505468 0.718940
vt 0.630267 0.813722
vt 0.508103 0.725693
vt 0.630373 0.861265
vt 0.634153 0.853420
vt 0.553086 0.740937
vt 0.632160 0.821219
vt 0.529541 0.742770
vt 0.544021 0.745687
vt 0.516514 0.735461
vt 0.503407 0.716301
vt 0.502346 0.714685
vt 0.629879 0.811526
vt 0.558794 0.739100
vt 0.629737 0.865500
vt 0.556533 0.739812
vt 0.640413 0.833484
vt 0.638941 0.828677
vt 0.641034 0.830455
vt 0.640717 0.846106
vt 0.640240 0.839886
vt 0.639586 0.842725
vt 0.637608 0.821534
vt 0.636445 0.817833
vt 0.638009 0.819154
vt 0.639729 0.851807
vt 0.637920 0.854284
vt 0.511805 0.738836
vt 0.515962 0.743535
vt 0.514201 0.740030
vt 0.525284 0.747899
vt 0.531595 0.751296
vt 0.528649 0.746813
vt 0.501554 0.726844
vt 0.503887 0.730701
vt 0.501372 0.729200
vt 0.541637 0.751419
vt 0.544495 0.749099
vt 0.543922 0.753655
vt 0.545415 0.753775
vt 0.545114 0.756361
vt 0.641099 0.854442
vt 0.640276 0.854539
vt 0.545760 0.756654
vt 0.528090 0.754141
vt 0.643022 0.844290
vt 0.526426 0.753128
vt 0.642092 0.842151
vt 0.641442 0.842918
vt 0.527148 0.753240
vt 0.526069 0.750638
vt 0.529696 0.753147
vt 0.527783 0.750850
vt 0.511148 0.742068
vt 0.513738 0.744494
vt 0.512438 0.741732
vt 0.511679 0.745223
vt 0.642907 0.831786
vt 0.510655 0.744155
vt 0.641953 0.829377
vt 0.642289 0.830169
vt 0.511345 0.743854
vt 0.498783 0.732074
vt 0.639549 0.819628
vt 0.497948 0.730036
vt 0.638755 0.817542
vt 0.638698 0.818566
vt 0.498599 0.730778
vt 0.499243 0.728531
vt 0.500831 0.731690
vt 0.500013 0.729932
vt 0.534782 0.687670
vt 0.539254 0.689561
vt 0.544112 0.691090
vt 0.548436 0.692302
vt 0.552486 0.682813
vt 0.548667 0.681920
vt 0.544513 0.680748
vt 0.539692 0.679849
vt 0.542613 0.675991
vt 0.546414 0.674945
vt 0.550237 0.676654
vt 0.552772 0.678560
vt 0.556482 0.809865
vt 0.550481 0.809545
vt 0.581942 0.822522
vt 0.578110 0.819151
vt 0.579741 0.847688
vt 0.583566 0.843560
vt 0.567386 0.813814
vt 0.561905 0.811498
vt 0.570984 0.852149
vt 0.584730 0.837885
vt 0.584738 0.832047
vt 0.572241 0.816656
vt 0.564368 0.855867
vt 0.584319 0.826771
vt 0.558797 0.858816
vt 0.545091 0.810317
vt 0.572141 0.830983
vt 0.005050 0.690913
vt 0.569426 0.828706
vt 0.005086 0.694446
vt 0.563877 0.826106
vt 0.005887 0.700514
vt 0.559466 0.823400
vt 0.005106 0.705436
vt 0.573168 0.841365
vt 0.008302 0.680420
vt 0.573729 0.837430
vt 0.006992 0.684233
vt 0.573597 0.833893
vt 0.005756 0.687651
vt 0.548524 0.819505
vt 0.002968 0.717195
vt 0.544211 0.819445
vt 0.555369 0.850389
vt 0.002508 0.721659
vt 0.000369 0.726530
vt 0.560150 0.848819
vt 0.015370 0.666912
vt 0.552935 0.820162
vt 0.003367 0.712626
vt 0.566585 0.827417
vt 0.005701 0.697512
vt 0.570219 0.843841
vt 0.010577 0.677169
vt 0.556517 0.822001
vt 0.004483 0.708668
vt 0.565303 0.846621
vt 0.013452 0.672485
vt 0.535884 0.764792
vt 0.533905 0.764666
vt 0.553468 0.317235
vt 0.553824 0.314239
vt 0.538194 0.758477
vt 0.647409 0.848367
vt 0.646383 0.852207
vt 0.533069 0.758132
vt 0.533250 0.766217
vt 0.535928 0.766486
vt 0.646009 0.854231
vt 0.542815 0.760261
vt 0.540590 0.759219
vt 0.530943 0.758434
vt 0.648072 0.846328
vt 0.528651 0.758652
vt 0.536921 0.762109
vt 0.652116 0.849174
vt 0.650844 0.853291
vt 0.533659 0.761996
vt 0.538488 0.763221
vt 0.557652 0.311850
vt 0.557767 0.319278
vt 0.531937 0.762774
vt 0.644900 0.851984
vt 0.543195 0.759063
vt 0.644643 0.854165
vt 0.645948 0.847998
vt 0.533134 0.756735
vt 0.530916 0.757101
vt 0.538523 0.757033
vt 0.541025 0.757925
vt 0.528704 0.757400
vt 0.646706 0.845855
vt 0.649096 0.853054
vt 0.533345 0.760757
vt 0.649492 0.855209
vt 0.541376 0.763636
vt 0.531418 0.761298
vt 0.537513 0.760988
vt 0.650361 0.848723
vt 0.539379 0.761899
vt 0.651735 0.846985
vt 0.529029 0.762422
vt 0.653957 0.848009
vt 0.529857 0.764977
vt 0.533203 0.767230
vt 0.656755 0.850979
vt 0.535885 0.767403
vt 0.656354 0.853247
vt 0.652080 0.855070
vt 0.539908 0.765852
vt 0.558612 0.312487
vt 0.558622 0.318629
vt 0.536324 0.763701
vt 0.555810 0.318213
vt 0.537288 0.765268
vt 0.655909 0.849266
vt 0.531656 0.766541
vt 0.556033 0.313271
vt 0.533769 0.763548
vt 0.654547 0.854794
vt 0.537712 0.766819
vt 0.532519 0.764913
vt 0.554983 0.318624
vt 0.555412 0.312713
vt 0.557830 0.319432
vt 0.653432 0.848926
vt 0.552799 0.317368
vt 0.656026 0.851583
vt 0.552951 0.314132
vt 0.655723 0.852421
vt 0.557690 0.311696
vt 0.652024 0.854002
vt 0.558844 0.312449
vt 0.651247 0.853439
vt 0.558844 0.318617
vt 0.652571 0.849114
vt 0.555279 0.312655
vt 0.654001 0.853992
vt 0.554878 0.318679
vt 0.655277 0.849744
vt 0.656184 0.851202
vt 0.655944 0.852770
vt 0.651968 0.854264
vt 0.652369 0.849155
vt 0.654173 0.854122
vt 0.655548 0.849731
vt 0.653499 0.848679
vt 0.651078 0.853353
vt 0.515591 0.757652
vt 0.514010 0.756877
vt 0.560196 0.316939
vt 0.560514 0.314179
vt 0.519923 0.752859
vt 0.647205 0.835770
vt 0.647149 0.839580
vt 0.515613 0.750472
vt 0.512926 0.757929
vt 0.515012 0.759040
vt 0.647215 0.841520
vt 0.522991 0.755741
vt 0.521502 0.754305
vt 0.513601 0.749898
vt 0.647450 0.833839
vt 0.511326 0.749610
vt 0.517377 0.755897
vt 0.652154 0.835881
vt 0.651819 0.839807
vt 0.514752 0.754532
vt 0.518190 0.757323
vt 0.564072 0.311841
vt 0.564189 0.318691
vt 0.512992 0.754713
vt 0.645703 0.839533
vt 0.523739 0.754726
vt 0.645761 0.841615
vt 0.646015 0.835525
vt 0.515940 0.749397
vt 0.513842 0.748941
vt 0.520614 0.751690
vt 0.522359 0.753245
vt 0.511605 0.748717
vt 0.646466 0.833485
vt 0.649988 0.839784
vt 0.514942 0.753186
vt 0.650826 0.841587
vt 0.520620 0.758393
vt 0.513117 0.752981
vt 0.518211 0.754914
vt 0.650208 0.835723
vt 0.519452 0.756289
vt 0.651141 0.833932
vt 0.510666 0.753222
vt 0.653631 0.834444
vt 0.510578 0.755905
vt 0.512541 0.758729
vt 0.656680 0.836508
vt 0.514652 0.759767
vt 0.656755 0.838599
vt 0.653309 0.841064
vt 0.518475 0.759922
vt 0.564966 0.312412
vt 0.564978 0.318076
vt 0.516351 0.756925
vt 0.562361 0.317776
vt 0.516567 0.758519
vt 0.655593 0.835154
vt 0.511533 0.757681
vt 0.562582 0.313216
vt 0.514304 0.755900
vt 0.655425 0.840366
vt 0.516362 0.759932
vt 0.512775 0.756636
vt 0.561593 0.318174
vt 0.561999 0.312709
vt 0.564248 0.318831
vt 0.653297 0.835401
vt 0.559582 0.317072
vt 0.656142 0.837193
vt 0.559705 0.314095
vt 0.656037 0.837976
vt 0.564107 0.311696
vt 0.653017 0.840173
vt 0.565182 0.312370
vt 0.652221 0.839851
vt 0.565182 0.318058
vt 0.652559 0.835744
vt 0.561873 0.312658
vt 0.654779 0.839761
vt 0.561496 0.318225
vt 0.655113 0.835715
vt 0.656213 0.836820
vt 0.656297 0.838251
vt 0.653020 0.840410
vt 0.652385 0.835822
vt 0.654961 0.839843
vt 0.655352 0.835643
vt 0.653310 0.835170
vt 0.652053 0.839814
vt 0.499839 0.744887
vt 0.498498 0.743713
vt 0.505939 0.308791
vt 0.506247 0.306156
vt 0.505042 0.742043
vt 0.643787 0.822401
vt 0.645024 0.825504
vt 0.501792 0.738242
vt 0.497179 0.744465
vt 0.498929 0.746099
vt 0.645811 0.827085
vt 0.506894 0.745996
vt 0.505942 0.744047
vt 0.499922 0.737035
vt 0.643416 0.820767
vt 0.497720 0.736156
vt 0.502012 0.743664
vt 0.647485 0.821037
vt 0.648336 0.824388
vt 0.499790 0.741696
vt 0.502463 0.745312
vt 0.509632 0.304002
vt 0.509736 0.310546
vt 0.498059 0.741400
vt 0.643814 0.825907
vt 0.507891 0.745310
vt 0.644688 0.827640
vt 0.642544 0.822556
vt 0.502654 0.737007
vt 0.500585 0.735787
vt 0.506099 0.741110
vt 0.507005 0.743331
vt 0.498278 0.735141
vt 0.642336 0.820770
vt 0.647254 0.824933
vt 0.500344 0.740663
vt 0.648596 0.826143
vt 0.503907 0.747387
vt 0.498578 0.739936
vt 0.502928 0.743348
vt 0.646167 0.821473
vt 0.503623 0.745055
vt 0.646439 0.819772
vt 0.496093 0.739582
vt 0.648309 0.819512
vt 0.495395 0.741917
vt 0.496597 0.745154
vt 0.651383 0.820231
vt 0.498393 0.746718
vt 0.652107 0.821966
vt 0.650011 0.825070
vt 0.501937 0.747891
vt 0.510481 0.304560
vt 0.510490 0.309966
vt 0.500763 0.744367
vt 0.508004 0.309633
vt 0.500566 0.746002
vt 0.650054 0.819445
vt 0.495870 0.743852
vt 0.508204 0.305278
vt 0.499023 0.742831
vt 0.651532 0.823848
vt 0.499993 0.747315
vt 0.497358 0.743150
vt 0.507274 0.310006
vt 0.507653 0.304784
vt 0.509792 0.310682
vt 0.648281 0.820340
vt 0.505353 0.308911
vt 0.651149 0.820963
vt 0.505479 0.306066
vt 0.651309 0.821669
vt 0.509666 0.303864
vt 0.649444 0.824357
vt 0.510687 0.304524
vt 0.648652 0.824317
vt 0.510687 0.309954
vt 0.647766 0.820811
vt 0.507535 0.304733
vt 0.650799 0.823525
vt 0.507180 0.310054
vt 0.649835 0.820049
vt 0.651090 0.820636
vt 0.651613 0.821815
vt 0.649522 0.824553
vt 0.647643 0.820921
vt 0.650975 0.823542
vt 0.650009 0.819916
vt 0.648230 0.820154
vt 0.648509 0.824333
vt 0.491654 0.723778
vt 0.491684 0.722201
vt 0.475712 0.410174
vt 0.475965 0.408018
vt 0.496767 0.725440
vt 0.637086 0.811335
vt 0.639330 0.813787
vt 0.496888 0.720852
vt 0.490411 0.721743
vt 0.490322 0.723867
vt 0.640660 0.814885
vt 0.495222 0.729080
vt 0.496028 0.727289
vt 0.496536 0.719028
vt 0.636109 0.810089
vt 0.495842 0.716970
vt 0.493354 0.724468
vt 0.639663 0.808830
vt 0.641944 0.811353
vt 0.493434 0.721956
vt 0.492523 0.725558
vt 0.478740 0.406254
vt 0.478823 0.411615
vt 0.492644 0.720672
vt 0.638490 0.814425
vt 0.496148 0.729337
vt 0.640018 0.815736
vt 0.636459 0.811954
vt 0.497775 0.720767
vt 0.497398 0.718890
vt 0.497789 0.725578
vt 0.496977 0.727548
vt 0.496717 0.716841
vt 0.635409 0.810485
vt 0.640761 0.812540
vt 0.494827 0.721274
vt 0.642456 0.813066
vt 0.493018 0.728035
vt 0.494324 0.719781
vt 0.494766 0.724838
vt 0.638222 0.809893
vt 0.494128 0.726372
vt 0.637750 0.808256
vt 0.493324 0.717978
vt 0.639911 0.807046
vt 0.490737 0.719372
vt 0.489609 0.721751
vt 0.642589 0.806284
vt 0.489594 0.723866
vt 0.644139 0.807486
vt 0.643835 0.810965
vt 0.490622 0.726606
vt 0.479434 0.406713
vt 0.479443 0.411141
vt 0.492503 0.724093
vt 0.477404 0.410866
vt 0.491320 0.724892
vt 0.641021 0.806282
vt 0.490053 0.720522
vt 0.477568 0.407298
vt 0.492573 0.722052
vt 0.644526 0.809499
vt 0.490120 0.725276
vt 0.491389 0.721101
vt 0.476806 0.411172
vt 0.477118 0.406893
vt 0.478868 0.411727
vt 0.640114 0.807934
vt 0.475232 0.410273
vt 0.642752 0.807057
vt 0.475337 0.407944
vt 0.643257 0.807615
vt 0.478767 0.406141
vt 0.642833 0.810766
vt 0.479605 0.406683
vt 0.642179 0.811130
vt 0.479605 0.411131
vt 0.639839 0.808534
vt 0.477021 0.406851
vt 0.643685 0.809548
vt 0.476728 0.411212
vt 0.641143 0.806926
vt 0.642537 0.806801
vt 0.643609 0.807595
vt 0.642986 0.810870
vt 0.639772 0.808675
vt 0.643856 0.809488
vt 0.641216 0.806720
vt 0.640014 0.807799
vt 0.642071 0.811215
vt 0.563941 0.818693
vt 0.568215 0.820928
vt 0.564964 0.823548
vt 0.569893 0.817492
vt 0.567203 0.816080
vt 0.561980 0.821588
vt 0.566180 0.849998
vt 0.563241 0.851604
vt 0.565061 0.849110
vt 0.567149 0.851503
vt 0.564573 0.852903
vt 0.562878 0.850194
vt 0.761879 0.400041
vt 0.761009 0.403053
vt 0.758802 0.407166
vt 0.749229 0.412579
vt 0.740212 0.412333
vt 0.732438 0.407301
vt 0.729913 0.402488
vt 0.729227 0.396645
vt 0.729567 0.392452
vt 0.731268 0.388545
vt 0.735528 0.384180
vt 0.742130 0.381688
vt 0.748327 0.381642
vt 0.752060 0.382951
vt 0.755708 0.385134
vt 0.761014 0.391938
vt 0.761641 0.395973
vt 0.761467 0.393929
vt 0.759674 0.389379
vt 0.729258 0.399164
vt 0.729181 0.397869
vt 0.754935 0.398160
vt 0.754035 0.399538
vt 0.752139 0.401449
vt 0.746780 0.403230
vt 0.742120 0.403014
vt 0.737924 0.400948
vt 0.735720 0.399096
vt 0.734789 0.396227
vt 0.735794 0.394642
vt 0.737194 0.393158
vt 0.739672 0.391397
vt 0.743043 0.390322
vt 0.746238 0.390242
vt 0.748311 0.390700
vt 0.750394 0.391576
vt 0.754060 0.394216
vt 0.755071 0.396193
vt 0.754556 0.395242
vt 0.752895 0.393139
vt 0.735033 0.397606
vt 0.734893 0.396930
s 1
usemtl Material.001
f 2/3/1 21/27/2 20/26/3 1/1/4
f 3/5/5 22/28/6 21/27/2 2/3/1
f 43/60/7 65/82/8 63/80/9 42/59/10
f 45/62/11 67/84/12 65/82/8 43/60/7
f 88/108/13 89/109/14 323/387/15 25/31/16
f 8/13/17 27/33/18 26/32/19 7/11/20
f 9/15/21 27/33/18 8/13/17 28/34/22
f 86/105/23 9/15/21 28/34/22 87/106/24
f 261/320/25 263/322/26 281/340/27 282/341/28
f 12/18/29 11/17/30 30/38/31 31/40/32
f 13/19/33 12/18/29 31/40/32 32/42/34
f 14/20/35 13/19/33 32/42/34 33/44/36
f 15/21/37 14/20/35 33/44/36 34/46/38
f 16/22/39 15/21/37 34/46/38 35/48/40
f 17/23/41 16/22/39 35/48/40 36/50/42
f 84/102/43 17/23/41 36/50/42 85/103/44
f 82/99/45 18/24/46 37/52/47 83/100/48
f 1/1/4 20/26/3 19/25/49 38/54/50
f 40/57/51 61/78/52 60/77/53 39/56/54
f 41/58/55 62/79/56 61/78/52 40/57/51
f 42/59/10 63/80/9 62/79/56 41/58/55
f 24/30/57 43/60/7 42/59/10 22/28/6
f 44/61/58 319/383/59 320/384/60 64/81/61
f 26/32/19 45/62/11 43/60/7 24/30/57
f 326/390/62 318/382/63 319/383/59 44/61/58
f 46/63/64 68/85/65 67/84/12 45/62/11
f 47/64/66 68/85/65 46/63/64 69/86/67
f 48/65/68 47/64/66 69/86/67 70/87/69
f 315/379/70 48/65/68 70/87/69 316/380/71
f 11/17/30 10/16/72 29/36/73 30/38/31
f 51/68/74 50/67/75 72/89/76 73/90/77
f 52/69/78 51/68/74 73/90/77 74/91/79
f 53/70/80 52/69/78 74/91/79 75/92/81
f 54/71/82 53/70/80 75/92/81 76/93/83
f 55/72/84 54/71/82 76/93/83 77/94/85
f 56/73/86 55/72/84 77/94/85 78/95/87
f 57/74/88 56/73/86 78/95/87 79/96/89
f 58/75/90 57/74/88 79/96/89 80/97/91
f 59/76/92 58/75/90 80/97/91 81/98/93
f 39/56/54 60/77/53 59/76/92 81/98/93
f 19/25/49 82/99/45 83/100/48 38/54/50
f 18/24/46 84/102/43 85/103/44 37/52/47
f 20/26/3 40/57/51 39/56/54 19/25/49
f 21/27/2 41/58/55 40/57/51 20/26/3
f 22/28/6 42/59/10 41/58/55 21/27/2
f 92/112/94 63/80/9 65/82/8 275/334/95
f 274/333/96 276/335/97 44/61/58 64/81/61
f 275/334/95 65/82/8 67/84/12 277/336/98
f 276/335/97 325/389/99 326/390/62 44/61/58
f 27/33/18 46/63/64 45/62/11 26/32/19
f 9/15/21 69/86/67 46/63/64 27/33/18
f 313/376/100 86/105/23 87/106/24 314/377/101
f 70/87/69 69/86/67 9/15/21 86/105/23
f 313/376/100 316/380/71 70/87/69 86/105/23
f 50/67/75 49/66/102 71/88/103 72/89/76
f 12/18/29 73/90/77 72/89/76 11/17/30
f 13/19/33 74/91/79 73/90/77 12/18/29
f 14/20/35 75/92/81 74/91/79 13/19/33
f 15/21/37 76/93/83 75/92/81 14/20/35
f 16/22/39 77/94/85 76/93/83 15/21/37
f 17/23/41 78/95/87 77/94/85 16/22/39
f 79/96/89 78/95/87 17/23/41 84/102/43
f 18/24/46 80/97/91 79/96/89 84/102/43
f 81/98/93 80/97/91 18/24/46 82/99/45
f 82/99/45 19/25/49 39/56/54 81/98/93
f 160/194/104 159/193/105 100/120/106 101/121/107
f 89/109/14 160/194/104 162/196/108 91/111/109
f 4/7/110 23/29/111 102/122/112 161/195/113
f 170/204/114 162/196/108 103/123/115 104/124/116
f 163/197/117 170/204/114 104/124/116 105/125/118
f 164/198/119 163/197/117 105/125/118 106/126/120
f 165/199/121 164/198/119 106/126/120 107/127/122
f 166/200/123 165/199/121 107/127/122 108/128/124
f 168/202/125 166/200/123 108/128/124 109/129/126
f 169/203/127 168/202/125 109/129/126 110/130/128
f 167/201/129 169/203/127 110/130/128 111/131/130
f 132/161/131 122/150/132 121/148/133 131/160/134
f 132/161/131 130/159/135 114/134/136 122/150/132
f 133/162/137 130/159/135 123/152/138 124/153/139
f 134/163/140 133/162/137 124/153/139 125/154/141
f 135/164/142 134/163/140 125/154/141 126/155/143
f 136/165/144 135/164/142 126/155/143 127/156/145
f 137/166/146 136/165/144 127/156/145 128/157/147
f 138/167/148 137/166/146 128/157/147 129/158/149
f 120/146/150 119/144/151 137/166/146 138/167/148
f 119/144/151 118/142/152 136/165/144 137/166/146
f 118/142/152 117/140/153 135/164/142 136/165/144
f 117/140/153 116/138/154 134/163/140 135/164/142
f 116/138/154 115/136/155 133/162/137 134/163/140
f 115/136/155 114/134/136 130/159/135 133/162/137
f 113/133/156 123/152/138 130/159/135 132/161/131
f 113/133/156 132/161/131 131/160/134 112/132/157
f 99/119/158 171/205/159 140/169/160 150/183/161
f 150/183/161 140/169/160 172/206/162 173/207/163
f 142/172/164 141/170/165 151/184/166 152/185/167
f 143/174/168 142/172/164 152/185/167 153/186/169
f 144/176/170 143/174/168 153/186/169 154/187/171
f 179/213/172 178/212/173 144/176/170 146/179/174
f 139/168/175 141/170/165 145/177/176 171/205/159
f 147/180/177 146/179/174 156/190/178 157/191/179
f 148/181/180 147/180/177 157/191/179 158/192/181
f 99/119/158 98/118/182 169/203/127 167/201/129
f 98/118/182 97/117/183 168/202/125 169/203/127
f 97/117/183 96/116/184 166/200/123 168/202/125
f 96/116/184 95/115/185 165/199/121 166/200/123
f 95/115/185 94/114/186 164/198/119 165/199/121
f 94/114/186 93/113/187 163/197/117 164/198/119
f 93/113/187 92/112/94 170/204/114 163/197/117
f 92/112/94 91/111/109 162/196/108 170/204/114
f 5/8/188 24/30/57 22/28/6 3/5/5
f 89/109/14 88/108/13 159/193/105 160/194/104
f 111/131/130 149/182/189 139/168/175 167/201/129
f 167/201/129 139/168/175 171/205/159 99/119/158
f 141/170/165 139/168/175 149/182/189 151/184/166
f 173/207/163 172/206/162 174/208/190 175/209/191
f 175/209/191 174/208/190 176/210/192 177/211/193
f 177/211/193 176/210/192 178/212/173 179/213/172
f 146/179/174 144/176/170 154/187/171 156/190/178
f 171/205/159 145/177/176 155/188/194 140/169/160
f 140/169/160 155/188/194 180/214/195 172/206/162
f 172/206/162 180/214/195 181/216/196 174/208/190
f 174/208/190 181/216/196 182/218/197 176/210/192
f 176/210/192 182/218/197 183/220/198 178/212/173
f 143/174/168 144/176/170 178/212/173 183/220/198
f 155/189/194 145/178/176 187/225/199 188/226/200
f 143/175/168 183/221/198 192/230/201 186/224/202
f 181/217/196 180/215/195 189/227/203 190/228/204
f 141/171/165 142/173/164 185/223/205 184/222/206
f 183/221/198 182/219/197 191/229/207 192/230/201
f 145/178/176 141/171/165 184/222/206 187/225/199
f 142/173/164 143/175/168 186/224/202 185/223/205
f 180/215/195 155/189/194 188/226/200 189/227/203
f 182/219/197 181/217/196 190/228/204 191/229/207
f 121/149/133 122/151/132 148/181/180 158/192/181
f 175/209/191 203/241/208 202/240/209 173/207/163
f 195/233/210 204/242/211 203/241/208 175/209/191
f 196/234/212 205/243/213 204/242/211 195/233/210
f 214/252/214 206/244/215 205/243/213 196/234/212
f 194/232/216 207/245/217 206/244/215 214/252/214
f 199/237/218 208/246/219 207/245/217 194/232/216
f 200/238/220 209/247/221 208/246/219 199/237/218
f 197/235/222 198/236/223 209/247/221 200/238/220
f 173/207/163 202/240/209 212/250/224 150/183/161
f 98/118/182 99/119/158 150/183/161 212/250/224
f 122/151/132 114/135/136 193/231/225 148/181/180
f 114/135/136 115/137/155 211/249/226 193/231/225
f 115/137/155 116/139/154 217/255/227 211/249/226
f 116/139/154 194/232/216 214/252/214 217/255/227
f 147/180/177 148/181/180 193/231/225 215/253/228
f 215/253/228 193/231/225 211/249/226 213/251/229
f 213/251/229 211/249/226 217/255/227 195/233/210
f 179/213/172 215/253/228 213/251/229 177/211/193
f 146/179/174 147/180/177 215/253/228 179/213/172
f 177/211/193 213/251/229 195/233/210 175/209/191
f 196/234/212 195/233/210 217/255/227 214/252/214
f 201/239/230 210/248/231 198/236/223 197/235/222
f 117/141/153 199/237/218 194/232/216 116/139/154
f 118/143/152 200/238/220 199/237/218 117/141/153
f 119/145/151 197/235/222 200/238/220 118/143/152
f 120/147/150 201/239/230 197/235/222 119/145/151
f 189/227/203 188/226/200 216/254/232
f 186/224/202 192/230/201 216/254/232
f 190/228/204 189/227/203 216/254/232
f 187/225/199 184/222/206 216/254/232
f 184/222/206 185/223/205 216/254/232
f 191/229/207 190/228/204 216/254/232
f 188/226/200 187/225/199 216/254/232
f 185/223/205 186/224/202 216/254/232
f 192/230/201 191/229/207 216/254/232
f 332/397/233 218/256/234 235/291/235 335/401/236
f 328/392/237 219/258/238 236/292/239 329/394/240
f 221/262/241 220/260/242 237/293/243 238/294/244
f 222/264/245 221/262/241 238/294/244 239/295/246
f 223/266/247 222/264/245 239/295/246 240/296/248
f 224/268/249 223/266/247 240/296/248 241/297/250
f 225/270/251 224/268/249 241/297/250 242/298/252
f 254/312/253 225/270/251 242/298/252 255/313/254
f 244/300/255 255/313/254 263/322/26 261/320/25
f 306/367/256 227/275/257 244/300/255 305/366/258
f 229/278/259 228/276/260 245/301/261 246/302/262
f 294/353/263 229/278/259 246/302/262 295/355/264
f 231/282/265 230/280/266 247/303/267 248/304/268
f 232/284/269 231/282/265 248/304/268 249/305/270
f 233/286/271 232/284/269 249/305/270 250/306/272
f 256/314/273 233/286/271 250/306/272 257/316/274
f 235/291/235 218/256/234 252/308/275 253/310/276
f 444/525/277 435/509/278 437/512/279 226/273/280
f 234/289/281 256/314/273 257/316/274 251/307/282
f 210/248/231 251/307/282 257/316/274 198/236/223
f 198/236/223 257/316/274 250/306/272 209/247/221
f 209/247/221 250/306/272 249/305/270 208/246/219
f 208/246/219 249/305/270 248/304/268 207/245/217
f 207/245/217 248/304/268 247/303/267 258/317/283
f 299/360/284 295/355/264 246/302/262 259/318/285
f 259/318/285 246/302/262 245/301/261 260/319/286
f 307/369/287 305/366/258 244/300/255 261/320/25
f 49/66/102 50/67/75 282/341/28 281/340/27
f 439/515/288 440/518/289 243/299/290 262/321/291
f 263/322/26 255/313/254 242/298/252 264/323/292
f 264/323/292 242/298/252 241/297/250 265/324/293
f 265/324/293 241/297/250 240/296/248 266/325/294
f 266/325/294 240/296/248 239/295/246 267/326/295
f 267/326/295 239/295/246 238/294/244 268/327/296
f 268/327/296 238/294/244 237/293/243 269/328/297
f 330/395/298 329/394/240 236/292/239 270/329/299
f 336/402/300 335/401/236 235/291/235 271/330/301
f 271/330/301 235/291/235 253/310/276 272/331/302
f 60/77/53 61/78/52 94/114/186 95/115/185
f 61/78/52 62/79/56 93/113/187 94/114/186
f 62/79/56 63/80/9 92/112/94 93/113/187
f 92/112/94 275/334/95 322/386/303 91/111/109
f 6/10/304 66/83/305 276/335/97 274/333/96
f 275/334/95 277/336/98 324/388/306 322/386/303
f 66/83/305 324/388/306 325/389/99 276/335/97
f 67/84/12 68/85/65 278/337/307 277/336/98
f 68/85/65 47/64/66 279/338/308 278/337/307
f 47/64/66 48/65/68 280/339/309 279/338/308
f 315/379/70 49/66/102 281/340/27 317/381/310
f 11/17/30 72/89/76 71/88/103 10/16/72
f 50/67/75 51/68/74 283/342/311 282/341/28
f 51/68/74 52/69/78 284/343/312 283/342/311
f 52/69/78 53/70/80 285/344/313 284/343/312
f 53/70/80 54/71/82 286/345/314 285/344/313
f 54/71/82 55/72/84 287/346/315 286/345/314
f 55/72/84 56/73/86 288/347/316 287/346/315
f 56/73/86 57/74/88 289/348/317 288/347/316
f 57/74/88 58/75/90 290/349/318 289/348/317
f 58/75/90 59/76/92 96/116/184 290/349/318
f 59/76/92 60/77/53 95/115/185 96/116/184
f 96/116/184 97/117/183 273/332/319 290/349/318
f 290/349/318 273/332/319 291/350/320 289/348/317
f 289/348/317 291/350/320 292/351/321 288/347/316
f 288/347/316 292/351/321 293/352/322 287/346/315
f 287/346/315 293/352/322 259/318/285 286/345/314
f 286/345/314 259/318/285 260/319/286 285/344/313
f 285/344/313 260/319/286 296/356/323 284/343/312
f 260/319/286 245/301/261 297/357/324 296/356/323
f 228/276/260 298/358/325 297/357/324 245/301/261
f 258/317/283 247/303/267 295/355/264 299/360/284
f 230/280/266 294/353/263 295/355/264 247/303/267
f 299/360/284 259/318/285 293/352/322 300/361/326
f 300/361/326 293/352/322 292/351/321 301/362/327
f 301/362/327 292/351/321 291/350/320 302/363/328
f 97/117/183 98/118/182 212/250/224 273/332/319
f 202/240/209 291/350/320 273/332/319 212/250/224
f 203/241/208 302/363/328 291/350/320 202/240/209
f 204/242/211 301/362/327 302/363/328 203/241/208
f 301/362/327 204/242/211 205/243/213 303/364/329
f 303/364/329 205/243/213 206/244/215 304/365/330
f 206/244/215 207/245/217 258/317/283 304/365/330
f 258/317/283 299/360/284 300/361/326 304/365/330
f 301/362/327 303/364/329 304/365/330 300/361/326
f 296/356/323 297/357/324 305/366/258 307/369/287
f 298/358/325 306/367/256 305/366/258 297/357/324
f 284/343/312 296/356/323 307/369/287 283/342/311
f 283/342/311 307/369/287 261/320/25 282/341/28
f 438/513/331 439/515/288 262/321/291 308/370/332
f 312/374/333 438/513/331 308/370/332 309/371/334
f 311/373/335 312/374/333 309/371/334 310/372/336
f 254/311/253 311/373/335 310/372/336 225/271/251
f 254/311/253 227/274/257 460/545/337 311/373/335
f 311/373/335 460/545/337 436/511/338 312/374/333
f 48/65/68 315/379/70 317/381/310 280/339/309
f 10/16/72 71/88/103 316/380/71 313/376/100
f 10/16/72 313/376/100 314/377/101 29/36/73
f 49/66/102 315/379/70 316/380/71 71/88/103
f 263/322/26 264/323/292 317/381/310 281/340/27
f 264/323/292 265/324/293 280/339/309 317/381/310
f 280/339/309 265/324/293 266/325/294 318/382/63
f 318/382/63 266/325/294 267/326/295 319/383/59
f 319/383/59 267/326/295 268/327/296 320/384/60
f 7/11/20 26/32/19 24/30/57 5/8/188
f 25/31/16 323/387/15 66/83/305 6/10/304
f 89/109/14 91/111/109 322/386/303 323/387/15
f 323/387/15 322/386/303 324/388/306 66/83/305
f 324/388/306 277/336/98 278/337/307 325/389/99
f 325/389/99 278/337/307 279/338/308 326/390/62
f 279/338/308 280/339/309 318/382/63 326/390/62
f 162/196/108 160/194/104 101/121/107 103/123/115
f 102/122/112 271/330/301 272/331/302 161/195/113
f 336/402/300 337/403/339 90/110/340 270/329/299
f 341/408/341 342/409/342 321/385/343 269/328/297
f 269/328/297 321/385/343 320/384/60 268/327/296
f 25/31/16 334/400/344 338/404/345 88/108/13
f 6/10/304 333/399/346 334/400/344 25/31/16
f 274/333/96 343/410/347 333/399/346 6/10/304
f 327/391/348 343/410/347 274/333/96 64/81/61
f 159/193/105 23/29/111 4/7/110 100/120/106
f 64/81/61 320/384/60 321/385/343 327/391/348
f 270/329/299 90/110/340 331/396/349 330/395/298
f 341/408/341 340/407/350 329/394/240 330/395/298
f 339/405/351 328/392/237 329/394/240 340/407/350
f 343/410/347 342/409/342 331/396/349 333/399/346
f 333/399/346 331/396/349 90/110/340 334/400/344
f 338/404/345 334/400/344 90/110/340 337/403/339
f 23/29/111 338/404/345 337/403/339 102/122/112
f 271/330/301 102/122/112 337/403/339 336/402/300
f 270/329/299 236/292/239 335/401/236 336/402/300
f 219/258/238 332/397/233 335/401/236 236/292/239
f 327/391/348 321/385/343 342/409/342 343/410/347
f 220/260/242 339/405/351 340/407/350 237/293/243
f 269/328/297 237/293/243 340/407/350 341/408/341
f 330/395/298 331/396/349 342/409/342 341/408/341
f 23/29/111 159/193/105 88/108/13 338/404/345
f 345/412/352 344/411/353 368/435/354 369/436/355
f 346/413/356 358/425/357 357/424/358 345/412/352
f 347/414/359 346/413/356 370/437/360 371/438/361
f 348/415/362 360/427/363 359/426/364 347/414/359
f 349/416/365 348/415/362 372/439/366 373/440/367
f 350/417/368 362/429/369 361/428/370 349/416/365
f 351/418/371 363/430/372 362/429/369 350/417/368
f 351/418/371 375/442/373 376/443/374 352/419/375
f 353/420/376 365/432/377 364/431/378 352/419/375
f 354/421/379 353/420/376 377/444/380 378/445/381
f 355/422/382 367/434/383 366/433/384 354/421/379
f 344/411/353 355/422/382 379/446/385 368/435/354
f 371/438/361 370/437/360 382/449/386 383/450/387
f 375/442/373 387/454/388 388/455/389 376/443/374
f 353/420/376 352/419/375 376/443/374 377/444/380
f 348/415/362 347/414/359 371/438/361 372/439/366
f 378/445/381 377/444/380 389/456/390 390/457/391
f 373/440/367 372/439/366 384/451/392 385/452/393
f 369/436/355 368/435/354 380/447/394 381/448/395
f 350/417/368 349/416/365 373/440/367 374/441/396
f 355/422/382 354/421/379 378/445/381 379/446/385
f 379/446/385 391/458/397 380/447/394 368/435/354
f 351/418/371 350/417/368 374/441/396 375/442/373
f 346/413/356 345/412/352 369/436/355 370/437/360
f 370/437/360 369/436/355 381/448/395 382/449/386
f 352/419/375 364/431/378 363/430/372 351/418/371
f 354/421/379 366/433/384 365/432/377 353/420/376
f 377/444/380 376/443/374 388/455/389 389/456/390
f 349/416/365 361/428/370 360/427/363 348/415/362
f 372/439/366 371/438/361 383/450/387 384/451/392
f 345/412/352 357/424/358 356/423/398 344/411/353
f 379/446/385 378/445/381 390/457/391 391/458/397
f 356/423/398 367/434/383 355/422/382 344/411/353
f 375/442/373 374/441/396 386/453/399 387/454/388
f 374/441/396 373/440/367 385/452/393 386/453/399
f 347/414/359 359/426/364 358/425/357 346/413/356
f 385/452/393 392/459/400 387/454/388 386/453/399
f 392/459/400 394/461/401 388/455/389 387/454/388
f 394/461/401 390/457/391 389/456/390 388/455/389
f 384/451/392 393/460/402 392/459/400 385/452/393
f 393/460/402 395/462/403 394/461/401 392/459/400
f 395/462/403 391/458/397 390/457/391 394/461/401
f 383/450/387 382/449/386 393/460/402 384/451/392
f 382/449/386 381/448/395 395/462/403 393/460/402
f 381/448/395 380/447/394 391/458/397 395/462/403
f 256/315/273 234/288/281 396/463/404 397/465/405
f 397/465/405 396/463/404 398/466/406 399/468/407
f 448/532/408 449/533/409 400/469/410 401/471/411
f 401/471/411 400/469/410 402/472/412 403/475/413
f 233/287/271 256/315/273 397/465/405 404/477/414
f 404/477/414 397/465/405 399/468/407 406/479/415
f 450/535/416 448/532/408 401/471/411 407/480/417
f 407/480/417 401/471/411 403/475/413 408/481/418
f 232/285/269 233/287/271 404/477/414 405/478/419
f 405/478/419 404/477/414 406/479/415 410/484/420
f 451/536/421 450/535/416 407/480/417 411/485/422
f 411/485/422 407/480/417 408/481/418 412/486/423
f 231/283/265 232/285/269 405/478/419 409/483/424
f 409/483/424 405/478/419 410/484/420 414/488/425
f 452/537/426 451/536/421 411/485/422 415/489/427
f 415/489/427 411/485/422 412/486/423 416/490/428
f 230/281/266 231/283/265 409/483/424 413/487/429
f 413/487/429 409/483/424 414/488/425 418/492/430
f 453/538/431 452/537/426 415/489/427 419/493/432
f 419/493/432 415/489/427 416/490/428 420/494/433
f 294/354/263 230/281/266 413/487/429 421/495/434
f 421/495/434 413/487/429 418/492/430 422/496/435
f 454/539/436 453/538/431 419/493/432 423/497/437
f 423/497/437 419/493/432 420/494/433 424/498/438
f 229/279/259 294/354/263 421/495/434 417/491/439
f 417/491/439 421/495/434 422/496/435 425/499/440
f 455/540/441 454/539/436 423/497/437 427/501/442
f 427/501/442 423/497/437 424/498/438 428/502/443
f 228/277/260 229/279/259 417/491/439 426/500/444
f 426/500/444 417/491/439 425/499/440 429/503/445
f 456/541/446 455/540/441 427/501/442 430/504/447
f 430/504/447 427/501/442 428/502/443 431/505/448
f 298/359/325 228/277/260 426/500/444 432/506/449
f 432/506/449 426/500/444 429/503/445 433/507/450
f 457/542/451 456/541/446 430/504/447 434/508/452
f 434/508/452 430/504/447 431/505/448 435/509/278
f 367/434/383 356/423/398 436/510/338 447/530/453
f 365/432/377 366/433/384 446/528/454 445/526/455
f 364/431/378 365/432/377 445/526/455 444/524/277
f 356/423/398 357/424/358 312/375/333 436/510/338
f 360/427/363 361/428/370 441/519/456 440/517/289
f 363/430/372 364/431/378 444/524/277 226/272/280
f 362/429/369 363/430/372 226/272/280 442/521/457
f 359/426/364 360/427/363 440/517/289 439/516/288
f 358/425/357 359/426/364 439/516/288 438/514/331
f 361/428/370 362/429/369 442/521/457 441/519/456
f 357/424/358 358/425/357 438/514/331 312/375/333
f 366/433/384 367/434/383 447/530/453 446/528/454
f 434/508/452 435/509/278 444/525/277 445/527/455
f 433/507/450 429/503/445 456/541/446 457/542/451
f 429/503/445 425/499/440 455/540/441 456/541/446
f 425/499/440 422/496/435 454/539/436 455/540/441
f 422/496/435 418/492/430 453/538/431 454/539/436
f 418/492/430 414/488/425 452/537/426 453/538/431
f 414/488/425 410/484/420 451/536/421 452/537/426
f 410/484/420 406/479/415 450/535/416 451/536/421
f 406/479/415 399/468/407 448/532/408 450/535/416
f 399/468/407 398/466/406 449/533/409 448/532/408
f 446/529/454 457/542/451 434/508/452 445/527/455
f 306/368/256 298/359/325 432/506/449 459/544/458
f 459/544/458 432/506/449 433/507/450 447/531/453
f 433/507/450 457/542/451 446/529/454 447/531/453
f 227/274/257 306/368/256 459/544/458 460/545/337
f 447/531/453 436/511/338 460/545/337 459/544/458
f 254/312/253 255/313/254 244/300/255 227/275/257
f 435/509/278 431/505/448 443/523/459 437/512/279
f 441/520/456 442/522/457 461/546/460 458/543/461
f 440/518/289 441/520/456 458/543/461 462/547/462
f 226/273/280 437/512/279 464/549/463 463/548/464
f 226/273/280 463/548/464 461/546/460 442/522/457
f 437/512/279 443/523/459 466/551/465 464/549/463
f 243/299/290 440/518/289 462/547/462 465/550/466
f 224/269/249 225/271/251 310/372/336 468/553/467
f 223/267/247 224/269/249 468/553/467 467/552/468
f 468/553/467 310/372/336 309/371/334 471/556/469
f 467/552/468 468/553/467 471/556/469 470/555/470
f 471/556/469 309/371/334 308/370/332 473/558/471
f 470/555/470 471/556/469 473/558/471 472/557/472
f 473/558/471 308/370/332 262/321/291 475/560/473
f 472/557/472 473/558/471 475/560/473 474/559/474
f 475/560/473 262/321/291 243/299/290 477/562/475
f 474/559/474 475/560/473 477/562/475 476/561/476
f 477/562/475 243/299/290 465/550/466 479/564/477
f 476/561/476 477/562/475 479/564/477 478/563/478
f 222/265/245 223/267/247 467/552/468 480/565/479
f 221/263/241 222/265/245 480/565/479 469/554/480
f 480/565/479 467/552/468 470/555/470 482/567/481
f 469/554/480 480/565/479 482/567/481 481/566/482
f 482/567/481 470/555/470 472/557/472 484/569/483
f 481/566/482 482/567/481 484/569/483 483/568/484
f 484/569/483 472/557/472 474/559/474 486/571/485
f 483/568/484 484/569/483 486/571/485 485/570/486
f 486/571/485 474/559/474 476/561/476 488/573/487
f 485/570/486 486/571/485 488/573/487 487/572/488
f 488/573/487 476/561/476 478/563/478 490/575/489
f 487/572/488 488/573/487 490/575/489 489/574/490
f 220/261/242 221/263/241 469/554/480 491/576/491
f 339/406/351 220/261/242 491/576/491 493/578/492
f 328/393/237 339/406/351 493/578/492 492/577/493
f 219/259/238 328/393/237 492/577/493 494/579/494
f 332/398/233 219/259/238 494/579/494 496/581/495
f 218/257/234 332/398/233 496/581/495 495/580/496
f 252/309/275 218/257/234 495/580/496 497/582/497
f 491/576/491 469/554/480 481/566/482 499/584/498
f 499/584/498 481/566/482 483/568/484 500/585/499
f 500/585/499 483/568/484 485/570/486 501/586/500
f 501/586/500 485/570/486 487/572/488 502/587/501
f 502/587/501 487/572/488 489/574/490 503/588/502
f 497/582/497 495/580/496 498/583/503 504/589/504
f 495/580/496 496/581/495 506/591/505 498/583/503
f 498/583/503 506/591/505 508/593/506 505/590/507
f 504/589/504 498/583/503 505/590/507 507/592/508
f 507/592/508 505/590/507 509/594/509 510/595/510
f 505/590/507 508/593/506 511/596/511 509/594/509
f 510/595/510 509/594/509 512/597/512 513/598/513
f 509/594/509 511/596/511 514/599/514 512/597/512
f 513/598/513 512/597/512 515/600/515 516/601/516
f 512/597/512 514/599/514 517/602/517 515/600/515
f 516/601/516 515/600/515 518/603/518 519/604/519
f 515/600/515 517/602/517 520/605/520 518/603/518
f 519/604/519 518/603/518 521/606/521 522/607/522
f 518/603/518 520/605/520 523/608/523 521/606/521
f 522/607/522 521/606/521 524/609/524 525/610/525
f 521/606/521 523/608/523 526/611/526 524/609/524
f 525/610/525 524/609/524 527/612/527 528/613/528
f 524/609/524 526/611/526 529/614/529 527/612/527
f 528/613/528 527/612/527 530/615/530 531/616/531
f 527/612/527 529/614/529 532/617/532 530/615/530
f 531/616/531 530/615/530 533/618/533 534/619/534
f 530/615/530 532/617/532 535/620/535 533/618/533
f 534/619/534 533/618/533 536/621/536 537/622/537
f 533/618/533 535/620/535 538/623/538 536/621/536
f 537/622/537 536/621/536 539/624/539 540/625/540
f 536/621/536 538/623/538 541/626/541 539/624/539
f 540/625/540 539/624/539 542/627/542 543/628/543
f 539/624/539 541/626/541 544/629/544 542/627/542
f 543/628/543 542/627/542 545/630/545 546/631/546
f 542/627/542 544/629/544 547/632/547 545/630/545
f 546/631/546 545/630/545 548/633/548 549/634/549
f 545/630/545 547/632/547 550/635/550 548/633/548
f 549/634/549 548/633/548 551/636/551 552/637/552
f 548/633/548 550/635/550 553/638/553 551/636/551
f 552/637/552 551/636/551 554/639/554 555/640/555
f 551/636/551 553/638/553 556/641/556 554/639/554
f 555/640/555 554/639/554 557/642/557 558/643/558
f 554/639/554 556/641/556 559/644/559 557/642/557
f 558/643/558 557/642/557 560/645/560 561/646/561
f 557/642/557 559/644/559 562/647/562 560/645/560
f 561/646/561 560/645/560 563/648/563 564/649/564
f 560/645/560 562/647/562 565/650/565 563/648/563
f 564/649/564 563/648/563 566/651/566 567/652/567
f 563/648/563 565/650/565 568/653/568 566/651/566
f 567/652/567 566/651/566 569/654/569 570/655/570
f 566/651/566 568/653/568 571/656/571 569/654/569
f 496/581/495 494/579/494 573/658/572 506/591/505
f 494/579/494 492/577/493 572/657/573 573/658/572
f 506/591/505 573/658/572 576/661/574 508/593/506
f 573/658/572 572/657/573 575/660/575 576/661/574
f 508/593/506 576/661/574 578/663/576 511/596/511
f 576/661/574 575/660/575 577/662/577 578/663/576
f 511/596/511 578/663/576 580/665/578 514/599/514
f 578/663/576 577/662/577 579/664/579 580/665/578
f 514/599/514 580/665/578 582/667/580 517/602/517
f 580/665/578 579/664/579 581/666/581 582/667/580
f 517/602/517 582/667/580 584/669/582 520/605/520
f 582/667/580 581/666/581 583/668/583 584/669/582
f 520/605/520 584/669/582 586/671/584 523/608/523
f 584/669/582 583/668/583 585/670/585 586/671/584
f 523/608/523 586/671/584 588/673/586 526/611/526
f 586/671/584 585/670/585 587/672/587 588/673/586
f 526/611/526 588/673/586 590/675/588 529/614/529
f 588/673/586 587/672/587 589/674/589 590/675/588
f 529/614/529 590/675/588 592/677/590 532/617/532
f 590/675/588 589/674/589 591/676/591 592/677/590
f 532/617/532 592/677/590 594/679/592 535/620/535
f 592/677/590 591/676/591 593/678/593 594/679/592
f 535/620/535 594/679/592 596/681/594 538/623/538
f 594/679/592 593/678/593 595/680/595 596/681/594
f 538/623/538 596/681/594 598/683/596 541/626/541
f 596/681/594 595/680/595 597/682/597 598/683/596
f 541/626/541 598/683/596 600/685/598 544/629/544
f 598/683/596 597/682/597 599/684/599 600/685/598
f 544/629/544 600/685/598 602/687/600 547/632/547
f 600/685/598 599/684/599 601/686/601 602/687/600
f 547/632/547 602/687/600 604/689/602 550/635/550
f 602/687/600 601/686/601 603/688/603 604/689/602
f 550/635/550 604/689/602 606/691/604 553/638/553
f 604/689/602 603/688/603 605/690/605 606/691/604
f 553/638/553 606/691/604 608/693/606 556/641/556
f 606/691/604 605/690/605 607/692/607 608/693/606
f 556/641/556 608/693/606 610/695/608 559/644/559
f 608/693/606 607/692/607 609/694/609 610/695/608
f 559/644/559 610/695/608 612/697/610 562/647/562
f 610/695/608 609/694/609 611/696/611 612/697/610
f 562/647/562 612/697/610 614/699/612 565/650/565
f 612/697/610 611/696/611 613/698/613 614/699/612
f 565/650/565 614/699/612 616/701/614 568/653/568
f 614/699/612 613/698/613 615/700/615 616/701/614
f 568/653/568 616/701/614 618/703/616 571/656/571
f 616/701/614 615/700/615 617/702/617 618/703/616
f 492/577/493 493/578/492 620/705/618 572/657/573
f 493/578/492 491/576/491 499/584/498 620/705/618
f 572/657/573 620/705/618 621/706/619 575/660/575
f 620/705/618 499/584/498 500/585/499 621/706/619
f 575/660/575 621/706/619 622/707/620 577/662/577
f 621/706/619 500/585/499 501/586/500 622/707/620
f 577/662/577 622/707/620 623/708/621 579/664/579
f 622/707/620 501/586/500 502/587/501 623/708/621
f 623/708/621 502/587/501 503/588/502 624/709/622
f 579/664/579 623/708/621 624/709/622 581/666/581
f 581/666/581 624/709/622 574/659/623 583/668/583
f 583/668/583 574/659/623 619/704/624 585/670/585
f 585/670/585 619/704/624 625/710/625 587/672/587
f 587/672/587 625/710/625 626/711/626 589/674/589
f 589/674/589 626/711/626 627/712/627 591/676/591
f 591/676/591 627/712/627 628/713/628 593/678/593
f 593/678/593 628/713/628 629/714/629 595/680/595
f 595/680/595 629/714/629 630/715/630 597/682/597
f 597/682/597 630/715/630 631/716/631 599/684/599
f 599/684/599 631/716/631 632/717/632 601/686/601
f 601/686/601 632/717/632 633/718/633 603/688/603
f 603/688/603 633/718/633 634/719/634 605/690/605
f 605/690/605 634/719/634 635/720/635 607/692/607
f 607/692/607 635/720/635 636/721/636 609/694/609
f 609/694/609 636/721/636 637/722/637 611/696/611
f 611/696/611 637/722/637 638/723/638 613/698/613
f 613/698/613 638/723/638 639/724/639 615/700/615
f 615/700/615 639/724/639 640/725/640 617/702/617
f 624/709/622 503/588/502 641/726/641 574/659/623
f 574/659/623 641/726/641 643/728/642 619/704/624
f 503/588/502 489/574/490 642/727/643 641/726/641
f 641/726/641 642/727/643 645/730/644 643/728/642
f 625/710/625 619/704/624 643/728/642 645/730/644
f 489/574/490 490/575/489 646/731/645 642/727/643
f 642/727/643 646/731/645 647/732/646 645/730/644
f 626/711/626 625/710/625 645/730/644 647/732/646
f 490/575/489 478/563/478 644/729/647 646/731/645
f 646/731/645 644/729/647 648/733/648 647/732/646
f 627/712/627 626/711/626 647/732/646 648/733/648
f 478/563/478 479/564/477 650/735/649 644/729/647
f 644/729/647 650/735/649 651/736/650 648/733/648
f 628/713/628 627/712/627 648/733/648 651/736/650
f 479/564/477 465/550/466 649/734/651 650/735/649
f 650/735/649 649/734/651 652/737/652 651/736/650
f 629/714/629 628/713/628 651/736/650 652/737/652
f 465/550/466 462/547/462 653/738/653 649/734/651
f 649/734/651 653/738/653 655/740/654 652/737/652
f 629/714/629 652/737/652 655/740/654 630/715/630
f 462/547/462 458/543/461 654/739/655 653/738/653
f 653/738/653 654/739/655 656/741/656 655/740/654
f 631/716/631 630/715/630 655/740/654 656/741/656
f 458/543/461 461/546/460 657/742/657 654/739/655
f 654/739/655 657/742/657 658/743/658 656/741/656
f 632/717/632 631/716/631 656/741/656 658/743/658
f 461/546/460 463/548/464 659/744/659 657/742/657
f 657/742/657 659/744/659 660/745/660 658/743/658
f 633/718/633 632/717/632 658/743/658 660/745/660
f 463/548/464 464/549/463 661/746/661 659/744/659
f 659/744/659 661/746/661 662/747/662 660/745/660
f 633/718/633 660/745/660 662/747/662 634/719/634
f 464/549/463 466/551/465 663/748/663 661/746/661
f 661/746/661 663/748/663 664/749/664 662/747/662
f 635/720/635 634/719/634 662/747/662 664/749/664
f 431/505/448 428/502/443 665/750/665 443/523/459
f 443/523/459 665/750/665 667/752/666 466/551/465
f 466/551/465 667/752/666 668/753/667 663/748/663
f 663/748/663 668/753/667 669/754/668 664/749/664
f 636/721/636 635/720/635 664/749/664 669/754/668
f 428/502/443 424/498/438 666/751/669 665/750/665
f 665/750/665 666/751/669 670/755/670 667/752/666
f 667/752/666 670/755/670 671/756/671 668/753/667
f 668/753/667 671/756/671 672/757/672 669/754/668
f 637/722/637 636/721/636 669/754/668 672/757/672
f 424/498/438 420/494/433 673/758/673 666/751/669
f 666/751/669 673/758/673 675/760/674 670/755/670
f 670/755/670 675/760/674 676/761/675 671/756/671
f 671/756/671 676/761/675 677/762/676 672/757/672
f 638/723/638 637/722/637 672/757/672 677/762/676
f 420/494/433 416/490/428 674/759/677 673/758/673
f 673/758/673 674/759/677 679/764/678 675/760/674
f 675/760/674 679/764/678 680/765/679 676/761/675
f 676/761/675 680/765/679 681/766/680 677/762/676
f 639/724/639 638/723/638 677/762/676 681/766/680
f 416/490/428 412/486/423 678/763/681 674/759/677
f 674/759/677 678/763/681 683/769/682 679/764/678
f 679/764/678 683/769/682 684/770/683 680/765/679
f 680/765/679 684/770/683 685/771/684 681/766/680
f 640/725/640 639/724/639 681/766/680 685/771/684
f 412/486/423 408/481/418 682/767/685 678/763/681
f 678/763/681 682/767/685 687/773/686 683/769/682
f 683/769/682 687/773/686 688/775/687 684/770/683
f 684/770/683 688/775/687 689/777/688 685/771/684
f 685/771/684 689/777/688 690/780/689 640/725/640
f 640/725/640 690/780/689 691/782/690 617/702/617
f 617/702/617 691/782/690 692/784/691 618/703/616
f 618/703/616 692/784/691 693/786/692 571/656/571
f 571/656/571 693/786/692 694/788/693 569/654/569
f 569/654/569 694/788/693 695/790/694 570/655/570
f 403/476/413 402/474/412 696/792/695 686/772/696
f 686/772/696 696/792/695 698/794/697 697/793/698
f 697/793/698 698/794/697 700/796/699 699/795/700
f 699/795/700 700/796/699 702/798/701 706/802/702
f 408/482/418 403/476/413 686/772/696 703/799/703
f 703/799/703 686/772/696 697/793/698 704/800/704
f 704/800/704 697/793/698 699/795/700 705/801/705
f 734/833/706 733/832/707 743/843/708 744/844/709
f 682/768/685 408/482/418 703/799/703 707/803/710
f 682/768/685 707/803/710 708/804/711 687/774/686
f 687/774/686 708/804/711 709/805/712 688/776/687
f 688/776/687 709/805/712 710/806/713 689/778/688
f 689/779/688 710/807/713 711/808/714 690/781/689
f 690/781/689 711/808/714 712/809/715 691/783/690
f 691/783/690 712/809/715 713/810/716 692/785/691
f 692/785/691 713/810/716 714/811/717 693/787/692
f 693/787/692 714/811/717 715/812/718 694/789/693
f 694/789/693 715/812/718 716/813/719 695/791/694
f 703/799/703 704/800/704 717/814/720 707/803/710
f 707/803/710 717/814/720 718/815/721 708/804/711
f 708/804/711 718/815/721 719/816/722 709/805/712
f 709/805/712 719/816/722 720/817/723 710/806/713
f 710/807/713 720/818/723 721/819/724 711/808/714
f 711/808/714 721/819/724 722/820/725 712/809/715
f 712/809/715 722/820/725 723/821/726 713/810/716
f 713/810/716 723/821/726 724/822/727 714/811/717
f 714/811/717 724/822/727 725/823/728 715/812/718
f 715/812/718 725/823/728 726/824/729 716/813/719
f 704/800/704 705/801/705 727/825/730 717/814/720
f 717/814/720 727/825/730 728/826/731 718/815/721
f 718/815/721 728/826/731 729/827/732 719/816/722
f 719/816/722 729/827/732 730/829/733 720/817/723
f 720/818/723 730/828/733 731/830/734 721/819/724
f 721/819/724 731/830/734 732/831/735 722/820/725
f 722/820/725 732/831/735 733/832/707 723/821/726
f 723/821/726 733/832/707 734/833/706 724/822/727
f 724/822/727 734/833/706 735/834/736 725/823/728
f 725/823/728 735/834/736 736/835/737 726/824/729
f 729/827/732 728/826/731 738/837/738 739/838/739
f 736/835/737 735/834/736 745/845/740 746/846/741
f 731/830/734 730/828/733 740/839/742 741/841/743
f 733/832/707 732/831/735 742/842/744 743/843/708
f 728/826/731 727/825/730 737/836/745 738/837/738
f 735/834/736 734/833/706 744/844/709 745/845/740
f 730/829/733 729/827/732 739/838/739 740/840/742
f 732/831/735 731/830/734 741/841/743 742/842/744
f 705/801/705 699/795/700 706/802/702 701/797/746
f 727/825/730 705/801/705 701/797/746 737/836/745
f 744/844/709 743/843/708 756/857/747 757/858/748
f 706/802/702 702/798/701 748/848/749 749/849/750
f 741/841/743 740/839/742 753/854/751 754/855/752
f 737/836/745 701/797/746 747/847/753 750/850/754
f 738/837/738 737/836/745 750/850/754 751/851/755
f 745/845/740 744/844/709 757/858/748 758/859/756
f 742/842/744 741/841/743 754/855/752 755/856/757
f 701/797/746 706/802/702 749/849/750 747/847/753
f 746/846/741 745/845/740 758/859/756 759/860/758
f 743/843/708 742/842/744 755/856/757 756/857/747
f 740/840/742 739/838/739 752/852/759 753/853/751
f 739/838/739 738/837/738 751/851/755 752/852/759
f 751/851/755 750/850/754 763/864/760 764/865/761
f 756/857/747 755/856/757 768/870/762 769/871/763
f 753/853/751 752/852/759 765/866/764 766/867/765
f 747/847/753 749/849/750 762/863/766 760/861/767
f 757/858/748 756/857/747 769/871/763 770/872/768
f 754/855/752 753/854/751 766/868/765 767/869/769
f 749/849/750 748/848/749 761/862/770 762/863/766
f 758/859/756 757/858/748 770/872/768 771/873/771
f 752/852/759 751/851/755 764/865/761 765/866/764
f 755/856/757 754/855/752 767/869/769 768/870/762
f 750/850/754 747/847/753 760/861/767 763/864/760
f 759/860/758 758/859/756 771/873/771 772/874/772
f 771/873/771 770/872/768 783/893/773 784/894/774
f 765/866/764 764/865/761 777/880/775 778/882/776
f 768/870/762 767/869/769 780/887/777 781/889/778
f 763/864/760 760/861/767 773/875/779 776/878/780
f 772/874/772 771/873/771 784/894/774 785/895/781
f 764/865/761 763/864/760 776/878/780 777/880/775
f 769/871/763 768/870/762 781/889/778 782/891/782
f 766/867/765 765/866/764 778/882/776 779/884/783
f 760/861/767 762/863/766 775/877/784 773/875/779
f 770/872/768 769/871/763 782/891/782 783/893/773
f 767/869/769 766/868/765 779/885/783 780/887/777
f 762/863/766 761/862/770 774/876/785 775/877/784
f 775/877/784 774/876/785 787/897/786 788/898/787
f 784/894/774 783/893/773 791/903/788 792/904/789
f 776/878/780 773/875/779 786/896/790 789/900/791
f 773/875/779 775/877/784 788/898/787 786/896/790
f 785/895/781 784/894/774 792/904/789 793/905/792
f 783/893/773 782/891/782 790/901/793 791/903/788
f 786/896/790 788/898/787 796/908/794 794/906/795
f 793/905/792 792/904/789 800/912/796 801/913/797
f 791/903/788 790/901/793 798/910/798 799/911/799
f 788/898/787 787/897/786 795/907/800 796/908/794
f 792/904/789 791/903/788 799/911/799 800/912/796
f 789/900/791 786/896/790 794/906/795 797/909/801
f 800/912/796 799/911/799 807/919/802 808/920/803
f 797/909/801 794/906/795 802/914/804 805/917/805
f 794/906/795 796/908/794 804/916/806 802/914/804
f 801/913/797 800/912/796 808/920/803 809/921/807
f 799/911/799 798/910/798 806/918/808 807/919/802
f 796/908/794 795/907/800 803/915/809 804/916/806
f 858/985/810 805/917/805 821/933/811 856/982/812
f 807/919/802 823/935/813 824/936/814 808/920/803
f 802/914/804 818/930/815 821/933/811 805/917/805
f 808/920/803 824/936/814 825/937/816 809/921/807
f 806/918/808 822/934/817 823/935/813 807/919/802
f 803/915/809 819/931/818 820/932/819 804/916/806
f 843/962/820 842/961/821 849/968/822 850/969/823
f 790/902/793 1012/1167/824 812/924/825 810/922/826
f 844/963/827 843/962/820 850/969/823 1010/1165/828
f 847/966/829 846/965/830 852/974/831 1013/1168/832
f 848/967/833 847/966/829 1013/1168/832 1012/1167/824
f 789/899/791 811/923/834 857/984/835 849/968/822
f 824/936/814 823/935/813 831/943/836 832/944/837
f 821/933/811 818/930/815 826/938/838 829/941/839
f 818/930/815 820/932/819 828/940/840 826/938/838
f 825/937/816 824/936/814 832/944/837 833/945/841
f 823/935/813 822/934/817 830/942/842 831/943/836
f 820/932/819 819/931/818 827/939/843 828/940/840
f 833/945/841 832/944/837 840/956/844 841/959/845
f 831/943/836 830/942/842 838/952/846 839/954/847
f 828/940/840 827/939/843 835/948/848 836/949/849
f 832/944/837 831/943/836 839/954/847 840/956/844
f 829/941/839 826/938/838 834/947/850 837/950/851
f 826/938/838 828/940/840 836/949/849 834/947/850
f 860/988/852 892/1024/853 941/1090/854 942/1091/855
f 911/1051/856 903/1040/857 937/1086/858 915/1059/859
f 777/881/775 776/879/780 842/961/821 843/962/820
f 782/892/782 781/890/778 847/966/829 848/967/833
f 780/888/777 779/886/783 845/964/860 846/965/830
f 778/883/776 777/881/775 843/962/820 844/963/827
f 781/890/778 780/888/777 846/965/830 847/966/829
f 849/968/822 842/961/821 776/879/780 789/899/791
f 779/886/783 778/883/776 844/963/827 845/964/860
f 789/899/791 851/970/861 861/989/862 811/923/834
f 1010/1165/828 850/969/823 817/929/863 816/928/864
f 851/971/861 789/900/791 797/909/801 854/977/865
f 790/901/793 851/972/861 854/978/865 798/910/798
f 855/979/866 853/975/867 829/941/839 837/950/851
f 853/975/867 856/982/812 821/933/811 829/941/839
f 822/934/817 806/918/808 858/986/810 856/983/812
f 1011/1166/868 1010/1165/828 816/928/864 815/927/869
f 858/985/810 854/977/865 797/909/801 805/917/805
f 806/918/808 798/910/798 854/978/865 858/986/810
f 850/969/823 849/968/822 857/984/835 817/929/863
f 846/965/830 845/964/860 1011/1166/868 852/974/831
f 830/942/842 822/934/817 856/983/812 853/976/867
f 838/952/846 830/942/842 853/976/867 855/980/866
f 804/916/806 820/932/819 818/930/815 802/914/804
f 845/964/860 844/963/827 1010/1165/828 1011/1166/868
f 1028/1185/870 1015/1170/871 863/992/872 870/999/873
f 1026/1182/874 1019/1174/875 862/991/876 871/1001/877
f 1015/1170/871 1026/1181/874 871/1000/877 863/992/872
f 1017/1172/878 1021/1176/879 867/996/880 866/995/881
f 1021/1176/879 1023/1178/882 868/997/883 867/996/880
f 1024/1179/884 1028/1185/870 870/999/873 869/998/885
f 1023/1178/882 1024/1179/884 869/998/885 868/997/883
f 816/928/864 817/929/863 882/1013/886 884/1015/887
f 876/1007/888 1206/1395/889 1201/1383/890 875/1006/891
f 875/1006/891 1201/1383/890 1203/1388/892 874/1005/893
f 881/1012/894 1204/1390/895 1202/1386/896 880/1011/897
f 873/1003/898 1180/1358/899 1178/1355/900 872/1002/901
f 872/1002/901 1178/1355/900 1204/1390/895 881/1012/894
f 877/1008/902 1181/1361/903 1206/1395/889 876/1007/888
f 880/1011/897 1202/1386/896 1205/1394/904 879/1010/905
f 874/1005/893 1203/1388/892 1180/1359/899 873/1004/898
f 878/1009/906 1183/1365/907 1181/1361/903 877/1008/902
f 884/1015/887 882/1013/886 1025/1180/908 1022/1177/909
f 857/984/835 811/923/834 891/1023/910 890/1022/911
f 813/925/912 814/926/913 889/1021/914 888/1020/915
f 861/990/862 810/922/826 887/1019/916 886/1018/917
f 811/923/834 861/989/862 886/1017/917 891/1023/910
f 814/926/913 815/927/869 885/1016/918 889/1021/914
f 815/927/869 816/928/864 884/1015/887 885/1016/918
f 812/924/825 813/925/912 888/1020/915 883/1014/919
f 810/922/826 812/924/825 883/1014/919 887/1019/916
f 817/929/863 857/984/835 890/1022/911 882/1013/886
f 894/1027/920 908/1046/921 914/1055/922 893/1025/923
f 895/1028/924 837/951/851 834/946/850 896/1029/925
f 909/1049/926 910/1050/927 898/1032/928 897/1030/929
f 897/1030/929 898/1032/928 900/1035/930 899/1033/931
f 899/1033/931 900/1035/930 902/1039/932 901/1037/933
f 911/1051/856 909/1048/926 897/1031/929 903/1040/857
f 903/1040/857 897/1031/929 899/1034/931 904/1041/934
f 904/1041/934 899/1034/931 901/1036/933 906/1043/935
f 912/1052/936 905/1042/937 898/1032/928 910/1050/927
f 900/1035/930 898/1032/928 905/1042/937 902/1039/932
f 916/1060/938 904/1041/934 906/1043/935 913/1053/939
f 835/948/848 912/1052/936 910/1050/927 836/949/849
f 896/1029/925 834/946/850 909/1048/926 911/1051/856
f 834/947/850 836/949/849 910/1050/927 909/1049/926
f 908/1047/921 916/1060/938 913/1053/939 914/1056/922
f 838/953/846 855/981/866 918/1062/940 917/1061/941
f 927/1073/942 928/1074/943 920/1064/944 919/1063/945
f 919/1063/945 920/1064/944 922/1066/946 921/1065/947
f 921/1065/947 922/1066/946 924/1068/948 923/1067/949
f 923/1067/949 924/1068/948 926/1071/950 925/1069/951
f 855/981/866 837/951/851 895/1028/924 918/1062/940
f 917/1061/941 918/1062/940 928/1074/943 927/1073/942
f 892/1024/853 928/1074/943 918/1062/940 895/1028/924
f 860/988/852 920/1064/944 928/1074/943 892/1024/853
f 859/987/952 922/1066/946 920/1064/944 860/988/852
f 894/1027/920 924/1068/948 922/1066/946 859/987/952
f 893/1025/923 926/1071/950 924/1068/948 894/1027/920
f 929/1075/953 923/1067/949 925/1069/951 930/1076/954
f 931/1078/955 921/1065/947 923/1067/949 929/1075/953
f 927/1073/942 919/1063/945 921/1065/947 931/1078/955
f 917/1061/941 927/1073/942 931/1078/955 934/1082/956
f 934/1082/956 931/1078/955 929/1075/953 932/1079/957
f 932/1079/957 929/1075/953 930/1076/954 933/1080/958
f 840/957/844 932/1079/957 933/1080/958 841/958/845
f 839/955/847 934/1082/956 932/1079/957 840/957/844
f 838/953/846 917/1061/941 934/1082/956 839/955/847
f 892/1024/853 895/1028/924 939/1088/959 941/1090/854
f 908/1046/921 894/1027/920 940/1089/960 935/1084/961
f 859/987/952 860/988/852 942/1091/855 943/1092/962
f 896/1029/925 911/1051/856 915/1059/859 938/1087/963
f 894/1027/920 859/987/952 943/1092/962 940/1089/960
f 916/1060/938 908/1047/921 935/1083/961 907/1045/964
f 895/1028/924 896/1029/925 938/1087/963 939/1088/959
f 903/1040/857 904/1041/934 936/1085/965 937/1086/858
f 904/1041/934 916/1060/938 907/1045/964 936/1085/965
f 915/1059/859 937/1086/858 948/1098/966 945/1094/967
f 937/1086/858 936/1085/965 947/1097/968 948/1098/966
f 907/1045/964 935/1083/961 946/1095/969 944/1093/970
f 935/1084/961 940/1089/960 951/1101/971 946/1096/969
f 941/1090/854 939/1088/959 950/1100/972 952/1102/973
f 938/1087/963 915/1059/859 945/1094/967 949/1099/974
f 942/1091/855 941/1090/854 952/1102/973 953/1103/975
f 936/1085/965 907/1045/964 944/1093/970 947/1097/968
f 939/1088/959 938/1087/963 949/1099/974 950/1100/972
f 943/1092/962 942/1091/855 953/1103/975 954/1104/976
f 940/1089/960 943/1092/962 954/1104/976 951/1101/971
f 944/1093/970 946/1095/969 957/1107/977 955/1105/978
f 946/1096/969 951/1101/971 962/1113/979 957/1108/977
f 947/1097/968 944/1093/970 955/1105/978 958/1109/980
f 948/1098/966 947/1097/968 958/1109/980 959/1110/981
f 949/1099/974 945/1094/967 956/1106/982 960/1111/983
f 953/1103/975 952/1102/973 963/1114/984 964/1115/985
f 950/1100/972 949/1099/974 960/1111/983 961/1112/986
f 954/1104/976 953/1103/975 964/1115/985 965/1116/987
f 951/1101/971 954/1104/976 965/1116/987 962/1113/979
f 945/1094/967 948/1098/966 959/1110/981 956/1106/982
f 952/1102/973 950/1100/972 961/1112/986 963/1114/984
f 956/1106/982 959/1110/981 970/1122/988 967/1118/989
f 963/1114/984 961/1112/986 972/1124/990 974/1126/991
f 955/1105/978 957/1107/977 968/1119/992 966/1117/993
f 957/1108/977 962/1113/979 973/1125/994 968/1120/992
f 958/1109/980 955/1105/978 966/1117/993 969/1121/995
f 959/1110/981 958/1109/980 969/1121/995 970/1122/988
f 960/1111/983 956/1106/982 967/1118/989 971/1123/996
f 964/1115/985 963/1114/984 974/1126/991 975/1127/997
f 961/1112/986 960/1111/983 971/1123/996 972/1124/990
f 965/1116/987 964/1115/985 975/1127/997 976/1128/998
f 962/1113/979 965/1116/987 976/1128/998 973/1125/994
f 975/1127/997 974/1126/991 985/1138/999 986/1139/1000
f 972/1124/990 971/1123/996 982/1135/1001 983/1136/1002
f 976/1128/998 975/1127/997 986/1139/1000 987/1140/1003
f 973/1125/994 976/1128/998 987/1140/1003 984/1137/1004
f 967/1118/989 970/1122/988 981/1134/1005 978/1130/1006
f 974/1126/991 972/1124/990 983/1136/1002 985/1138/999
f 966/1117/993 968/1119/992 979/1131/1007 977/1129/1008
f 968/1120/992 973/1125/994 984/1137/1004 979/1132/1007
f 969/1121/995 966/1117/993 977/1129/1008 980/1133/1009
f 970/1122/988 969/1121/995 980/1133/1009 981/1134/1005
f 971/1123/996 967/1118/989 978/1130/1006 982/1135/1001
f 985/1138/999 983/1136/1002 994/1148/1010 996/1150/1011
f 977/1129/1008 979/1131/1007 990/1143/1012 988/1141/1013
f 979/1132/1007 984/1137/1004 995/1149/1014 990/1144/1012
f 980/1133/1009 977/1129/1008 988/1141/1013 991/1145/1015
f 981/1134/1005 980/1133/1009 991/1145/1015 992/1146/1016
f 982/1135/1001 978/1130/1006 989/1142/1017 993/1147/1018
f 986/1139/1000 985/1138/999 996/1150/1011 997/1151/1019
f 983/1136/1002 982/1135/1001 993/1147/1018 994/1148/1010
f 987/1140/1003 986/1139/1000 997/1151/1019 998/1152/1020
f 984/1137/1004 987/1140/1003 998/1152/1020 995/1149/1014
f 978/1130/1006 981/1134/1005 992/1146/1016 989/1142/1017
f 997/1151/1019 996/1150/1011 1007/1162/1021 1008/1163/1022
f 994/1148/1010 993/1147/1018 1004/1159/1023 1005/1160/1024
f 998/1152/1020 997/1151/1019 1008/1163/1022 1009/1164/1025
f 995/1149/1014 998/1152/1020 1009/1164/1025 1006/1161/1026
f 989/1142/1017 992/1146/1016 1003/1158/1027 1000/1154/1028
f 996/1150/1011 994/1148/1010 1005/1160/1024 1007/1162/1021
f 988/1141/1013 990/1143/1012 1001/1156/1029 999/1153/1030
f 990/1144/1012 995/1149/1014 1006/1161/1026 1001/1155/1029
f 991/1145/1015 988/1141/1013 999/1153/1030 1002/1157/1031
f 992/1146/1016 991/1145/1015 1002/1157/1031 1003/1158/1027
f 993/1147/1018 989/1142/1017 1000/1154/1028 1004/1159/1023
f 810/922/826 861/990/862 851/973/861 790/902/793
f 852/974/831 1011/1166/868 815/927/869 814/926/913
f 1013/1168/832 852/974/831 814/926/913 813/925/912
f 1012/1167/824 1013/1168/832 813/925/912 812/924/825
f 1012/1167/824 790/902/793 782/892/782 848/967/833
f 868/997/883 879/1010/905 878/1009/906 867/996/880
f 1022/1177/909 1025/1180/908 1024/1179/884 1023/1178/882
f 882/1013/886 890/1022/911 1029/1186/1032 1025/1180/908
f 1025/1180/908 1029/1186/1032 1028/1185/870 1024/1179/884
f 885/1016/918 884/1015/887 1022/1177/909 1020/1175/1033
f 1020/1175/1033 1022/1177/909 1023/1178/882 1021/1176/879
f 889/1021/914 885/1016/918 1020/1175/1033 1016/1171/1034
f 1016/1171/1034 1020/1175/1033 1021/1176/879 1017/1172/878
f 891/1023/910 886/1017/917 1027/1183/1035 1014/1169/1036
f 1014/1169/1036 1027/1183/1035 1026/1181/874 1015/1170/871
f 886/1018/917 887/1019/916 1018/1173/1037 1027/1184/1035
f 1027/1184/1035 1018/1173/1037 1019/1174/875 1026/1182/874
f 890/1022/911 891/1023/910 1014/1169/1036 1029/1186/1032
f 1029/1186/1032 1014/1169/1036 1015/1170/871 1028/1185/870
f 1035/1192/1038 883/1014/919 888/1020/915 1037/1194/1039
f 1033/1190/1040 887/1019/916 883/1014/919 1035/1192/1038
f 1037/1194/1039 888/1020/915 889/1021/914 1031/1188/1041
f 865/994/1042 1036/1193/1043 1030/1187/1044 866/995/881
f 1036/1193/1043 1037/1194/1039 1031/1188/1041 1030/1187/1044
f 862/991/876 1032/1189/1045 1034/1191/1046 864/993/1047
f 1032/1189/1045 1033/1190/1040 1035/1192/1038 1034/1191/1046
f 864/993/1047 1034/1191/1046 1036/1193/1043 865/994/1042
f 1034/1191/1046 1035/1192/1038 1037/1194/1039 1036/1193/1043
f 1019/1174/875 1018/1173/1037 1038/1195/1048 1039/1196/1049
f 1032/1189/1045 1039/1196/1049 1038/1195/1048 1033/1190/1040
f 1018/1173/1037 887/1019/916 1033/1190/1040 1038/1195/1048
f 1019/1174/875 1039/1196/1049 1032/1189/1045 862/991/876
f 1016/1171/1034 1017/1172/878 1041/1198/1050 1040/1197/1051
f 1030/1187/1044 1031/1188/1041 1040/1197/1051 1041/1198/1050
f 1016/1171/1034 1040/1197/1051 1031/1188/1041 889/1021/914
f 1017/1172/878 866/995/881 1030/1187/1044 1041/1198/1050
f 1146/1314/1052 1208/1399/1053 1075/1238/1054 1071/1232/1055
f 1123/1287/1056 1051/1208/1057 1161/1335/1058 1115/1279/1059
f 1044/1201/1060 1173/1350/1061 1045/1202/1062 1042/1199/1063
f 1112/1276/1064 1161/1335/1058 1051/1208/1057 1049/1206/1065
f 1050/1207/1066 1043/1200/1067 1112/1276/1064 1049/1206/1065
f 1109/1273/1068 1043/1200/1067 1050/1207/1066 1191/1373/1069
f 1046/1203/1070 1042/1199/1063 1045/1202/1062 1047/1204/1071
f 1048/1205/1072 1044/1201/1060 1042/1199/1063 1046/1203/1070
f 1046/1203/1070 1049/1206/1065 1051/1208/1057 1048/1205/1072
f 1047/1204/1071 1050/1207/1066 1049/1206/1065 1046/1203/1070
f 1110/1274/1073 1161/1335/1058 1112/1276/1064
f 1279/1489/1074 1288/1500/1075 1055/1213/1076 1053/1211/1077
f 1277/1485/1078 1287/1499/1079 1054/1212/1080 1052/1209/1081
f 1286/1498/1082 1280/1490/1083 1057/1216/1084 1059/1218/1085
f 1288/1500/1075 1285/1497/1086 1058/1217/1087 1055/1213/1076
f 1285/1497/1086 1278/1487/1088 1056/1214/1089 1058/1217/1087
f 1287/1499/1079 1286/1498/1082 1059/1218/1085 1054/1212/1080
f 1279/1488/1074 1053/1210/1077 1057/1216/1084 1280/1490/1083
f 1277/1485/1078 1052/1209/1081 1056/1215/1089 1278/1486/1088
f 1266/1472/1090 1268/1474/1091 1065/1225/1092 1064/1224/1093
f 1262/1466/1094 1263/1468/1095 1062/1222/1096 1061/1221/1097
f 1261/1465/1098 1266/1472/1090 1064/1224/1093 1060/1219/1099
f 1268/1474/1091 1267/1473/1100 1067/1228/1101 1065/1225/1092
f 1263/1468/1095 1265/1471/1102 1063/1223/1103 1062/1222/1096
f 1262/1467/1094 1061/1220/1097 1067/1228/1101 1267/1473/1100
f 1261/1465/1098 1060/1219/1099 1066/1226/1104 1264/1470/1105
f 1209/1400/1106 1145/1313/1107 1069/1230/1108 1068/1229/1109
f 1212/1403/1110 1149/1318/1111 1074/1236/1112 1070/1231/1113
f 1213/1404/1114 1209/1400/1106 1068/1229/1109 1073/1235/1115
f 1101/1264/1116 1097/1260/1117 1080/1243/1118 1081/1244/1119
f 1265/1471/1102 1264/1469/1105 1066/1227/1104 1063/1223/1103
f 1100/1263/1120 1084/1247/1121 1085/1248/1122 1078/1241/1123
f 1195/1377/1124 1101/1264/1116 1081/1244/1119 1085/1248/1122
f 1193/1375/1125 1194/1376/1126 1083/1246/1127 1089/1252/1128
f 1084/1247/1121 1216/1407/1129 1087/1250/1130 1085/1248/1122
f 1103/1267/1131 1093/1256/1132 1076/1239/1133 1086/1249/1134
f 1099/1262/1135 1215/1406/1136 1090/1253/1137 1077/1240/1138
f 1097/1260/1117 1082/1245/1139 1083/1246/1127 1080/1243/1118
f 1194/1376/1126 1103/1267/1131 1086/1249/1134 1083/1246/1127
f 1082/1245/1139 1195/1377/1124 1085/1248/1122 1083/1246/1127
f 1215/1406/1136 1088/1251/1140 1089/1252/1128 1090/1253/1137
f 1093/1256/1132 1193/1375/1125 1089/1252/1128 1076/1239/1133
f 1216/1407/1129 1095/1258/1141 1079/1242/1142 1087/1250/1130
f 1079/1242/1142 1078/1241/1123 1562/1846/1143 1564/1848/1144
f 1093/1256/1132 1103/1267/1131 1194/1376/1126 1193/1375/1125
f 1094/1257/1145 1078/1241/1123 1085/1248/1122
f 1088/1251/1140 1092/1255/1146 1091/1254/1147 1089/1252/1128
f 1091/1254/1147 1077/1240/1138 1698/2018/1148 1700/2020/1149
f 1096/1259/1150 1076/1239/1133 1089/1252/1128
f 1086/1249/1134 1098/1261/1151 1083/1246/1127
f 1079/1242/1142 1155/1328/1152 1087/1250/1130
f 1091/1254/1147 1096/1259/1150 1089/1252/1128
f 1102/1266/1153 1077/1240/1138 1090/1253/1137 1154/1326/1154
f 1081/1244/1119 1080/1243/1118 1295/1507/1155 1293/1505/1156
f 1081/1244/1119 1094/1257/1145 1085/1248/1122
f 1118/1282/1157 1108/1272/1158 1107/1271/1159 1116/1280/1160
f 1110/1274/1073 1107/1271/1159 1108/1272/1158 1111/1275/1161
f 1098/1261/1151 1080/1243/1118 1083/1246/1127
f 1102/1265/1153 1154/1325/1154 1153/1324/1162
f 1682/2000/1163 1153/1324/1162 1120/1284/1164 1697/2017/1165
f 1116/1280/1160 1107/1271/1159 1109/1273/1068 1117/1281/1166
f 1121/1285/1167 1115/1279/1059 1113/1277/1168 1119/1283/1169
f 1116/1280/1160 1104/1268/1170 1106/1270/1171 1118/1282/1157
f 1112/1276/1064 1043/1200/1067 1110/1274/1073
f 1113/1277/1168 1110/1274/1073 1111/1275/1161 1114/1278/1172
f 1115/1279/1059 1161/1335/1058 1110/1274/1073 1113/1277/1168
f 1119/1283/1169 1113/1277/1168 1114/1278/1172 1120/1284/1164
f 1117/1281/1166 1105/1269/1173 1104/1268/1170 1116/1280/1160
f 1104/1268/1170 1105/1269/1173 1155/1327/1152 1106/1270/1171
f 1198/1380/1174 1156/1329/1175 1045/1202/1062 1173/1350/1061
f 1125/1289/1176 1122/1286/1177 1124/1288/1178 1126/1290/1179
f 1127/1291/1180 1123/1287/1056 1122/1286/1177 1125/1289/1176
f 1095/1258/1141 1100/1263/1120 1078/1241/1123 1079/1242/1142
f 1130/1294/1181 1213/1404/1114 1175/1352/1182 1176/1353/1183
f 1131/1295/1184 1163/1338/1185 1177/1354/1186 1219/1411/1187
f 1212/1403/1110 1192/1374/1188 1124/1288/1178 1174/1351/1189
f 1131/1295/1184 1130/1294/1181 1176/1353/1183 1163/1338/1185
f 1128/1292/1190 1129/1293/1191 1130/1294/1181 1131/1295/1184
f 1833/2189/1192 1114/1278/1172 1111/1275/1161 1835/2191/1193
f 1092/1255/1146 1099/1262/1135 1077/1240/1138 1091/1254/1147
f 1146/1314/1052 1071/1232/1055 1069/1230/1108 1145/1313/1107
f 1265/1471/1102 1074/1236/1112 1072/1233/1194 1264/1469/1105
f 1208/1398/1053 1212/1403/1110 1070/1231/1113 1075/1237/1054
f 1150/1320/1195 1213/1404/1114 1073/1235/1115 1072/1234/1194
f 1159/1333/1196 1219/1411/1187 1177/1354/1186 1144/1312/1197
f 1143/1311/1198 1164/1339/1199 1182/1363/1200 1196/1378/1201
f 1817/2171/1202 1138/1304/1203 1139/1306/1204 1818/2172/1205
f 1141/1308/1206 1150/1319/1195 1149/1318/1111 1140/1307/1207
f 1160/1334/1208 1132/1296/1209 1133/1297/1210 1159/1333/1196
f 1144/1312/1197 1167/1343/1211 1160/1334/1208 1159/1333/1196
f 1545/1827/1212 1134/1298/1213 1135/1300/1214 1546/1828/1215
f 1071/1232/1055 1267/1473/1100 1268/1474/1091 1069/1230/1108
f 1136/1301/1216 1820/2175/1217 1819/2173/1218 1137/1303/1219
f 1312/1526/1220 1136/1301/1216 1137/1303/1219 1311/1525/1221
f 1048/1205/1072 1127/1291/1180 1164/1339/1199 1044/1201/1060
f 1074/1236/1112 1149/1318/1111 1150/1319/1195 1072/1233/1194
f 1138/1304/1203 1684/2003/1222 1683/2001/1223 1139/1306/1204
f 1158/1331/1224 1147/1315/1225 1148/1317/1226 1142/1310/1227
f 1134/1298/1213 1309/1523/1228 1310/1524/1229 1135/1300/1214
f 1200/1382/1230 1177/1354/1186 1163/1338/1185 1165/1340/1231
f 1110/1274/1073 1043/1200/1067 1109/1273/1068 1107/1271/1159
f 1198/1380/1174 1217/1408/1232 1157/1330/1233 1156/1329/1175
f 1153/1324/1162 1682/2000/1163 1681/1999/1234 1102/1265/1153
f 1162/1336/1235 1167/1343/1211 1144/1312/1197 1218/1410/1236
f 1132/1296/1209 1146/1314/1052 1145/1313/1107 1133/1297/1210
f 1171/1347/1237 1182/1363/1200 1164/1339/1199 1126/1290/1179
f 1155/1327/1152 1548/1831/1238 1547/1829/1239 1106/1270/1171
f 1172/1348/1240 1160/1334/1208 1167/1343/1211 1162/1336/1235
f 1217/1408/1232 1158/1331/1224 1142/1310/1227 1157/1330/1233
f 1147/1315/1225 1152/1322/1241 1151/1321/1242 1148/1317/1226
f 1140/1307/1207 1153/1324/1162 1154/1325/1154 1141/1308/1206
f 1119/1283/1169 1120/1284/1164 1153/1324/1162 1121/1285/1167
f 1173/1350/1061 1044/1201/1060 1164/1339/1199 1143/1311/1198
f 1170/1346/1243 1833/2189/1192 1818/2172/1205 1139/1306/1204
f 1185/1367/1244 1197/1379/1245 1165/1340/1231 1184/1366/1246
f 1187/1369/1247 1047/1204/1071 1045/1202/1062 1156/1329/1175
f 1294/1506/1248 1168/1344/1249 1135/1300/1214 1310/1524/1229
f 1075/1237/1054 1070/1231/1113 1263/1468/1095 1262/1466/1094
f 1185/1367/1244 1186/1368/1250 1199/1381/1251 1197/1379/1245
f 1199/1381/1251 1200/1382/1230 1165/1340/1231 1197/1379/1245
f 1179/1357/1252 1133/1297/1210 1145/1313/1107 1209/1400/1106
f 1155/1328/1152 1079/1242/1142 1564/1848/1144 1548/1830/1238
f 1071/1232/1055 1075/1238/1054 1262/1467/1094 1267/1473/1100
f 1125/1289/1176 1126/1290/1179 1164/1339/1199 1127/1291/1180
f 1117/1281/1166 1211/1402/1253 1151/1321/1242 1105/1269/1173
f 1699/2019/1254 1170/1346/1243 1139/1306/1204 1683/2001/1223
f 1219/1411/1187 1159/1333/1196 1133/1297/1210 1179/1357/1252
f 1124/1288/1178 1122/1286/1177 1123/1287/1056 1115/1279/1059
f 1196/1378/1201 1172/1349/1240 1162/1337/1235 1143/1311/1198
f 1684/2002/1222 1138/1305/1203 1096/1259/1150 1091/1254/1147 1700/2020/1149
f 1834/2190/1255 1836/2192/1256 1086/1249/1134 1076/1239/1133
f 1177/1354/1186 1205/1393/904 1202/1387/896 1144/1312/1197
f 1143/1311/1198 1162/1337/1235 1218/1409/1236 1173/1350/1061
f 1188/1370/1257 1089/1252/1128 1083/1246/1127 1189/1371/1258
f 1185/1367/1244 1189/1371/1258 1190/1372/1259 1186/1368/1250
f 1220/1412/1260 1199/1381/1251 1186/1368/1250 1210/1401/1261
f 1189/1371/1258 1083/1246/1127 1085/1248/1122 1190/1372/1259
f 1072/1234/1194 1073/1235/1115 1261/1465/1098 1264/1470/1105
f 1209/1400/1106 1213/1404/1114 1130/1294/1181 1129/1293/1191
f 1219/1411/1187 1179/1357/1252 1128/1292/1190 1131/1295/1184
f 1218/1409/1236 1204/1391/895 1178/1356/900 1173/1350/1061
f 1215/1406/1136 1099/1262/1135 1092/1255/1146 1088/1251/1140
f 1177/1354/1186 1200/1382/1230 1183/1364/907 1205/1393/904
f 1184/1366/1246 1188/1370/1257 1189/1371/1258 1185/1367/1244
f 1160/1334/1208 1172/1348/1240 1166/1341/1262 1132/1296/1209
f 1175/1352/1182 1090/1253/1137 1089/1252/1128 1188/1370/1257
f 1179/1357/1252 1209/1400/1106 1129/1293/1191 1128/1292/1190
f 1166/1342/1262 1182/1363/1200 1171/1347/1237 1208/1398/1053
f 1176/1353/1183 1175/1352/1182 1188/1370/1257 1184/1366/1246
f 1296/1508/1263 1169/1345/1264 1835/2191/1193 1111/1275/1161
f 1208/1398/1053 1171/1347/1237 1192/1374/1188 1212/1403/1110
f 1174/1351/1189 1124/1288/1178 1115/1279/1059 1121/1285/1167
f 1192/1374/1188 1171/1347/1237 1126/1290/1179 1124/1288/1178
f 1120/1284/1164 1114/1278/1172 1699/2019/1254 1697/2017/1165
f 1111/1275/1161 1108/1272/1158 1294/1506/1248 1296/1508/1263
f 1134/1299/1213 1545/1826/1212 1562/1846/1143 1078/1241/1123 1094/1257/1145
f 1153/1324/1162 1140/1307/1207 1174/1351/1189 1121/1285/1167
f 1127/1291/1180 1048/1205/1072 1051/1208/1057 1123/1287/1056
f 1152/1322/1241 1155/1327/1152 1105/1269/1173 1151/1321/1242
f 1561/1845/1265 1168/1344/1249 1294/1506/1248 1108/1272/1158
f 1169/1345/1264 1296/1508/1263 1311/1525/1221 1137/1303/1219
f 1070/1231/1113 1074/1236/1112 1265/1471/1102 1263/1468/1095
f 1118/1282/1157 1106/1270/1171 1547/1829/1239 1563/1847/1266
f 1217/1408/1232 1203/1389/892 1201/1384/890 1158/1331/1224
f 1152/1323/1241 1147/1316/1225 1210/1401/1261 1214/1405/1267
f 1698/2018/1148 1077/1240/1138 1102/1266/1153 1681/1998/1234
f 1200/1382/1230 1199/1381/1251 1181/1362/903 1183/1364/907
f 1144/1312/1197 1202/1387/896 1204/1392/895 1218/1410/1236
f 1168/1344/1249 1561/1845/1265 1546/1828/1215 1135/1300/1214
f 1132/1296/1209 1166/1341/1262 1208/1399/1053 1146/1314/1052
f 1073/1235/1115 1068/1229/1109 1266/1472/1090 1261/1465/1098
f 1136/1302/1216 1312/1527/1220 1295/1507/1155 1080/1243/1118 1098/1261/1151
f 1158/1332/1224 1220/1412/1260 1210/1401/1261 1147/1316/1225
f 1186/1368/1250 1190/1372/1259 1214/1405/1267 1210/1401/1261
f 1213/1404/1114 1150/1320/1195 1141/1309/1206 1175/1352/1182
f 1114/1278/1172 1833/2189/1192 1170/1346/1243 1699/2019/1254
f 1198/1380/1174 1180/1360/899 1203/1389/892 1217/1408/1232
f 1190/1372/1259 1085/1248/1122 1087/1250/1130 1214/1405/1267
f 1108/1272/1158 1118/1282/1157 1563/1847/1266 1561/1845/1265
f 1187/1369/1247 1207/1397/1268 1211/1402/1253 1191/1373/1069
f 1199/1381/1251 1220/1412/1260 1206/1396/889 1181/1362/903
f 1157/1330/1233 1142/1310/1227 1148/1317/1226 1207/1397/1268
f 1211/1402/1253 1207/1397/1268 1148/1317/1226 1151/1321/1242
f 1156/1329/1175 1157/1330/1233 1207/1397/1268 1187/1369/1247
f 1084/1247/1121 1100/1263/1120 1095/1258/1141 1216/1407/1129
f 1068/1229/1109 1069/1230/1108 1268/1474/1091 1266/1472/1090
f 1191/1373/1069 1211/1402/1253 1117/1281/1166 1109/1273/1068
f 1090/1253/1137 1175/1352/1182 1141/1309/1206 1154/1326/1154
f 1230/1423/1269 1233/1429/1270 1226/1418/1271 1224/1416/1272
f 1281/1491/1273 1234/1432/1274 1235/1434/1275 1283/1494/1276
f 1234/1431/1274 1230/1423/1269 1224/1416/1272 1227/1419/1277
f 1229/1421/1278 1235/1433/1275 1228/1420/1279 1223/1415/1280
f 1233/1429/1270 1232/1427/1281 1221/1413/1282 1226/1418/1271
f 1155/1328/1152 1152/1323/1241 1214/1405/1267 1087/1250/1130
f 1165/1340/1231 1163/1338/1185 1176/1353/1183 1184/1366/1246
f 1234/1431/1274 1227/1419/1277 1228/1420/1279 1235/1433/1275
f 1238/1438/1283 1283/1494/1276 1235/1434/1275 1229/1422/1278
f 1232/1427/1281 1231/1425/1284 1225/1417/1285 1221/1413/1282
f 1237/1437/1286 1271/1478/1287 1233/1430/1270 1230/1424/1269
f 1236/1435/1288 1229/1421/1278 1223/1415/1280 1222/1414/1289
f 1158/1332/1224 1201/1385/890 1206/1396/889 1220/1412/1260
f 1231/1425/1284 1236/1435/1288 1222/1414/1289 1225/1417/1285
f 1082/1245/1139 1097/1260/1117 1101/1264/1116 1195/1377/1124
f 1820/2174/1217 1136/1302/1216 1098/1261/1151 1086/1249/1134 1836/2192/1256
f 1226/1418/1271 1221/1413/1282 1274/1482/1290 1249/1451/1291
f 1224/1416/1272 1226/1418/1271 1249/1451/1291 1240/1441/1292
f 1138/1305/1203 1817/2170/1202 1834/2190/1255 1076/1239/1133 1096/1259/1150
f 1225/1417/1285 1222/1414/1289 1252/1454/1293 1275/1483/1294
f 1221/1413/1282 1225/1417/1285 1275/1483/1294 1274/1482/1290
f 1290/1502/1295 1289/1501/1296 1281/1491/1273 1283/1494/1276
f 1309/1522/1228 1134/1299/1213 1094/1257/1145 1081/1244/1119 1293/1505/1156
f 1172/1349/1240 1196/1378/1201 1182/1363/1200 1166/1342/1262
f 1149/1318/1111 1212/1403/1110 1174/1351/1189 1140/1307/1207
f 1223/1415/1280 1228/1420/1279 1251/1453/1297 1243/1444/1298
f 1835/2191/1193 1169/1345/1264 1137/1303/1219 1819/2173/1218
f 1178/1356/900 1180/1360/899 1198/1380/1174 1173/1350/1061
f 1047/1204/1071 1187/1369/1247 1191/1373/1069 1050/1207/1066
f 1377/1606/1299 1374/1602/1300 1328/1546/1301 1325/1543/1302
f 1253/1455/1303 1252/1454/1293 1269/1475/1304 1257/1461/1305
f 1282/1492/1306 1292/1504/1307 1291/1503/1308 1284/1496/1309
f 1311/1525/1221 1302/1515/1310 1318/1533/1311 1312/1526/1220
f 1400/1639/1312 1401/1641/1313 1412/1656/1314 1407/1651/1315
f 1348/1566/1316 1334/1552/1317 1335/1553/1318 1350/1570/1319
f 1060/1219/1099 1277/1485/1078 1278/1486/1088 1066/1226/1104
f 1251/1453/1297 1250/1452/1320 1282/1493/1306 1284/1495/1309
f 1063/1223/1103 1066/1227/1104 1278/1487/1088 1285/1497/1086
f 1254/1456/1321 1272/1480/1322 1249/1451/1291 1258/1462/1323
f 1061/1220/1097 1279/1488/1074 1280/1490/1083 1067/1228/1101
f 1243/1444/1298 1251/1453/1297 1284/1495/1309 1239/1439/1324
f 1311/1525/1221 1296/1508/1263 1317/1532/1325 1302/1515/1310
f 1227/1419/1277 1250/1452/1320 1251/1453/1297 1228/1420/1279
f 1354/1578/1326 1337/1555/1327 1338/1556/1328 1356/1580/1329
f 1316/1531/1330 1396/1632/1331 1403/1646/1332 1399/1637/1333
f 1330/1548/1334 1385/1619/1335 1401/1642/1313 1400/1640/1312
f 1389/1623/1336 1315/1530/1337 1383/1615/1338 1393/1628/1339
f 1365/1591/1340 1366/1593/1341 1321/1537/1342 1307/1520/1343
f 1411/1655/1344 1410/1654/1345 1390/1625/1346 1381/1611/1347
f 1378/1607/1348 1373/1601/1349 1327/1545/1350 1326/1544/1351
f 1371/1598/1352 1322/1539/1353 1321/1538/1342 1366/1592/1341
f 1379/1608/1354 1329/1547/1355 1384/1617/1356 1375/1603/1357
f 1315/1530/1337 1297/1509/1358 1298/1510/1359 1313/1528/1360
f 1371/1598/1352 1370/1597/1361 1305/1518/1362 1322/1539/1353
f 1346/1564/1363 1425/1671/1364 1427/1674/1365 1348/1567/1316
f 1053/1210/1077 1254/1456/1321 1258/1462/1323 1057/1216/1084
f 1307/1520/1343 1321/1537/1342 1375/1604/1357 1373/1601/1349
f 1301/1513/1366 1320/1536/1367 1360/1585/1368 1359/1584/1369
f 1424/1670/1370 1423/1669/1371 1368/1595/1372 1370/1597/1361
f 1322/1539/1353 1379/1608/1354 1375/1603/1357 1321/1538/1342
f 1406/1650/1373 1383/1616/1338 1382/1614/1374 1405/1649/1375
f 1381/1612/1347 1390/1624/1346 1394/1630/1376 1332/1550/1377
f 1328/1546/1301 1332/1550/1377 1394/1630/1376 1392/1627/1378
f 1395/1631/1379 1388/1622/1380 1299/1511/1381 1314/1529/1382
f 1412/1656/1314 1408/1652/1383 1326/1544/1351 1327/1545/1350
f 1305/1518/1362 1308/1521/1384 1374/1602/1300 1377/1606/1299
f 1382/1613/1374 1383/1615/1338 1315/1530/1337 1313/1528/1360
f 1399/1638/1333 1403/1645/1332 1409/1653/1385 1406/1650/1373
f 1403/1645/1332 1400/1639/1312 1407/1651/1315 1409/1653/1385
f 1404/1648/1386 1398/1635/1387 1405/1649/1375 1410/1654/1345
f 1337/1555/1327 1354/1578/1326 1428/1676/1388 1423/1669/1371
f 1406/1650/1373 1409/1653/1385 1393/1629/1339 1383/1616/1338
f 1419/1665/1389 1420/1666/1390 1355/1579/1391 1336/1554/1392
f 1402/1643/1393 1397/1634/1394 1411/1655/1344 1408/1652/1383
f 1316/1531/1330 1399/1637/1333 1398/1636/1387 1314/1529/1382
f 1329/1547/1355 1325/1543/1302 1387/1621/1395 1389/1623/1336
f 1361/1586/1396 1362/1587/1397 1418/1663/1398 1417/1662/1399
f 1324/1541/1400 1306/1519/1401 1378/1607/1348 1380/1609/1402
f 1390/1624/1346 1382/1613/1374 1313/1528/1360 1394/1630/1376
f 1417/1662/1399 1418/1663/1398 1349/1568/1403 1333/1551/1404
f 1392/1627/1378 1394/1630/1376 1313/1528/1360 1298/1510/1359
f 1245/1447/1405 1242/1443/1406 1289/1501/1296 1290/1502/1295
f 1242/1443/1406 1237/1437/1286 1281/1491/1273 1289/1501/1296
f 1253/1455/1303 1255/1458/1407 1275/1483/1294 1252/1454/1293
f 1259/1463/1408 1257/1460/1305 1269/1476/1304 1273/1481/1409
f 1052/1209/1081 1054/1212/1080 1255/1458/1407 1253/1455/1303
f 1059/1218/1085 1057/1216/1084 1258/1462/1323 1260/1464/1410
f 1058/1217/1087 1056/1214/1089 1257/1460/1305 1259/1463/1408
f 1414/1659/1411 1413/1657/1412 1343/1561/1413 1351/1573/1414
f 1065/1225/1092 1067/1228/1101 1280/1490/1083 1286/1498/1082
f 1246/1448/1415 1241/1442/1416 1291/1503/1308 1292/1504/1307
f 1414/1658/1411 1351/1572/1414 1355/1579/1391 1420/1666/1390
f 1241/1442/1416 1239/1440/1324 1284/1496/1309 1291/1503/1308
f 1238/1438/1283 1245/1447/1405 1290/1502/1295 1283/1494/1276
f 1244/1445/1417 1246/1448/1415 1292/1504/1307 1282/1492/1306
f 1062/1222/1096 1063/1223/1103 1285/1497/1086 1288/1500/1075
f 1373/1601/1349 1375/1604/1357 1384/1618/1356 1327/1545/1350
f 1341/1559/1418 1347/1565/1419 1345/1563/1420 1340/1558/1421
f 1353/1576/1422 1356/1580/1329 1355/1579/1391 1351/1572/1414
f 1379/1608/1354 1377/1606/1299 1325/1543/1302 1329/1547/1355
f 1309/1522/1228 1293/1505/1156 1320/1536/1367 1301/1513/1366
f 1347/1565/1419 1350/1571/1319 1349/1569/1403 1345/1563/1420
f 1338/1556/1328 1341/1559/1418 1340/1558/1421 1336/1554/1392
f 1295/1507/1155 1312/1527/1220 1318/1534/1311 1319/1535/1423
f 1061/1221/1097 1062/1222/1096 1288/1500/1075 1279/1489/1074
f 1334/1552/1317 1342/1560/1424 1344/1562/1425 1335/1553/1318
f 1350/1570/1319 1335/1553/1318 1333/1551/1404 1349/1568/1403
f 1060/1219/1099 1064/1224/1093 1287/1499/1079 1277/1485/1078
f 1352/1574/1426 1354/1578/1326 1356/1580/1329 1353/1576/1422
f 1064/1224/1093 1065/1225/1092 1286/1498/1082 1287/1499/1079
f 1372/1600/1427 1367/1594/1428 1306/1519/1401 1324/1541/1400
f 1367/1594/1428 1365/1591/1340 1307/1520/1343 1306/1519/1401
f 1244/1446/1417 1282/1493/1306 1250/1452/1320 1240/1441/1292
f 1339/1557/1429 1346/1564/1363 1347/1565/1419 1341/1559/1418
f 1296/1508/1263 1294/1506/1248 1304/1517/1430 1317/1532/1325
f 1391/1626/1431 1396/1632/1331 1316/1531/1330 1300/1512/1432
f 1426/1672/1433 1372/1599/1427 1369/1596/1434 1428/1676/1388
f 1425/1671/1364 1371/1598/1352 1366/1592/1341 1427/1674/1365
f 1302/1515/1310 1357/1581/1435 1362/1588/1397 1318/1533/1311
f 1335/1553/1318 1344/1562/1425 1343/1561/1413 1333/1551/1404
f 1388/1622/1380 1391/1626/1431 1300/1512/1432 1299/1511/1381
f 1423/1669/1371 1428/1676/1388 1369/1596/1434 1368/1595/1372
f 1410/1654/1345 1405/1649/1375 1382/1614/1374 1390/1625/1346
f 1317/1532/1325 1304/1517/1430 1363/1589/1436 1358/1582/1437
f 1389/1623/1336 1387/1621/1395 1297/1509/1358 1315/1530/1337
f 1422/1668/1438 1421/1667/1439 1365/1591/1340 1367/1594/1428
f 1304/1517/1430 1303/1516/1440 1364/1590/1441 1363/1589/1436
f 1386/1620/1442 1385/1619/1335 1391/1626/1431 1388/1622/1380
f 1368/1595/1372 1369/1596/1434 1323/1540/1443 1308/1521/1384
f 1293/1505/1156 1295/1507/1155 1319/1535/1423 1320/1536/1367
f 1421/1667/1439 1427/1675/1365 1366/1593/1341 1365/1591/1340
f 1387/1621/1395 1392/1627/1378 1298/1510/1359 1297/1509/1358
f 1306/1519/1401 1307/1520/1343 1373/1601/1349 1378/1607/1348
f 1324/1542/1400 1380/1610/1402 1376/1605/1444 1323/1540/1443
f 1374/1602/1300 1376/1605/1444 1332/1550/1377 1328/1546/1301
f 1372/1599/1427 1324/1542/1400 1323/1540/1443 1369/1596/1434
f 1299/1511/1381 1300/1512/1432 1316/1531/1330 1314/1529/1382
f 1426/1673/1433 1422/1668/1438 1367/1594/1428 1372/1600/1427
f 1322/1539/1353 1305/1518/1362 1377/1606/1299 1379/1608/1354
f 1302/1515/1310 1317/1532/1325 1358/1582/1437 1357/1581/1435
f 1380/1609/1402 1378/1607/1348 1326/1544/1351 1381/1611/1347
f 1352/1574/1426 1426/1672/1433 1428/1676/1388 1354/1578/1326
f 1425/1671/1364 1424/1670/1370 1370/1597/1361 1371/1598/1352
f 1308/1521/1384 1323/1540/1443 1376/1605/1444 1374/1602/1300
f 1344/1562/1425 1353/1577/1422 1351/1573/1414 1343/1561/1413
f 1301/1514/1366 1359/1583/1369 1364/1590/1441 1303/1516/1440
f 1334/1552/1317 1348/1566/1316 1427/1675/1365 1421/1667/1439
f 1356/1580/1329 1338/1556/1328 1336/1554/1392 1355/1579/1391
f 1352/1575/1426 1342/1560/1424 1422/1668/1438 1426/1673/1433
f 1319/1535/1423 1318/1534/1311 1362/1587/1397 1361/1586/1396
f 1401/1641/1313 1402/1643/1393 1408/1652/1383 1412/1656/1314
f 1399/1638/1333 1406/1650/1373 1405/1649/1375 1398/1635/1387
f 1408/1652/1383 1411/1655/1344 1381/1611/1347 1326/1544/1351
f 1416/1661/1445 1415/1660/1446 1340/1558/1421 1345/1563/1420
f 1359/1583/1369 1414/1658/1411 1420/1666/1390 1364/1590/1441
f 1396/1632/1331 1330/1548/1334 1400/1640/1312 1403/1646/1332
f 1415/1660/1446 1419/1665/1389 1336/1554/1392 1340/1558/1421
f 1416/1661/1445 1345/1563/1420 1349/1569/1403 1418/1664/1398
f 1360/1585/1368 1361/1586/1396 1417/1662/1399 1413/1657/1412
f 1339/1557/1429 1337/1555/1327 1423/1669/1371 1424/1670/1370
f 1555/1838/1447 1540/1821/1448 1499/1771/1449 1500/1772/1450
f 1363/1589/1436 1364/1590/1441 1420/1666/1390 1419/1665/1389
f 1516/1794/1451 1510/1788/1452 1512/1790/1453 1517/1795/1454
f 1442/1693/1455 1438/1688/1456 1521/1799/1457 1517/1795/1454
f 1507/1782/1458 1522/1800/1459 1524/1802/1460 1508/1784/1461
f 1450/1702/1462 1445/1697/1463 1530/1808/1464 1473/1735/1465
f 1358/1582/1437 1363/1589/1436 1419/1665/1389 1415/1660/1446
f 1357/1581/1435 1358/1582/1437 1415/1660/1446 1416/1661/1445
f 1386/1620/1442 1331/1549/1466 1397/1633/1394 1402/1644/1393
f 1331/1549/1466 1395/1631/1379 1404/1647/1386 1397/1633/1394
f 1346/1564/1363 1339/1557/1429 1424/1670/1370 1425/1671/1364
f 1357/1581/1435 1416/1661/1445 1418/1664/1398 1362/1588/1397
f 1448/1700/1467 1450/1702/1462 1473/1735/1465 1464/1725/1468
f 1505/1778/1469 1515/1793/1470 1435/1685/1471 1431/1680/1472
f 1505/1779/1469 1431/1681/1472 1429/1677/1473 1503/1775/1474
f 1537/1817/1475 1538/1818/1476 1496/1767/1477 1497/1768/1478
f 1528/1806/1479 1468/1730/1480 1464/1724/1468 1473/1736/1465
f 1443/1694/1481 1506/1780/1482 1502/1774/1483 1437/1687/1484
f 1432/1682/1485 1486/1755/1486 1491/1761/1487 1430/1679/1488
f 1546/1828/1215 1561/1845/1265 1540/1821/1448 1555/1838/1447
f 1500/1772/1450 1499/1771/1449 1442/1693/1455 1441/1692/1489
f 1515/1793/1470 1523/1801/1490 1436/1686/1491 1435/1685/1471
f 1471/1733/1492 1526/1804/1493 1460/1719/1494 1455/1710/1495
f 1441/1692/1489 1442/1693/1455 1517/1795/1454 1512/1790/1453
f 1468/1730/1480 1542/1823/1496 1474/1737/1497 1464/1724/1468
f 1510/1788/1452 1507/1783/1458 1508/1785/1461 1512/1790/1453
f 1407/1651/1315 1412/1656/1314 1327/1545/1350 1384/1618/1356
f 1433/1683/1498 1434/1684/1499 1489/1758/1500 1487/1756/1501
f 1494/1764/1502 1493/1763/1503 1437/1687/1484 1438/1688/1456
f 1440/1691/1504 1439/1690/1505 1508/1784/1461 1524/1802/1460
f 1526/1804/1493 1471/1733/1492 1469/1731/1506 1462/1722/1507
f 1553/1836/1508 1554/1837/1509 1493/1763/1503 1494/1764/1502
f 1467/1728/1510 1475/1739/1511 1544/1825/1512 1463/1723/1513
f 1498/1770/1514 1443/1694/1481 1437/1687/1484 1493/1763/1503
f 1438/1688/1456 1437/1687/1484 1502/1774/1483 1521/1799/1457
f 1532/1810/1515 1529/1807/1516 1465/1726/1517 1470/1732/1518
f 1451/1703/1519 1474/1738/1497 1475/1740/1511 1452/1704/1520
f 1564/1848/1144 1562/1846/1143 1538/1818/1476 1537/1817/1475
f 1515/1793/1470 1505/1778/1469 1504/1777/1521 1513/1791/1522
f 1490/1759/1523 1492/1762/1524 1550/1833/1525 1551/1834/1526
f 1505/1779/1469 1503/1775/1474 1501/1773/1527 1504/1776/1521
f 1562/1846/1143 1545/1826/1212 1539/1819/1528 1538/1818/1476
f 1497/1768/1478 1496/1767/1477 1440/1691/1504 1444/1696/1529
f 1469/1731/1506 1466/1727/1530 1557/1841/1531 1558/1842/1532
f 1509/1786/1533 1523/1801/1490 1522/1800/1459 1507/1782/1458
f 1444/1696/1529 1440/1691/1504 1524/1802/1460 1514/1792/1534
f 1472/1734/1535 1527/1805/1536 1461/1721/1537 1466/1727/1530
f 1471/1733/1492 1472/1734/1535 1466/1727/1530 1469/1731/1506
f 1535/1814/1538 1478/1745/1539 1482/1750/1540 1536/1816/1541
f 1485/1753/1542 1490/1759/1523 1551/1834/1526 1533/1811/1543
f 1542/1823/1496 1560/1844/1544 1559/1843/1545 1544/1825/1512
f 1476/1741/1546 1467/1728/1510 1463/1723/1513 1525/1803/1547
f 1395/1631/1379 1314/1529/1382 1398/1636/1387 1404/1647/1386
f 1558/1842/1532 1557/1841/1531 1541/1822/1548 1543/1824/1549
f 1413/1657/1412 1417/1662/1399 1333/1551/1404 1343/1561/1413
f 1397/1634/1394 1404/1648/1386 1410/1654/1345 1411/1655/1344
f 1320/1536/1367 1319/1535/1423 1361/1586/1396 1360/1585/1368
f 1337/1555/1327 1339/1557/1429 1341/1559/1418 1338/1556/1328
f 1325/1543/1302 1328/1546/1301 1392/1627/1378 1387/1621/1395
f 1470/1732/1518 1465/1726/1517 1559/1843/1545 1560/1844/1544
f 1370/1597/1361 1368/1595/1372 1308/1521/1384 1305/1518/1362
f 1385/1619/1335 1386/1620/1442 1402/1644/1393 1401/1642/1313
f 1498/1769/1514 1497/1768/1478 1444/1696/1529 1443/1695/1481
f 1342/1560/1424 1334/1552/1317 1421/1667/1439 1422/1668/1438
f 1561/1845/1265 1563/1847/1266 1553/1836/1508 1540/1821/1448
f 1548/1830/1238 1564/1848/1144 1537/1817/1475 1556/1839/1550
f 1346/1564/1363 1348/1567/1316 1350/1571/1319 1347/1565/1419
f 1461/1721/1537 1527/1805/1536 1457/1714/1551 1454/1707/1552
f 1501/1773/1527 1519/1797/1553 1521/1799/1457 1502/1774/1483
f 1520/1798/1554 1503/1775/1474 1429/1677/1473 1434/1684/1499
f 1492/1762/1524 1491/1760/1487 1536/1815/1541 1550/1833/1525
f 1555/1838/1447 1500/1772/1450 1495/1765/1555 1539/1820/1528
f 1454/1708/1552 1457/1713/1551 1450/1702/1462 1448/1700/1467
f 1541/1822/1548 1458/1715/1556 1459/1717/1557 1543/1824/1549
f 1456/1711/1558 1455/1709/1495 1449/1701/1559 1445/1697/1463
f 1484/1752/1560 1482/1749/1540 1473/1735/1465 1530/1808/1464
f 1431/1680/1472 1435/1685/1471 1490/1759/1523 1485/1753/1542
f 1432/1682/1485 1433/1683/1498 1487/1756/1501 1486/1755/1486
f 1538/1818/1476 1539/1819/1528 1495/1766/1555 1496/1767/1477
f 1549/1832/1561 1534/1813/1562 1481/1748/1563 1483/1751/1564
f 1518/1796/1565 1520/1798/1554 1434/1684/1499 1433/1683/1498
f 1435/1685/1471 1436/1686/1491 1492/1762/1524 1490/1759/1523
f 1500/1772/1450 1441/1692/1489 1439/1689/1505 1495/1765/1555
f 1359/1584/1369 1360/1585/1368 1413/1657/1412 1414/1659/1411
f 1528/1806/1479 1532/1810/1515 1470/1732/1518 1468/1730/1480
f 1453/1706/1566 1459/1718/1557 1452/1704/1520 1447/1699/1567
f 1445/1697/1463 1449/1701/1559 1531/1809/1568 1530/1808/1464
f 1511/1789/1569 1518/1796/1565 1433/1683/1498 1432/1682/1485
f 1475/1739/1511 1474/1737/1497 1542/1823/1496 1544/1825/1512
f 1441/1692/1489 1512/1790/1453 1508/1785/1461 1439/1689/1505
f 1496/1767/1477 1495/1766/1555 1439/1690/1505 1440/1691/1504
f 1550/1833/1525 1536/1815/1541 1482/1749/1540 1484/1752/1560
f 1541/1822/1548 1461/1721/1537 1454/1707/1552 1458/1715/1556
f 1480/1747/1570 1483/1751/1564 1529/1807/1516 1532/1810/1515
f 1457/1713/1551 1456/1711/1558 1445/1697/1463 1450/1702/1462
f 1455/1709/1495 1460/1720/1494 1446/1698/1571 1449/1701/1559
f 1458/1716/1556 1454/1708/1552 1448/1700/1467 1451/1703/1519
f 1485/1754/1542 1533/1812/1543 1534/1813/1562 1488/1757/1572
f 1449/1701/1559 1446/1698/1571 1476/1742/1546 1531/1809/1568
f 1552/1835/1573 1549/1832/1561 1483/1751/1564 1480/1747/1570
f 1487/1756/1501 1489/1758/1500 1549/1832/1561 1552/1835/1573
f 1526/1804/1493 1462/1722/1507 1453/1705/1566 1460/1719/1494
f 1499/1771/1449 1494/1764/1502 1438/1688/1456 1442/1693/1455
f 1551/1834/1526 1550/1833/1525 1484/1752/1560 1479/1746/1574
f 1527/1805/1536 1472/1734/1535 1456/1712/1558 1457/1714/1551
f 1472/1734/1535 1471/1733/1492 1455/1710/1495 1456/1712/1558
f 1462/1722/1507 1543/1824/1549 1459/1717/1557 1453/1705/1566
f 1533/1811/1543 1551/1834/1526 1479/1746/1574 1477/1744/1575
f 1436/1686/1491 1430/1678/1488 1491/1760/1487 1492/1762/1524
f 1465/1726/1517 1463/1723/1513 1544/1825/1512 1559/1843/1545
f 1518/1796/1565 1511/1789/1569 1510/1788/1452 1516/1794/1451
f 1504/1776/1521 1501/1773/1527 1502/1774/1483 1506/1780/1482
f 1451/1703/1519 1448/1700/1467 1464/1725/1468 1474/1738/1497
f 1434/1684/1499 1429/1677/1473 1488/1757/1572 1489/1758/1500
f 1533/1812/1543 1477/1743/1575 1481/1748/1563 1534/1813/1562
f 1447/1699/1567 1452/1704/1520 1475/1740/1511 1467/1729/1510
f 1478/1745/1539 1480/1747/1570 1532/1810/1515 1528/1806/1479
f 1523/1801/1490 1509/1786/1533 1430/1678/1488 1436/1686/1491
f 1535/1814/1538 1552/1835/1573 1480/1747/1570 1478/1745/1539
f 1511/1789/1569 1432/1682/1485 1430/1679/1488 1509/1787/1533
f 1546/1828/1215 1555/1838/1447 1539/1820/1528 1545/1827/1212
f 1513/1791/1522 1504/1777/1521 1506/1781/1482 1514/1792/1534
f 1519/1797/1553 1516/1794/1451 1517/1795/1454 1521/1799/1457
f 1548/1831/1238 1556/1840/1550 1554/1837/1509 1547/1829/1239
f 1489/1758/1500 1488/1757/1572 1534/1813/1562 1549/1832/1561
f 1523/1801/1490 1515/1793/1470 1513/1791/1522 1522/1800/1459
f 1520/1798/1554 1518/1796/1565 1516/1794/1451 1519/1797/1553
f 1462/1722/1507 1469/1731/1506 1558/1842/1532 1543/1824/1549
f 1486/1755/1486 1487/1756/1501 1552/1835/1573 1535/1814/1538
f 1443/1695/1481 1444/1696/1529 1514/1792/1534 1506/1781/1482
f 1446/1698/1571 1447/1699/1567 1467/1729/1510 1476/1742/1546
f 1654/1968/1576 1656/1970/1577 1570/1856/1578 1569/1855/1579
f 1478/1745/1539 1528/1806/1479 1473/1736/1465 1482/1750/1540
f 1671/1986/1580 1614/1917/1581 1618/1922/1582 1672/1988/1583
f 1578/1865/1584 1574/1860/1585 1657/1971/1586 1653/1967/1587
f 1570/1856/1578 1565/1849/1588 1624/1929/1589 1625/1930/1590
f 1621/1925/1591 1669/1983/1592 1670/1985/1593 1624/1929/1589
f 1567/1852/1594 1571/1857/1595 1626/1931/1596 1621/1926/1591
f 1669/1983/1592 1613/1916/1597 1617/1920/1598 1670/1985/1593
f 1586/1874/1599 1581/1869/1600 1666/1980/1601 1609/1908/1602
f 1697/2017/1165 1699/2019/1254 1689/2008/1603 1676/1993/1604
f 1685/2004/1605 1670/1985/1593 1617/1920/1598 1619/1923/1606
f 1668/1982/1607 1665/1979/1608 1601/1898/1609 1606/1904/1610
f 1636/1944/1611 1635/1943/1612 1578/1865/1584 1577/1864/1613
f 1563/1847/1266 1547/1829/1239 1554/1837/1509 1553/1836/1508
f 1659/1973/1614 1645/1958/1615 1566/1851/1616 1572/1858/1617
f 1628/1934/1618 1627/1932/1619 1672/1987/1583 1686/2005/1620
f 1647/1961/1621 1654/1968/1576 1569/1855/1579 1568/1854/1622
f 1640/1948/1623 1637/1945/1624 1638/1946/1625 1642/1952/1626
f 1577/1864/1613 1648/1962/1627 1644/1956/1628 1575/1861/1629
f 1698/2018/1148 1681/1998/1234 1675/1991/1630 1674/1990/1631
f 1619/1923/1606 1617/1920/1598 1661/1975/1632 1665/1979/1608
f 1665/1979/1608 1661/1975/1632 1599/1895/1633 1601/1898/1609
f 1579/1866/1634 1642/1952/1626 1638/1946/1625 1573/1859/1635
f 1589/1877/1636 1595/1889/1637 1588/1876/1638 1583/1871/1639
f 1466/1727/1530 1461/1721/1537 1541/1822/1548 1557/1841/1531
f 1592/1883/1640 1591/1881/1641 1585/1873/1642 1581/1869/1600
f 1587/1875/1643 1584/1872/1644 1600/1897/1645 1610/1910/1646
f 1623/1928/1647 1625/1930/1590 1685/2004/1605 1688/2007/1648
f 1639/1947/1649 1656/1970/1577 1655/1969/1650 1637/1945/1624
f 1612/1914/1651 1603/1900/1652 1599/1895/1633 1661/1975/1632
f 1692/2012/1653 1634/1941/1654 1629/1935/1655 1690/2009/1656
f 1620/1924/1657 1618/1921/1582 1609/1908/1602 1666/1980/1601
f 1607/1905/1658 1662/1976/1659 1596/1891/1660 1591/1882/1641
f 1669/1984/1592 1687/2006/1661 1615/1918/1662 1613/1915/1597
f 1593/1885/1663 1592/1883/1640 1581/1869/1600 1586/1874/1599
f 1682/2000/1163 1697/2017/1165 1676/1993/1604 1691/2010/1664
f 1606/1904/1610 1601/1898/1609 1695/2015/1665 1696/2016/1666
f 1691/2010/1664 1636/1944/1611 1631/1937/1667 1675/1992/1630
f 1602/1899/1668 1597/1893/1669 1677/1994/1670 1693/2013/1671
f 1635/1943/1612 1630/1936/1672 1574/1860/1585 1578/1865/1584
f 1634/1942/1654 1633/1940/1673 1580/1868/1674 1579/1867/1634
f 1633/1940/1673 1632/1939/1675 1576/1863/1676 1580/1868/1674
f 1604/1902/1677 1678/1995/1678 1610/1909/1646 1600/1896/1645
f 1664/1978/1679 1604/1902/1677 1600/1896/1645 1609/1907/1602
f 1674/1990/1631 1675/1991/1630 1631/1938/1667 1632/1939/1675
f 1643/1954/1680 1658/1972/1681 1660/1974/1682 1644/1957/1628
f 1691/2010/1664 1676/1993/1604 1635/1943/1612 1636/1944/1611
f 1651/1965/1683 1641/1951/1684 1640/1949/1623 1649/1963/1685
f 1603/1900/1652 1611/1911/1686 1680/1997/1687 1599/1895/1633
f 1483/1751/1564 1481/1748/1563 1525/1803/1547 1529/1807/1516
f 1637/1945/1624 1655/1969/1650 1657/1971/1586 1638/1946/1625
f 1613/1915/1597 1615/1918/1662 1667/1981/1688 1612/1913/1651
f 1645/1958/1615 1659/1973/1614 1658/1972/1681 1643/1954/1680
f 1590/1879/1689 1593/1885/1663 1586/1874/1599 1584/1872/1644
f 1477/1743/1575 1476/1741/1546 1525/1803/1547 1481/1748/1563
f 1646/1960/1690 1643/1955/1680 1644/1956/1628 1648/1962/1627
f 1568/1854/1622 1622/1927/1691 1627/1933/1619 1566/1850/1616
f 1689/2008/1603 1690/2009/1656 1629/1935/1655 1630/1936/1672
f 1676/1993/1604 1689/2008/1603 1630/1936/1672 1635/1943/1612
f 1647/1961/1621 1568/1854/1622 1566/1850/1616 1645/1959/1615
f 1641/1950/1684 1639/1947/1649 1637/1945/1624 1640/1948/1623
f 1529/1807/1516 1525/1803/1547 1463/1723/1513 1465/1726/1517
f 1594/1887/1692 1590/1879/1689 1584/1872/1644 1587/1875/1643
f 1594/1887/1692 1587/1875/1643 1588/1876/1638 1595/1889/1637
f 1634/1941/1654 1579/1866/1634 1573/1859/1635 1629/1935/1655
f 1641/1950/1684 1567/1853/1594 1565/1849/1588 1639/1947/1649
f 1458/1716/1556 1451/1703/1519 1452/1704/1520 1459/1718/1557
f 1569/1855/1579 1570/1856/1578 1625/1930/1590 1623/1928/1647
f 1687/2006/1661 1686/2005/1620 1620/1924/1657 1615/1918/1662
f 1662/1976/1659 1607/1905/1658 1605/1903/1693 1598/1894/1694
f 1654/1968/1576 1647/1961/1621 1646/1960/1690 1652/1966/1695
f 1686/2005/1620 1672/1987/1583 1618/1921/1582 1620/1924/1657
f 1684/2002/1222 1700/2020/1149 1673/1989/1696 1692/2011/1653
f 1641/1951/1684 1651/1965/1683 1571/1857/1595 1567/1852/1594
f 1582/1870/1697 1583/1871/1639 1603/1901/1652 1612/1913/1651
f 1574/1860/1585 1573/1859/1635 1638/1946/1625 1657/1971/1586
f 1614/1917/1581 1664/1978/1679 1609/1907/1602 1618/1922/1582
f 1572/1858/1617 1566/1851/1616 1627/1932/1619 1628/1934/1618
f 1611/1911/1686 1610/1909/1646 1678/1995/1678 1680/1997/1687
f 1608/1906/1698 1663/1977/1699 1597/1893/1669 1602/1899/1668
f 1700/2020/1149 1698/2018/1148 1674/1990/1631 1673/1989/1696
f 1591/1881/1641 1596/1892/1660 1582/1870/1697 1585/1873/1642
f 1636/1944/1611 1577/1864/1613 1575/1861/1629 1631/1937/1667
f 1607/1905/1658 1608/1906/1698 1602/1899/1668 1605/1903/1693
f 1571/1857/1595 1572/1858/1617 1628/1934/1618 1626/1931/1596
f 1658/1972/1681 1649/1963/1685 1650/1964/1700 1660/1974/1682
f 1605/1903/1693 1602/1899/1668 1693/2013/1671 1694/2014/1701
f 1688/2007/1648 1685/2004/1605 1619/1923/1606 1616/1919/1702
f 1662/1976/1659 1598/1894/1694 1589/1878/1636 1596/1891/1660
f 1616/1919/1702 1619/1923/1606 1665/1979/1608 1668/1982/1607
f 1671/1986/1580 1688/2007/1648 1616/1919/1702 1614/1917/1581
f 1601/1898/1609 1599/1895/1633 1680/1997/1687 1695/2015/1665
f 1608/1906/1698 1607/1905/1658 1591/1882/1641 1592/1884/1640
f 1682/2000/1163 1691/2010/1664 1675/1992/1630 1681/1999/1234
f 1597/1893/1669 1663/1977/1699 1593/1886/1663 1590/1880/1689
f 1585/1873/1642 1582/1870/1697 1612/1913/1651 1667/1981/1688
f 1567/1853/1594 1621/1925/1591 1624/1929/1589 1565/1849/1588
f 1659/1973/1614 1651/1965/1683 1649/1963/1685 1658/1972/1681
f 1584/1872/1644 1586/1874/1599 1609/1908/1602 1600/1897/1645
f 1625/1930/1590 1624/1929/1589 1670/1985/1593 1685/2004/1605
f 1630/1936/1672 1629/1935/1655 1573/1859/1635 1574/1860/1585
f 1673/1989/1696 1674/1990/1631 1632/1939/1675 1633/1940/1673
f 1677/1994/1670 1597/1893/1669 1590/1880/1689 1594/1888/1692
f 1656/1970/1577 1654/1968/1576 1652/1966/1695 1655/1969/1650
f 1580/1868/1674 1576/1863/1676 1660/1974/1682 1650/1964/1700
f 1615/1918/1662 1620/1924/1657 1666/1980/1601 1667/1981/1688
f 1460/1720/1494 1453/1706/1566 1447/1699/1567 1446/1698/1571
f 1614/1917/1581 1616/1919/1702 1668/1982/1607 1664/1978/1679
f 1632/1939/1675 1631/1938/1667 1575/1862/1629 1576/1863/1676
f 1655/1969/1650 1652/1966/1695 1653/1967/1587 1657/1971/1586
f 1663/1977/1699 1608/1906/1698 1592/1884/1640 1593/1886/1663
f 1577/1864/1613 1578/1865/1584 1653/1967/1587 1648/1962/1627
f 1692/2011/1653 1673/1989/1696 1633/1940/1673 1634/1942/1654
f 1568/1854/1622 1569/1855/1579 1623/1928/1647 1622/1927/1691
f 1649/1963/1685 1640/1949/1623 1642/1953/1626 1650/1964/1700
f 1581/1869/1600 1585/1873/1642 1667/1981/1688 1666/1980/1601
f 1647/1961/1621 1645/1959/1615 1643/1955/1680 1646/1960/1690
f 1596/1892/1660 1589/1877/1636 1583/1871/1639 1582/1870/1697
f 1576/1863/1676 1575/1862/1629 1644/1957/1628 1660/1974/1682
f 1622/1927/1691 1671/1986/1580 1672/1988/1583 1627/1933/1619
f 1694/2014/1701 1693/2013/1671 1677/1994/1670 1679/1996/1703
f 1613/1916/1597 1612/1914/1651 1661/1975/1632 1617/1920/1598
f 1651/1965/1683 1659/1973/1614 1572/1858/1617 1571/1857/1595
f 1699/2019/1254 1683/2001/1223 1690/2009/1656 1689/2008/1603
f 1684/2003/1222 1692/2012/1653 1690/2009/1656 1683/2001/1223
f 1583/1871/1639 1588/1876/1638 1611/1912/1686 1603/1901/1652
f 1652/1966/1695 1646/1960/1690 1648/1962/1627 1653/1967/1587
f 1664/1978/1679 1668/1982/1607 1606/1904/1610 1604/1902/1677
f 1468/1730/1480 1470/1732/1518 1560/1844/1544 1542/1823/1496
f 1486/1755/1486 1535/1814/1538 1536/1816/1541 1491/1761/1487
f 1656/1970/1577 1639/1947/1649 1565/1849/1588 1570/1856/1578
f 1717/2041/1704 1721/2045/1705 1803/2153/1706 1802/2152/1707
f 1787/2137/1708 1795/2145/1709 1708/2030/1710 1707/2029/1711
f 1723/2047/1712 1720/2044/1713 1736/2068/1714 1746/2082/1715
f 1775/2119/1716 1792/2142/1717 1791/2141/1718 1773/2117/1719
f 1757/2097/1720 1805/2155/1721 1806/2157/1722 1760/2101/1723
f 1720/2044/1713 1722/2046/1724 1745/2079/1725 1736/2068/1714
f 1732/2063/1726 1725/2049/1727 1719/2043/1728 1718/2042/1729
f 1727/2053/1730 1732/2063/1726 1718/2042/1729 1721/2045/1705
f 1725/2049/1727 1731/2061/1731 1724/2048/1732 1719/2043/1728
f 1790/2140/1733 1792/2142/1717 1706/2028/1734 1705/2027/1735
f 1768/2111/1736 1767/2109/1737 1711/2033/1738 1712/2035/1739
f 1771/2115/1740 1766/2108/1741 1710/2032/1742 1714/2037/1743
f 1718/2042/1729 1719/2043/1728 1739/2073/1744 1748/2085/1745
f 1798/2148/1746 1734/2066/1747 1725/2050/1727 1732/2064/1726
f 1821/2176/1748 1806/2157/1722 1753/2092/1749 1755/2095/1750
f 1715/2038/1751 1716/2040/1752 1786/2136/1753 1778/2125/1754
f 1726/2052/1755 1729/2057/1756 1722/2046/1724 1720/2044/1713
f 1750/2089/1757 1800/2150/1758 1745/2080/1725 1754/2093/1759
f 1794/2144/1760 1785/2135/1761 1786/2136/1753 1796/2146/1762
f 1712/2035/1739 1711/2033/1738 1780/2129/1763 1796/2146/1762
f 1704/2026/1764 1705/2027/1735 1759/2100/1765 1758/2099/1766
f 1708/2030/1710 1702/2022/1767 1763/2104/1768 1764/2106/1769
f 1807/2158/1770 1750/2089/1757 1754/2093/1759 1808/2159/1771
f 1744/2078/1772 1743/2077/1773 1727/2054/1730 1728/2056/1774
f 1743/2077/1773 1744/2078/1772 1738/2071/1775 1741/2075/1776
f 1810/2162/1777 1811/2163/1778 1767/2109/1737 1768/2111/1736
f 1604/1902/1677 1606/1904/1610 1696/2016/1666 1678/1995/1678
f 1750/2089/1757 1752/2091/1779 1804/2154/1780 1800/2150/1758
f 1777/2122/1781 1703/2024/1782 1701/2021/1783 1775/2119/1716
f 1716/2040/1752 1712/2035/1739 1796/2146/1762 1786/2136/1753
f 1792/2142/1717 1775/2119/1716 1701/2021/1783 1706/2028/1734
f 1741/2075/1776 1738/2071/1775 1829/2185/1784 1830/2186/1785
f 1833/2189/1192 1835/2191/1193 1825/2180/1786 1812/2165/1787
f 1818/2172/1205 1833/2189/1192 1812/2165/1787 1827/2182/1788
f 1798/2148/1746 1743/2077/1773 1741/2075/1776 1734/2066/1747
f 1764/2106/1769 1763/2104/1768 1808/2160/1771 1822/2177/1789
f 1791/2141/1718 1788/2138/1790 1789/2139/1791 1793/2143/1792
f 1739/2072/1744 1747/2083/1793 1816/2169/1794 1735/2067/1795
f 1761/2102/1796 1760/2101/1723 1806/2157/1722 1821/2176/1748
f 1740/2074/1797 1814/2167/1798 1746/2081/1715 1736/2069/1714
f 1713/2036/1799 1784/2134/1800 1780/2128/1763 1711/2034/1738
f 1812/2165/1787 1825/2180/1786 1766/2108/1741 1771/2115/1740
f 1820/2174/1217 1836/2192/1256 1809/2161/1801 1828/2184/1802
f 1756/2096/1803 1754/2094/1759 1745/2079/1725 1802/2152/1707
f 1715/2039/1751 1778/2124/1754 1774/2118/1804 1709/2031/1805
f 1758/2099/1766 1807/2158/1770 1808/2159/1771 1763/2105/1768
f 1714/2037/1743 1710/2032/1742 1793/2143/1792 1789/2139/1791
f 1710/2032/1742 1709/2031/1805 1774/2118/1804 1793/2143/1792
f 1792/2142/1717 1790/2140/1733 1788/2138/1790 1791/2141/1718
f 1749/2087/1806 1751/2090/1807 1803/2153/1706 1748/2085/1745
f 1751/2090/1807 1756/2096/1803 1802/2152/1707 1803/2153/1706
f 1777/2122/1781 1775/2119/1716 1773/2117/1719 1776/2120/1808
f 1748/2086/1745 1739/2072/1744 1735/2067/1795 1797/2147/1809
f 1734/2066/1747 1815/2168/1810 1731/2062/1731 1725/2050/1727
f 1622/1927/1691 1623/1928/1647 1688/2007/1648 1671/1986/1580
f 1783/2133/1811 1704/2026/1764 1702/2023/1767 1781/2130/1812
f 1777/2123/1781 1787/2137/1708 1707/2029/1711 1703/2025/1782
f 1621/1926/1591 1626/1931/1596 1687/2006/1661 1669/1984/1592
f 1626/1931/1596 1628/1934/1618 1686/2005/1620 1687/2006/1661
f 1804/2154/1780 1801/2151/1813 1737/2070/1814 1742/2076/1815
f 1728/2055/1774 1727/2053/1730 1721/2045/1705 1717/2041/1704
f 1801/2151/1813 1797/2147/1809 1735/2067/1795 1737/2070/1814
f 1743/2077/1773 1798/2148/1746 1732/2064/1726 1727/2054/1730
f 1800/2150/1758 1804/2154/1780 1742/2076/1815 1740/2074/1797
f 1733/2065/1816 1799/2149/1817 1729/2058/1756 1726/2051/1755
f 1813/2166/1818 1733/2065/1816 1726/2051/1755 1730/2059/1819
f 1770/2114/1820 1769/2112/1821 1716/2040/1752 1715/2038/1751
f 1772/2116/1822 1771/2115/1740 1714/2037/1743 1713/2036/1799
f 1707/2029/1711 1708/2030/1710 1764/2106/1769 1762/2103/1823
f 1769/2112/1821 1768/2111/1736 1712/2035/1739 1716/2040/1752
f 1729/2057/1756 1728/2055/1774 1717/2041/1704 1722/2046/1724
f 1822/2177/1789 1808/2160/1771 1754/2094/1759 1756/2096/1803
f 1730/2060/1819 1723/2047/1712 1724/2048/1732 1731/2061/1731
f 1772/2116/1822 1713/2036/1799 1711/2034/1738 1767/2110/1737
f 1825/2180/1786 1826/2181/1824 1765/2107/1825 1766/2108/1741
f 1830/2186/1785 1829/2185/1784 1813/2166/1818 1815/2168/1810
f 1719/2043/1728 1724/2048/1732 1747/2084/1793 1739/2073/1744
f 1722/2046/1724 1717/2041/1704 1802/2152/1707 1745/2079/1725
f 1744/2078/1772 1799/2149/1817 1733/2065/1816 1738/2071/1775
f 1703/2024/1782 1757/2097/1720 1760/2101/1723 1701/2021/1783
f 1721/2045/1705 1718/2042/1729 1748/2085/1745 1803/2153/1706
f 1799/2149/1817 1744/2078/1772 1728/2056/1774 1729/2058/1756
f 1813/2166/1818 1730/2059/1819 1731/2062/1731 1815/2168/1810
f 1770/2113/1820 1715/2039/1751 1709/2031/1805 1765/2107/1825
f 1776/2120/1808 1773/2117/1719 1774/2118/1804 1778/2124/1754
f 1807/2158/1770 1824/2179/1826 1752/2091/1779 1750/2089/1757
f 1834/2190/1255 1817/2170/1202 1811/2163/1778 1810/2162/1777
f 1828/2183/1802 1770/2113/1820 1765/2107/1825 1826/2181/1824
f 1788/2138/1790 1782/2132/1827 1784/2134/1800 1789/2139/1791
f 1706/2028/1734 1701/2021/1783 1760/2101/1723 1761/2102/1796
f 1785/2135/1761 1776/2121/1808 1778/2125/1754 1786/2136/1753
f 1782/2132/1827 1779/2126/1828 1780/2128/1763 1784/2134/1800
f 1587/1875/1643 1610/1910/1646 1611/1912/1686 1588/1876/1638
f 1703/2025/1782 1707/2029/1711 1762/2103/1823 1757/2098/1720
f 1783/2133/1811 1790/2140/1733 1705/2027/1735 1704/2026/1764
f 1827/2182/1788 1772/2116/1822 1767/2110/1737 1811/2164/1778
f 1579/1867/1634 1580/1868/1674 1650/1964/1700 1642/1953/1626
f 1795/2145/1709 1787/2137/1708 1785/2135/1761 1794/2144/1760
f 1809/2161/1801 1810/2162/1777 1768/2111/1736 1769/2112/1821
f 1783/2133/1811 1781/2130/1812 1779/2126/1828 1782/2132/1827
f 1824/2179/1826 1821/2176/1748 1755/2095/1750 1752/2091/1779
f 1598/1894/1694 1605/1903/1693 1694/2014/1701 1679/1996/1703
f 1678/1995/1678 1696/2016/1666 1695/2015/1665 1680/1997/1687
f 1805/2155/1721 1749/2088/1806 1753/2092/1749 1806/2157/1722
f 1795/2145/1709 1781/2131/1812 1702/2022/1767 1708/2030/1710
f 1805/2156/1721 1823/2178/1829 1751/2090/1807 1749/2087/1806
f 1705/2027/1735 1706/2028/1734 1761/2102/1796 1759/2100/1765
f 1704/2026/1764 1758/2099/1766 1763/2105/1768 1702/2023/1767
f 1800/2150/1758 1740/2074/1797 1736/2069/1714 1745/2080/1725
f 1823/2178/1829 1822/2177/1789 1756/2096/1803 1751/2090/1807
f 1781/2131/1812 1795/2145/1709 1794/2144/1760 1779/2127/1828
f 1787/2137/1708 1777/2123/1781 1776/2121/1808 1785/2135/1761
f 1737/2070/1814 1735/2067/1795 1816/2169/1794 1831/2187/1830
f 1790/2140/1733 1783/2133/1811 1782/2132/1827 1788/2138/1790
f 1730/2060/1819 1726/2052/1755 1720/2044/1713 1723/2047/1712
f 1766/2108/1741 1765/2107/1825 1709/2031/1805 1710/2032/1742
f 1713/2036/1799 1714/2037/1743 1789/2139/1791 1784/2134/1800
f 1835/2191/1193 1819/2173/1218 1826/2181/1824 1825/2180/1786
f 1779/2127/1828 1794/2144/1760 1796/2146/1762 1780/2129/1763
f 1820/2175/1217 1828/2183/1802 1826/2181/1824 1819/2173/1218
f 1773/2117/1719 1791/2141/1718 1793/2143/1792 1774/2118/1804
f 1828/2184/1802 1809/2161/1801 1769/2112/1821 1770/2114/1820
f 1827/2182/1788 1812/2165/1787 1771/2115/1740 1772/2116/1822
f 1757/2098/1720 1762/2103/1823 1823/2178/1829 1805/2156/1721
f 1755/2095/1750 1753/2092/1749 1797/2147/1809 1801/2151/1813
f 1752/2091/1779 1755/2095/1750 1801/2151/1813 1804/2154/1780
f 1759/2100/1765 1761/2102/1796 1821/2176/1748 1824/2179/1826
f 1836/2192/1256 1834/2190/1255 1810/2162/1777 1809/2161/1801
f 1749/2088/1806 1748/2086/1745 1797/2147/1809 1753/2092/1749
f 1747/2083/1793 1746/2081/1715 1814/2167/1798 1816/2169/1794
f 1818/2172/1205 1827/2182/1788 1811/2164/1778 1817/2171/1202
f 1255/1458/1407 1260/1464/1410 1274/1482/1290 1275/1483/1294
f 1540/1821/1448 1553/1836/1508 1494/1764/1502 1499/1771/1449
f 1431/1681/1472 1485/1754/1542 1488/1757/1572 1429/1677/1473
f 1503/1775/1474 1520/1798/1554 1519/1797/1553 1501/1773/1527
f 1309/1523/1228 1301/1514/1366 1303/1516/1440 1310/1524/1229
f 1742/2076/1815 1737/2070/1814 1831/2187/1830 1832/2188/1831
f 1479/1746/1574 1484/1752/1560 1530/1808/1464 1531/1809/1568
f 1329/1547/1355 1389/1623/1336 1393/1628/1339 1384/1617/1356
f 1734/2066/1747 1741/2075/1776 1830/2186/1785 1815/2168/1810
f 1254/1457/1321 1256/1459/1832 1276/1484/1833 1272/1479/1322
f 1814/2167/1798 1832/2188/1831 1831/2187/1830 1816/2169/1794
f 1522/1800/1459 1513/1791/1522 1514/1792/1534 1524/1802/1460
f 1052/1209/1081 1253/1455/1303 1257/1461/1305 1056/1215/1089
f 1385/1619/1335 1330/1548/1334 1396/1632/1331 1391/1626/1431
f 1342/1560/1424 1352/1575/1426 1353/1577/1422 1344/1562/1425
f 1053/1211/1077 1055/1213/1076 1256/1459/1832 1254/1457/1321
f 1556/1839/1550 1537/1817/1475 1497/1768/1478 1498/1769/1514
f 1740/2074/1797 1742/2076/1815 1832/2188/1831 1814/2167/1798
f 1256/1459/1832 1259/1463/1408 1273/1481/1409 1276/1484/1833
f 1260/1464/1410 1258/1462/1323 1249/1451/1291 1274/1482/1290
f 1054/1212/1080 1059/1218/1085 1260/1464/1410 1255/1458/1407
f 1758/2099/1766 1759/2100/1765 1824/2179/1826 1807/2158/1770
f 1511/1789/1569 1509/1787/1533 1507/1783/1458 1510/1788/1452
f 1677/1994/1670 1594/1888/1692 1595/1890/1637 1679/1996/1703
f 1723/2047/1712 1746/2082/1715 1747/2084/1793 1724/2048/1732
f 1294/1506/1248 1310/1524/1229 1303/1516/1440 1304/1517/1430
f 1477/1744/1575 1479/1746/1574 1531/1809/1568 1476/1742/1546
f 1380/1610/1402 1381/1612/1347 1332/1550/1377 1376/1605/1444
f 1738/2071/1775 1733/2065/1816 1813/2166/1818 1829/2185/1784
f 1598/1894/1694 1679/1996/1703 1595/1890/1637 1589/1878/1636
f 1055/1213/1076 1058/1217/1087 1259/1463/1408 1256/1459/1832
f 1331/1549/1466 1386/1620/1442 1388/1622/1380 1395/1631/1379
f 1762/2103/1823 1764/2106/1769 1822/2177/1789 1823/2178/1829
f 1556/1840/1550 1498/1770/1514 1493/1763/1503 1554/1837/1509
f 1409/1653/1385 1407/1651/1315 1384/1618/1356 1393/1629/1339
f 1247/1449/1834 1270/1477/1835 1236/1436/1288 1231/1426/1284
f 1271/1478/1287 1248/1450/1836 1232/1428/1281 1233/1430/1270
f 1276/1484/1833 1273/1481/1409 1241/1442/1416 1246/1448/1415
f 1272/1479/1322 1276/1484/1833 1246/1448/1415 1244/1445/1417
f 1247/1449/1834 1248/1450/1836 1242/1443/1406 1245/1447/1405
f 1252/1454/1293 1243/1444/1298 1239/1439/1324 1269/1475/1304
f 1270/1477/1835 1247/1449/1834 1245/1447/1405 1238/1438/1283
f 1248/1450/1836 1247/1449/1834 1231/1426/1284 1232/1428/1281
f 1273/1481/1409 1269/1476/1304 1239/1440/1324 1241/1442/1416
f 1281/1491/1273 1237/1437/1286 1230/1424/1269 1234/1432/1274
f 1272/1480/1322 1244/1446/1417 1240/1441/1292 1249/1451/1291
f 1227/1419/1277 1224/1416/1272 1240/1441/1292 1250/1452/1320
f 1248/1450/1836 1271/1478/1287 1237/1437/1286 1242/1443/1406
f 1222/1414/1289 1223/1415/1280 1243/1444/1298 1252/1454/1293
f 1270/1477/1835 1238/1438/1283 1229/1422/1278 1236/1436/1288
f 865/994/1042 876/1007/888 875/1006/891 864/993/1047
f 867/996/880 878/1009/906 877/1008/902 866/995/881
f 870/999/873 881/1012/894 880/1011/897 869/998/885
f 864/993/1047 875/1006/891 874/1005/893 862/991/876
f 869/998/885 880/1011/897 879/1010/905 868/997/883
f 871/1000/877 873/1003/898 872/1002/901 863/992/872
f 866/995/881 877/1008/902 876/1007/888 865/994/1042
f 862/991/876 874/1005/893 873/1004/898 871/1001/877
f 863/992/872 872/1002/901 881/1012/894 870/999/873
f 879/1010/905 1205/1394/904 1183/1365/907 878/1009/906
f 2092/2502/1837 2091/2500/1838 1868/2226/1839 1879/2237/1840
f 2087/2495/1841 2389/2895/1842 2387/2893/1843 1871/2229/1844
f 2096/2510/1845 2095/2508/1846 1876/2234/1847 1875/2233/1848
f 2091/2500/1838 2097/2512/1849 1869/2227/1850 1868/2226/1839
f 2099/2516/1851 2098/2514/1852 1873/2231/1853 1867/2225/1854
f 2100/2520/1855 2099/2517/1851 1867/2224/1854 1880/2238/1856
f 2098/2514/1852 2101/2522/1857 1874/2232/1858 1873/2231/1853
f 2102/2524/1859 2092/2502/1837 1879/2237/1840 1881/2239/1860
f 2095/2508/1846 2103/2526/1861 1877/2235/1862 1876/2234/1847
f 2104/2528/1863 2094/2506/1864 1870/2228/1865 1872/2230/1866
f 2101/2522/1857 2104/2528/1863 1872/2230/1866 1874/2232/1858
f 2103/2526/1861 2105/2530/1867 1878/2236/1868 1877/2235/1862
f 2097/2512/1849 2096/2510/1845 1875/2233/1848 1869/2227/1850
f 2093/2504/1869 2102/2524/1859 1881/2239/1860 1871/2229/1844
f 2088/2496/1870 2396/2902/1871 2393/2899/1872 1880/2238/1856
f 2077/2485/1873 2076/2484/1874 1859/2216/1875 1858/2215/1876
f 2079/2487/1877 2078/2486/1878 1864/2221/1879 1866/2223/1880
f 2081/2489/1881 2080/2488/1882 1862/2219/1883 1861/2218/1884
f 2083/2491/1885 2082/2490/1886 1855/2212/1887 1857/2214/1888
f 2076/2484/1874 2083/2491/1885 1857/2214/1888 1859/2216/1875
f 2080/2488/1882 2084/2492/1889 1863/2220/1890 1862/2219/1883
f 2086/2494/1891 2085/2493/1892 1860/2217/1893 1854/2211/1894
f 2087/2495/1841 2079/2487/1877 1866/2223/1880 1856/2213/1895
f 2084/2492/1889 2088/2496/1870 1865/2222/1896 1863/2220/1890
f 2078/2486/1878 2089/2497/1897 1853/2210/1898 1864/2221/1879
f 2082/2490/1886 2087/2495/1841 1856/2213/1895 1855/2212/1887
f 2085/2493/1892 2081/2489/1881 1861/2218/1884 1860/2217/1893
f 2089/2497/1897 2086/2494/1891 1854/2211/1894 1853/2210/1898
f 2090/2499/1899 2077/2485/1873 1858/2215/1876 1852/2208/1900
f 2088/2496/1870 2090/2498/1899 1852/2209/1900 1865/2222/1896
f 1927/2290/1901 1928/2291/1902 1837/2193/1903 1850/2206/1904
f 1923/2284/1905 1924/2285/1906 1844/2200/1907 1843/2199/1908
f 1986/2372/1909 1985/2371/1910 1849/2205/1911 1851/2207/1912
f 1861/2218/1884 1862/2219/1883 1887/2245/1913 1886/2244/1914
f 1992/2381/1915 1991/2380/1916 1840/2196/1917 1842/2198/1918
f 1924/2285/1906 1992/2381/1915 1842/2198/1918 1844/2200/1907
f 1989/2377/1919 1995/2386/1920 1848/2204/1921 1847/2203/1922
f 1846/2202/1923 1845/2201/1924 1889/2247/1925 1892/2250/1926
f 1996/2387/1927 1986/2372/1909 1851/2207/1912 1841/2197/1928
f 1995/2386/1920 1927/2290/1901 1850/2206/1904 1848/2204/1921
f 1839/2195/1929 1838/2194/1930 1890/2248/1931 1888/2246/1932
f 1991/2380/1916 1996/2387/1927 1841/2197/1928 1840/2196/1917
f 1864/2221/1879 1853/2210/1898 1884/2242/1933 1885/2243/1934
f 1847/2203/1922 1846/2202/1923 1892/2250/1926 1893/2251/1935
f 1928/2291/1902 1923/2284/1905 1843/2199/1908 1837/2193/1903
f 2019/2416/1936 2011/2406/1937 1897/2255/1938 1980/2363/1939
f 2013/2408/1940 2015/2410/1941 2032/2429/1942 2034/2431/1943
f 2011/2406/1937 2014/2409/1944 1979/2362/1945 1897/2255/1938
f 2005/2400/1946 2010/2405/1947 2029/2426/1948 2023/2420/1949
f 2017/2413/1950 2007/2402/1951 1894/2252/1952 2002/2397/1953
f 1845/2201/1924 1839/2195/1929 1888/2246/1932 1889/2247/1925
f 1853/2210/1898 1854/2211/1894 1882/2240/1954 1884/2242/1933
f 1860/2217/1893 1861/2218/1884 1886/2244/1914 1883/2241/1955
f 1989/2377/1919 1847/2203/1922 1893/2251/1935 2001/2395/1956
f 1854/2211/1894 1860/2217/1893 1883/2241/1955 1882/2240/1954
f 1984/2369/1957 1864/2221/1879 1885/2243/1934 1998/2391/1958
f 1838/2194/1930 1849/2205/1911 1891/2249/1959 1890/2248/1931
f 2014/2409/1944 2013/2408/1940 2035/2432/1960 2040/2437/1961
f 2008/2403/1962 2006/2401/1963 1896/2254/1964 2037/2434/1965
f 2015/2410/1941 2008/2403/1962 2038/2435/1966 2031/2428/1967
f 1932/2298/1968 1930/2295/1969 1904/2262/1970 1903/2261/1971
f 1908/2266/1972 1898/2256/1973 1899/2257/1974 1906/2264/1975
f 1936/2302/1976 1935/2301/1977 1902/2260/1978 1911/2270/1979
f 1971/2354/1980 1948/2320/1981 1947/2318/1982 1970/2353/1983
f 1937/2304/1984 1932/2298/1968 1903/2261/1971 1913/2272/1985
f 1954/2327/1986 1952/2325/1987 1898/2256/1973 1908/2266/1972
f 1960/2335/1988 1953/2326/1989 1900/2258/1990 1907/2265/1991
f 1956/2330/1992 1961/2336/1993 1909/2267/1994 1901/2259/1995
f 1952/2325/1987 1957/2331/1996 1899/2257/1974 1898/2256/1973
f 1957/2331/1996 1959/2334/1997 1906/2264/1975 1899/2257/1974
f 1953/2326/1989 1956/2330/1992 1901/2259/1995 1900/2258/1990
f 1930/2295/1969 1931/2297/1998 1910/2268/1999 1904/2262/1970
f 1935/2301/1977 1933/2299/2000 1905/2263/2001 1902/2260/1978
f 1933/2299/2000 1934/2300/2002 1912/2271/2003 1905/2263/2001
f 1954/2327/1986 1908/2266/1972 1948/2319/1981 1958/2333/2004
f 1947/2317/1982 1948/2319/1981 1908/2266/1972 1906/2264/1975
f 1955/2329/2005 1947/2317/1982 1906/2264/1975 1959/2334/1997
f 1936/2302/1976 1911/2270/1979 1910/2269/1999 1931/2296/1998
f 1937/2303/1984 1913/2273/1985 1912/2271/2003 1934/2300/2002
f 1945/2314/2006 1946/2316/2007 1921/2281/2008 1941/2309/2009
f 1944/2312/2010 1918/2278/2011 1949/2322/2012 1940/2308/2013
f 1943/2311/2014 1938/2305/2015 1916/2276/2016 1915/2275/2017
f 1939/2306/2018 1941/2309/2009 1921/2281/2008 1917/2277/2019
f 1942/2310/2020 1939/2306/2018 1917/2277/2019 1914/2274/2021
f 1938/2305/2015 1940/2307/2013 1949/2321/2012 1916/2276/2016
f 1945/2313/2006 1943/2311/2014 1915/2275/2017 1946/2315/2007
f 1944/2312/2010 1942/2310/2020 1914/2274/2021 1918/2278/2011
f 1981/2365/2022 1937/2303/1984 1934/2300/2002 1983/2368/2023
f 1980/2363/1939 1936/2302/1976 1931/2296/1998 1982/2367/2024
f 1979/2362/1945 1983/2368/2023 1934/2300/2002 1933/2299/2000
f 1897/2255/1938 1979/2362/1945 1933/2299/2000 1935/2301/1977
f 1895/2253/2025 1982/2366/2024 1931/2297/1998 1930/2295/1969
f 1981/2364/2022 1978/2361/2026 1932/2298/1968 1937/2304/1984
f 1980/2363/1939 1897/2255/1938 1935/2301/1977 1936/2302/1976
f 1978/2361/2026 1895/2253/2025 1930/2295/1969 1932/2298/1968
f 1911/2270/1979 1902/2260/1978 1942/2310/2020 1944/2312/2010
f 1913/2272/1985 1903/2261/1971 1943/2311/2014 1945/2313/2006
f 1904/2262/1970 1910/2268/1999 1940/2307/2013 1938/2305/2015
f 1902/2260/1978 1905/2263/2001 1939/2306/2018 1942/2310/2020
f 1905/2263/2001 1912/2271/2003 1941/2309/2009 1939/2306/2018
f 1903/2261/1971 1904/2262/1970 1938/2305/2015 1943/2311/2014
f 1911/2270/1979 1944/2312/2010 1940/2308/2013 1910/2269/1999
f 1913/2273/1985 1945/2314/2006 1941/2309/2009 1912/2271/2003
f 1900/2258/1990 1901/2259/1995 1909/2267/1994 1907/2265/1991
f 1975/2358/2027 1970/2353/1983 1947/2318/1982 1955/2328/2005
f 1974/2357/2028 1972/2355/2029 1949/2321/2012 1958/2332/2004
f 1977/2360/2030 1973/2356/2031 1915/2275/2017 1916/2276/2016
f 1972/2355/2029 1977/2360/2030 1916/2276/2016 1949/2321/2012
f 1973/2356/2031 1976/2359/2032 1946/2315/2007 1915/2275/2017
f 1971/2354/1980 1974/2357/2028 1958/2332/2004 1948/2320/1981
f 1976/2359/2032 1975/2358/2027 1955/2328/2005 1946/2315/2007
f 1946/2316/2007 1955/2329/2005 1959/2334/1997 1921/2281/2008
f 1918/2278/2011 1954/2327/1986 1958/2333/2004 1949/2322/2012
f 1951/2324/2033 1950/2323/2034 1956/2330/1992 1953/2326/1989
f 1917/2277/2019 1921/2281/2008 1959/2334/1997 1957/2331/1996
f 1914/2274/2021 1917/2277/2019 1957/2331/1996 1952/2325/1987
f 1950/2323/2034 1919/2279/2035 1961/2336/1993 1956/2330/1992
f 1920/2280/2036 1951/2324/2033 1953/2326/1989 1960/2335/1988
f 1918/2278/2011 1914/2274/2021 1952/2325/1987 1954/2327/1986
f 1920/2280/2036 1960/2335/1988 1969/2351/2037 1962/2337/2038
f 1909/2267/1994 1961/2336/1993 1968/2349/2039 1964/2341/2040
f 1951/2324/2033 1920/2280/2036 1962/2337/2038 1967/2347/2041
f 1919/2279/2035 1950/2323/2034 1966/2345/2042 1965/2343/2043
f 1950/2323/2034 1951/2324/2033 1967/2347/2041 1966/2345/2042
f 1961/2336/1993 1919/2279/2035 1965/2343/2043 1968/2349/2039
f 1960/2335/1988 1907/2265/1991 1963/2339/2044 1969/2351/2037
f 1909/2267/1994 1964/2341/2040 1963/2339/2044 1907/2265/1991
f 1962/2338/2038 1969/2352/2037 1975/2358/2027 1976/2359/2032
f 1964/2342/2040 1968/2350/2039 1974/2357/2028 1971/2354/1980
f 1967/2348/2041 1962/2338/2038 1976/2359/2032 1973/2356/2031
f 1965/2344/2043 1966/2346/2042 1977/2360/2030 1972/2355/2029
f 1966/2346/2042 1967/2348/2041 1973/2356/2031 1977/2360/2030
f 1968/2350/2039 1965/2344/2043 1972/2355/2029 1974/2357/2028
f 1969/2352/2037 1963/2340/2044 1970/2353/1983 1975/2358/2027
f 1964/2342/2040 1971/2354/1980 1970/2353/1983 1963/2340/2044
f 2012/2407/2045 2004/2399/2046 2021/2418/2047 2026/2423/2048
f 2007/2402/1951 2012/2407/2045 2027/2424/2049 1894/2252/1952
f 2004/2399/2046 2005/2400/1946 2024/2421/2050 2020/2417/2051
f 2010/2405/1947 2009/2404/2052 1895/2253/2025 1978/2361/2026
f 1849/2205/1911 1985/2371/1910 1999/2392/2053 1891/2249/1959
f 1985/2371/1910 1984/2370/1957 1998/2390/1958 1999/2392/2053
f 1862/2219/1883 1988/2375/2054 2000/2394/2055 1887/2245/1913
f 1988/2376/2054 1989/2377/1919 2001/2395/1956 2000/2393/2055
f 2006/2401/1963 2016/2411/2056 2003/2398/2057 1896/2254/1964
f 2016/2411/2056 2017/2412/1950 2002/2396/1953 2003/2398/2057
f 2009/2404/2052 2018/2415/2058 1982/2366/2024 1895/2253/2025
f 2018/2414/2058 2019/2416/1936 1980/2363/1939 1982/2367/2024
f 1852/2208/1900 1858/2215/1876 1922/2282/2059 1929/2292/2060
f 1929/2294/2060 1922/2283/2059 1923/2284/1905 1928/2291/1902
f 1855/2212/1887 1856/2213/1895 1997/2388/2061 1990/2378/2062
f 1990/2379/2062 1997/2389/2061 1996/2387/1927 1991/2380/1916
f 1863/2220/1890 1865/2222/1896 1926/2288/2063 1994/2384/2064
f 1994/2385/2064 1926/2289/2063 1927/2290/1901 1995/2386/1920
f 1856/2213/1895 1866/2223/1880 1987/2373/2065 1997/2388/2061
f 1997/2389/2061 1987/2374/2065 1986/2372/1909 1996/2387/1927
f 1862/2219/1883 1863/2220/1890 1994/2384/2064 1988/2375/2054
f 1988/2376/2054 1994/2385/2064 1995/2386/1920 1989/2377/1919
f 1859/2216/1875 1857/2214/1888 1993/2382/2066 1925/2286/2067
f 1925/2287/2067 1993/2383/2066 1992/2381/1915 1924/2285/1906
f 1857/2214/1888 1855/2212/1887 1990/2378/2062 1993/2382/2066
f 1993/2383/2066 1990/2379/2062 1991/2380/1916 1992/2381/1915
f 1866/2223/1880 1864/2221/1879 1984/2369/1957 1987/2373/2065
f 1987/2374/2065 1984/2370/1957 1985/2371/1910 1986/2372/1909
f 1858/2215/1876 1859/2216/1875 1925/2286/2067 1922/2282/2059
f 1922/2283/2059 1925/2287/2067 1924/2285/1906 1923/2284/1905
f 1865/2222/1896 1852/2209/1900 1929/2293/2060 1926/2288/2063
f 1926/2289/2063 1929/2294/2060 1928/2291/1902 1927/2290/1901
f 2000/2393/2055 2001/2395/1956 2019/2416/1936 2018/2414/2058
f 1887/2245/1913 2000/2394/2055 2018/2415/2058 2009/2404/2052
f 1999/2392/2053 1998/2390/1958 2017/2412/1950 2016/2411/2056
f 1891/2249/1959 1999/2392/2053 2016/2411/2056 2006/2401/1963
f 1883/2241/1955 1886/2244/1914 2010/2405/1947 2005/2400/1946
f 1888/2246/1932 1890/2248/1931 2008/2403/1962 2015/2410/1941
f 1893/2251/1935 1892/2250/1926 2014/2409/1944 2011/2406/1937
f 1885/2243/1934 1884/2242/1933 2012/2407/2045 2007/2402/1951
f 1889/2247/1925 1888/2246/1932 2015/2410/1941 2013/2408/1940
f 1892/2250/1926 1889/2247/1925 2013/2408/1940 2014/2409/1944
f 1884/2242/1933 1882/2240/1954 2004/2399/2046 2012/2407/2045
f 1998/2391/1958 1885/2243/1934 2007/2402/1951 2017/2413/1950
f 1882/2240/1954 1883/2241/1955 2005/2400/1946 2004/2399/2046
f 1890/2248/1931 1891/2249/1959 2006/2401/1963 2008/2403/1962
f 1886/2244/1914 1887/2245/1913 2009/2404/2052 2010/2405/1947
f 2001/2395/1956 1893/2251/1935 2011/2406/1937 2019/2416/1936
f 2025/2422/2068 2024/2421/2050 2005/2400/1946 2023/2420/1949
f 2028/2425/2069 2027/2424/2049 2012/2407/2045 2026/2423/2048
f 2030/2427/2070 2029/2426/1948 2010/2405/1947 1978/2361/2026
f 2033/2430/2071 2032/2429/1942 2015/2410/1941 2031/2428/1967
f 2036/2433/2072 2035/2432/1960 2013/2408/1940 2034/2431/1943
f 2039/2436/2073 2038/2435/1966 2008/2403/1962 2037/2434/1965
f 2041/2438/2074 1979/2362/1945 2014/2409/1944 2040/2437/1961
f 2044/2442/2075 2029/2426/1948 2030/2427/2070 2045/2443/2076
f 2045/2443/2076 2030/2427/2070 1978/2361/2026 1981/2364/2022
f 2050/2452/2077 2035/2432/1960 2036/2433/2072 2051/2453/2078
f 2051/2453/2078 2036/2433/2072 2034/2431/1943 2049/2451/2079
f 2056/2460/2080 2021/2418/2047 2022/2419/2081 2057/2461/2082
f 2057/2461/2082 2022/2419/2081 2020/2417/2051 2055/2458/2083
f 2062/2470/2084 2038/2435/1966 2039/2436/2073 2063/2471/2085
f 2063/2471/2085 2039/2436/2073 2037/2434/1965 2061/2469/2086
f 2040/2437/1961 2042/2439/2087 2043/2440/2088 2041/2438/2074
f 2041/2438/2074 2043/2440/2088 1983/2368/2023 1979/2362/1945
f 2042/2439/2087 2044/2441/2075 2045/2444/2076 2043/2440/2088
f 2043/2440/2088 2045/2444/2076 1981/2365/2022 1983/2368/2023
f 2023/2420/1949 2046/2446/2089 2048/2449/2090 2025/2422/2068
f 2025/2422/2068 2048/2449/2090 2047/2448/2091 2024/2421/2050
f 2046/2445/2089 2050/2452/2077 2051/2453/2078 2048/2450/2090
f 2048/2450/2090 2051/2453/2078 2049/2451/2079 2047/2447/2091
f 2031/2428/1967 2052/2454/2092 2054/2456/2093 2033/2430/2071
f 2033/2430/2071 2054/2456/2093 2053/2455/2094 2032/2429/1942
f 2052/2454/2092 2056/2459/2080 2057/2462/2082 2054/2456/2093
f 2054/2456/2093 2057/2462/2082 2055/2457/2083 2053/2455/2094
f 2026/2423/2048 2058/2464/2095 2060/2467/2096 2028/2425/2069
f 2028/2425/2069 2060/2467/2096 2059/2466/2097 2027/2424/2049
f 2058/2463/2095 2062/2470/2084 2063/2471/2085 2060/2468/2096
f 2060/2468/2096 2063/2471/2085 2061/2469/2086 2059/2465/2097
f 2022/2419/2081 2021/2418/2047 2004/2399/2046 2020/2417/2051
f 1851/2207/1912 1849/2205/1911 1838/2194/1930 2064/2472/2098
f 1839/2195/1929 2065/2473/2099 2064/2472/2098 1838/2194/1930
f 1845/2201/1924 2066/2474/2100 2065/2473/2099 1839/2195/1929
f 1846/2202/1923 2067/2475/2101 2066/2474/2100 1845/2201/1924
f 1848/2204/1921 2067/2475/2101 1846/2202/1923 1847/2203/1922
f 1850/2206/1904 2068/2476/2102 2067/2475/2101 1848/2204/1921
f 2066/2474/2100 2067/2475/2101 2068/2476/2102 2069/2477/2103
f 2065/2473/2099 2066/2474/2100 2069/2477/2103 2070/2478/2104
f 2064/2472/2098 2065/2473/2099 2070/2478/2104 2071/2479/2105
f 1841/2197/1928 1851/2207/1912 2064/2472/2098 2071/2479/2105
f 2070/2478/2104 2073/2481/2106 2072/2480/2107 2071/2479/2105
f 1840/2196/1917 1841/2197/1928 2071/2479/2105 2072/2480/2107
f 2069/2477/2103 2074/2482/2108 2073/2481/2106 2070/2478/2104
f 2068/2476/2102 2075/2483/2109 2074/2482/2108 2069/2477/2103
f 1837/2193/1903 2075/2483/2109 2068/2476/2102 1850/2206/1904
f 1837/2193/1903 1843/2199/1908 2074/2482/2108 2075/2483/2109
f 1843/2199/1908 1844/2200/1907 2073/2481/2106 2074/2482/2108
f 1842/2198/1918 2073/2481/2106 1844/2200/1907
f 1842/2198/1918 1840/2196/1917 2072/2480/2107 2073/2481/2106
f 1880/2238/1856 1867/2224/1854 2090/2498/1899 2088/2496/1870
f 1867/2225/1854 1873/2231/1853 2077/2485/1873 2090/2499/1899
f 1868/2226/1839 1869/2227/1850 2086/2494/1891 2089/2497/1897
f 1875/2233/1848 1876/2234/1847 2081/2489/1881 2085/2493/1892
f 2094/2506/1864 2391/2897/2110 2386/2892/2111 1870/2228/1865
f 1879/2237/1840 1868/2226/1839 2089/2497/1897 2078/2486/1878
f 2100/2520/1855 2397/2903/2112 2394/2900/2113 2105/2530/1867
f 1871/2229/1844 1881/2239/1860 2079/2487/1877 2087/2495/1841
f 1869/2227/1850 1875/2233/1848 2085/2493/1892 2086/2494/1891
f 1877/2235/1862 1878/2236/1868 2084/2492/1889 2080/2488/1882
f 1874/2232/1858 1872/2230/1866 2083/2491/1885 2076/2484/1874
f 1872/2230/1866 1870/2228/1865 2082/2490/1886 2083/2491/1885
f 1876/2234/1847 1877/2235/1862 2080/2488/1882 2081/2489/1881
f 1881/2239/1860 1879/2237/1840 2078/2486/1878 2079/2487/1877
f 1873/2231/1853 1874/2232/1858 2076/2484/1874 2077/2485/1873
f 2099/2518/1851 2100/2519/1855 1001/1155/1029 1006/1161/1026
f 1004/1159/1023 2092/2503/1837 2102/2525/1859 1005/1160/1024
f 1004/1159/1023 1000/1154/1028 2096/2511/1845 2097/2513/1849
f 1003/1158/1027 2103/2527/1861 2095/2509/1846 1000/1154/1028
f 2103/2527/1861 1003/1158/1027 1002/1157/1031 2105/2531/1867
f 1009/1164/1025 1008/1163/1022 2104/2529/1863 2101/2523/1857
f 1000/1154/1028 2095/2509/1846 2096/2511/1845
f 2094/2507/1864 2104/2529/1863 1008/1163/1022 1007/1162/1021
f 1004/1159/1023 2097/2513/1849 2091/2501/1838
f 1006/1161/1026 1009/1164/1025 2098/2515/1852 2099/2518/1851
f 2130/2559/2114 2128/2556/2115 2112/2538/2116 2111/2537/2117
f 2115/2541/2118 2106/2532/2119 2107/2533/2120 2114/2540/2121
f 2134/2563/2122 2133/2562/2123 2110/2536/2124 2117/2544/2125
f 2169/2615/2126 2146/2581/2127 2145/2579/2128 2168/2614/2129
f 2135/2565/2130 2130/2559/2114 2111/2537/2117 2119/2546/2131
f 2152/2588/2132 2150/2586/2133 2106/2532/2119 2115/2541/2118
f 2158/2596/2134 2151/2587/2135 2108/2534/2136 2161/2600/2137
f 2154/2591/2138 2159/2597/2139 2162/2602/2140 2109/2535/2141
f 2150/2586/2133 2155/2592/2142 2107/2533/2120 2106/2532/2119
f 2155/2592/2142 2157/2595/2143 2114/2540/2121 2107/2533/2120
f 2151/2587/2135 2154/2591/2138 2109/2535/2141 2108/2534/2136
f 2128/2556/2115 2129/2558/2144 2116/2542/2145 2112/2538/2116
f 2133/2562/2123 2131/2560/2146 2113/2539/2147 2110/2536/2124
f 2131/2560/2146 2132/2561/2148 2118/2545/2149 2113/2539/2147
f 2152/2588/2132 2115/2541/2118 2146/2580/2127 2156/2594/2150
f 2145/2578/2128 2146/2580/2127 2115/2541/2118 2114/2540/2121
f 2153/2590/2151 2145/2578/2128 2114/2540/2121 2157/2595/2143
f 2134/2563/2122 2117/2544/2125 2116/2543/2145 2129/2557/2144
f 2135/2564/2130 2119/2547/2131 2118/2545/2149 2132/2561/2148
f 2143/2575/2152 2144/2577/2153 2127/2555/2154 2139/2570/2155
f 2142/2573/2156 2124/2552/2157 2147/2583/2158 2138/2569/2159
f 2141/2572/2160 2136/2566/2161 2122/2550/2162 2121/2549/2163
f 2137/2567/2164 2139/2570/2155 2127/2555/2154 2123/2551/2165
f 2140/2571/2166 2137/2567/2164 2123/2551/2165 2120/2548/2167
f 2136/2566/2161 2138/2568/2159 2147/2582/2158 2122/2550/2162
f 2143/2574/2152 2141/2572/2160 2121/2549/2163 2144/2576/2153
f 2142/2573/2156 2140/2571/2166 2120/2548/2167 2124/2552/2157
f 2046/2445/2089 2135/2564/2130 2132/2561/2148 2050/2452/2077
f 2042/2439/2087 2134/2563/2122 2129/2557/2144 2044/2441/2075
f 2035/2432/1960 2050/2452/2077 2132/2561/2148 2131/2560/2146
f 2040/2437/1961 2035/2432/1960 2131/2560/2146 2133/2562/2123
f 2029/2426/1948 2044/2442/2075 2129/2558/2144 2128/2556/2115
f 2046/2446/2089 2023/2420/1949 2130/2559/2114 2135/2565/2130
f 2042/2439/2087 2040/2437/1961 2133/2562/2123 2134/2563/2122
f 2023/2420/1949 2029/2426/1948 2128/2556/2115 2130/2559/2114
f 2117/2544/2125 2110/2536/2124 2140/2571/2166 2142/2573/2156
f 2119/2546/2131 2111/2537/2117 2141/2572/2160 2143/2574/2152
f 2112/2538/2116 2116/2542/2145 2138/2568/2159 2136/2566/2161
f 2110/2536/2124 2113/2539/2147 2137/2567/2164 2140/2571/2166
f 2113/2539/2147 2118/2545/2149 2139/2570/2155 2137/2567/2164
f 2111/2537/2117 2112/2538/2116 2136/2566/2161 2141/2572/2160
f 2117/2544/2125 2142/2573/2156 2138/2569/2159 2116/2543/2145
f 2119/2547/2131 2143/2575/2152 2139/2570/2155 2118/2545/2149
f 2108/2534/2136 2109/2535/2141 2162/2602/2140 2161/2600/2137
f 2173/2619/2168 2168/2614/2129 2145/2579/2128 2153/2589/2151
f 2172/2618/2169 2170/2616/2170 2147/2582/2158 2156/2593/2150
f 2175/2621/2171 2171/2617/2172 2121/2549/2163 2122/2550/2162
f 2170/2616/2170 2175/2621/2171 2122/2550/2162 2147/2582/2158
f 2171/2617/2172 2174/2620/2173 2144/2576/2153 2121/2549/2163
f 2169/2615/2126 2172/2618/2169 2156/2593/2150 2146/2581/2127
f 2174/2620/2173 2173/2619/2168 2153/2589/2151 2144/2576/2153
f 2144/2577/2153 2153/2590/2151 2157/2595/2143 2127/2555/2154
f 2124/2552/2157 2152/2588/2132 2156/2594/2150 2147/2583/2158
f 2149/2585/2174 2148/2584/2175 2154/2591/2138 2151/2587/2135
f 2123/2551/2165 2127/2555/2154 2157/2595/2143 2155/2592/2142
f 2120/2548/2167 2123/2551/2165 2155/2592/2142 2150/2586/2133
f 2148/2584/2175 2125/2553/2176 2159/2597/2139 2154/2591/2138
f 2126/2554/2177 2149/2585/2174 2151/2587/2135 2158/2596/2134
f 2124/2552/2157 2120/2548/2167 2150/2586/2133 2152/2588/2132
f 2126/2554/2177 2158/2596/2134 2167/2612/2178 2160/2598/2179
f 2162/2602/2140 2159/2597/2139 2166/2610/2180
f 2149/2585/2174 2126/2554/2177 2160/2598/2179 2165/2608/2181
f 2125/2553/2176 2148/2584/2175 2164/2606/2182 2163/2604/2183
f 2148/2584/2175 2149/2585/2174 2165/2608/2181 2164/2606/2182
f 2159/2597/2139 2125/2553/2176 2163/2604/2183 2166/2610/2180
f 2158/2596/2134 2161/2600/2137 2167/2612/2178
f 2160/2599/2179 2167/2613/2178 2173/2619/2168 2174/2620/2173
f 2162/2603/2140 2166/2611/2180 2172/2618/2169 2169/2615/2126
f 2165/2609/2181 2160/2599/2179 2174/2620/2173 2171/2617/2172
f 2163/2605/2183 2164/2607/2182 2175/2621/2171 2170/2616/2170
f 2164/2607/2182 2165/2609/2181 2171/2617/2172 2175/2621/2171
f 2166/2611/2180 2163/2605/2183 2170/2616/2170 2172/2618/2169
f 2167/2613/2178 2161/2601/2137 2168/2614/2129 2173/2619/2168
f 2162/2603/2140 2169/2615/2126 2168/2614/2129 2161/2601/2137
f 2200/2649/2184 2198/2646/2185 2182/2628/2186 2181/2627/2187
f 2185/2631/2188 2176/2622/2189 2177/2623/2190 2184/2630/2191
f 2204/2653/2192 2203/2652/2193 2180/2626/2194 2187/2634/2195
f 2239/2705/2196 2216/2671/2197 2215/2669/2198 2238/2704/2199
f 2205/2655/2200 2200/2649/2184 2181/2627/2187 2189/2636/2201
f 2222/2678/2202 2220/2676/2203 2176/2622/2189 2185/2631/2188
f 2228/2686/2204 2221/2677/2205 2178/2624/2206 2231/2690/2207
f 2224/2681/2208 2229/2687/2209 2232/2692/2210 2179/2625/2211
f 2220/2676/2203 2225/2682/2212 2177/2623/2190 2176/2622/2189
f 2225/2682/2212 2227/2685/2213 2184/2630/2191 2177/2623/2190
f 2221/2677/2205 2224/2681/2208 2179/2625/2211 2178/2624/2206
f 2198/2646/2185 2199/2648/2214 2186/2632/2215 2182/2628/2186
f 2203/2652/2193 2201/2650/2216 2183/2629/2217 2180/2626/2194
f 2201/2650/2216 2202/2651/2218 2188/2635/2219 2183/2629/2217
f 2222/2678/2202 2185/2631/2188 2216/2670/2197 2226/2684/2220
f 2215/2668/2198 2216/2670/2197 2185/2631/2188 2184/2630/2191
f 2223/2680/2221 2215/2668/2198 2184/2630/2191 2227/2685/2213
f 2204/2653/2192 2187/2634/2195 2186/2633/2215 2199/2647/2214
f 2205/2654/2200 2189/2637/2201 2188/2635/2219 2202/2651/2218
f 2213/2665/2222 2214/2667/2223 2197/2645/2224 2209/2660/2225
f 2212/2663/2226 2194/2642/2227 2217/2673/2228 2208/2659/2229
f 2211/2662/2230 2206/2656/2231 2192/2640/2232 2191/2639/2233
f 2207/2657/2234 2209/2660/2225 2197/2645/2224 2193/2641/2235
f 2210/2661/2236 2207/2657/2234 2193/2641/2235 2190/2638/2237
f 2206/2656/2231 2208/2658/2229 2217/2672/2228 2192/2640/2232
f 2213/2664/2222 2211/2662/2230 2191/2639/2233 2214/2666/2223
f 2212/2663/2226 2210/2661/2236 2190/2638/2237 2194/2642/2227
f 2055/2457/2083 2205/2654/2200 2202/2651/2218 2053/2455/2094
f 2049/2451/2079 2204/2653/2192 2199/2647/2214 2047/2447/2091
f 2032/2429/1942 2053/2455/2094 2202/2651/2218 2201/2650/2216
f 2034/2431/1943 2032/2429/1942 2201/2650/2216 2203/2652/2193
f 2024/2421/2050 2047/2448/2091 2199/2648/2214 2198/2646/2185
f 2055/2458/2083 2020/2417/2051 2200/2649/2184 2205/2655/2200
f 2049/2451/2079 2034/2431/1943 2203/2652/2193 2204/2653/2192
f 2020/2417/2051 2024/2421/2050 2198/2646/2185 2200/2649/2184
f 2187/2634/2195 2180/2626/2194 2210/2661/2236 2212/2663/2226
f 2189/2636/2201 2181/2627/2187 2211/2662/2230 2213/2664/2222
f 2182/2628/2186 2186/2632/2215 2208/2658/2229 2206/2656/2231
f 2180/2626/2194 2183/2629/2217 2207/2657/2234 2210/2661/2236
f 2183/2629/2217 2188/2635/2219 2209/2660/2225 2207/2657/2234
f 2181/2627/2187 2182/2628/2186 2206/2656/2231 2211/2662/2230
f 2187/2634/2195 2212/2663/2226 2208/2659/2229 2186/2633/2215
f 2189/2637/2201 2213/2665/2222 2209/2660/2225 2188/2635/2219
f 2178/2624/2206 2179/2625/2211 2232/2692/2210 2231/2690/2207
f 2243/2709/2238 2238/2704/2199 2215/2669/2198 2223/2679/2221
f 2242/2708/2239 2240/2706/2240 2217/2672/2228 2226/2683/2220
f 2245/2711/2241 2241/2707/2242 2191/2639/2233 2192/2640/2232
f 2240/2706/2240 2245/2711/2241 2192/2640/2232 2217/2672/2228
f 2241/2707/2242 2244/2710/2243 2214/2666/2223 2191/2639/2233
f 2239/2705/2196 2242/2708/2239 2226/2683/2220 2216/2671/2197
f 2244/2710/2243 2243/2709/2238 2223/2679/2221 2214/2666/2223
f 2214/2667/2223 2223/2680/2221 2227/2685/2213 2197/2645/2224
f 2194/2642/2227 2222/2678/2202 2226/2684/2220 2217/2673/2228
f 2219/2675/2244 2218/2674/2245 2224/2681/2208 2221/2677/2205
f 2193/2641/2235 2197/2645/2224 2227/2685/2213 2225/2682/2212
f 2190/2638/2237 2193/2641/2235 2225/2682/2212 2220/2676/2203
f 2218/2674/2245 2195/2643/2246 2229/2687/2209 2224/2681/2208
f 2196/2644/2247 2219/2675/2244 2221/2677/2205 2228/2686/2204
f 2194/2642/2227 2190/2638/2237 2220/2676/2203 2222/2678/2202
f 2196/2644/2247 2228/2686/2204 2237/2702/2248 2230/2688/2249
f 2232/2692/2210 2229/2687/2209 2236/2700/2250
f 2219/2675/2244 2196/2644/2247 2230/2688/2249 2235/2698/2251
f 2195/2643/2246 2218/2674/2245 2234/2696/2252 2233/2694/2253
f 2218/2674/2245 2219/2675/2244 2235/2698/2251 2234/2696/2252
f 2229/2687/2209 2195/2643/2246 2233/2694/2253 2236/2700/2250
f 2228/2686/2204 2231/2690/2207 2237/2702/2248
f 2230/2689/2249 2237/2703/2248 2243/2709/2238 2244/2710/2243
f 2232/2693/2210 2236/2701/2250 2242/2708/2239 2239/2705/2196
f 2235/2699/2251 2230/2689/2249 2244/2710/2243 2241/2707/2242
f 2233/2695/2253 2234/2697/2252 2245/2711/2241 2240/2706/2240
f 2234/2697/2252 2235/2699/2251 2241/2707/2242 2245/2711/2241
f 2236/2701/2250 2233/2695/2253 2240/2706/2240 2242/2708/2239
f 2237/2703/2248 2231/2691/2207 2238/2704/2199 2243/2709/2238
f 2232/2693/2210 2239/2705/2196 2238/2704/2199 2231/2691/2207
f 2270/2739/2254 2268/2736/2255 2252/2718/2256 2251/2717/2257
f 2255/2721/2258 2246/2712/2259 2247/2713/2260 2254/2720/2261
f 2274/2743/2262 2273/2742/2263 2250/2716/2264 2257/2724/2265
f 2309/2795/2266 2286/2761/2267 2285/2759/2268 2308/2794/2269
f 2275/2745/2270 2270/2739/2254 2251/2717/2257 2259/2726/2271
f 2292/2768/2272 2290/2766/2273 2246/2712/2259 2255/2721/2258
f 2298/2776/2274 2291/2767/2275 2248/2714/2276 2301/2780/2277
f 2294/2771/2278 2299/2777/2279 2302/2782/2280 2249/2715/2281
f 2290/2766/2273 2295/2772/2282 2247/2713/2260 2246/2712/2259
f 2295/2772/2282 2297/2775/2283 2254/2720/2261 2247/2713/2260
f 2291/2767/2275 2294/2771/2278 2249/2715/2281 2248/2714/2276
f 2268/2736/2255 2269/2738/2284 2256/2722/2285 2252/2718/2256
f 2273/2742/2263 2271/2740/2286 2253/2719/2287 2250/2716/2264
f 2271/2740/2286 2272/2741/2288 2258/2725/2289 2253/2719/2287
f 2292/2768/2272 2255/2721/2258 2286/2760/2267 2296/2774/2290
f 2285/2758/2268 2286/2760/2267 2255/2721/2258 2254/2720/2261
f 2293/2770/2291 2285/2758/2268 2254/2720/2261 2297/2775/2283
f 2274/2743/2262 2257/2724/2265 2256/2723/2285 2269/2737/2284
f 2275/2744/2270 2259/2727/2271 2258/2725/2289 2272/2741/2288
f 2283/2755/2292 2284/2757/2293 2267/2735/2294 2279/2750/2295
f 2282/2753/2296 2264/2732/2297 2287/2763/2298 2278/2749/2299
f 2281/2752/2300 2276/2746/2301 2262/2730/2302 2261/2729/2303
f 2277/2747/2304 2279/2750/2295 2267/2735/2294 2263/2731/2305
f 2280/2751/2306 2277/2747/2304 2263/2731/2305 2260/2728/2307
f 2276/2746/2301 2278/2748/2299 2287/2762/2298 2262/2730/2302
f 2283/2754/2292 2281/2752/2300 2261/2729/2303 2284/2756/2293
f 2282/2753/2296 2280/2751/2306 2260/2728/2307 2264/2732/2297
f 2058/2463/2095 2275/2744/2270 2272/2741/2288 2062/2470/2084
f 2052/2454/2092 2274/2743/2262 2269/2737/2284 2056/2459/2080
f 2038/2435/1966 2062/2470/2084 2272/2741/2288 2271/2740/2286
f 2031/2428/1967 2038/2435/1966 2271/2740/2286 2273/2742/2263
f 2021/2418/2047 2056/2460/2080 2269/2738/2284 2268/2736/2255
f 2058/2464/2095 2026/2423/2048 2270/2739/2254 2275/2745/2270
f 2052/2454/2092 2031/2428/1967 2273/2742/2263 2274/2743/2262
f 2026/2423/2048 2021/2418/2047 2268/2736/2255 2270/2739/2254
f 2257/2724/2265 2250/2716/2264 2280/2751/2306 2282/2753/2296
f 2259/2726/2271 2251/2717/2257 2281/2752/2300 2283/2754/2292
f 2252/2718/2256 2256/2722/2285 2278/2748/2299 2276/2746/2301
f 2250/2716/2264 2253/2719/2287 2277/2747/2304 2280/2751/2306
f 2253/2719/2287 2258/2725/2289 2279/2750/2295 2277/2747/2304
f 2251/2717/2257 2252/2718/2256 2276/2746/2301 2281/2752/2300
f 2257/2724/2265 2282/2753/2296 2278/2749/2299 2256/2723/2285
f 2259/2727/2271 2283/2755/2292 2279/2750/2295 2258/2725/2289
f 2248/2714/2276 2249/2715/2281 2302/2782/2280 2301/2780/2277
f 2313/2799/2308 2308/2794/2269 2285/2759/2268 2293/2769/2291
f 2312/2798/2309 2310/2796/2310 2287/2762/2298 2296/2773/2290
f 2315/2801/2311 2311/2797/2312 2261/2729/2303 2262/2730/2302
f 2310/2796/2310 2315/2801/2311 2262/2730/2302 2287/2762/2298
f 2311/2797/2312 2314/2800/2313 2284/2756/2293 2261/2729/2303
f 2309/2795/2266 2312/2798/2309 2296/2773/2290 2286/2761/2267
f 2314/2800/2313 2313/2799/2308 2293/2769/2291 2284/2756/2293
f 2284/2757/2293 2293/2770/2291 2297/2775/2283 2267/2735/2294
f 2264/2732/2297 2292/2768/2272 2296/2774/2290 2287/2763/2298
f 2289/2765/2314 2288/2764/2315 2294/2771/2278 2291/2767/2275
f 2263/2731/2305 2267/2735/2294 2297/2775/2283 2295/2772/2282
f 2260/2728/2307 2263/2731/2305 2295/2772/2282 2290/2766/2273
f 2288/2764/2315 2265/2733/2316 2299/2777/2279 2294/2771/2278
f 2266/2734/2317 2289/2765/2314 2291/2767/2275 2298/2776/2274
f 2264/2732/2297 2260/2728/2307 2290/2766/2273 2292/2768/2272
f 2266/2734/2317 2298/2776/2274 2307/2792/2318 2300/2778/2319
f 2302/2782/2280 2299/2777/2279 2306/2790/2320
f 2289/2765/2314 2266/2734/2317 2300/2778/2319 2305/2788/2321
f 2265/2733/2316 2288/2764/2315 2304/2786/2322 2303/2784/2323
f 2288/2764/2315 2289/2765/2314 2305/2788/2321 2304/2786/2322
f 2299/2777/2279 2265/2733/2316 2303/2784/2323 2306/2790/2320
f 2298/2776/2274 2301/2780/2277 2307/2792/2318
f 2300/2779/2319 2307/2793/2318 2313/2799/2308 2314/2800/2313
f 2302/2783/2280 2306/2791/2320 2312/2798/2309 2309/2795/2266
f 2305/2789/2321 2300/2779/2319 2314/2800/2313 2311/2797/2312
f 2303/2785/2323 2304/2787/2322 2315/2801/2311 2310/2796/2310
f 2304/2787/2322 2305/2789/2321 2311/2797/2312 2315/2801/2311
f 2306/2791/2320 2303/2785/2323 2310/2796/2310 2312/2798/2309
f 2307/2793/2318 2301/2781/2277 2308/2794/2269 2313/2799/2308
f 2302/2783/2280 2309/2795/2266 2308/2794/2269 2301/2781/2277
f 2340/2829/2324 2338/2826/2325 2322/2808/2326 2321/2807/2327
f 2325/2811/2328 2316/2802/2329 2317/2803/2330 2324/2810/2331
f 2344/2833/2332 2343/2832/2333 2320/2806/2334 2327/2814/2335
f 2379/2885/2336 2356/2851/2337 2355/2849/2338 2378/2884/2339
f 2345/2835/2340 2340/2829/2324 2321/2807/2327 2329/2816/2341
f 2362/2858/2342 2360/2856/2343 2316/2802/2329 2325/2811/2328
f 2368/2866/2344 2361/2857/2345 2318/2804/2346 2371/2870/2347
f 2364/2861/2348 2369/2867/2349 2372/2872/2350 2319/2805/2351
f 2360/2856/2343 2365/2862/2352 2317/2803/2330 2316/2802/2329
f 2365/2862/2352 2367/2865/2353 2324/2810/2331 2317/2803/2330
f 2361/2857/2345 2364/2861/2348 2319/2805/2351 2318/2804/2346
f 2338/2826/2325 2339/2828/2354 2326/2812/2355 2322/2808/2326
f 2343/2832/2333 2341/2830/2356 2323/2809/2357 2320/2806/2334
f 2341/2830/2356 2342/2831/2358 2328/2815/2359 2323/2809/2357
f 2362/2858/2342 2325/2811/2328 2356/2850/2337 2366/2864/2360
f 2355/2848/2338 2356/2850/2337 2325/2811/2328 2324/2810/2331
f 2363/2860/2361 2355/2848/2338 2324/2810/2331 2367/2865/2353
f 2344/2833/2332 2327/2814/2335 2326/2813/2355 2339/2827/2354
f 2345/2834/2340 2329/2817/2341 2328/2815/2359 2342/2831/2358
f 2353/2845/2362 2354/2847/2363 2337/2825/2364 2349/2840/2365
f 2352/2843/2366 2334/2822/2367 2357/2853/2368 2348/2839/2369
f 2351/2842/2370 2346/2836/2371 2332/2820/2372 2331/2819/2373
f 2347/2837/2374 2349/2840/2365 2337/2825/2364 2333/2821/2375
f 2350/2841/2376 2347/2837/2374 2333/2821/2375 2330/2818/2377
f 2346/2836/2371 2348/2838/2369 2357/2852/2368 2332/2820/2372
f 2353/2844/2362 2351/2842/2370 2331/2819/2373 2354/2846/2363
f 2352/2843/2366 2350/2841/2376 2330/2818/2377 2334/2822/2367
f 2002/2396/1953 2345/2834/2340 2342/2831/2358 2003/2398/2057
f 2061/2469/2086 2344/2833/2332 2339/2827/2354 2059/2465/2097
f 1896/2254/1964 2003/2398/2057 2342/2831/2358 2341/2830/2356
f 2037/2434/1965 1896/2254/1964 2341/2830/2356 2343/2832/2333
f 2027/2424/2049 2059/2466/2097 2339/2828/2354 2338/2826/2325
f 2002/2397/1953 1894/2252/1952 2340/2829/2324 2345/2835/2340
f 2061/2469/2086 2037/2434/1965 2343/2832/2333 2344/2833/2332
f 1894/2252/1952 2027/2424/2049 2338/2826/2325 2340/2829/2324
f 2327/2814/2335 2320/2806/2334 2350/2841/2376 2352/2843/2366
f 2329/2816/2341 2321/2807/2327 2351/2842/2370 2353/2844/2362
f 2322/2808/2326 2326/2812/2355 2348/2838/2369 2346/2836/2371
f 2320/2806/2334 2323/2809/2357 2347/2837/2374 2350/2841/2376
f 2323/2809/2357 2328/2815/2359 2349/2840/2365 2347/2837/2374
f 2321/2807/2327 2322/2808/2326 2346/2836/2371 2351/2842/2370
f 2327/2814/2335 2352/2843/2366 2348/2839/2369 2326/2813/2355
f 2329/2817/2341 2353/2845/2362 2349/2840/2365 2328/2815/2359
f 2318/2804/2346 2319/2805/2351 2372/2872/2350 2371/2870/2347
f 2383/2889/2378 2378/2884/2339 2355/2849/2338 2363/2859/2361
f 2382/2888/2379 2380/2886/2380 2357/2852/2368 2366/2863/2360
f 2385/2891/2381 2381/2887/2382 2331/2819/2373 2332/2820/2372
f 2380/2886/2380 2385/2891/2381 2332/2820/2372 2357/2852/2368
f 2381/2887/2382 2384/2890/2383 2354/2846/2363 2331/2819/2373
f 2379/2885/2336 2382/2888/2379 2366/2863/2360 2356/2851/2337
f 2384/2890/2383 2383/2889/2378 2363/2859/2361 2354/2846/2363
f 2354/2847/2363 2363/2860/2361 2367/2865/2353 2337/2825/2364
f 2334/2822/2367 2362/2858/2342 2366/2864/2360 2357/2853/2368
f 2359/2855/2384 2358/2854/2385 2364/2861/2348 2361/2857/2345
f 2333/2821/2375 2337/2825/2364 2367/2865/2353 2365/2862/2352
f 2330/2818/2377 2333/2821/2375 2365/2862/2352 2360/2856/2343
f 2358/2854/2385 2335/2823/2386 2369/2867/2349 2364/2861/2348
f 2336/2824/2387 2359/2855/2384 2361/2857/2345 2368/2866/2344
f 2334/2822/2367 2330/2818/2377 2360/2856/2343 2362/2858/2342
f 2336/2824/2387 2368/2866/2344 2377/2882/2388 2370/2868/2389
f 2372/2872/2350 2369/2867/2349 2376/2880/2390
f 2359/2855/2384 2336/2824/2387 2370/2868/2389 2375/2878/2391
f 2335/2823/2386 2358/2854/2385 2374/2876/2392 2373/2874/2393
f 2358/2854/2385 2359/2855/2384 2375/2878/2391 2374/2876/2392
f 2369/2867/2349 2335/2823/2386 2373/2874/2393 2376/2880/2390
f 2368/2866/2344 2371/2870/2347 2377/2882/2388
f 2370/2869/2389 2377/2883/2388 2383/2889/2378 2384/2890/2383
f 2372/2873/2350 2376/2881/2390 2382/2888/2379 2379/2885/2336
f 2375/2879/2391 2370/2869/2389 2384/2890/2383 2381/2887/2382
f 2373/2875/2393 2374/2877/2392 2385/2891/2381 2380/2886/2380
f 2374/2877/2392 2375/2879/2391 2381/2887/2382 2385/2891/2381
f 2376/2881/2390 2373/2875/2393 2380/2886/2380 2382/2888/2379
f 2377/2883/2388 2371/2871/2347 2378/2884/2339 2383/2889/2378
f 2372/2873/2350 2379/2885/2336 2378/2884/2339 2371/2871/2347
f 2391/2897/2110 2388/2894/2394 2387/2893/1843 2386/2892/2111
f 2386/2892/2111 2387/2893/1843 2389/2895/1842 2390/2896/2395
f 1871/2229/1844 2387/2893/1843 2388/2894/2394 2093/2504/1869
f 2093/2504/1869 2388/2894/2394 2391/2897/2110 2094/2506/1864
f 2082/2490/1886 2390/2896/2395 2389/2895/1842 2087/2495/1841
f 1870/2228/1865 2386/2892/2111 2390/2896/2395 2082/2490/1886
f 2394/2900/2113 2397/2903/2112 2393/2899/1872 2392/2898/2396
f 2392/2898/2396 2393/2899/1872 2396/2902/1871 2395/2901/2397
f 2084/2492/1889 2395/2901/2397 2396/2902/1871 2088/2496/1870
f 1878/2236/1868 2392/2898/2396 2395/2901/2397 2084/2492/1889
f 1880/2238/1856 2393/2899/1872 2397/2903/2112 2100/2520/1855
f 2105/2530/1867 2394/2900/2113 2392/2898/2396 1878/2236/1868
f 1009/1164/1025 2101/2523/1857 2098/2515/1852
f 1004/1159/1023 2091/2501/1838 2092/2503/1837
f 1007/1162/1021 2093/2505/1869 2094/2507/1864
f 1002/1157/1031 999/1153/1030 2105/2531/1867
f 2100/2521/1855 2105/2531/1867 999/1153/1030 1001/1156/1029
f 1005/1160/1024 2102/2525/1859 2093/2505/1869 1007/1162/1021
f 3/6/5 2/4/1 2399/2905/2398 2400/2906/2399
f 37/53/47 85/104/44 2416/2922/2400 2413/2919/2401
f 33/45/36 32/43/34 2408/2914/2402 2409/2915/2403
f 31/41/32 30/39/31 2406/2912/2404 2407/2913/2405
f 28/35/22 8/14/17 2403/2909/2406 2404/2910/2407
f 5/9/188 3/6/5 2400/2906/2399 2401/2907/2408
f 35/49/40 34/47/38 2410/2916/2409 2411/2917/2410
f 1/2/4 38/55/50 2414/2920/2411 2398/2904/2412
f 83/101/48 37/53/47 2413/2919/2401 2415/2921/2413
f 38/55/50 83/101/48 2415/2921/2413 2414/2920/2411
f 87/107/24 28/35/22 2404/2910/2407 2417/2923/2414
f 29/37/73 314/378/101 2418/2924/2415 2405/2911/2416
f 7/12/20 5/9/188 2401/2907/2408 2402/2908/2417
f 314/378/101 87/107/24 2417/2923/2414 2418/2924/2415
f 8/14/17 7/12/20 2402/2908/2417 2403/2909/2406
f 36/51/42 35/49/40 2411/2917/2410 2412/2918/2418
f 85/104/44 36/51/42 2412/2918/2418 2416/2922/2400
f 32/43/34 31/41/32 2407/2913/2405 2408/2914/2402
f 2/4/1 1/2/4 2398/2904/2412 2399/2905/2398
f 34/47/38 33/45/36 2409/2915/2403 2410/2916/2409
f 30/39/31 29/37/73 2405/2911/2416 2406/2912/2404
f 2413/2919/2401 2416/2922/2400 2437/2943/2419 2434/2940/2420
f 2402/2908/2417 2401/2907/2408 2422/2928/2421 2423/2929/2422
f 2417/2923/2414 2404/2910/2407 2425/2931/2423 2438/2944/2424
f 2404/2910/2407 2403/2909/2406 2424/2930/2425 2425/2931/2423
f 2403/2909/2406 2402/2908/2417 2423/2929/2422 2424/2930/2425
f 2406/2912/2404 2405/2911/2416 2426/2932/2426 2427/2933/2427
f 2414/2920/2411 2415/2921/2413 2436/2942/2428 2435/2941/2429
f 2410/2916/2409 2409/2915/2403 2430/2936/2430 2431/2937/2431
f 2418/2924/2415 2417/2923/2414 2438/2944/2424 2439/2945/2432
f 2405/2911/2416 2418/2924/2415 2439/2945/2432 2426/2932/2426
f 2409/2915/2403 2408/2914/2402 2429/2935/2433 2430/2936/2430
f 2407/2913/2405 2406/2912/2404 2427/2933/2427 2428/2934/2434
f 2411/2917/2410 2410/2916/2409 2431/2937/2431 2432/2938/2435
f 2399/2905/2398 2398/2904/2412 2419/2925/2436 2420/2926/2437
f 2398/2904/2412 2414/2920/2411 2435/2941/2429 2419/2925/2436
f 2412/2918/2418 2411/2917/2410 2432/2938/2435 2433/2939/2438
f 2400/2906/2399 2399/2905/2398 2420/2926/2437 2421/2927/2439
f 2415/2921/2413 2413/2919/2401 2434/2940/2420 2436/2942/2428
f 2408/2914/2402 2407/2913/2405 2428/2934/2434 2429/2935/2433
f 2401/2907/2408 2400/2906/2399 2421/2927/2439 2422/2928/2421
f 2416/2922/2400 2412/2918/2418 2433/2939/2438 2437/2943/2419
f 2419/2925/2436 2435/2941/2429 2436/2942/2428 2434/2940/2420 2437/2943/2419 2433/2939/2438 2432/2938/2435 2431/2937/2431 2430/2936/2430 2429/2935/2433 2428/2934/2434 2427/2933/2427 2426/2932/2426 2439/2945/2432 2438/2944/2424 2425/2931/2423 2424/2930/2425 2423/2929/2422 2422/2928/2421 2421/2927/2439 2420/2926/2437
f 2441/2948/2440 2440/2946/2441 2458/2970/2442 2459/2971/2443
f 2442/2950/2444 2441/2948/2440 2459/2971/2443 2460/2972/2445
f 2481/3004/2446 2480/3003/2447 2501/3024/2448 2503/3026/2449
f 2483/3006/2450 2481/3004/2446 2503/3026/2449 2505/3028/2451
f 2526/3052/2452 2463/2975/2453 2728/3293/2454 2527/3053/2455
f 2446/2957/2456 2445/2955/2457 2464/2976/2458 2465/2977/2459
f 2447/2959/2460 2466/2978/2461 2446/2957/2456 2465/2977/2459
f 2524/3049/2462 2525/3050/2463 2466/2978/2461 2447/2959/2460
f 2667/3227/2464 2687/3247/2465 2686/3246/2466 2669/3229/2467
f 2450/2962/2468 2469/2984/2469 2468/2982/2470 2449/2961/2471
f 2451/2963/2472 2470/2986/2473 2469/2984/2469 2450/2962/2468
f 2452/2964/2474 2471/2988/2475 2470/2986/2473 2451/2963/2472
f 2453/2965/2476 2472/2990/2477 2471/2988/2475 2452/2964/2474
f 2454/2966/2478 2473/2992/2479 2472/2990/2477 2453/2965/2476
f 2455/2967/2480 2474/2994/2481 2473/2992/2479 2454/2966/2478
f 2522/3046/2482 2523/3047/2483 2474/2994/2481 2455/2967/2480
f 2520/3043/2484 2521/3044/2485 2475/2996/2486 2456/2968/2487
f 2440/2946/2441 2476/2998/2488 2457/2969/2489 2458/2970/2442
f 2478/3001/2490 2477/3000/2491 2498/3021/2492 2499/3022/2493
f 2479/3002/2494 2478/3001/2490 2499/3022/2493 2500/3023/2495
f 2480/3003/2447 2479/3002/2494 2500/3023/2495 2501/3024/2448
f 2462/2974/2496 2460/2972/2445 2480/3003/2447 2481/3004/2446
f 2482/3005/2497 2502/3025/2498 2725/3290/2499 2724/3289/2500
f 2464/2976/2458 2462/2974/2496 2481/3004/2446 2483/3006/2450
f 2731/3296/2501 2482/3005/2497 2724/3289/2500 2723/3288/2502
f 2484/3007/2503 2483/3006/2450 2505/3028/2451 2506/3029/2504
f 2485/3008/2505 2507/3030/2506 2484/3007/2503 2506/3029/2504
f 2486/3009/2507 2508/3031/2508 2507/3030/2506 2485/3008/2505
f 2720/3285/2509 2721/3286/2510 2508/3031/2508 2486/3009/2507
f 2449/2961/2471 2468/2982/2470 2467/2980/2511 2448/2960/2512
f 2489/3012/2513 2511/3034/2514 2510/3033/2515 2488/3011/2516
f 2490/3013/2517 2512/3035/2518 2511/3034/2514 2489/3012/2513
f 2491/3014/2519 2513/3036/2520 2512/3035/2518 2490/3013/2517
f 2492/3015/2521 2514/3037/2522 2513/3036/2520 2491/3014/2519
f 2493/3016/2523 2515/3038/2524 2514/3037/2522 2492/3015/2521
f 2494/3017/2525 2516/3039/2526 2515/3038/2524 2493/3016/2523
f 2495/3018/2527 2517/3040/2528 2516/3039/2526 2494/3017/2525
f 2496/3019/2529 2518/3041/2530 2517/3040/2528 2495/3018/2527
f 2497/3020/2531 2519/3042/2532 2518/3041/2530 2496/3019/2529
f 2477/3000/2491 2519/3042/2532 2497/3020/2531 2498/3021/2492
f 2457/2969/2489 2476/2998/2488 2521/3044/2485 2520/3043/2484
f 2456/2968/2487 2475/2996/2486 2523/3047/2483 2522/3046/2482
f 2458/2970/2442 2457/2969/2489 2477/3000/2491 2478/3001/2490
f 2459/2971/2443 2458/2970/2442 2478/3001/2490 2479/3002/2494
f 2460/2972/2445 2459/2971/2443 2479/3002/2494 2480/3003/2447
f 2530/3056/2533 2680/3240/2534 2503/3026/2449 2501/3024/2448
f 2679/3239/2535 2502/3025/2498 2482/3005/2497 2681/3241/2536
f 2680/3240/2534 2682/3242/2537 2505/3028/2451 2503/3026/2449
f 2681/3241/2536 2482/3005/2497 2731/3296/2501 2730/3295/2538
f 2465/2977/2459 2464/2976/2458 2483/3006/2450 2484/3007/2503
f 2447/2959/2460 2465/2977/2459 2484/3007/2503 2507/3030/2506
f 2718/3282/2539 2719/3283/2540 2525/3050/2463 2524/3049/2462
f 2508/3031/2508 2524/3049/2462 2447/2959/2460 2507/3030/2506
f 2718/3282/2539 2524/3049/2462 2508/3031/2508 2721/3286/2510
f 2488/3011/2516 2510/3033/2515 2509/3032/2541 2487/3010/2542
f 2450/2962/2468 2449/2961/2471 2510/3033/2515 2511/3034/2514
f 2451/2963/2472 2450/2962/2468 2511/3034/2514 2512/3035/2518
f 2452/2964/2474 2451/2963/2472 2512/3035/2518 2513/3036/2520
f 2453/2965/2476 2452/2964/2474 2513/3036/2520 2514/3037/2522
f 2454/2966/2478 2453/2965/2476 2514/3037/2522 2515/3038/2524
f 2455/2967/2480 2454/2966/2478 2515/3038/2524 2516/3039/2526
f 2517/3040/2528 2522/3046/2482 2455/2967/2480 2516/3039/2526
f 2456/2968/2487 2522/3046/2482 2517/3040/2528 2518/3041/2530
f 2519/3042/2532 2520/3043/2484 2456/2968/2487 2518/3041/2530
f 2520/3043/2484 2519/3042/2532 2477/3000/2491 2457/2969/2489
f 2573/3111/2543 101/121/107 100/120/106 2572/3110/2544
f 2527/3053/2455 2529/3055/2545 2574/3112/2546 2573/3111/2543
f 4/7/110 161/195/113 2538/3064/2547 2461/2973/2548
f 2582/3120/2549 104/124/116 103/123/115 2574/3112/2546
f 2575/3113/2550 105/125/118 104/124/116 2582/3120/2549
f 2576/3114/2551 106/126/120 105/125/118 2575/3113/2550
f 2577/3115/2552 107/127/122 106/126/120 2576/3114/2551
f 2578/3116/2553 108/128/124 107/127/122 2577/3115/2552
f 2580/3118/2554 109/129/126 108/128/124 2578/3116/2553
f 2581/3119/2555 110/130/128 109/129/126 2580/3118/2554
f 2579/3117/2556 111/131/130 110/130/128 2581/3119/2555
f 2554/3087/2557 131/160/134 121/148/133 2546/3078/2558
f 2554/3087/2557 2546/3078/2558 2540/3066/2559 2553/3086/2560
f 2555/3088/2561 2548/3081/2562 2547/3080/2563 2553/3086/2560
f 2556/3089/2564 2549/3082/2565 2548/3081/2562 2555/3088/2561
f 2557/3090/2566 2550/3083/2567 2549/3082/2565 2556/3089/2564
f 2558/3091/2568 2551/3084/2569 2550/3083/2567 2557/3090/2566
f 2559/3092/2570 2552/3085/2571 2551/3084/2569 2558/3091/2568
f 138/167/148 129/158/149 2552/3085/2571 2559/3092/2570
f 120/146/150 138/167/148 2559/3092/2570 2545/3076/2572
f 2545/3076/2572 2559/3092/2570 2558/3091/2568 2544/3074/2573
f 2544/3074/2573 2558/3091/2568 2557/3090/2566 2543/3072/2574
f 2543/3072/2574 2557/3090/2566 2556/3089/2564 2542/3070/2575
f 2542/3070/2575 2556/3089/2564 2555/3088/2561 2541/3068/2576
f 2541/3068/2576 2555/3088/2561 2553/3086/2560 2540/3066/2559
f 2539/3065/2577 2554/3087/2557 2553/3086/2560 2547/3080/2563
f 2539/3065/2577 112/132/157 131/160/134 2554/3087/2557
f 2537/3063/2578 2570/3107/2579 2561/3094/2580 2583/3121/2581
f 2570/3107/2579 2585/3123/2582 2584/3122/2583 2561/3094/2580
f 2563/3097/2584 152/185/167 151/184/166 2562/3095/2585
f 2564/3099/2586 153/186/169 152/185/167 2563/3097/2584
f 2565/3101/2587 154/187/171 153/186/169 2564/3099/2586
f 2591/3129/2588 2567/3104/2589 2565/3101/2587 2590/3128/2590
f 2560/3093/2591 2583/3121/2581 2566/3102/2592 2562/3095/2585
f 2568/3105/2593 157/191/179 156/190/178 2567/3104/2589
f 2569/3106/2594 158/192/181 157/191/179 2568/3105/2593
f 2537/3063/2578 2579/3117/2556 2581/3119/2555 2536/3062/2595
f 2536/3062/2595 2581/3119/2555 2580/3118/2554 2535/3061/2596
f 2535/3061/2596 2580/3118/2554 2578/3116/2553 2534/3060/2597
f 2534/3060/2597 2578/3116/2553 2577/3115/2552 2533/3059/2598
f 2533/3059/2598 2577/3115/2552 2576/3114/2551 2532/3058/2599
f 2532/3058/2599 2576/3114/2551 2575/3113/2550 2531/3057/2600
f 2531/3057/2600 2575/3113/2550 2582/3120/2549 2530/3056/2533
f 2530/3056/2533 2582/3120/2549 2574/3112/2546 2529/3055/2545
f 2443/2952/2601 2442/2950/2444 2460/2972/2445 2462/2974/2496
f 2527/3053/2455 2573/3111/2543 2572/3110/2544 2526/3052/2452
f 111/131/130 2579/3117/2556 2560/3093/2591 149/182/189
f 2579/3117/2556 2537/3063/2578 2583/3121/2581 2560/3093/2591
f 2562/3095/2585 151/184/166 149/182/189 2560/3093/2591
f 2585/3123/2582 2587/3125/2602 2586/3124/2603 2584/3122/2583
f 2587/3125/2602 2589/3127/2604 2588/3126/2605 2586/3124/2603
f 2589/3127/2604 2591/3129/2588 2590/3128/2590 2588/3126/2605
f 2567/3104/2589 156/190/178 154/187/171 2565/3101/2587
f 2583/3121/2581 2561/3094/2580 2571/3108/2606 2566/3102/2592
f 2561/3094/2580 2584/3122/2583 2592/3130/2607 2571/3108/2606
f 2584/3122/2583 2586/3124/2603 2593/3132/2608 2592/3130/2607
f 2586/3124/2603 2588/3126/2605 2594/3134/2609 2593/3132/2608
f 2588/3126/2605 2590/3128/2590 2595/3136/2610 2594/3134/2609
f 2564/3099/2586 2595/3136/2610 2590/3128/2590 2565/3101/2587
f 2571/3109/2606 2600/3142/2611 2599/3141/2612 2566/3103/2592
f 2564/3100/2586 2598/3140/2613 2604/3146/2614 2595/3137/2610
f 2593/3133/2608 2602/3144/2615 2601/3143/2616 2592/3131/2607
f 2562/3096/2585 2596/3138/2617 2597/3139/2618 2563/3098/2584
f 2595/3137/2610 2604/3146/2614 2603/3145/2619 2594/3135/2609
f 2566/3103/2592 2599/3141/2612 2596/3138/2617 2562/3096/2585
f 2563/3098/2584 2597/3139/2618 2598/3140/2613 2564/3100/2586
f 2592/3131/2607 2601/3143/2616 2600/3142/2611 2571/3109/2606
f 2594/3135/2609 2603/3145/2619 2602/3144/2615 2593/3133/2608
f 121/149/133 158/192/181 2569/3106/2594 2546/3079/2558
f 2587/3125/2602 2585/3123/2582 2613/3155/2620 2614/3156/2621
f 2607/3149/2622 2587/3125/2602 2614/3156/2621 2615/3157/2623
f 2608/3150/2624 2607/3149/2622 2615/3157/2623 2616/3158/2625
f 2624/3166/2626 2608/3150/2624 2616/3158/2625 2617/3159/2627
f 2606/3148/2628 2624/3166/2626 2617/3159/2627 2618/3160/2629
f 2611/3153/2630 2606/3148/2628 2618/3160/2629 2619/3161/2631
f 2612/3154/2632 2611/3153/2630 2619/3161/2631 2620/3162/2633
f 2609/3151/2634 2612/3154/2632 2620/3162/2633 2610/3152/2635
f 2585/3123/2582 2570/3107/2579 2622/3164/2636 2613/3155/2620
f 2536/3062/2595 2622/3164/2636 2570/3107/2579 2537/3063/2578
f 2546/3079/2558 2569/3106/2594 2605/3147/2637 2540/3067/2559
f 2540/3067/2559 2605/3147/2637 2621/3163/2638 2541/3069/2576
f 2541/3069/2576 2621/3163/2638 2627/3169/2639 2542/3071/2575
f 2542/3071/2575 2627/3169/2639 2624/3166/2626 2606/3148/2628
f 2568/3105/2593 2625/3167/2640 2605/3147/2637 2569/3106/2594
f 2625/3167/2640 2623/3165/2641 2621/3163/2638 2605/3147/2637
f 2623/3165/2641 2607/3149/2622 2627/3169/2639 2621/3163/2638
f 2591/3129/2588 2589/3127/2604 2623/3165/2641 2625/3167/2640
f 2567/3104/2589 2591/3129/2588 2625/3167/2640 2568/3105/2593
f 2589/3127/2604 2587/3125/2602 2607/3149/2622 2623/3165/2641
f 2608/3150/2624 2624/3166/2626 2627/3169/2639 2607/3149/2622
f 201/239/230 2609/3151/2634 2610/3152/2635 210/248/231
f 2543/3073/2574 2542/3071/2575 2606/3148/2628 2611/3153/2630
f 2544/3075/2573 2543/3073/2574 2611/3153/2630 2612/3154/2632
f 2545/3077/2572 2544/3075/2573 2612/3154/2632 2609/3151/2634
f 120/147/150 2545/3077/2572 2609/3151/2634 201/239/230
f 2601/3143/2616 2626/3168/2642 2600/3142/2611
f 2598/3140/2613 2626/3168/2642 2604/3146/2614
f 2602/3144/2615 2626/3168/2642 2601/3143/2616
f 2599/3141/2612 2626/3168/2642 2596/3138/2617
f 2596/3138/2617 2626/3168/2642 2597/3139/2618
f 2603/3145/2619 2626/3168/2642 2602/3144/2615
f 2600/3142/2611 2626/3168/2642 2599/3141/2612
f 2597/3139/2618 2626/3168/2642 2598/3140/2613
f 2604/3146/2614 2626/3168/2642 2603/3145/2619
f 2737/3303/2643 2740/3307/2644 2644/3202/2645 2628/3170/2646
f 2733/3298/2647 2734/3300/2648 2645/3203/2649 2629/3172/2650
f 2631/3176/2651 2647/3205/2652 2646/3204/2653 2630/3174/2654
f 2632/3178/2655 2648/3206/2656 2647/3205/2652 2631/3176/2651
f 2633/3180/2657 2649/3207/2658 2648/3206/2656 2632/3178/2655
f 2634/3182/2659 2650/3208/2660 2649/3207/2658 2633/3180/2657
f 2635/3184/2661 2651/3209/2662 2650/3208/2660 2634/3182/2659
f 2660/3219/2663 2661/3220/2664 2651/3209/2662 2635/3184/2661
f 2653/3211/2665 2667/3227/2464 2669/3229/2467 2661/3220/2664
f 2711/3273/2666 2710/3272/2667 2653/3211/2665 2637/3189/2668
f 2639/3192/2669 2655/3213/2670 2654/3212/2671 2638/3190/2672
f 2699/3259/2673 2700/3261/2674 2655/3213/2670 2639/3192/2669
f 2641/3196/2675 2657/3215/2676 2656/3214/2677 2640/3194/2678
f 2642/3198/2679 2658/3216/2680 2657/3215/2676 2641/3196/2675
f 2643/3200/2681 2659/3217/2682 2658/3216/2680 2642/3198/2679
f 2662/3221/2683 2663/3223/2684 2659/3217/2682 2643/3200/2681
f 2644/3202/2645 253/310/276 252/308/275 2628/3170/2646
f 2845/3422/2685 2636/3187/2686 2838/3409/2687 2836/3406/2688
f 234/289/281 251/307/282 2663/3223/2684 2662/3221/2683
f 210/248/231 2610/3152/2635 2663/3223/2684 251/307/282
f 2610/3152/2635 2620/3162/2633 2659/3217/2682 2663/3223/2684
f 2620/3162/2633 2619/3161/2631 2658/3216/2680 2659/3217/2682
f 2619/3161/2631 2618/3160/2629 2657/3215/2676 2658/3216/2680
f 2618/3160/2629 2664/3224/2689 2656/3214/2677 2657/3215/2676
f 2704/3266/2690 2665/3225/2691 2655/3213/2670 2700/3261/2674
f 2665/3225/2691 2666/3226/2692 2654/3212/2671 2655/3213/2670
f 2712/3275/2693 2667/3227/2464 2653/3211/2665 2710/3272/2667
f 2487/3010/2542 2686/3246/2466 2687/3247/2465 2488/3011/2516
f 2840/3412/2694 2668/3228/2695 2652/3210/2696 2841/3415/2697
f 2669/3229/2467 2670/3230/2698 2651/3209/2662 2661/3220/2664
f 2670/3230/2698 2671/3231/2699 2650/3208/2660 2651/3209/2662
f 2671/3231/2699 2672/3232/2700 2649/3207/2658 2650/3208/2660
f 2672/3232/2700 2673/3233/2701 2648/3206/2656 2649/3207/2658
f 2673/3233/2701 2674/3234/2702 2647/3205/2652 2648/3206/2656
f 2674/3234/2702 2675/3235/2703 2646/3204/2653 2647/3205/2652
f 2735/3301/2704 2676/3236/2705 2645/3203/2649 2734/3300/2648
f 2741/3308/2706 2677/3237/2707 2644/3202/2645 2740/3307/2644
f 2677/3237/2707 272/331/302 253/310/276 2644/3202/2645
f 2498/3021/2492 2533/3059/2598 2532/3058/2599 2499/3022/2493
f 2499/3022/2493 2532/3058/2599 2531/3057/2600 2500/3023/2495
f 2500/3023/2495 2531/3057/2600 2530/3056/2533 2501/3024/2448
f 2530/3056/2533 2529/3055/2545 2727/3292/2708 2680/3240/2534
f 2444/2954/2709 2679/3239/2535 2681/3241/2536 2504/3027/2710
f 2680/3240/2534 2727/3292/2708 2729/3294/2711 2682/3242/2537
f 2504/3027/2710 2681/3241/2536 2730/3295/2538 2729/3294/2711
f 2505/3028/2451 2682/3242/2537 2683/3243/2712 2506/3029/2504
f 2506/3029/2504 2683/3243/2712 2684/3244/2713 2485/3008/2505
f 2485/3008/2505 2684/3244/2713 2685/3245/2714 2486/3009/2507
f 2720/3285/2509 2722/3287/2715 2686/3246/2466 2487/3010/2542
f 2449/2961/2471 2448/2960/2512 2509/3032/2541 2510/3033/2515
f 2488/3011/2516 2687/3247/2465 2688/3248/2716 2489/3012/2513
f 2489/3012/2513 2688/3248/2716 2689/3249/2717 2490/3013/2517
f 2490/3013/2517 2689/3249/2717 2690/3250/2718 2491/3014/2519
f 2491/3014/2519 2690/3250/2718 2691/3251/2719 2492/3015/2521
f 2492/3015/2521 2691/3251/2719 2692/3252/2720 2493/3016/2523
f 2493/3016/2523 2692/3252/2720 2693/3253/2721 2494/3017/2525
f 2494/3017/2525 2693/3253/2721 2694/3254/2722 2495/3018/2527
f 2495/3018/2527 2694/3254/2722 2695/3255/2723 2496/3019/2529
f 2496/3019/2529 2695/3255/2723 2534/3060/2597 2497/3020/2531
f 2497/3020/2531 2534/3060/2597 2533/3059/2598 2498/3021/2492
f 2534/3060/2597 2695/3255/2723 2678/3238/2724 2535/3061/2596
f 2695/3255/2723 2694/3254/2722 2696/3256/2725 2678/3238/2724
f 2694/3254/2722 2693/3253/2721 2697/3257/2726 2696/3256/2725
f 2693/3253/2721 2692/3252/2720 2698/3258/2727 2697/3257/2726
f 2692/3252/2720 2691/3251/2719 2665/3225/2691 2698/3258/2727
f 2691/3251/2719 2690/3250/2718 2666/3226/2692 2665/3225/2691
f 2690/3250/2718 2689/3249/2717 2701/3262/2728 2666/3226/2692
f 2666/3226/2692 2701/3262/2728 2702/3263/2729 2654/3212/2671
f 2638/3190/2672 2654/3212/2671 2702/3263/2729 2703/3264/2730
f 2664/3224/2689 2704/3266/2690 2700/3261/2674 2656/3214/2677
f 2640/3194/2678 2656/3214/2677 2700/3261/2674 2699/3259/2673
f 2704/3266/2690 2705/3267/2731 2698/3258/2727 2665/3225/2691
f 2705/3267/2731 2706/3268/2732 2697/3257/2726 2698/3258/2727
f 2706/3268/2732 2707/3269/2733 2696/3256/2725 2697/3257/2726
f 2535/3061/2596 2678/3238/2724 2622/3164/2636 2536/3062/2595
f 2613/3155/2620 2622/3164/2636 2678/3238/2724 2696/3256/2725
f 2614/3156/2621 2613/3155/2620 2696/3256/2725 2707/3269/2733
f 2615/3157/2623 2614/3156/2621 2707/3269/2733 2706/3268/2732
f 2706/3268/2732 2708/3270/2734 2616/3158/2625 2615/3157/2623
f 2708/3270/2734 2709/3271/2735 2617/3159/2627 2616/3158/2625
f 2617/3159/2627 2709/3271/2735 2664/3224/2689 2618/3160/2629
f 2664/3224/2689 2709/3271/2735 2705/3267/2731 2704/3266/2690
f 2706/3268/2732 2705/3267/2731 2709/3271/2735 2708/3270/2734
f 2701/3262/2728 2712/3275/2693 2710/3272/2667 2702/3263/2729
f 2703/3264/2730 2702/3263/2729 2710/3272/2667 2711/3273/2666
f 2689/3249/2717 2688/3248/2716 2712/3275/2693 2701/3262/2728
f 2688/3248/2716 2687/3247/2465 2667/3227/2464 2712/3275/2693
f 2839/3410/2736 2713/3276/2737 2668/3228/2695 2840/3412/2694
f 2717/3280/2738 2714/3277/2739 2713/3276/2737 2839/3410/2736
f 2716/3279/2740 2715/3278/2741 2714/3277/2739 2717/3280/2738
f 2660/3218/2663 2635/3185/2661 2715/3278/2741 2716/3279/2740
f 2660/3218/2663 2716/3279/2740 2860/3440/2742 2637/3188/2668
f 2716/3279/2740 2717/3280/2738 2837/3408/2743 2860/3440/2742
f 2486/3009/2507 2685/3245/2714 2722/3287/2715 2720/3285/2509
f 2448/2960/2512 2718/3282/2539 2721/3286/2510 2509/3032/2541
f 2448/2960/2512 2467/2980/2511 2719/3283/2540 2718/3282/2539
f 2487/3010/2542 2509/3032/2541 2721/3286/2510 2720/3285/2509
f 2669/3229/2467 2686/3246/2466 2722/3287/2715 2670/3230/2698
f 2670/3230/2698 2722/3287/2715 2685/3245/2714 2671/3231/2699
f 2685/3245/2714 2723/3288/2502 2672/3232/2700 2671/3231/2699
f 2723/3288/2502 2724/3289/2500 2673/3233/2701 2672/3232/2700
f 2724/3289/2500 2725/3290/2499 2674/3234/2702 2673/3233/2701
f 2445/2955/2457 2443/2952/2601 2462/2974/2496 2464/2976/2458
f 2463/2975/2453 2444/2954/2709 2504/3027/2710 2728/3293/2454
f 2527/3053/2455 2728/3293/2454 2727/3292/2708 2529/3055/2545
f 2728/3293/2454 2504/3027/2710 2729/3294/2711 2727/3292/2708
f 2729/3294/2711 2730/3295/2538 2683/3243/2712 2682/3242/2537
f 2730/3295/2538 2731/3296/2501 2684/3244/2713 2683/3243/2712
f 2684/3244/2713 2731/3296/2501 2723/3288/2502 2685/3245/2714
f 2574/3112/2546 103/123/115 101/121/107 2573/3111/2543
f 2538/3064/2547 161/195/113 272/331/302 2677/3237/2707
f 2741/3308/2706 2676/3236/2705 2528/3054/2744 2742/3309/2745
f 2746/3314/2746 2675/3235/2703 2726/3291/2747 2747/3315/2748
f 2675/3235/2703 2674/3234/2702 2725/3290/2499 2726/3291/2747
f 2463/2975/2453 2526/3052/2452 2743/3310/2749 2739/3306/2750
f 2444/2954/2709 2463/2975/2453 2739/3306/2750 2738/3305/2751
f 2679/3239/2535 2444/2954/2709 2738/3305/2751 2748/3316/2752
f 2732/3297/2753 2502/3025/2498 2679/3239/2535 2748/3316/2752
f 2572/3110/2544 100/120/106 4/7/110 2461/2973/2548
f 2502/3025/2498 2732/3297/2753 2726/3291/2747 2725/3290/2499
f 2676/3236/2705 2735/3301/2704 2736/3302/2754 2528/3054/2744
f 2746/3314/2746 2735/3301/2704 2734/3300/2648 2745/3313/2755
f 2744/3311/2756 2745/3313/2755 2734/3300/2648 2733/3298/2647
f 2748/3316/2752 2738/3305/2751 2736/3302/2754 2747/3315/2748
f 2738/3305/2751 2739/3306/2750 2528/3054/2744 2736/3302/2754
f 2743/3310/2749 2742/3309/2745 2528/3054/2744 2739/3306/2750
f 2461/2973/2548 2538/3064/2547 2742/3309/2745 2743/3310/2749
f 2677/3237/2707 2741/3308/2706 2742/3309/2745 2538/3064/2547
f 2676/3236/2705 2741/3308/2706 2740/3307/2644 2645/3203/2649
f 2629/3172/2650 2645/3203/2649 2740/3307/2644 2737/3303/2643
f 2732/3297/2753 2748/3316/2752 2747/3315/2748 2726/3291/2747
f 2630/3174/2654 2646/3204/2653 2745/3313/2755 2744/3311/2756
f 2675/3235/2703 2746/3314/2746 2745/3313/2755 2646/3204/2653
f 2735/3301/2704 2746/3314/2746 2747/3315/2748 2736/3302/2754
f 2461/2973/2548 2743/3310/2749 2526/3052/2452 2572/3110/2544
f 2750/3318/2757 2774/3342/2758 2773/3341/2759 2749/3317/2760
f 2751/3319/2761 2750/3318/2757 2762/3330/2762 2763/3331/2763
f 2752/3320/2764 2776/3344/2765 2775/3343/2766 2751/3319/2761
f 2753/3321/2767 2752/3320/2764 2764/3332/2768 2765/3333/2769
f 2754/3322/2770 2778/3346/2771 2777/3345/2772 2753/3321/2767
f 2755/3323/2773 2754/3322/2770 2766/3334/2774 2767/3335/2775
f 2756/3324/2776 2755/3323/2773 2767/3335/2775 2768/3336/2777
f 2756/3324/2776 2757/3325/2778 2781/3349/2779 2780/3348/2780
f 2758/3326/2781 2757/3325/2778 2769/3337/2782 2770/3338/2783
f 2759/3327/2784 2783/3351/2785 2782/3350/2786 2758/3326/2781
f 2760/3328/2787 2759/3327/2784 2771/3339/2788 2772/3340/2789
f 2749/3317/2760 2773/3341/2759 2784/3352/2790 2760/3328/2787
f 2776/3344/2765 2788/3356/2791 2787/3355/2792 2775/3343/2766
f 2780/3348/2780 2781/3349/2779 2793/3361/2793 2792/3360/2794
f 2758/3326/2781 2782/3350/2786 2781/3349/2779 2757/3325/2778
f 2753/3321/2767 2777/3345/2772 2776/3344/2765 2752/3320/2764
f 2783/3351/2785 2795/3363/2795 2794/3362/2796 2782/3350/2786
f 2778/3346/2771 2790/3358/2797 2789/3357/2798 2777/3345/2772
f 2774/3342/2758 2786/3354/2799 2785/3353/2800 2773/3341/2759
f 2755/3323/2773 2779/3347/2801 2778/3346/2771 2754/3322/2770
f 2760/3328/2787 2784/3352/2790 2783/3351/2785 2759/3327/2784
f 2784/3352/2790 2773/3341/2759 2785/3353/2800 2796/3364/2802
f 2756/3324/2776 2780/3348/2780 2779/3347/2801 2755/3323/2773
f 2751/3319/2761 2775/3343/2766 2774/3342/2758 2750/3318/2757
f 2775/3343/2766 2787/3355/2792 2786/3354/2799 2774/3342/2758
f 2757/3325/2778 2756/3324/2776 2768/3336/2777 2769/3337/2782
f 2759/3327/2784 2758/3326/2781 2770/3338/2783 2771/3339/2788
f 2782/3350/2786 2794/3362/2796 2793/3361/2793 2781/3349/2779
f 2754/3322/2770 2753/3321/2767 2765/3333/2769 2766/3334/2774
f 2777/3345/2772 2789/3357/2798 2788/3356/2791 2776/3344/2765
f 2750/3318/2757 2749/3317/2760 2761/3329/2803 2762/3330/2762
f 2784/3352/2790 2796/3364/2802 2795/3363/2795 2783/3351/2785
f 2761/3329/2803 2749/3317/2760 2760/3328/2787 2772/3340/2789
f 2780/3348/2780 2792/3360/2794 2791/3359/2804 2779/3347/2801
f 2779/3347/2801 2791/3359/2804 2790/3358/2797 2778/3346/2771
f 2752/3320/2764 2751/3319/2761 2763/3331/2763 2764/3332/2768
f 2790/3358/2797 2791/3359/2804 2792/3360/2794 2797/3365/2805
f 2797/3365/2805 2792/3360/2794 2793/3361/2793 2799/3367/2806
f 2799/3367/2806 2793/3361/2793 2794/3362/2796 2795/3363/2795
f 2789/3357/2798 2790/3358/2797 2797/3365/2805 2798/3366/2807
f 2798/3366/2807 2797/3365/2805 2799/3367/2806 2800/3368/2808
f 2800/3368/2808 2799/3367/2806 2795/3363/2795 2796/3364/2802
f 2788/3356/2791 2789/3357/2798 2798/3366/2807 2787/3355/2792
f 2787/3355/2792 2798/3366/2807 2800/3368/2808 2786/3354/2799
f 2786/3354/2799 2800/3368/2808 2796/3364/2802 2785/3353/2800
f 2662/3222/2683 2801/3369/2809 396/464/404 234/290/281
f 2801/3369/2809 2802/3370/2810 398/467/406 396/464/404
f 2849/3429/2811 2803/3371/2812 400/470/410 449/534/409
f 2803/3371/2812 2804/3372/2813 402/473/412 400/470/410
f 2643/3201/2681 2805/3374/2814 2801/3369/2809 2662/3222/2683
f 2805/3374/2814 2807/3376/2815 2802/3370/2810 2801/3369/2809
f 2850/3430/2816 2808/3377/2817 2803/3371/2812 2849/3429/2811
f 2808/3377/2817 2809/3378/2818 2804/3372/2813 2803/3371/2812
f 2642/3199/2679 2806/3375/2819 2805/3374/2814 2643/3201/2681
f 2806/3375/2819 2811/3381/2820 2807/3376/2815 2805/3374/2814
f 2851/3431/2821 2812/3382/2822 2808/3377/2817 2850/3430/2816
f 2812/3382/2822 2813/3383/2823 2809/3378/2818 2808/3377/2817
f 2641/3197/2675 2810/3380/2824 2806/3375/2819 2642/3199/2679
f 2810/3380/2824 2815/3385/2825 2811/3381/2820 2806/3375/2819
f 2852/3432/2826 2816/3386/2827 2812/3382/2822 2851/3431/2821
f 2816/3386/2827 2817/3387/2828 2813/3383/2823 2812/3382/2822
f 2640/3195/2678 2814/3384/2829 2810/3380/2824 2641/3197/2675
f 2814/3384/2829 2819/3389/2830 2815/3385/2825 2810/3380/2824
f 2853/3433/2831 2820/3390/2832 2816/3386/2827 2852/3432/2826
f 2820/3390/2832 2821/3391/2833 2817/3387/2828 2816/3386/2827
f 2699/3260/2673 2822/3392/2834 2814/3384/2829 2640/3195/2678
f 2822/3392/2834 2823/3393/2835 2819/3389/2830 2814/3384/2829
f 2854/3434/2836 2824/3394/2837 2820/3390/2832 2853/3433/2831
f 2824/3394/2837 2825/3395/2838 2821/3391/2833 2820/3390/2832
f 2639/3193/2669 2818/3388/2839 2822/3392/2834 2699/3260/2673
f 2818/3388/2839 2826/3396/2840 2823/3393/2835 2822/3392/2834
f 2855/3435/2841 2828/3398/2842 2824/3394/2837 2854/3434/2836
f 2828/3398/2842 2829/3399/2843 2825/3395/2838 2824/3394/2837
f 2638/3191/2672 2827/3397/2844 2818/3388/2839 2639/3193/2669
f 2827/3397/2844 2830/3400/2845 2826/3396/2840 2818/3388/2839
f 2856/3436/2846 2831/3401/2847 2828/3398/2842 2855/3435/2841
f 2831/3401/2847 2832/3402/2848 2829/3399/2843 2828/3398/2842
f 2703/3265/2730 2833/3403/2849 2827/3397/2844 2638/3191/2672
f 2833/3403/2849 2834/3404/2850 2830/3400/2845 2827/3397/2844
f 2857/3437/2851 2835/3405/2852 2831/3401/2847 2856/3436/2846
f 2835/3405/2852 2836/3406/2688 2832/3402/2848 2831/3401/2847
f 2772/3340/2789 2848/3427/2853 2837/3407/2743 2761/3329/2803
f 2770/3338/2783 2846/3423/2854 2847/3425/2855 2771/3339/2788
f 2769/3337/2782 2845/3421/2685 2846/3423/2854 2770/3338/2783
f 2761/3329/2803 2837/3407/2743 2717/3281/2738 2762/3330/2762
f 2765/3333/2769 2841/3414/2697 2842/3416/2856 2766/3334/2774
f 2768/3336/2777 2636/3186/2686 2845/3421/2685 2769/3337/2782
f 2767/3335/2775 2843/3418/2857 2636/3186/2686 2768/3336/2777
f 2764/3332/2768 2840/3413/2694 2841/3414/2697 2765/3333/2769
f 2763/3331/2763 2839/3411/2736 2840/3413/2694 2764/3332/2768
f 2766/3334/2774 2842/3416/2856 2843/3418/2857 2767/3335/2775
f 2762/3330/2762 2717/3281/2738 2839/3411/2736 2763/3331/2763
f 2771/3339/2788 2847/3425/2855 2848/3427/2853 2772/3340/2789
f 2835/3405/2852 2846/3424/2854 2845/3422/2685 2836/3406/2688
f 2834/3404/2850 2857/3437/2851 2856/3436/2846 2830/3400/2845
f 2830/3400/2845 2856/3436/2846 2855/3435/2841 2826/3396/2840
f 2826/3396/2840 2855/3435/2841 2854/3434/2836 2823/3393/2835
f 2823/3393/2835 2854/3434/2836 2853/3433/2831 2819/3389/2830
f 2819/3389/2830 2853/3433/2831 2852/3432/2826 2815/3385/2825
f 2815/3385/2825 2852/3432/2826 2851/3431/2821 2811/3381/2820
f 2811/3381/2820 2851/3431/2821 2850/3430/2816 2807/3376/2815
f 2807/3376/2815 2850/3430/2816 2849/3429/2811 2802/3370/2810
f 2802/3370/2810 2849/3429/2811 449/534/409 398/467/406
f 2847/3426/2855 2846/3424/2854 2835/3405/2852 2857/3437/2851
f 2711/3274/2666 2859/3439/2858 2833/3403/2849 2703/3265/2730
f 2859/3439/2858 2848/3428/2853 2834/3404/2850 2833/3403/2849
f 2834/3404/2850 2848/3428/2853 2847/3426/2855 2857/3437/2851
f 2637/3188/2668 2860/3440/2742 2859/3439/2858 2711/3274/2666
f 2848/3428/2853 2859/3439/2858 2860/3440/2742 2837/3408/2743
f 2660/3219/2663 2637/3189/2668 2653/3211/2665 2661/3220/2664
f 2836/3406/2688 2838/3409/2687 2844/3420/2859 2832/3402/2848
f 2842/3417/2856 2858/3438/2860 2861/3441/2861 2843/3419/2857
f 2841/3415/2697 2862/3442/2862 2858/3438/2860 2842/3417/2856
f 2636/3187/2686 2863/3443/2863 2864/3444/2864 2838/3409/2687
f 2636/3187/2686 2843/3419/2857 2861/3441/2861 2863/3443/2863
f 2838/3409/2687 2864/3444/2864 2866/3446/2865 2844/3420/2859
f 2652/3210/2696 2865/3445/2866 2862/3442/2862 2841/3415/2697
f 2634/3183/2659 2868/3448/2867 2715/3278/2741 2635/3185/2661
f 2633/3181/2657 2867/3447/2868 2868/3448/2867 2634/3183/2659
f 2868/3448/2867 2871/3451/2869 2714/3277/2739 2715/3278/2741
f 2867/3447/2868 2870/3450/2870 2871/3451/2869 2868/3448/2867
f 2871/3451/2869 2873/3453/2871 2713/3276/2737 2714/3277/2739
f 2870/3450/2870 2872/3452/2872 2873/3453/2871 2871/3451/2869
f 2873/3453/2871 2875/3455/2873 2668/3228/2695 2713/3276/2737
f 2872/3452/2872 2874/3454/2874 2875/3455/2873 2873/3453/2871
f 2875/3455/2873 2877/3457/2875 2652/3210/2696 2668/3228/2695
f 2874/3454/2874 2876/3456/2876 2877/3457/2875 2875/3455/2873
f 2877/3457/2875 2879/3459/2877 2865/3445/2866 2652/3210/2696
f 2876/3456/2876 2878/3458/2878 2879/3459/2877 2877/3457/2875
f 2632/3179/2655 2880/3460/2879 2867/3447/2868 2633/3181/2657
f 2631/3177/2651 2869/3449/2880 2880/3460/2879 2632/3179/2655
f 2880/3460/2879 2882/3462/2881 2870/3450/2870 2867/3447/2868
f 2869/3449/2880 2881/3461/2882 2882/3462/2881 2880/3460/2879
f 2882/3462/2881 2884/3464/2883 2872/3452/2872 2870/3450/2870
f 2881/3461/2882 2883/3463/2884 2884/3464/2883 2882/3462/2881
f 2884/3464/2883 2886/3466/2885 2874/3454/2874 2872/3452/2872
f 2883/3463/2884 2885/3465/2886 2886/3466/2885 2884/3464/2883
f 2886/3466/2885 2888/3468/2887 2876/3456/2876 2874/3454/2874
f 2885/3465/2886 2887/3467/2888 2888/3468/2887 2886/3466/2885
f 2888/3468/2887 2890/3470/2889 2878/3458/2878 2876/3456/2876
f 2887/3467/2888 2889/3469/2890 2890/3470/2889 2888/3468/2887
f 2630/3175/2654 2891/3471/2891 2869/3449/2880 2631/3177/2651
f 2744/3312/2756 2893/3473/2892 2891/3471/2891 2630/3175/2654
f 2733/3299/2647 2892/3472/2893 2893/3473/2892 2744/3312/2756
f 2629/3173/2650 2894/3474/2894 2892/3472/2893 2733/3299/2647
f 2737/3304/2643 2896/3476/2895 2894/3474/2894 2629/3173/2650
f 2628/3171/2646 2895/3475/2896 2896/3476/2895 2737/3304/2643
f 252/309/275 497/582/497 2895/3475/2896 2628/3171/2646
f 2891/3471/2891 2898/3478/2897 2881/3461/2882 2869/3449/2880
f 2898/3478/2897 2899/3479/2898 2883/3463/2884 2881/3461/2882
f 2899/3479/2898 2900/3480/2899 2885/3465/2886 2883/3463/2884
f 2900/3480/2899 2901/3481/2900 2887/3467/2888 2885/3465/2886
f 2901/3481/2900 2902/3482/2901 2889/3469/2890 2887/3467/2888
f 497/582/497 504/589/504 2897/3477/2902 2895/3475/2896
f 2895/3475/2896 2897/3477/2902 2904/3484/2903 2896/3476/2895
f 2897/3477/2902 2903/3483/2904 2905/3485/2905 2904/3484/2903
f 504/589/504 507/592/508 2903/3483/2904 2897/3477/2902
f 507/592/508 510/595/510 2906/3486/2906 2903/3483/2904
f 2903/3483/2904 2906/3486/2906 2907/3487/2907 2905/3485/2905
f 510/595/510 513/598/513 2908/3488/2908 2906/3486/2906
f 2906/3486/2906 2908/3488/2908 2909/3489/2909 2907/3487/2907
f 513/598/513 516/601/516 2910/3490/2910 2908/3488/2908
f 2908/3488/2908 2910/3490/2910 2911/3491/2911 2909/3489/2909
f 516/601/516 519/604/519 2912/3492/2912 2910/3490/2910
f 2910/3490/2910 2912/3492/2912 2913/3493/2913 2911/3491/2911
f 519/604/519 522/607/522 2914/3494/2914 2912/3492/2912
f 2912/3492/2912 2914/3494/2914 2915/3495/2915 2913/3493/2913
f 522/607/522 525/610/525 2916/3496/2916 2914/3494/2914
f 2914/3494/2914 2916/3496/2916 2917/3497/2917 2915/3495/2915
f 525/610/525 528/613/528 2918/3498/2918 2916/3496/2916
f 2916/3496/2916 2918/3498/2918 2919/3499/2919 2917/3497/2917
f 528/613/528 531/616/531 2920/3500/2920 2918/3498/2918
f 2918/3498/2918 2920/3500/2920 2921/3501/2921 2919/3499/2919
f 531/616/531 534/619/534 2922/3502/2922 2920/3500/2920
f 2920/3500/2920 2922/3502/2922 2923/3503/2923 2921/3501/2921
f 534/619/534 537/622/537 2924/3504/2924 2922/3502/2922
f 2922/3502/2922 2924/3504/2924 2925/3505/2925 2923/3503/2923
f 537/622/537 540/625/540 2926/3506/2926 2924/3504/2924
f 2924/3504/2924 2926/3506/2926 2927/3507/2927 2925/3505/2925
f 540/625/540 543/628/543 2928/3508/2928 2926/3506/2926
f 2926/3506/2926 2928/3508/2928 2929/3509/2929 2927/3507/2927
f 543/628/543 546/631/546 2930/3510/2930 2928/3508/2928
f 2928/3508/2928 2930/3510/2930 2931/3511/2931 2929/3509/2929
f 546/631/546 549/634/549 2932/3512/2932 2930/3510/2930
f 2930/3510/2930 2932/3512/2932 2933/3513/2933 2931/3511/2931
f 549/634/549 552/637/552 2934/3514/2934 2932/3512/2932
f 2932/3512/2932 2934/3514/2934 2935/3515/2935 2933/3513/2933
f 552/637/552 555/640/555 2936/3516/2936 2934/3514/2934
f 2934/3514/2934 2936/3516/2936 2937/3517/2937 2935/3515/2935
f 555/640/555 558/643/558 2938/3518/2938 2936/3516/2936
f 2936/3516/2936 2938/3518/2938 2939/3519/2939 2937/3517/2937
f 558/643/558 561/646/561 2940/3520/2940 2938/3518/2938
f 2938/3518/2938 2940/3520/2940 2941/3521/2941 2939/3519/2939
f 561/646/561 564/649/564 2942/3522/2942 2940/3520/2940
f 2940/3520/2940 2942/3522/2942 2943/3523/2943 2941/3521/2941
f 564/649/564 567/652/567 2944/3524/2944 2942/3522/2942
f 2942/3522/2942 2944/3524/2944 2945/3525/2945 2943/3523/2943
f 567/652/567 570/655/570 2946/3526/2946 2944/3524/2944
f 2944/3524/2944 2946/3526/2946 2947/3527/2947 2945/3525/2945
f 2896/3476/2895 2904/3484/2903 2949/3529/2948 2894/3474/2894
f 2894/3474/2894 2949/3529/2948 2948/3528/2949 2892/3472/2893
f 2904/3484/2903 2905/3485/2905 2952/3532/2950 2949/3529/2948
f 2949/3529/2948 2952/3532/2950 2951/3531/2951 2948/3528/2949
f 2905/3485/2905 2907/3487/2907 2954/3534/2952 2952/3532/2950
f 2952/3532/2950 2954/3534/2952 2953/3533/2953 2951/3531/2951
f 2907/3487/2907 2909/3489/2909 2956/3536/2954 2954/3534/2952
f 2954/3534/2952 2956/3536/2954 2955/3535/2955 2953/3533/2953
f 2909/3489/2909 2911/3491/2911 2958/3538/2956 2956/3536/2954
f 2956/3536/2954 2958/3538/2956 2957/3537/2957 2955/3535/2955
f 2911/3491/2911 2913/3493/2913 2960/3540/2958 2958/3538/2956
f 2958/3538/2956 2960/3540/2958 2959/3539/2959 2957/3537/2957
f 2913/3493/2913 2915/3495/2915 2962/3542/2960 2960/3540/2958
f 2960/3540/2958 2962/3542/2960 2961/3541/2961 2959/3539/2959
f 2915/3495/2915 2917/3497/2917 2964/3544/2962 2962/3542/2960
f 2962/3542/2960 2964/3544/2962 2963/3543/2963 2961/3541/2961
f 2917/3497/2917 2919/3499/2919 2966/3546/2964 2964/3544/2962
f 2964/3544/2962 2966/3546/2964 2965/3545/2965 2963/3543/2963
f 2919/3499/2919 2921/3501/2921 2968/3548/2966 2966/3546/2964
f 2966/3546/2964 2968/3548/2966 2967/3547/2967 2965/3545/2965
f 2921/3501/2921 2923/3503/2923 2970/3550/2968 2968/3548/2966
f 2968/3548/2966 2970/3550/2968 2969/3549/2969 2967/3547/2967
f 2923/3503/2923 2925/3505/2925 2972/3552/2970 2970/3550/2968
f 2970/3550/2968 2972/3552/2970 2971/3551/2971 2969/3549/2969
f 2925/3505/2925 2927/3507/2927 2974/3554/2972 2972/3552/2970
f 2972/3552/2970 2974/3554/2972 2973/3553/2973 2971/3551/2971
f 2927/3507/2927 2929/3509/2929 2976/3556/2974 2974/3554/2972
f 2974/3554/2972 2976/3556/2974 2975/3555/2975 2973/3553/2973
f 2929/3509/2929 2931/3511/2931 2978/3558/2976 2976/3556/2974
f 2976/3556/2974 2978/3558/2976 2977/3557/2977 2975/3555/2975
f 2931/3511/2931 2933/3513/2933 2980/3560/2978 2978/3558/2976
f 2978/3558/2976 2980/3560/2978 2979/3559/2979 2977/3557/2977
f 2933/3513/2933 2935/3515/2935 2982/3562/2980 2980/3560/2978
f 2980/3560/2978 2982/3562/2980 2981/3561/2981 2979/3559/2979
f 2935/3515/2935 2937/3517/2937 2984/3564/2982 2982/3562/2980
f 2982/3562/2980 2984/3564/2982 2983/3563/2983 2981/3561/2981
f 2937/3517/2937 2939/3519/2939 2986/3566/2984 2984/3564/2982
f 2984/3564/2982 2986/3566/2984 2985/3565/2985 2983/3563/2983
f 2939/3519/2939 2941/3521/2941 2988/3568/2986 2986/3566/2984
f 2986/3566/2984 2988/3568/2986 2987/3567/2987 2985/3565/2985
f 2941/3521/2941 2943/3523/2943 2990/3570/2988 2988/3568/2986
f 2988/3568/2986 2990/3570/2988 2989/3569/2989 2987/3567/2987
f 2943/3523/2943 2945/3525/2945 2992/3572/2990 2990/3570/2988
f 2990/3570/2988 2992/3572/2990 2991/3571/2991 2989/3569/2989
f 2945/3525/2945 2947/3527/2947 2994/3574/2992 2992/3572/2990
f 2992/3572/2990 2994/3574/2992 2993/3573/2993 2991/3571/2991
f 2892/3472/2893 2948/3528/2949 2996/3576/2994 2893/3473/2892
f 2893/3473/2892 2996/3576/2994 2898/3478/2897 2891/3471/2891
f 2948/3528/2949 2951/3531/2951 2997/3577/2995 2996/3576/2994
f 2996/3576/2994 2997/3577/2995 2899/3479/2898 2898/3478/2897
f 2951/3531/2951 2953/3533/2953 2998/3578/2996 2997/3577/2995
f 2997/3577/2995 2998/3578/2996 2900/3480/2899 2899/3479/2898
f 2953/3533/2953 2955/3535/2955 2999/3579/2997 2998/3578/2996
f 2998/3578/2996 2999/3579/2997 2901/3481/2900 2900/3480/2899
f 2999/3579/2997 3000/3580/2998 2902/3482/2901 2901/3481/2900
f 2955/3535/2955 2957/3537/2957 3000/3580/2998 2999/3579/2997
f 2957/3537/2957 2959/3539/2959 2950/3530/2999 3000/3580/2998
f 2959/3539/2959 2961/3541/2961 2995/3575/3000 2950/3530/2999
f 2961/3541/2961 2963/3543/2963 3001/3581/3001 2995/3575/3000
f 2963/3543/2963 2965/3545/2965 3002/3582/3002 3001/3581/3001
f 2965/3545/2965 2967/3547/2967 3003/3583/3003 3002/3582/3002
f 2967/3547/2967 2969/3549/2969 3004/3584/3004 3003/3583/3003
f 2969/3549/2969 2971/3551/2971 3005/3585/3005 3004/3584/3004
f 2971/3551/2971 2973/3553/2973 3006/3586/3006 3005/3585/3005
f 2973/3553/2973 2975/3555/2975 3007/3587/3007 3006/3586/3006
f 2975/3555/2975 2977/3557/2977 3008/3588/3008 3007/3587/3007
f 2977/3557/2977 2979/3559/2979 3009/3589/3009 3008/3588/3008
f 2979/3559/2979 2981/3561/2981 3010/3590/3010 3009/3589/3009
f 2981/3561/2981 2983/3563/2983 3011/3591/3011 3010/3590/3010
f 2983/3563/2983 2985/3565/2985 3012/3592/3012 3011/3591/3011
f 2985/3565/2985 2987/3567/2987 3013/3593/3013 3012/3592/3012
f 2987/3567/2987 2989/3569/2989 3014/3594/3014 3013/3593/3013
f 2989/3569/2989 2991/3571/2991 3015/3595/3015 3014/3594/3014
f 2991/3571/2991 2993/3573/2993 3016/3596/3016 3015/3595/3015
f 3000/3580/2998 2950/3530/2999 3017/3597/3017 2902/3482/2901
f 2950/3530/2999 2995/3575/3000 3019/3599/3018 3017/3597/3017
f 2902/3482/2901 3017/3597/3017 3018/3598/3019 2889/3469/2890
f 3017/3597/3017 3019/3599/3018 3021/3601/3020 3018/3598/3019
f 3001/3581/3001 3021/3601/3020 3019/3599/3018 2995/3575/3000
f 2889/3469/2890 3018/3598/3019 3022/3602/3021 2890/3470/2889
f 3018/3598/3019 3021/3601/3020 3023/3603/3022 3022/3602/3021
f 3002/3582/3002 3023/3603/3022 3021/3601/3020 3001/3581/3001
f 2890/3470/2889 3022/3602/3021 3020/3600/3023 2878/3458/2878
f 3022/3602/3021 3023/3603/3022 3024/3604/3024 3020/3600/3023
f 3003/3583/3003 3024/3604/3024 3023/3603/3022 3002/3582/3002
f 2878/3458/2878 3020/3600/3023 3026/3606/3025 2879/3459/2877
f 3020/3600/3023 3024/3604/3024 3027/3607/3026 3026/3606/3025
f 3004/3584/3004 3027/3607/3026 3024/3604/3024 3003/3583/3003
f 2879/3459/2877 3026/3606/3025 3025/3605/3027 2865/3445/2866
f 3026/3606/3025 3027/3607/3026 3028/3608/3028 3025/3605/3027
f 3005/3585/3005 3028/3608/3028 3027/3607/3026 3004/3584/3004
f 2865/3445/2866 3025/3605/3027 3029/3609/3029 2862/3442/2862
f 3025/3605/3027 3028/3608/3028 3031/3611/3030 3029/3609/3029
f 3005/3585/3005 3006/3586/3006 3031/3611/3030 3028/3608/3028
f 2862/3442/2862 3029/3609/3029 3030/3610/3031 2858/3438/2860
f 3029/3609/3029 3031/3611/3030 3032/3612/3032 3030/3610/3031
f 3007/3587/3007 3032/3612/3032 3031/3611/3030 3006/3586/3006
f 2858/3438/2860 3030/3610/3031 3033/3613/3033 2861/3441/2861
f 3030/3610/3031 3032/3612/3032 3034/3614/3034 3033/3613/3033
f 3008/3588/3008 3034/3614/3034 3032/3612/3032 3007/3587/3007
f 2861/3441/2861 3033/3613/3033 3035/3615/3035 2863/3443/2863
f 3033/3613/3033 3034/3614/3034 3036/3616/3036 3035/3615/3035
f 3009/3589/3009 3036/3616/3036 3034/3614/3034 3008/3588/3008
f 2863/3443/2863 3035/3615/3035 3037/3617/3037 2864/3444/2864
f 3035/3615/3035 3036/3616/3036 3038/3618/3038 3037/3617/3037
f 3009/3589/3009 3010/3590/3010 3038/3618/3038 3036/3616/3036
f 2864/3444/2864 3037/3617/3037 3039/3619/3039 2866/3446/2865
f 3037/3617/3037 3038/3618/3038 3040/3620/3040 3039/3619/3039
f 3011/3591/3011 3040/3620/3040 3038/3618/3038 3010/3590/3010
f 2832/3402/2848 2844/3420/2859 3041/3621/3041 2829/3399/2843
f 2844/3420/2859 2866/3446/2865 3043/3623/3042 3041/3621/3041
f 2866/3446/2865 3039/3619/3039 3044/3624/3043 3043/3623/3042
f 3039/3619/3039 3040/3620/3040 3045/3625/3044 3044/3624/3043
f 3012/3592/3012 3045/3625/3044 3040/3620/3040 3011/3591/3011
f 2829/3399/2843 3041/3621/3041 3042/3622/3045 2825/3395/2838
f 3041/3621/3041 3043/3623/3042 3046/3626/3046 3042/3622/3045
f 3043/3623/3042 3044/3624/3043 3047/3627/3047 3046/3626/3046
f 3044/3624/3043 3045/3625/3044 3048/3628/3048 3047/3627/3047
f 3013/3593/3013 3048/3628/3048 3045/3625/3044 3012/3592/3012
f 2825/3395/2838 3042/3622/3045 3049/3629/3049 2821/3391/2833
f 3042/3622/3045 3046/3626/3046 3051/3631/3050 3049/3629/3049
f 3046/3626/3046 3047/3627/3047 3052/3632/3051 3051/3631/3050
f 3047/3627/3047 3048/3628/3048 3053/3633/3052 3052/3632/3051
f 3014/3594/3014 3053/3633/3052 3048/3628/3048 3013/3593/3013
f 2821/3391/2833 3049/3629/3049 3050/3630/3053 2817/3387/2828
f 3049/3629/3049 3051/3631/3050 3055/3635/3054 3050/3630/3053
f 3051/3631/3050 3052/3632/3051 3056/3636/3055 3055/3635/3054
f 3052/3632/3051 3053/3633/3052 3057/3637/3056 3056/3636/3055
f 3015/3595/3015 3057/3637/3056 3053/3633/3052 3014/3594/3014
f 2817/3387/2828 3050/3630/3053 3054/3634/3057 2813/3383/2823
f 3050/3630/3053 3055/3635/3054 3059/3640/3058 3054/3634/3057
f 3055/3635/3054 3056/3636/3055 3060/3641/3059 3059/3640/3058
f 3056/3636/3055 3057/3637/3056 3061/3642/3060 3060/3641/3059
f 3016/3596/3016 3061/3642/3060 3057/3637/3056 3015/3595/3015
f 2813/3383/2823 3054/3634/3057 3058/3638/3061 2809/3378/2818
f 3054/3634/3057 3059/3640/3058 3063/3644/3062 3058/3638/3061
f 3059/3640/3058 3060/3641/3059 3064/3646/3063 3063/3644/3062
f 3060/3641/3059 3061/3642/3060 3065/3648/3064 3064/3646/3063
f 3061/3642/3060 3016/3596/3016 3066/3650/3065 3065/3648/3064
f 3016/3596/3016 2993/3573/2993 3067/3653/3066 3066/3650/3065
f 2993/3573/2993 2994/3574/2992 3068/3655/3067 3067/3653/3066
f 2994/3574/2992 2947/3527/2947 3069/3657/3068 3068/3655/3067
f 2947/3527/2947 2946/3526/2946 3070/3659/3069 3069/3657/3068
f 2946/3526/2946 570/655/570 695/790/694 3070/3659/3069
f 2804/3373/2813 3062/3643/3070 696/792/695 402/474/412
f 3062/3643/3070 3071/3661/3071 698/794/697 696/792/695
f 3071/3661/3071 3072/3662/3072 700/796/699 698/794/697
f 3072/3662/3072 3077/3667/3073 702/798/701 700/796/699
f 2809/3379/2818 3074/3664/3074 3062/3643/3070 2804/3373/2813
f 3074/3664/3074 3075/3665/3075 3071/3661/3071 3062/3643/3070
f 3075/3665/3075 3076/3666/3076 3072/3662/3072 3071/3661/3071
f 3103/3696/3077 3112/3706/3078 3111/3705/3079 3102/3695/3080
f 3058/3639/3061 3078/3668/3081 3074/3664/3074 2809/3379/2818
f 3058/3639/3061 3063/3645/3062 3079/3669/3082 3078/3668/3081
f 3063/3645/3062 3064/3647/3063 3080/3670/3083 3079/3669/3082
f 3064/3647/3063 3065/3649/3064 3081/3671/3084 3080/3670/3083
f 3065/3649/3064 3066/3651/3065 3082/3672/3085 3081/3671/3084
f 3066/3652/3065 3067/3654/3066 3083/3674/3086 3082/3673/3085
f 3067/3654/3066 3068/3656/3067 3084/3675/3087 3083/3674/3086
f 3068/3656/3067 3069/3658/3068 3085/3676/3088 3084/3675/3087
f 3069/3658/3068 3070/3660/3069 3086/3677/3089 3085/3676/3088
f 3070/3660/3069 695/791/694 716/813/719 3086/3677/3089
f 3074/3664/3074 3078/3668/3081 3087/3678/3090 3075/3665/3075
f 3078/3668/3081 3079/3669/3082 3088/3679/3091 3087/3678/3090
f 3079/3669/3082 3080/3670/3083 3089/3680/3092 3088/3679/3091
f 3080/3670/3083 3081/3671/3084 3090/3681/3093 3089/3680/3092
f 3081/3671/3084 3082/3672/3085 3091/3682/3094 3090/3681/3093
f 3082/3673/3085 3083/3674/3086 3092/3684/3095 3091/3683/3094
f 3083/3674/3086 3084/3675/3087 3093/3685/3096 3092/3684/3095
f 3084/3675/3087 3085/3676/3088 3094/3686/3097 3093/3685/3096
f 3085/3676/3088 3086/3677/3089 3095/3687/3098 3094/3686/3097
f 3086/3677/3089 716/813/719 726/824/729 3095/3687/3098
f 3075/3665/3075 3087/3678/3090 3096/3688/3099 3076/3666/3076
f 3087/3678/3090 3088/3679/3091 3097/3689/3100 3096/3688/3099
f 3088/3679/3091 3089/3680/3092 3098/3690/3101 3097/3689/3100
f 3089/3680/3092 3090/3681/3093 3099/3691/3102 3098/3690/3101
f 3090/3681/3093 3091/3682/3094 3100/3692/3103 3099/3691/3102
f 3091/3683/3094 3092/3684/3095 3101/3694/3104 3100/3693/3103
f 3092/3684/3095 3093/3685/3096 3102/3695/3080 3101/3694/3104
f 3093/3685/3096 3094/3686/3097 3103/3696/3077 3102/3695/3080
f 3094/3686/3097 3095/3687/3098 3104/3697/3105 3103/3696/3077
f 3095/3687/3098 726/824/729 736/835/737 3104/3697/3105
f 3098/3690/3101 3107/3700/3106 3106/3699/3107 3097/3689/3100
f 736/835/737 746/846/741 3113/3707/3108 3104/3697/3105
f 3100/3692/3103 3109/3702/3109 3108/3701/3110 3099/3691/3102
f 3102/3695/3080 3111/3705/3079 3110/3704/3111 3101/3694/3104
f 3097/3689/3100 3106/3699/3107 3105/3698/3112 3096/3688/3099
f 3104/3697/3105 3113/3707/3108 3112/3706/3078 3103/3696/3077
f 3099/3691/3102 3108/3701/3110 3107/3700/3106 3098/3690/3101
f 3101/3694/3104 3110/3704/3111 3109/3703/3109 3100/3693/3103
f 3076/3666/3076 3073/3663/3113 3077/3667/3073 3072/3662/3072
f 3096/3688/3099 3105/3698/3112 3073/3663/3113 3076/3666/3076
f 3112/3706/3078 3123/3718/3114 3122/3717/3115 3111/3705/3079
f 3077/3667/3073 3115/3709/3116 748/848/749 702/798/701
f 3109/3702/3109 3120/3714/3117 3119/3713/3118 3108/3701/3110
f 3105/3698/3112 3116/3710/3119 3114/3708/3120 3073/3663/3113
f 3106/3699/3107 3117/3711/3121 3116/3710/3119 3105/3698/3112
f 3113/3707/3108 3124/3719/3122 3123/3718/3114 3112/3706/3078
f 3110/3704/3111 3121/3716/3123 3120/3715/3117 3109/3703/3109
f 3073/3663/3113 3114/3708/3120 3115/3709/3116 3077/3667/3073
f 746/846/741 759/860/758 3124/3719/3122 3113/3707/3108
f 3111/3705/3079 3122/3717/3115 3121/3716/3123 3110/3704/3111
f 3108/3701/3110 3119/3713/3118 3118/3712/3124 3107/3700/3106
f 3107/3700/3106 3118/3712/3124 3117/3711/3121 3106/3699/3107
f 3117/3711/3121 3128/3723/3125 3127/3722/3126 3116/3710/3119
f 3122/3717/3115 3133/3729/3127 3132/3728/3128 3121/3716/3123
f 3119/3713/3118 3130/3725/3129 3129/3724/3130 3118/3712/3124
f 3114/3708/3120 3125/3720/3131 3126/3721/3132 3115/3709/3116
f 3123/3718/3114 3134/3730/3133 3133/3729/3127 3122/3717/3115
f 3120/3714/3117 3131/3727/3134 3130/3725/3129 3119/3713/3118
f 3115/3709/3116 3126/3721/3132 761/862/770 748/848/749
f 3124/3719/3122 3135/3731/3135 3134/3730/3133 3123/3718/3114
f 3118/3712/3124 3129/3724/3130 3128/3723/3125 3117/3711/3121
f 3121/3716/3123 3132/3728/3128 3131/3726/3134 3120/3715/3117
f 3116/3710/3119 3127/3722/3126 3125/3720/3131 3114/3708/3120
f 759/860/758 772/874/772 3135/3731/3135 3124/3719/3122
f 3135/3731/3135 3146/3750/3136 3145/3749/3137 3134/3730/3133
f 3129/3724/3130 3140/3738/3138 3139/3736/3139 3128/3723/3125
f 3132/3728/3128 3143/3745/3140 3142/3742/3141 3131/3726/3134
f 3127/3722/3126 3138/3734/3142 3136/3732/3143 3125/3720/3131
f 772/874/772 785/895/781 3146/3750/3136 3135/3731/3135
f 3128/3723/3125 3139/3736/3139 3138/3734/3142 3127/3722/3126
f 3133/3729/3127 3144/3747/3144 3143/3745/3140 3132/3728/3128
f 3130/3725/3129 3141/3740/3145 3140/3738/3138 3129/3724/3130
f 3125/3720/3131 3136/3732/3143 3137/3733/3146 3126/3721/3132
f 3134/3730/3133 3145/3749/3137 3144/3747/3144 3133/3729/3127
f 3131/3727/3134 3142/3743/3141 3141/3740/3145 3130/3725/3129
f 3126/3721/3132 3137/3733/3146 774/876/785 761/862/770
f 3137/3733/3146 3148/3752/3147 787/897/786 774/876/785
f 3146/3750/3136 3152/3758/3148 3151/3757/3149 3145/3749/3137
f 3138/3734/3142 3149/3754/3150 3147/3751/3151 3136/3732/3143
f 3136/3732/3143 3147/3751/3151 3148/3752/3147 3137/3733/3146
f 785/895/781 793/905/792 3152/3758/3148 3146/3750/3136
f 3145/3749/3137 3151/3757/3149 3150/3755/3152 3144/3747/3144
f 3147/3751/3151 3153/3759/3153 3154/3760/3154 3148/3752/3147
f 793/905/792 801/913/797 3158/3764/3155 3152/3758/3148
f 3151/3757/3149 3157/3763/3156 3156/3762/3157 3150/3755/3152
f 3148/3752/3147 3154/3760/3154 795/907/800 787/897/786
f 3152/3758/3148 3158/3764/3155 3157/3763/3156 3151/3757/3149
f 3149/3754/3150 3155/3761/3158 3153/3759/3153 3147/3751/3151
f 3158/3764/3155 3164/3770/3159 3163/3769/3160 3157/3763/3156
f 3155/3761/3158 3161/3767/3161 3159/3765/3162 3153/3759/3153
f 3153/3759/3153 3159/3765/3162 3160/3766/3163 3154/3760/3154
f 801/913/797 809/921/807 3164/3770/3159 3158/3764/3155
f 3157/3763/3156 3163/3769/3160 3162/3768/3164 3156/3762/3157
f 3154/3760/3154 3160/3766/3163 803/915/809 795/907/800
f 3207/3826/3165 3205/3823/3166 3175/3781/3167 3161/3767/3161
f 3163/3769/3160 3164/3770/3159 3178/3784/3168 3177/3783/3169
f 3159/3765/3162 3161/3767/3161 3175/3781/3167 3173/3779/3170
f 3164/3770/3159 809/921/807 825/937/816 3178/3784/3168
f 3162/3768/3164 3163/3769/3160 3177/3783/3169 3176/3782/3171
f 803/915/809 3160/3766/3163 3174/3780/3172 819/931/818
f 3192/3803/3173 3199/3810/3174 3198/3809/3175 3191/3802/3176
f 3150/3756/3152 3165/3771/3177 3167/3773/3178 3349/3984/3179
f 3193/3804/3180 3347/3982/3181 3199/3810/3174 3192/3803/3173
f 3196/3807/3182 3350/3985/3183 3201/3815/3184 3195/3806/3185
f 3197/3808/3186 3349/3984/3179 3350/3985/3183 3196/3807/3182
f 3149/3753/3150 3198/3809/3175 3206/3825/3187 3166/3772/3188
f 3178/3784/3168 3184/3790/3189 3183/3789/3190 3177/3783/3169
f 3175/3781/3167 3181/3787/3191 3179/3785/3192 3173/3779/3170
f 3173/3779/3170 3179/3785/3192 3180/3786/3193 3174/3780/3172
f 825/937/816 833/945/841 3184/3790/3189 3178/3784/3168
f 3177/3783/3169 3183/3789/3190 3182/3788/3194 3176/3782/3171
f 3174/3780/3172 3180/3786/3193 827/939/843 819/931/818
f 833/945/841 841/959/845 3190/3800/3195 3184/3790/3189
f 3183/3789/3190 3189/3798/3196 3188/3796/3197 3182/3788/3194
f 3180/3786/3193 3186/3793/3198 835/948/848 827/939/843
f 3184/3790/3189 3190/3800/3195 3189/3798/3196 3183/3789/3190
f 3181/3787/3191 3187/3794/3199 3185/3792/3200 3179/3785/3192
f 3179/3785/3192 3185/3792/3200 3186/3793/3198 3180/3786/3193
f 3209/3829/3201 3279/3908/3202 3278/3907/3203 3241/3865/3204
f 3255/3883/3205 3256/3884/3206 3274/3903/3207 3249/3875/3208
f 3139/3737/3139 3192/3803/3173 3191/3802/3176 3138/3735/3142
f 3144/3748/3144 3197/3808/3186 3196/3807/3182 3143/3746/3140
f 3142/3744/3141 3195/3806/3185 3194/3805/3209 3141/3741/3145
f 3140/3739/3138 3193/3804/3180 3192/3803/3173 3139/3737/3139
f 3143/3746/3140 3196/3807/3182 3195/3806/3185 3142/3744/3141
f 3198/3809/3175 3149/3753/3150 3138/3735/3142 3191/3802/3176
f 3141/3741/3145 3194/3805/3209 3193/3804/3180 3140/3739/3138
f 3149/3753/3150 3166/3772/3188 3210/3830/3210 3200/3811/3211
f 3347/3982/3181 3171/3777/3212 3172/3778/3213 3199/3810/3174
f 3200/3812/3211 3203/3818/3214 3155/3761/3158 3149/3754/3150
f 3150/3755/3152 3156/3762/3157 3203/3819/3214 3200/3813/3211
f 3204/3820/3215 3187/3794/3199 3181/3787/3191 3202/3816/3216
f 3202/3816/3216 3181/3787/3191 3175/3781/3167 3205/3823/3166
f 3176/3782/3171 3205/3824/3166 3207/3827/3165 3162/3768/3164
f 3348/3983/3217 3170/3776/3218 3171/3777/3212 3347/3982/3181
f 3207/3826/3165 3161/3767/3161 3155/3761/3158 3203/3818/3214
f 3162/3768/3164 3207/3827/3165 3203/3819/3214 3156/3762/3157
f 3199/3810/3174 3172/3778/3213 3206/3825/3187 3198/3809/3175
f 3195/3806/3185 3201/3815/3184 3348/3983/3217 3194/3805/3209
f 3182/3788/3194 3202/3817/3216 3205/3824/3166 3176/3782/3171
f 3188/3796/3197 3204/3821/3215 3202/3817/3216 3182/3788/3194
f 3160/3766/3163 3159/3765/3162 3173/3779/3170 3174/3780/3172
f 3194/3805/3209 3348/3983/3217 3347/3982/3181 3193/3804/3180
f 3365/4002/3219 3219/3840/3220 3212/3833/3221 3352/3987/3222
f 3363/3999/3223 3220/3842/3224 3211/3832/3225 3356/3991/3226
f 3352/3987/3222 3212/3833/3221 3220/3841/3224 3363/3998/3223
f 3354/3989/3227 3215/3836/3228 3216/3837/3229 3358/3993/3230
f 3358/3993/3230 3216/3837/3229 3217/3838/3231 3360/3995/3232
f 3361/3996/3233 3218/3839/3234 3219/3840/3220 3365/4002/3219
f 3360/3995/3232 3217/3838/3231 3218/3839/3234 3361/3996/3233
f 3171/3777/3212 3233/3856/3235 3231/3854/3236 3172/3778/3213
f 3225/3848/3237 3224/3847/3238 3538/4200/3239 3543/4212/3240
f 3224/3847/3238 3223/3846/3241 3540/4205/3242 3538/4200/3239
f 3230/3853/3243 3229/3852/3244 3539/4203/3245 3541/4207/3246
f 3222/3844/3247 3221/3843/3248 3515/4172/3249 3517/4175/3250
f 3221/3843/3248 3230/3853/3243 3541/4207/3246 3515/4172/3249
f 3226/3849/3251 3225/3848/3237 3543/4212/3240 3518/4178/3252
f 3229/3852/3244 3228/3851/3253 3542/4211/3254 3539/4203/3245
f 3223/3846/3241 3222/3845/3247 3517/4176/3250 3540/4205/3242
f 3227/3850/3255 3226/3849/3251 3518/4178/3252 3520/4182/3256
f 3233/3856/3235 3359/3994/3257 3362/3997/3258 3231/3854/3236
f 3206/3825/3187 3239/3863/3259 3240/3864/3260 3166/3772/3188
f 3168/3774/3261 3237/3861/3262 3238/3862/3263 3169/3775/3264
f 3210/3831/3210 3235/3859/3265 3236/3860/3266 3165/3771/3177
f 3166/3772/3188 3240/3864/3260 3235/3858/3265 3210/3830/3210
f 3169/3775/3264 3238/3862/3263 3234/3857/3267 3170/3776/3218
f 3170/3776/3218 3234/3857/3267 3233/3856/3235 3171/3777/3212
f 3167/3773/3178 3232/3855/3268 3237/3861/3262 3168/3774/3261
f 3165/3771/3177 3236/3860/3266 3232/3855/3268 3167/3773/3178
f 3172/3778/3213 3231/3854/3236 3239/3863/3259 3206/3825/3187
f 3242/3866/3269 893/1026/923 914/1057/922 3252/3878/3270
f 3243/3867/3271 3244/3868/3272 3185/3791/3200 3187/3795/3199
f 3253/3881/3273 3245/3869/3274 3246/3871/3275 3254/3882/3276
f 3245/3869/3274 3247/3872/3277 3248/3874/3278 3246/3871/3275
f 3247/3872/3277 901/1037/933 902/1039/932 3248/3874/3278
f 3255/3883/3205 3249/3875/3208 3245/3870/3274 3253/3880/3273
f 3249/3875/3208 3250/3876/3279 3247/3873/3277 3245/3870/3274
f 3250/3876/3279 906/1044/935 901/1038/933 3247/3873/3277
f 912/1052/936 3254/3882/3276 3246/3871/3275 905/1042/937
f 3248/3874/3278 902/1039/932 905/1042/937 3246/3871/3275
f 3257/3885/3280 913/1054/939 906/1044/935 3250/3876/3279
f 835/948/848 3186/3793/3198 3254/3882/3276 912/1052/936
f 3244/3868/3272 3255/3883/3205 3253/3880/3273 3185/3791/3200
f 3185/3792/3200 3253/3881/3273 3254/3882/3276 3186/3793/3198
f 3252/3879/3270 914/1058/922 913/1054/939 3257/3885/3280
f 3188/3797/3197 3258/3886/3281 3259/3887/3282 3204/3822/3215
f 3266/3894/3283 3260/3888/3284 3261/3889/3285 3267/3895/3286
f 3260/3888/3284 3262/3890/3287 3263/3891/3288 3261/3889/3285
f 3262/3890/3287 3264/3892/3289 3265/3893/3290 3263/3891/3288
f 3264/3892/3289 925/1070/951 926/1072/950 3265/3893/3290
f 3204/3822/3215 3259/3887/3282 3243/3867/3271 3187/3795/3199
f 3258/3886/3281 3266/3894/3283 3267/3895/3286 3259/3887/3282
f 3241/3865/3204 3243/3867/3271 3259/3887/3282 3267/3895/3286
f 3209/3829/3201 3241/3865/3204 3267/3895/3286 3261/3889/3285
f 3208/3828/3291 3209/3829/3201 3261/3889/3285 3263/3891/3288
f 3242/3866/3269 3208/3828/3291 3263/3891/3288 3265/3893/3290
f 893/1026/923 3242/3866/3269 3265/3893/3290 926/1072/950
f 3268/3896/3292 930/1077/954 925/1070/951 3264/3892/3289
f 3269/3897/3293 3268/3896/3292 3264/3892/3289 3262/3890/3287
f 3266/3894/3283 3269/3897/3293 3262/3890/3287 3260/3888/3284
f 3258/3886/3281 3271/3899/3294 3269/3897/3293 3266/3894/3283
f 3271/3899/3294 3270/3898/3295 3268/3896/3292 3269/3897/3293
f 3270/3898/3295 933/1081/958 930/1077/954 3268/3896/3292
f 3190/3801/3195 841/960/845 933/1081/958 3270/3898/3295
f 3189/3799/3196 3190/3801/3195 3270/3898/3295 3271/3899/3294
f 3188/3797/3197 3189/3799/3196 3271/3899/3294 3258/3886/3281
f 3241/3865/3204 3278/3907/3203 3276/3905/3296 3243/3867/3271
f 3252/3878/3270 3272/3901/3297 3277/3906/3298 3242/3866/3269
f 3208/3828/3291 3280/3909/3299 3279/3908/3202 3209/3829/3201
f 3244/3868/3272 3275/3904/3300 3256/3884/3206 3255/3883/3205
f 3242/3866/3269 3277/3906/3298 3280/3909/3299 3208/3828/3291
f 3257/3885/3280 3251/3877/3301 3272/3900/3297 3252/3879/3270
f 3243/3867/3271 3276/3905/3296 3275/3904/3300 3244/3868/3272
f 3249/3875/3208 3274/3903/3207 3273/3902/3302 3250/3876/3279
f 3250/3876/3279 3273/3902/3302 3251/3877/3301 3257/3885/3280
f 3256/3884/3206 3282/3911/3303 3285/3915/3304 3274/3903/3207
f 3274/3903/3207 3285/3915/3304 3284/3914/3305 3273/3902/3302
f 3251/3877/3301 3281/3910/3306 3283/3912/3307 3272/3900/3297
f 3272/3901/3297 3283/3913/3307 3288/3918/3308 3277/3906/3298
f 3278/3907/3203 3289/3919/3309 3287/3917/3310 3276/3905/3296
f 3275/3904/3300 3286/3916/3311 3282/3911/3303 3256/3884/3206
f 3279/3908/3202 3290/3920/3312 3289/3919/3309 3278/3907/3203
f 3273/3902/3302 3284/3914/3305 3281/3910/3306 3251/3877/3301
f 3276/3905/3296 3287/3917/3310 3286/3916/3311 3275/3904/3300
f 3280/3909/3299 3291/3921/3313 3290/3920/3312 3279/3908/3202
f 3277/3906/3298 3288/3918/3308 3291/3921/3313 3280/3909/3299
f 3281/3910/3306 3292/3922/3314 3294/3924/3315 3283/3912/3307
f 3283/3913/3307 3294/3925/3315 3299/3930/3316 3288/3918/3308
f 3284/3914/3305 3295/3926/3317 3292/3922/3314 3281/3910/3306
f 3285/3915/3304 3296/3927/3318 3295/3926/3317 3284/3914/3305
f 3286/3916/3311 3297/3928/3319 3293/3923/3320 3282/3911/3303
f 3290/3920/3312 3301/3932/3321 3300/3931/3322 3289/3919/3309
f 3287/3917/3310 3298/3929/3323 3297/3928/3319 3286/3916/3311
f 3291/3921/3313 3302/3933/3324 3301/3932/3321 3290/3920/3312
f 3288/3918/3308 3299/3930/3316 3302/3933/3324 3291/3921/3313
f 3282/3911/3303 3293/3923/3320 3296/3927/3318 3285/3915/3304
f 3289/3919/3309 3300/3931/3322 3298/3929/3323 3287/3917/3310
f 3293/3923/3320 3304/3935/3325 3307/3939/3326 3296/3927/3318
f 3300/3931/3322 3311/3943/3327 3309/3941/3328 3298/3929/3323
f 3292/3922/3314 3303/3934/3329 3305/3936/3330 3294/3924/3315
f 3294/3925/3315 3305/3937/3330 3310/3942/3331 3299/3930/3316
f 3295/3926/3317 3306/3938/3332 3303/3934/3329 3292/3922/3314
f 3296/3927/3318 3307/3939/3326 3306/3938/3332 3295/3926/3317
f 3297/3928/3319 3308/3940/3333 3304/3935/3325 3293/3923/3320
f 3301/3932/3321 3312/3944/3334 3311/3943/3327 3300/3931/3322
f 3298/3929/3323 3309/3941/3328 3308/3940/3333 3297/3928/3319
f 3302/3933/3324 3313/3945/3335 3312/3944/3334 3301/3932/3321
f 3299/3930/3316 3310/3942/3331 3313/3945/3335 3302/3933/3324
f 3312/3944/3334 3323/3956/3336 3322/3955/3337 3311/3943/3327
f 3309/3941/3328 3320/3953/3338 3319/3952/3339 3308/3940/3333
f 3313/3945/3335 3324/3957/3340 3323/3956/3336 3312/3944/3334
f 3310/3942/3331 3321/3954/3341 3324/3957/3340 3313/3945/3335
f 3304/3935/3325 3315/3947/3342 3318/3951/3343 3307/3939/3326
f 3311/3943/3327 3322/3955/3337 3320/3953/3338 3309/3941/3328
f 3303/3934/3329 3314/3946/3344 3316/3948/3345 3305/3936/3330
f 3305/3937/3330 3316/3949/3345 3321/3954/3341 3310/3942/3331
f 3306/3938/3332 3317/3950/3346 3314/3946/3344 3303/3934/3329
f 3307/3939/3326 3318/3951/3343 3317/3950/3346 3306/3938/3332
f 3308/3940/3333 3319/3952/3339 3315/3947/3342 3304/3935/3325
f 3322/3955/3337 3333/3967/3347 3331/3965/3348 3320/3953/3338
f 3314/3946/3344 3325/3958/3349 3327/3960/3350 3316/3948/3345
f 3316/3949/3345 3327/3961/3350 3332/3966/3351 3321/3954/3341
f 3317/3950/3346 3328/3962/3352 3325/3958/3349 3314/3946/3344
f 3318/3951/3343 3329/3963/3353 3328/3962/3352 3317/3950/3346
f 3319/3952/3339 3330/3964/3354 3326/3959/3355 3315/3947/3342
f 3323/3956/3336 3334/3968/3356 3333/3967/3347 3322/3955/3337
f 3320/3953/3338 3331/3965/3348 3330/3964/3354 3319/3952/3339
f 3324/3957/3340 3335/3969/3357 3334/3968/3356 3323/3956/3336
f 3321/3954/3341 3332/3966/3351 3335/3969/3357 3324/3957/3340
f 3315/3947/3342 3326/3959/3355 3329/3963/3353 3318/3951/3343
f 3334/3968/3356 3345/3980/3358 3344/3979/3359 3333/3967/3347
f 3331/3965/3348 3342/3977/3360 3341/3976/3361 3330/3964/3354
f 3335/3969/3357 3346/3981/3362 3345/3980/3358 3334/3968/3356
f 3332/3966/3351 3343/3978/3363 3346/3981/3362 3335/3969/3357
f 3326/3959/3355 3337/3971/3364 3340/3975/3365 3329/3963/3353
f 3333/3967/3347 3344/3979/3359 3342/3977/3360 3331/3965/3348
f 3325/3958/3349 3336/3970/3366 3338/3973/3367 3327/3960/3350
f 3327/3961/3350 3338/3972/3367 3343/3978/3363 3332/3966/3351
f 3328/3962/3352 3339/3974/3368 3336/3970/3366 3325/3958/3349
f 3329/3963/3353 3340/3975/3365 3339/3974/3368 3328/3962/3352
f 3330/3964/3354 3341/3976/3361 3337/3971/3364 3326/3959/3355
f 3165/3771/3177 3150/3756/3152 3200/3814/3211 3210/3831/3210
f 3201/3815/3184 3169/3775/3264 3170/3776/3218 3348/3983/3217
f 3350/3985/3183 3168/3774/3261 3169/3775/3264 3201/3815/3184
f 3349/3984/3179 3167/3773/3178 3168/3774/3261 3350/3985/3183
f 3349/3984/3179 3197/3808/3186 3144/3748/3144 3150/3756/3152
f 3217/3838/3231 3216/3837/3229 3227/3850/3255 3228/3851/3253
f 3359/3994/3257 3360/3995/3232 3361/3996/3233 3362/3997/3258
f 3231/3854/3236 3362/3997/3258 3366/4003/3369 3239/3863/3259
f 3362/3997/3258 3361/3996/3233 3365/4002/3219 3366/4003/3369
f 3234/3857/3267 3357/3992/3370 3359/3994/3257 3233/3856/3235
f 3357/3992/3370 3358/3993/3230 3360/3995/3232 3359/3994/3257
f 3238/3862/3263 3353/3988/3371 3357/3992/3370 3234/3857/3267
f 3353/3988/3371 3354/3989/3227 3358/3993/3230 3357/3992/3370
f 3240/3864/3260 3351/3986/3372 3364/4000/3373 3235/3858/3265
f 3351/3986/3372 3352/3987/3222 3363/3998/3223 3364/4000/3373
f 3235/3859/3265 3364/4001/3373 3355/3990/3374 3236/3860/3266
f 3364/4001/3373 3363/3999/3223 3356/3991/3226 3355/3990/3374
f 3239/3863/3259 3366/4003/3369 3351/3986/3372 3240/3864/3260
f 3366/4003/3369 3365/4002/3219 3352/3987/3222 3351/3986/3372
f 3372/4009/3375 3374/4011/3376 3237/3861/3262 3232/3855/3268
f 3370/4007/3377 3372/4009/3375 3232/3855/3268 3236/3860/3266
f 3374/4011/3376 3368/4005/3378 3238/3862/3263 3237/3861/3262
f 3214/3835/3379 3215/3836/3228 3367/4004/3380 3373/4010/3381
f 3373/4010/3381 3367/4004/3380 3368/4005/3378 3374/4011/3376
f 3211/3832/3225 3213/3834/3382 3371/4008/3383 3369/4006/3384
f 3369/4006/3384 3371/4008/3383 3372/4009/3375 3370/4007/3377
f 3213/3834/3382 3214/3835/3379 3373/4010/3381 3371/4008/3383
f 3371/4008/3383 3373/4010/3381 3374/4011/3376 3372/4009/3375
f 3356/3991/3226 3376/4013/3385 3375/4012/3386 3355/3990/3374
f 3369/4006/3384 3370/4007/3377 3375/4012/3386 3376/4013/3385
f 3355/3990/3374 3375/4012/3386 3370/4007/3377 3236/3860/3266
f 3356/3991/3226 3211/3832/3225 3369/4006/3384 3376/4013/3385
f 3353/3988/3371 3377/4014/3387 3378/4015/3388 3354/3989/3227
f 3367/4004/3380 3378/4015/3388 3377/4014/3387 3368/4005/3378
f 3353/3988/3371 3238/3862/3263 3368/4005/3378 3377/4014/3387
f 3354/3989/3227 3378/4015/3388 3367/4004/3380 3215/3836/3228
f 3483/4131/3389 3408/4049/3390 3412/4055/3391 3545/4216/3392
f 3460/4104/3393 3452/4096/3394 3498/4152/3395 3388/4025/3396
f 3381/4018/3397 3379/4016/3398 3382/4019/3399 3510/4167/3400
f 3449/4093/3401 3386/4023/3402 3388/4025/3396 3498/4152/3395
f 3387/4024/3403 3386/4023/3402 3449/4093/3401 3380/4017/3404
f 3446/4090/3405 3528/4190/3406 3387/4024/3403 3380/4017/3404
f 3383/4020/3407 3384/4021/3408 3382/4019/3399 3379/4016/3398
f 3385/4022/3409 3383/4020/3407 3379/4016/3398 3381/4018/3397
f 3383/4020/3407 3385/4022/3409 3388/4025/3396 3386/4023/3402
f 3384/4021/3408 3383/4020/3407 3386/4023/3402 3387/4024/3403
f 3447/4091/3410 3449/4093/3401 3498/4152/3395
f 3616/4306/3411 3390/4028/3412 3392/4030/3413 3625/4317/3414
f 3614/4302/3415 3389/4026/3416 3391/4029/3417 3624/4316/3418
f 3623/4315/3419 3396/4035/3420 3394/4033/3421 3617/4307/3422
f 3625/4317/3414 3392/4030/3413 3395/4034/3423 3622/4314/3424
f 3622/4314/3424 3395/4034/3423 3393/4031/3425 3615/4304/3426
f 3624/4316/3418 3391/4029/3417 3396/4035/3420 3623/4315/3419
f 3616/4305/3411 3617/4307/3422 3394/4033/3421 3390/4027/3412
f 3614/4302/3415 3615/4303/3426 3393/4032/3425 3389/4026/3416
f 3603/4289/3427 3401/4041/3428 3402/4042/3429 3605/4291/3430
f 3599/4283/3431 3398/4038/3432 3399/4039/3433 3600/4285/3434
f 3598/4282/3435 3397/4036/3436 3401/4041/3428 3603/4289/3427
f 3605/4291/3430 3402/4042/3429 3404/4045/3437 3604/4290/3438
f 3600/4285/3434 3399/4039/3433 3400/4040/3439 3602/4288/3440
f 3599/4284/3431 3604/4290/3438 3404/4045/3437 3398/4037/3432
f 3598/4282/3435 3601/4287/3441 3403/4043/3442 3397/4036/3436
f 3546/4217/3443 3405/4046/3444 3406/4047/3445 3482/4130/3446
f 3549/4220/3447 3407/4048/3448 3411/4053/3449 3486/4135/3450
f 3550/4221/3451 3410/4052/3452 3405/4046/3444 3546/4217/3443
f 3438/4081/3453 3418/4061/3454 3417/4060/3455 3434/4077/3456
f 3602/4288/3440 3400/4040/3439 3403/4044/3442 3601/4286/3441
f 3437/4080/3457 3415/4058/3458 3422/4065/3459 3421/4064/3460
f 3532/4194/3461 3422/4065/3459 3418/4061/3454 3438/4081/3453
f 3530/4192/3462 3426/4069/3463 3420/4063/3464 3531/4193/3465
f 3421/4064/3460 3422/4065/3459 3424/4067/3466 3553/4224/3467
f 3440/4084/3468 3423/4066/3469 3413/4056/3470 3430/4073/3471
f 3436/4079/3472 3414/4057/3473 3427/4070/3474 3552/4223/3475
f 3434/4077/3456 3417/4060/3455 3420/4063/3464 3419/4062/3476
f 3531/4193/3465 3420/4063/3464 3423/4066/3469 3440/4084/3468
f 3419/4062/3476 3420/4063/3464 3422/4065/3459 3532/4194/3461
f 3552/4223/3475 3427/4070/3474 3426/4069/3463 3425/4068/3477
f 3430/4073/3471 3413/4056/3470 3426/4069/3463 3530/4192/3462
f 3553/4224/3467 3424/4067/3466 3416/4059/3478 3432/4075/3479
f 3416/4059/3478 3901/4665/3480 3899/4663/3481 3415/4058/3458
f 3430/4073/3471 3530/4192/3462 3531/4193/3465 3440/4084/3468
f 3431/4074/3482 3422/4065/3459 3415/4058/3458
f 3425/4068/3477 3426/4069/3463 3428/4071/3483 3429/4072/3484
f 3428/4071/3483 4037/4837/3485 4035/4835/3486 3414/4057/3473
f 3433/4076/3487 3426/4069/3463 3413/4056/3470
f 3423/4066/3469 3420/4063/3464 3435/4078/3488
f 3416/4059/3478 3424/4067/3466 3492/4145/3489
f 3428/4071/3483 3426/4069/3463 3433/4076/3487
f 3439/4083/3490 3491/4143/3491 3427/4070/3474 3414/4057/3473
f 3418/4061/3454 3630/4322/3492 3632/4324/3493 3417/4060/3455
f 3418/4061/3454 3422/4065/3459 3431/4074/3482
f 3455/4099/3494 3453/4097/3495 3444/4088/3496 3445/4089/3497
f 3447/4091/3410 3448/4092/3498 3445/4089/3497 3444/4088/3496
f 3435/4078/3488 3420/4063/3464 3417/4060/3455
f 3439/4082/3490 3490/4141/3499 3491/4142/3491
f 4019/4817/3500 4034/4834/3501 3457/4101/3502 3490/4141/3499
f 3453/4097/3495 3454/4098/3503 3446/4090/3405 3444/4088/3496
f 3458/4102/3504 3456/4100/3505 3450/4094/3506 3452/4096/3394
f 3453/4097/3495 3455/4099/3494 3443/4087/3507 3441/4085/3508
f 3449/4093/3401 3447/4091/3410 3380/4017/3404
f 3450/4094/3506 3451/4095/3509 3448/4092/3498 3447/4091/3410
f 3452/4096/3394 3450/4094/3506 3447/4091/3410 3498/4152/3395
f 3456/4100/3505 3457/4101/3502 3451/4095/3509 3450/4094/3506
f 3454/4098/3503 3453/4097/3495 3441/4085/3508 3442/4086/3510
f 3441/4085/3508 3443/4087/3507 3492/4144/3489 3442/4086/3510
f 3535/4197/3511 3510/4167/3400 3382/4019/3399 3493/4146/3512
f 3462/4106/3513 3463/4107/3514 3461/4105/3515 3459/4103/3516
f 3464/4108/3517 3462/4106/3513 3459/4103/3516 3460/4104/3393
f 3432/4075/3479 3416/4059/3478 3415/4058/3458 3437/4080/3457
f 3467/4111/3518 3513/4170/3519 3512/4169/3520 3550/4221/3451
f 3468/4112/3521 3556/4228/3522 3514/4171/3523 3500/4155/3524
f 3549/4220/3447 3511/4168/3525 3461/4105/3515 3529/4191/3526
f 3468/4112/3521 3500/4155/3524 3513/4170/3519 3467/4111/3518
f 3465/4109/3527 3468/4112/3521 3467/4111/3518 3466/4110/3528
f 4170/5006/3529 4172/5008/3530 3448/4092/3498 3451/4095/3509
f 3429/4072/3484 3428/4071/3483 3414/4057/3473 3436/4079/3472
f 3483/4131/3389 3482/4130/3446 3406/4047/3445 3408/4049/3390
f 3602/4288/3440 3601/4286/3441 3409/4050/3531 3411/4053/3449
f 3545/4215/3392 3412/4054/3391 3407/4048/3448 3549/4220/3447
f 3487/4137/3532 3409/4051/3531 3410/4052/3452 3550/4221/3451
f 3496/4150/3533 3481/4129/3534 3514/4171/3523 3556/4228/3522
f 3480/4128/3535 3533/4195/3536 3519/4180/3537 3501/4156/3538
f 4154/4988/3539 4155/4989/3540 3476/4123/3541 3475/4121/3542
f 3478/4125/3543 3477/4124/3544 3486/4135/3450 3487/4136/3532
f 3497/4151/3545 3496/4150/3533 3470/4114/3546 3469/4113/3547
f 3481/4129/3534 3496/4150/3533 3497/4151/3545 3504/4160/3548
f 3882/4644/3549 3883/4645/3550 3472/4117/3551 3471/4115/3552
f 3408/4049/3390 3406/4047/3445 3605/4291/3430 3604/4290/3438
f 3473/4118/3553 3474/4120/3554 4156/4990/3555 4157/4992/3556
f 3649/4343/3557 3648/4342/3558 3474/4120/3554 3473/4118/3553
f 3385/4022/3409 3381/4018/3397 3501/4156/3538 3464/4108/3517
f 3411/4053/3449 3409/4050/3531 3487/4136/3532 3486/4135/3450
f 3475/4121/3542 3476/4123/3541 4020/4818/3559 4021/4820/3560
f 3495/4148/3561 3479/4127/3562 3485/4134/3563 3484/4132/3564
f 3471/4115/3552 3472/4117/3551 3647/4341/3565 3646/4340/3566
f 3537/4199/3567 3502/4157/3568 3500/4155/3524 3514/4171/3523
f 3447/4091/3410 3444/4088/3496 3446/4090/3405 3380/4017/3404
f 3535/4197/3511 3493/4146/3512 3494/4147/3569 3554/4225/3570
f 3490/4141/3499 3439/4082/3490 4018/4816/3571 4019/4817/3500
f 3499/4153/3572 3555/4227/3573 3481/4129/3534 3504/4160/3548
f 3469/4113/3547 3470/4114/3546 3482/4130/3446 3483/4131/3389
f 3508/4164/3574 3463/4107/3514 3501/4156/3538 3519/4180/3537
f 3492/4144/3489 3443/4087/3507 3884/4646/3575 3885/4648/3576
f 3509/4165/3577 3499/4153/3572 3504/4160/3548 3497/4151/3545
f 3554/4225/3570 3494/4147/3569 3479/4127/3562 3495/4148/3561
f 3484/4132/3564 3485/4134/3563 3488/4138/3578 3489/4139/3579
f 3477/4124/3544 3478/4125/3543 3491/4142/3491 3490/4141/3499
f 3456/4100/3505 3458/4102/3504 3490/4141/3499 3457/4101/3502
f 3510/4167/3400 3480/4128/3535 3501/4156/3538 3381/4018/3397
f 3507/4163/3580 3476/4123/3541 4155/4989/3540 4170/5006/3529
f 3522/4184/3581 3521/4183/3582 3502/4157/3568 3534/4196/3583
f 3524/4186/3584 3493/4146/3512 3382/4019/3399 3384/4021/3408
f 3631/4323/3585 3647/4341/3565 3472/4117/3551 3505/4161/3586
f 3412/4054/3391 3599/4283/3431 3600/4285/3434 3407/4048/3448
f 3522/4184/3581 3534/4196/3583 3536/4198/3587 3523/4185/3588
f 3536/4198/3587 3534/4196/3583 3502/4157/3568 3537/4199/3567
f 3516/4174/3589 3546/4217/3443 3482/4130/3446 3470/4114/3546
f 3492/4145/3489 3885/4647/3576 3901/4665/3480 3416/4059/3478
f 3408/4049/3390 3604/4290/3438 3599/4284/3431 3412/4055/3391
f 3462/4106/3513 3464/4108/3517 3501/4156/3538 3463/4107/3514
f 3454/4098/3503 3442/4086/3510 3488/4138/3578 3548/4219/3590
f 4036/4836/3591 4020/4818/3559 3476/4123/3541 3507/4163/3580
f 3556/4228/3522 3516/4174/3589 3470/4114/3546 3496/4150/3533
f 3461/4105/3515 3452/4096/3394 3460/4104/3393 3459/4103/3516
f 3533/4195/3536 3480/4128/3535 3499/4154/3572 3509/4166/3577
f 4021/4819/3560 4037/4837/3485 3428/4071/3483 3433/4076/3487 3475/4122/3542
f 4171/5007/3592 3413/4056/3470 3423/4066/3469 4173/5009/3593
f 3514/4171/3523 3481/4129/3534 3539/4204/3245 3542/4210/3254
f 3480/4128/3535 3510/4167/3400 3555/4226/3573 3499/4154/3572
f 3525/4187/3594 3526/4188/3595 3420/4063/3464 3426/4069/3463
f 3522/4184/3581 3523/4185/3588 3527/4189/3596 3526/4188/3595
f 3557/4229/3597 3547/4218/3598 3523/4185/3588 3536/4198/3587
f 3526/4188/3595 3527/4189/3596 3422/4065/3459 3420/4063/3464
f 3409/4051/3531 3601/4287/3441 3598/4282/3435 3410/4052/3452
f 3546/4217/3443 3466/4110/3528 3467/4111/3518 3550/4221/3451
f 3556/4228/3522 3468/4112/3521 3465/4109/3527 3516/4174/3589
f 3555/4226/3573 3510/4167/3400 3515/4173/3249 3541/4208/3246
f 3552/4223/3475 3425/4068/3477 3429/4072/3484 3436/4079/3472
f 3514/4171/3523 3542/4210/3254 3520/4181/3256 3537/4199/3567
f 3521/4183/3582 3522/4184/3581 3526/4188/3595 3525/4187/3594
f 3497/4151/3545 3469/4113/3547 3503/4158/3599 3509/4165/3577
f 3512/4169/3520 3525/4187/3594 3426/4069/3463 3427/4070/3474
f 3516/4174/3589 3465/4109/3527 3466/4110/3528 3546/4217/3443
f 3503/4159/3599 3545/4215/3392 3508/4164/3574 3519/4180/3537
f 3513/4170/3519 3521/4183/3582 3525/4187/3594 3512/4169/3520
f 3633/4325/3600 3448/4092/3498 4172/5008/3530 3506/4162/3601
f 3545/4215/3392 3549/4220/3447 3529/4191/3526 3508/4164/3574
f 3511/4168/3525 3458/4102/3504 3452/4096/3394 3461/4105/3515
f 3529/4191/3526 3461/4105/3515 3463/4107/3514 3508/4164/3574
f 3457/4101/3502 4034/4834/3501 4036/4836/3591 3451/4095/3509
f 3448/4092/3498 3633/4325/3600 3631/4323/3585 3445/4089/3497
f 3471/4116/3552 3431/4074/3482 3415/4058/3458 3899/4663/3481 3882/4643/3549
f 3490/4141/3499 3458/4102/3504 3511/4168/3525 3477/4124/3544
f 3464/4108/3517 3460/4104/3393 3388/4025/3396 3385/4022/3409
f 3489/4139/3579 3488/4138/3578 3442/4086/3510 3492/4144/3489
f 3898/4662/3602 3445/4089/3497 3631/4323/3585 3505/4161/3586
f 3506/4162/3601 3474/4120/3554 3648/4342/3558 3633/4325/3600
f 3407/4048/3448 3600/4285/3434 3602/4288/3440 3411/4053/3449
f 3455/4099/3494 3900/4664/3603 3884/4646/3575 3443/4087/3507
f 3554/4225/3570 3495/4148/3561 3538/4201/3239 3540/4206/3242
f 3489/4140/3579 3551/4222/3604 3547/4218/3598 3484/4133/3564
f 4035/4835/3486 4018/4815/3571 3439/4083/3490 3414/4057/3473
f 3537/4199/3567 3520/4181/3256 3518/4179/3252 3536/4198/3587
f 3481/4129/3534 3555/4227/3573 3541/4209/3246 3539/4204/3245
f 3505/4161/3586 3472/4117/3551 3883/4645/3550 3898/4662/3602
f 3469/4113/3547 3483/4131/3389 3545/4216/3392 3503/4158/3599
f 3410/4052/3452 3598/4282/3435 3603/4289/3427 3405/4046/3444
f 3473/4119/3553 3435/4078/3488 3417/4060/3455 3632/4324/3493 3649/4344/3557
f 3495/4149/3561 3484/4133/3564 3547/4218/3598 3557/4229/3597
f 3523/4185/3588 3547/4218/3598 3551/4222/3604 3527/4189/3596
f 3550/4221/3451 3512/4169/3520 3478/4126/3543 3487/4137/3532
f 3451/4095/3509 4036/4836/3591 3507/4163/3580 4170/5006/3529
f 3535/4197/3511 3554/4225/3570 3540/4206/3242 3517/4177/3250
f 3527/4189/3596 3551/4222/3604 3424/4067/3466 3422/4065/3459
f 3445/4089/3497 3898/4662/3602 3900/4664/3603 3455/4099/3494
f 3524/4186/3584 3528/4190/3406 3548/4219/3590 3544/4214/3605
f 3536/4198/3587 3518/4179/3252 3543/4213/3240 3557/4229/3597
f 3494/4147/3569 3544/4214/3605 3485/4134/3563 3479/4127/3562
f 3548/4219/3590 3488/4138/3578 3485/4134/3563 3544/4214/3605
f 3493/4146/3512 3524/4186/3584 3544/4214/3605 3494/4147/3569
f 3421/4064/3460 3553/4224/3467 3432/4075/3479 3437/4080/3457
f 3405/4046/3444 3603/4289/3427 3605/4291/3430 3406/4047/3445
f 3528/4190/3406 3446/4090/3405 3454/4098/3503 3548/4219/3590
f 3427/4070/3474 3491/4143/3491 3478/4126/3543 3512/4169/3520
f 3567/4240/3606 3561/4233/3607 3563/4235/3608 3570/4246/3609
f 3618/4308/3610 3620/4311/3611 3572/4251/3612 3571/4249/3613
f 3571/4248/3613 3564/4236/3614 3561/4233/3607 3567/4240/3606
f 3566/4238/3615 3560/4232/3616 3565/4237/3617 3572/4250/3612
f 3570/4246/3609 3563/4235/3608 3558/4230/3618 3569/4244/3619
f 3492/4145/3489 3424/4067/3466 3551/4222/3604 3489/4140/3579
f 3502/4157/3568 3521/4183/3582 3513/4170/3519 3500/4155/3524
f 3571/4248/3613 3572/4250/3612 3565/4237/3617 3564/4236/3614
f 3575/4255/3620 3566/4239/3615 3572/4251/3612 3620/4311/3611
f 3569/4244/3619 3558/4230/3618 3562/4234/3621 3568/4242/3622
f 3574/4254/3623 3567/4241/3606 3570/4247/3609 3608/4295/3624
f 3573/4252/3625 3559/4231/3626 3560/4232/3616 3566/4238/3615
f 3495/4149/3561 3557/4229/3597 3543/4213/3240 3538/4202/3239
f 3568/4242/3622 3562/4234/3621 3559/4231/3626 3573/4252/3625
f 3419/4062/3476 3532/4194/3461 3438/4081/3453 3434/4077/3456
f 4157/4991/3556 4173/5009/3593 3423/4066/3469 3435/4078/3488 3473/4119/3553
f 3563/4235/3608 3586/4268/3627 3611/4299/3628 3558/4230/3618
f 3561/4233/3607 3577/4258/3629 3586/4268/3627 3563/4235/3608
f 3475/4122/3542 3433/4076/3487 3413/4056/3470 4171/5007/3592 4154/4987/3539
f 3562/4234/3621 3612/4300/3630 3589/4271/3631 3559/4231/3626
f 3558/4230/3618 3611/4299/3628 3612/4300/3630 3562/4234/3621
f 3627/4319/3632 3620/4311/3611 3618/4308/3610 3626/4318/3633
f 3646/4339/3566 3630/4322/3492 3418/4061/3454 3431/4074/3482 3471/4116/3552
f 3509/4166/3577 3503/4159/3599 3519/4180/3537 3533/4195/3536
f 3486/4135/3450 3477/4124/3544 3511/4168/3525 3549/4220/3447
f 3560/4232/3616 3580/4261/3634 3588/4270/3635 3565/4237/3617
f 4172/5008/3530 4156/4990/3555 3474/4120/3554 3506/4162/3601
f 3515/4173/3249 3510/4167/3400 3535/4197/3511 3517/4177/3250
f 3384/4021/3408 3387/4024/3403 3528/4190/3406 3524/4186/3584
f 3714/4423/3636 3662/4360/3637 3665/4363/3638 3711/4419/3639
f 3590/4272/3640 3594/4278/3641 3606/4292/3642 3589/4271/3631
f 3619/4309/3643 3621/4313/3644 3628/4320/3645 3629/4321/3646
f 3648/4342/3558 3649/4343/3557 3655/4350/3647 3639/4332/3648
f 3737/4456/3649 3744/4468/3650 3749/4473/3651 3738/4458/3652
f 3685/4383/3653 3687/4387/3654 3672/4370/3655 3671/4369/3656
f 3397/4036/3436 3403/4043/3442 3615/4303/3426 3614/4302/3415
f 3588/4270/3635 3621/4312/3644 3619/4310/3643 3587/4269/3657
f 3400/4040/3439 3622/4314/3424 3615/4304/3426 3403/4044/3442
f 3591/4273/3658 3595/4279/3659 3586/4268/3627 3609/4297/3660
f 3398/4037/3432 3404/4045/3437 3617/4307/3422 3616/4305/3411
f 3580/4261/3634 3576/4256/3661 3621/4312/3644 3588/4270/3635
f 3648/4342/3558 3639/4332/3648 3654/4349/3662 3633/4325/3600
f 3564/4236/3614 3565/4237/3617 3588/4270/3635 3587/4269/3657
f 3691/4395/3663 3693/4397/3664 3675/4373/3665 3674/4372/3666
f 3653/4348/3667 3736/4454/3668 3740/4463/3669 3733/4449/3670
f 3667/4365/3671 3737/4457/3649 3738/4459/3652 3722/4436/3672
f 3726/4440/3673 3730/4445/3674 3720/4432/3675 3652/4347/3676
f 3702/4408/3677 3644/4337/3678 3658/4354/3679 3703/4410/3680
f 3748/4472/3681 3718/4428/3682 3727/4442/3683 3747/4471/3684
f 3715/4424/3685 3663/4361/3686 3664/4362/3687 3710/4418/3688
f 3708/4415/3689 3703/4409/3680 3658/4355/3679 3659/4356/3690
f 3716/4425/3691 3712/4420/3692 3721/4434/3693 3666/4364/3694
f 3652/4347/3676 3650/4345/3695 3635/4327/3696 3634/4326/3697
f 3708/4415/3689 3659/4356/3690 3642/4335/3698 3707/4414/3699
f 3683/4381/3700 3685/4384/3653 3764/4491/3701 3762/4488/3702
f 3390/4027/3412 3394/4033/3421 3595/4279/3659 3591/4273/3658
f 3644/4337/3678 3710/4418/3688 3712/4421/3692 3658/4354/3679
f 3638/4330/3703 3696/4401/3704 3697/4402/3705 3657/4353/3706
f 3761/4487/3707 3707/4414/3699 3705/4412/3708 3760/4486/3709
f 3659/4356/3690 3658/4355/3679 3712/4420/3692 3716/4425/3691
f 3743/4467/3710 3742/4466/3711 3719/4431/3712 3720/4433/3675
f 3718/4429/3682 3669/4367/3713 3731/4447/3714 3727/4441/3683
f 3665/4363/3638 3729/4444/3715 3731/4447/3714 3669/4367/3713
f 3732/4448/3716 3651/4346/3717 3636/4328/3718 3725/4439/3719
f 3749/4473/3651 3664/4362/3687 3663/4361/3686 3745/4469/3720
f 3642/4335/3698 3714/4423/3636 3711/4419/3639 3645/4338/3721
f 3719/4430/3712 3650/4345/3695 3652/4347/3676 3720/4432/3675
f 3736/4455/3668 3743/4467/3710 3746/4470/3722 3740/4462/3669
f 3740/4462/3669 3746/4470/3722 3744/4468/3650 3737/4456/3649
f 3741/4465/3723 3747/4471/3684 3742/4466/3711 3735/4452/3724
f 3674/4372/3666 3760/4486/3709 3765/4493/3725 3691/4395/3663
f 3743/4467/3710 3720/4433/3675 3730/4446/3674 3746/4470/3722
f 3756/4482/3726 3673/4371/3727 3692/4396/3728 3757/4483/3729
f 3739/4460/3730 3745/4469/3720 3748/4472/3681 3734/4451/3731
f 3653/4348/3667 3651/4346/3717 3735/4453/3724 3736/4454/3668
f 3666/4364/3694 3726/4440/3673 3724/4438/3732 3662/4360/3637
f 3698/4403/3733 3754/4479/3734 3755/4480/3735 3699/4404/3736
f 3661/4358/3737 3717/4426/3738 3715/4424/3685 3643/4336/3739
f 3727/4441/3683 3731/4447/3714 3650/4345/3695 3719/4430/3712
f 3754/4479/3734 3670/4368/3740 3686/4385/3741 3755/4480/3735
f 3729/4444/3715 3635/4327/3696 3650/4345/3695 3731/4447/3714
f 3582/4264/3742 3627/4319/3632 3626/4318/3633 3579/4260/3743
f 3579/4260/3743 3626/4318/3633 3618/4308/3610 3574/4254/3623
f 3590/4272/3640 3589/4271/3631 3612/4300/3630 3592/4275/3744
f 3596/4280/3745 3610/4298/3746 3606/4293/3642 3594/4277/3641
f 3389/4026/3416 3590/4272/3640 3592/4275/3744 3391/4029/3417
f 3396/4035/3420 3597/4281/3747 3595/4279/3659 3394/4033/3421
f 3395/4034/3423 3596/4280/3745 3594/4277/3641 3393/4031/3425
f 3751/4476/3748 3688/4390/3749 3680/4378/3750 3750/4474/3751
f 3402/4042/3429 3623/4315/3419 3617/4307/3422 3404/4045/3437
f 3583/4265/3752 3629/4321/3646 3628/4320/3645 3578/4259/3753
f 3751/4475/3748 3757/4483/3729 3692/4396/3728 3688/4389/3749
f 3578/4259/3753 3628/4320/3645 3621/4313/3644 3576/4257/3661
f 3575/4255/3620 3620/4311/3611 3627/4319/3632 3582/4264/3742
f 3581/4262/3754 3619/4309/3643 3629/4321/3646 3583/4265/3752
f 3399/4039/3433 3625/4317/3414 3622/4314/3424 3400/4040/3439
f 3710/4418/3688 3664/4362/3687 3721/4435/3693 3712/4421/3692
f 3678/4376/3755 3677/4375/3756 3682/4380/3757 3684/4382/3758
f 3690/4393/3759 3688/4389/3749 3692/4396/3728 3693/4397/3664
f 3716/4425/3691 3666/4364/3694 3662/4360/3637 3714/4423/3636
f 3646/4339/3566 3638/4330/3703 3657/4353/3706 3630/4322/3492
f 3684/4382/3758 3682/4380/3757 3686/4386/3741 3687/4388/3654
f 3675/4373/3665 3673/4371/3727 3677/4375/3756 3678/4376/3755
f 3632/4324/3493 3656/4352/3760 3655/4351/3647 3649/4344/3557
f 3398/4038/3432 3616/4306/3411 3625/4317/3414 3399/4039/3433
f 3671/4369/3656 3672/4370/3655 3681/4379/3761 3679/4377/3762
f 3687/4387/3654 3686/4385/3741 3670/4368/3740 3672/4370/3655
f 3397/4036/3436 3614/4302/3415 3624/4316/3418 3401/4041/3428
f 3689/4391/3763 3690/4393/3759 3693/4397/3664 3691/4395/3663
f 3401/4041/3428 3624/4316/3418 3623/4315/3419 3402/4042/3429
f 3709/4417/3764 3661/4358/3737 3643/4336/3739 3704/4411/3765
f 3704/4411/3765 3643/4336/3739 3644/4337/3678 3702/4408/3677
f 3581/4263/3754 3577/4258/3629 3587/4269/3657 3619/4310/3643
f 3676/4374/3766 3678/4376/3755 3684/4382/3758 3683/4381/3700
f 3633/4325/3600 3654/4349/3662 3641/4334/3767 3631/4323/3585
f 3728/4443/3768 3637/4329/3769 3653/4348/3667 3733/4449/3670
f 3763/4489/3770 3765/4493/3725 3706/4413/3771 3709/4416/3764
f 3762/4488/3702 3764/4491/3701 3703/4409/3680 3708/4415/3689
f 3639/4332/3648 3655/4350/3647 3699/4405/3736 3694/4398/3772
f 3672/4370/3655 3670/4368/3740 3680/4378/3750 3681/4379/3761
f 3725/4439/3719 3636/4328/3718 3637/4329/3769 3728/4443/3768
f 3760/4486/3709 3705/4412/3708 3706/4413/3771 3765/4493/3725
f 3747/4471/3684 3727/4442/3683 3719/4431/3712 3742/4466/3711
f 3654/4349/3662 3695/4399/3773 3700/4406/3774 3641/4334/3767
f 3726/4440/3673 3652/4347/3676 3634/4326/3697 3724/4438/3732
f 3759/4485/3775 3704/4411/3765 3702/4408/3677 3758/4484/3776
f 3641/4334/3767 3700/4406/3774 3701/4407/3777 3640/4333/3778
f 3723/4437/3779 3725/4439/3719 3728/4443/3768 3722/4436/3672
f 3705/4412/3708 3645/4338/3721 3660/4357/3780 3706/4413/3771
f 3630/4322/3492 3657/4353/3706 3656/4352/3760 3632/4324/3493
f 3758/4484/3776 3702/4408/3677 3703/4410/3680 3764/4492/3701
f 3724/4438/3732 3634/4326/3697 3635/4327/3696 3729/4444/3715
f 3643/4336/3739 3715/4424/3685 3710/4418/3688 3644/4337/3678
f 3661/4359/3737 3660/4357/3780 3713/4422/3781 3717/4427/3738
f 3711/4419/3639 3665/4363/3638 3669/4367/3713 3713/4422/3781
f 3709/4416/3764 3706/4413/3771 3660/4357/3780 3661/4359/3737
f 3636/4328/3718 3651/4346/3717 3653/4348/3667 3637/4329/3769
f 3763/4490/3770 3709/4417/3764 3704/4411/3765 3759/4485/3775
f 3659/4356/3690 3716/4425/3691 3714/4423/3636 3642/4335/3698
f 3639/4332/3648 3694/4398/3772 3695/4399/3773 3654/4349/3662
f 3717/4426/3738 3718/4428/3682 3663/4361/3686 3715/4424/3685
f 3689/4391/3763 3691/4395/3663 3765/4493/3725 3763/4489/3770
f 3762/4488/3702 3708/4415/3689 3707/4414/3699 3761/4487/3707
f 3645/4338/3721 3711/4419/3639 3713/4422/3781 3660/4357/3780
f 3681/4379/3761 3680/4378/3750 3688/4390/3749 3690/4394/3759
f 3638/4331/3703 3640/4333/3778 3701/4407/3777 3696/4400/3704
f 3671/4369/3656 3758/4484/3776 3764/4492/3701 3685/4383/3653
f 3693/4397/3664 3692/4396/3728 3673/4371/3727 3675/4373/3665
f 3689/4392/3763 3763/4490/3770 3759/4485/3775 3679/4377/3762
f 3656/4352/3760 3698/4403/3733 3699/4404/3736 3655/4351/3647
f 3738/4458/3652 3749/4473/3651 3745/4469/3720 3739/4460/3730
f 3736/4455/3668 3735/4452/3724 3742/4466/3711 3743/4467/3710
f 3745/4469/3720 3663/4361/3686 3718/4428/3682 3748/4472/3681
f 3753/4478/3782 3682/4380/3757 3677/4375/3756 3752/4477/3783
f 3696/4400/3704 3701/4407/3777 3757/4483/3729 3751/4475/3748
f 3733/4449/3670 3740/4463/3669 3737/4457/3649 3667/4365/3671
f 3752/4477/3783 3677/4375/3756 3673/4371/3727 3756/4482/3726
f 3753/4478/3782 3755/4481/3735 3686/4386/3741 3682/4380/3757
f 3697/4402/3705 3750/4474/3751 3754/4479/3734 3698/4403/3733
f 3676/4374/3766 3761/4487/3707 3760/4486/3709 3674/4372/3666
f 3892/4655/3784 3837/4589/3785 3836/4588/3786 3877/4638/3787
f 3700/4406/3774 3756/4482/3726 3757/4483/3729 3701/4407/3777
f 3853/4611/3788 3854/4612/3789 3849/4607/3790 3847/4605/3791
f 3779/4510/3792 3854/4612/3789 3858/4616/3793 3775/4505/3794
f 3844/4599/3795 3845/4601/3796 3861/4619/3797 3859/4617/3798
f 3787/4519/3799 3810/4552/3800 3867/4625/3801 3782/4514/3802
f 3695/4399/3773 3752/4477/3783 3756/4482/3726 3700/4406/3774
f 3694/4398/3772 3753/4478/3782 3752/4477/3783 3695/4399/3773
f 3723/4437/3779 3739/4461/3730 3734/4450/3731 3668/4366/3803
f 3668/4366/3803 3734/4450/3731 3741/4464/3723 3732/4448/3716
f 3683/4381/3700 3762/4488/3702 3761/4487/3707 3676/4374/3766
f 3694/4398/3772 3699/4405/3736 3755/4481/3735 3753/4478/3782
f 3785/4517/3804 3801/4542/3805 3810/4552/3800 3787/4519/3799
f 3842/4595/3806 3768/4497/3807 3772/4502/3808 3852/4610/3809
f 3842/4596/3806 3840/4592/3810 3766/4494/3811 3768/4498/3807
f 3874/4634/3812 3834/4585/3813 3833/4584/3814 3875/4635/3815
f 3865/4623/3816 3810/4553/3800 3801/4541/3805 3805/4547/3817
f 3780/4511/3818 3774/4504/3819 3839/4591/3820 3843/4597/3821
f 3769/4499/3822 3767/4496/3823 3828/4578/3824 3823/4572/3825
f 3883/4645/3550 3892/4655/3784 3877/4638/3787 3898/4662/3602
f 3837/4589/3785 3778/4509/3826 3779/4510/3792 3836/4588/3786
f 3852/4610/3809 3772/4502/3808 3773/4503/3827 3860/4618/3828
f 3808/4550/3829 3792/4527/3830 3797/4536/3831 3863/4621/3832
f 3778/4509/3826 3849/4607/3790 3854/4612/3789 3779/4510/3792
f 3805/4547/3817 3801/4541/3805 3811/4554/3833 3879/4640/3834
f 3847/4605/3791 3849/4607/3790 3845/4602/3796 3844/4600/3795
f 3744/4468/3650 3721/4435/3693 3664/4362/3687 3749/4473/3651
f 3770/4500/3835 3824/4573/3836 3826/4575/3837 3771/4501/3838
f 3831/4581/3839 3775/4505/3794 3774/4504/3819 3830/4580/3840
f 3777/4508/3841 3861/4619/3797 3845/4601/3796 3776/4507/3842
f 3863/4621/3832 3799/4539/3843 3806/4548/3844 3808/4550/3829
f 3890/4653/3845 3831/4581/3839 3830/4580/3840 3891/4654/3846
f 3804/4545/3847 3800/4540/3848 3881/4642/3849 3812/4556/3850
f 3835/4587/3851 3830/4580/3840 3774/4504/3819 3780/4511/3818
f 3775/4505/3794 3858/4616/3793 3839/4591/3820 3774/4504/3819
f 3869/4627/3852 3807/4549/3853 3802/4543/3854 3866/4624/3855
f 3788/4520/3856 3789/4521/3857 3812/4557/3850 3811/4555/3833
f 3901/4665/3480 3874/4634/3812 3875/4635/3815 3899/4663/3481
f 3852/4610/3809 3850/4608/3858 3841/4594/3859 3842/4595/3806
f 3827/4576/3860 3888/4651/3861 3887/4650/3862 3829/4579/3863
f 3842/4596/3806 3841/4593/3859 3838/4590/3864 3840/4592/3810
f 3899/4663/3481 3875/4635/3815 3876/4636/3865 3882/4643/3549
f 3834/4585/3813 3781/4513/3866 3777/4508/3841 3833/4584/3814
f 3806/4548/3844 3895/4659/3867 3894/4658/3868 3803/4544/3869
f 3846/4603/3870 3844/4599/3795 3859/4617/3798 3860/4618/3828
f 3781/4513/3866 3851/4609/3871 3861/4619/3797 3777/4508/3841
f 3809/4551/3872 3803/4544/3869 3798/4538/3873 3864/4622/3874
f 3808/4550/3829 3806/4548/3844 3803/4544/3869 3809/4551/3872
f 3872/4631/3875 3873/4633/3876 3819/4567/3877 3815/4562/3878
f 3822/4570/3879 3870/4628/3880 3888/4651/3861 3827/4576/3860
f 3879/4640/3834 3881/4642/3849 3896/4660/3881 3897/4661/3882
f 3813/4558/3883 3862/4620/3884 3800/4540/3848 3804/4545/3847
f 3732/4448/3716 3741/4464/3723 3735/4453/3724 3651/4346/3717
f 3895/4659/3867 3880/4641/3885 3878/4639/3886 3894/4658/3868
f 3750/4474/3751 3680/4378/3750 3670/4368/3740 3754/4479/3734
f 3734/4451/3731 3748/4472/3681 3747/4471/3684 3741/4465/3723
f 3657/4353/3706 3697/4402/3705 3698/4403/3733 3656/4352/3760
f 3674/4372/3666 3675/4373/3665 3678/4376/3755 3676/4374/3766
f 3662/4360/3637 3724/4438/3732 3729/4444/3715 3665/4363/3638
f 3807/4549/3853 3897/4661/3882 3896/4660/3881 3802/4543/3854
f 3707/4414/3699 3642/4335/3698 3645/4338/3721 3705/4412/3708
f 3722/4436/3672 3738/4459/3652 3739/4461/3730 3723/4437/3779
f 3835/4586/3851 3780/4512/3818 3781/4513/3866 3834/4585/3813
f 3679/4377/3762 3759/4485/3775 3758/4484/3776 3671/4369/3656
f 3898/4662/3602 3877/4638/3787 3890/4653/3845 3900/4664/3603
f 3885/4647/3576 3893/4656/3887 3874/4634/3812 3901/4665/3480
f 3683/4381/3700 3684/4382/3758 3687/4388/3654 3685/4384/3653
f 3798/4538/3873 3791/4524/3888 3794/4531/3889 3864/4622/3874
f 3838/4590/3864 3839/4591/3820 3858/4616/3793 3856/4614/3890
f 3857/4615/3891 3771/4501/3838 3766/4494/3811 3840/4592/3810
f 3829/4579/3863 3887/4650/3862 3873/4632/3876 3828/4577/3824
f 3892/4655/3784 3876/4637/3865 3832/4582/3892 3837/4589/3785
f 3791/4525/3888 3785/4517/3804 3787/4519/3799 3794/4530/3889
f 3878/4639/3886 3880/4641/3885 3796/4534/3893 3795/4532/3894
f 3793/4528/3895 3782/4514/3802 3786/4518/3896 3792/4526/3830
f 3821/4569/3897 3867/4625/3801 3810/4552/3800 3819/4566/3877
f 3768/4497/3807 3822/4570/3879 3827/4576/3860 3772/4502/3808
f 3769/4499/3822 3823/4572/3825 3824/4573/3836 3770/4500/3835
f 3875/4635/3815 3833/4584/3814 3832/4583/3892 3876/4636/3865
f 3886/4649/3898 3820/4568/3899 3818/4565/3900 3871/4630/3901
f 3855/4613/3902 3770/4500/3835 3771/4501/3838 3857/4615/3891
f 3772/4502/3808 3827/4576/3860 3829/4579/3863 3773/4503/3827
f 3837/4589/3785 3832/4582/3892 3776/4506/3842 3778/4509/3826
f 3696/4401/3704 3751/4476/3748 3750/4474/3751 3697/4402/3705
f 3865/4623/3816 3805/4547/3817 3807/4549/3853 3869/4627/3852
f 3790/4523/3903 3784/4516/3904 3789/4521/3857 3796/4535/3893
f 3782/4514/3802 3867/4625/3801 3868/4626/3905 3786/4518/3896
f 3848/4606/3906 3769/4499/3822 3770/4500/3835 3855/4613/3902
f 3812/4556/3850 3881/4642/3849 3879/4640/3834 3811/4554/3833
f 3778/4509/3826 3776/4506/3842 3845/4602/3796 3849/4607/3790
f 3833/4584/3814 3777/4508/3841 3776/4507/3842 3832/4583/3892
f 3887/4650/3862 3821/4569/3897 3819/4566/3877 3873/4632/3876
f 3878/4639/3886 3795/4532/3894 3791/4524/3888 3798/4538/3873
f 3817/4564/3907 3869/4627/3852 3866/4624/3855 3820/4568/3899
f 3794/4530/3889 3787/4519/3799 3782/4514/3802 3793/4528/3895
f 3792/4526/3830 3786/4518/3896 3783/4515/3908 3797/4537/3831
f 3795/4533/3894 3788/4520/3856 3785/4517/3804 3791/4525/3888
f 3822/4571/3879 3825/4574/3909 3871/4630/3901 3870/4629/3880
f 3786/4518/3896 3868/4626/3905 3813/4559/3883 3783/4515/3908
f 3889/4652/3910 3817/4564/3907 3820/4568/3899 3886/4649/3898
f 3824/4573/3836 3889/4652/3910 3886/4649/3898 3826/4575/3837
f 3863/4621/3832 3797/4536/3831 3790/4522/3903 3799/4539/3843
f 3836/4588/3786 3779/4510/3792 3775/4505/3794 3831/4581/3839
f 3888/4651/3861 3816/4563/3911 3821/4569/3897 3887/4650/3862
f 3864/4622/3874 3794/4531/3889 3793/4529/3895 3809/4551/3872
f 3809/4551/3872 3793/4529/3895 3792/4527/3830 3808/4550/3829
f 3799/4539/3843 3790/4522/3903 3796/4534/3893 3880/4641/3885
f 3870/4628/3880 3814/4561/3912 3816/4563/3911 3888/4651/3861
f 3773/4503/3827 3829/4579/3863 3828/4577/3824 3767/4495/3823
f 3802/4543/3854 3896/4660/3881 3881/4642/3849 3800/4540/3848
f 3855/4613/3902 3853/4611/3788 3847/4605/3791 3848/4606/3906
f 3841/4593/3859 3843/4597/3821 3839/4591/3820 3838/4590/3864
f 3788/4520/3856 3811/4555/3833 3801/4542/3805 3785/4517/3804
f 3771/4501/3838 3826/4575/3837 3825/4574/3909 3766/4494/3811
f 3870/4629/3880 3871/4630/3901 3818/4565/3900 3814/4560/3912
f 3784/4516/3904 3804/4546/3847 3812/4557/3850 3789/4521/3857
f 3815/4562/3878 3865/4623/3816 3869/4627/3852 3817/4564/3907
f 3860/4618/3828 3773/4503/3827 3767/4495/3823 3846/4603/3870
f 3872/4631/3875 3815/4562/3878 3817/4564/3907 3889/4652/3910
f 3848/4606/3906 3846/4604/3870 3767/4496/3823 3769/4499/3822
f 3883/4645/3550 3882/4644/3549 3876/4637/3865 3892/4655/3784
f 3850/4608/3858 3851/4609/3871 3843/4598/3821 3841/4594/3859
f 3856/4614/3890 3858/4616/3793 3854/4612/3789 3853/4611/3788
f 3885/4648/3576 3884/4646/3575 3891/4654/3846 3893/4657/3887
f 3826/4575/3837 3886/4649/3898 3871/4630/3901 3825/4574/3909
f 3860/4618/3828 3859/4617/3798 3850/4608/3858 3852/4610/3809
f 3857/4615/3891 3856/4614/3890 3853/4611/3788 3855/4613/3902
f 3799/4539/3843 3880/4641/3885 3895/4659/3867 3806/4548/3844
f 3823/4572/3825 3872/4631/3875 3889/4652/3910 3824/4573/3836
f 3780/4512/3818 3843/4598/3821 3851/4609/3871 3781/4513/3866
f 3783/4515/3908 3813/4559/3883 3804/4546/3847 3784/4516/3904
f 3991/4785/3913 3906/4672/3914 3907/4673/3915 3993/4787/3916
f 3815/4562/3878 3819/4567/3877 3810/4553/3800 3865/4623/3816
f 4008/4803/3917 4009/4805/3918 3955/4739/3919 3951/4734/3920
f 3915/4682/3921 3990/4784/3922 3994/4788/3923 3911/4677/3924
f 3907/4673/3915 3962/4747/3925 3961/4746/3926 3902/4666/3927
f 3958/4742/3928 3961/4746/3926 4007/4802/3929 4006/4800/3930
f 3904/4669/3931 3958/4743/3928 3963/4748/3932 3908/4674/3933
f 4006/4800/3930 4007/4802/3929 3954/4737/3934 3950/4733/3935
f 3923/4691/3936 3946/4725/3937 4003/4797/3938 3918/4686/3939
f 4034/4834/3501 4013/4810/3940 4026/4825/3941 4036/4836/3591
f 4022/4821/3942 3956/4740/3943 3954/4737/3934 4007/4802/3929
f 4005/4799/3944 3943/4721/3945 3938/4715/3946 4002/4796/3947
f 3973/4761/3948 3914/4681/3949 3915/4682/3921 3972/4760/3950
f 3900/4664/3603 3890/4653/3845 3891/4654/3846 3884/4646/3575
f 3996/4790/3951 3909/4675/3952 3903/4668/3953 3982/4775/3954
f 3965/4751/3955 4023/4822/3956 4009/4804/3918 3964/4749/3957
f 3984/4778/3958 3905/4671/3959 3906/4672/3914 3991/4785/3913
f 3977/4765/3960 3979/4769/3961 3975/4763/3962 3974/4762/3963
f 3914/4681/3949 3912/4678/3964 3981/4773/3965 3985/4779/3966
f 4035/4835/3486 4011/4807/3967 4012/4808/3968 4018/4815/3571
f 3956/4740/3943 4002/4796/3947 3998/4792/3969 3954/4737/3934
f 4002/4796/3947 3938/4715/3946 3936/4712/3970 3998/4792/3969
f 3916/4683/3971 3910/4676/3972 3975/4763/3962 3979/4769/3961
f 3926/4694/3973 3920/4688/3974 3925/4693/3975 3932/4706/3976
f 3803/4544/3869 3894/4658/3868 3878/4639/3886 3798/4538/3873
f 3929/4700/3977 3918/4686/3939 3922/4690/3978 3928/4698/3979
f 3924/4692/3980 3947/4727/3981 3937/4714/3982 3921/4689/3983
f 3960/4745/3984 4025/4824/3985 4022/4821/3942 3962/4747/3925
f 3976/4764/3986 3974/4762/3963 3992/4786/3987 3993/4787/3916
f 3949/4731/3988 3998/4792/3969 3936/4712/3970 3940/4717/3989
f 4029/4829/3990 4027/4826/3991 3966/4752/3992 3971/4758/3993
f 3957/4741/3994 4003/4797/3938 3946/4725/3937 3955/4738/3919
f 3944/4722/3995 3928/4699/3979 3933/4708/3996 3999/4793/3997
f 4006/4801/3930 3950/4732/3935 3952/4735/3998 4024/4823/3999
f 3930/4702/4000 3923/4691/3936 3918/4686/3939 3929/4700/3977
f 4019/4817/3500 4028/4827/4001 4013/4810/3940 4034/4834/3501
f 3943/4721/3945 4033/4833/4002 4032/4832/4003 3938/4715/3946
f 4028/4827/4001 4012/4809/3968 3968/4754/4004 3973/4761/3948
f 3939/4716/4005 4030/4830/4006 4014/4811/4007 3934/4710/4008
f 3972/4760/3950 3915/4682/3921 3911/4677/3924 3967/4753/4009
f 3971/4759/3993 3916/4684/3971 3917/4685/4010 3970/4757/4011
f 3970/4757/4011 3917/4685/4010 3913/4680/4012 3969/4756/4013
f 3941/4719/4014 3937/4713/3982 3947/4726/3981 4015/4812/4015
f 4001/4795/4016 3946/4724/3937 3937/4713/3982 3941/4719/4014
f 4011/4807/3967 3969/4756/4013 3968/4755/4004 4012/4808/3968
f 3980/4771/4017 3981/4774/3965 3997/4791/4018 3995/4789/4019
f 4028/4827/4001 3973/4761/3948 3972/4760/3950 4013/4810/3940
f 3988/4782/4020 3986/4780/4021 3977/4766/3960 3978/4768/4022
f 3940/4717/3989 3936/4712/3970 4017/4814/4023 3948/4728/4024
f 3820/4568/3899 3866/4624/3855 3862/4620/3884 3818/4565/3900
f 3974/4762/3963 3975/4763/3962 3994/4788/3923 3992/4786/3987
f 3950/4732/3935 3949/4730/3988 4004/4798/4025 3952/4735/3998
f 3982/4775/3954 3980/4771/4017 3995/4789/4019 3996/4790/3951
f 3927/4696/4026 3921/4689/3983 3923/4691/3936 3930/4702/4000
f 3814/4560/3912 3818/4565/3900 3862/4620/3884 3813/4558/3883
f 3983/4777/4027 3985/4779/3966 3981/4773/3965 3980/4772/4017
f 3905/4671/3959 3903/4667/3953 3964/4750/3957 3959/4744/4028
f 4026/4825/3941 3967/4753/4009 3966/4752/3992 4027/4826/3991
f 4013/4810/3940 3972/4760/3950 3967/4753/4009 4026/4825/3941
f 3984/4778/3958 3982/4776/3954 3903/4667/3953 3905/4671/3959
f 3978/4767/4022 3977/4765/3960 3974/4762/3963 3976/4764/3986
f 3866/4624/3855 3802/4543/3854 3800/4540/3848 3862/4620/3884
f 3931/4704/4029 3924/4692/3980 3921/4689/3983 3927/4696/4026
f 3931/4704/4029 3932/4706/3976 3925/4693/3975 3924/4692/3980
f 3971/4758/3993 3966/4752/3992 3910/4676/3972 3916/4683/3971
f 3978/4767/4022 3976/4764/3986 3902/4666/3927 3904/4670/3931
f 3795/4533/3894 3796/4535/3893 3789/4521/3857 3788/4520/3856
f 3906/4672/3914 3960/4745/3984 3962/4747/3925 3907/4673/3915
f 4024/4823/3999 3952/4735/3998 3957/4741/3994 4023/4822/3956
f 3999/4793/3997 3935/4711/4030 3942/4720/4031 3944/4722/3995
f 3991/4785/3913 3989/4783/4032 3983/4777/4027 3984/4778/3958
f 4023/4822/3956 3957/4741/3994 3955/4738/3919 4009/4804/3918
f 4021/4819/3560 4029/4828/3990 4010/4806/4033 4037/4837/3485
f 3978/4768/4022 3904/4669/3931 3908/4674/3933 3988/4782/4020
f 3919/4687/4034 3949/4730/3988 3940/4718/3989 3920/4688/3974
f 3911/4677/3924 3994/4788/3923 3975/4763/3962 3910/4676/3972
f 3951/4734/3920 3955/4739/3919 3946/4724/3937 4001/4795/4016
f 3909/4675/3952 3965/4751/3955 3964/4749/3957 3903/4668/3953
f 3948/4728/4024 4017/4814/4023 4015/4812/4015 3947/4726/3981
f 3945/4723/4035 3939/4716/4005 3934/4710/4008 4000/4794/4036
f 4037/4837/3485 4010/4806/4033 4011/4807/3967 4035/4835/3486
f 3928/4698/3979 3922/4690/3978 3919/4687/4034 3933/4709/3996
f 3973/4761/3948 3968/4754/4004 3912/4678/3964 3914/4681/3949
f 3944/4722/3995 3942/4720/4031 3939/4716/4005 3945/4723/4035
f 3908/4674/3933 3963/4748/3932 3965/4751/3955 3909/4675/3952
f 3995/4789/4019 3997/4791/4018 3987/4781/4037 3986/4780/4021
f 3942/4720/4031 4031/4831/4038 4030/4830/4006 3939/4716/4005
f 4025/4824/3985 3953/4736/4039 3956/4740/3943 4022/4821/3942
f 3999/4793/3997 3933/4708/3996 3926/4695/3973 3935/4711/4030
f 3953/4736/4039 4005/4799/3944 4002/4796/3947 3956/4740/3943
f 4008/4803/3917 3951/4734/3920 3953/4736/4039 4025/4824/3985
f 3938/4715/3946 4032/4832/4003 4017/4814/4023 3936/4712/3970
f 3945/4723/4035 3929/4701/3977 3928/4699/3979 3944/4722/3995
f 4019/4817/3500 4018/4816/3571 4012/4809/3968 4028/4827/4001
f 3934/4710/4008 3927/4697/4026 3930/4703/4000 4000/4794/4036
f 3922/4690/3978 4004/4798/4025 3949/4730/3988 3919/4687/4034
f 3904/4670/3931 3902/4666/3927 3961/4746/3926 3958/4742/3928
f 3996/4790/3951 3995/4789/4019 3986/4780/4021 3988/4782/4020
f 3921/4689/3983 3937/4714/3982 3946/4725/3937 3923/4691/3936
f 3962/4747/3925 4022/4821/3942 4007/4802/3929 3961/4746/3926
f 3967/4753/4009 3911/4677/3924 3910/4676/3972 3966/4752/3992
f 4010/4806/4033 3970/4757/4011 3969/4756/4013 4011/4807/3967
f 4014/4811/4007 3931/4705/4029 3927/4697/4026 3934/4710/4008
f 3993/4787/3916 3992/4786/3987 3989/4783/4032 3991/4785/3913
f 3917/4685/4010 3987/4781/4037 3997/4791/4018 3913/4680/4012
f 3952/4735/3998 4004/4798/4025 4003/4797/3938 3957/4741/3994
f 3797/4537/3831 3783/4515/3908 3784/4516/3904 3790/4523/3903
f 3951/4734/3920 4001/4795/4016 4005/4799/3944 3953/4736/4039
f 3969/4756/4013 3913/4680/4012 3912/4679/3964 3968/4755/4004
f 3992/4786/3987 3994/4788/3923 3990/4784/3922 3989/4783/4032
f 4000/4794/4036 3930/4703/4000 3929/4701/3977 3945/4723/4035
f 3914/4681/3949 3985/4779/3966 3990/4784/3922 3915/4682/3921
f 4029/4828/3990 3971/4759/3993 3970/4757/4011 4010/4806/4033
f 3905/4671/3959 3959/4744/4028 3960/4745/3984 3906/4672/3914
f 3986/4780/4021 3987/4781/4037 3979/4770/3961 3977/4766/3960
f 3918/4686/3939 4003/4797/3938 4004/4798/4025 3922/4690/3978
f 3984/4778/3958 3983/4777/4027 3980/4772/4017 3982/4776/3954
f 3933/4709/3996 3919/4687/4034 3920/4688/3974 3926/4694/3973
f 3913/4680/4012 3997/4791/4018 3981/4774/3965 3912/4679/3964
f 3959/4744/4028 3964/4750/3957 4009/4805/3918 4008/4803/3917
f 4031/4831/4038 4016/4813/4040 4014/4811/4007 4030/4830/4006
f 3950/4733/3935 3954/4737/3934 3998/4792/3969 3949/4731/3988
f 3988/4782/4020 3908/4674/3933 3909/4675/3952 3996/4790/3951
f 4036/4836/3591 4026/4825/3941 4027/4826/3991 4020/4818/3559
f 4021/4820/3560 4020/4818/3559 4027/4826/3991 4029/4829/3990
f 3920/4688/3974 3940/4718/3989 3948/4729/4024 3925/4693/3975
f 3989/4783/4032 3990/4784/3922 3985/4779/3966 3983/4777/4027
f 4001/4795/4016 3941/4719/4014 3943/4721/3945 4005/4799/3944
f 3805/4547/3817 3879/4640/3834 3897/4661/3882 3807/4549/3853
f 3823/4572/3825 3828/4578/3824 3873/4633/3876 3872/4631/3875
f 3993/4787/3916 3907/4673/3915 3902/4666/3927 3976/4764/3986
f 4054/4858/4041 4139/4969/4042 4140/4970/4043 4058/4862/4044
f 4124/4954/4045 4044/4846/4046 4045/4847/4047 4132/4962/4048
f 4060/4864/4049 4083/4899/4050 4073/4885/4051 4057/4861/4052
f 4112/4936/4053 4110/4934/4054 4128/4958/4055 4129/4959/4056
f 4094/4914/4057 4097/4918/4058 4143/4974/4059 4142/4972/4060
f 4057/4861/4052 4073/4885/4051 4082/4896/4061 4059/4863/4062
f 4069/4880/4063 4055/4859/4064 4056/4860/4065 4062/4866/4066
f 4064/4870/4067 4058/4862/4044 4055/4859/4064 4069/4880/4063
f 4062/4866/4066 4056/4860/4065 4061/4865/4068 4068/4878/4069
f 4127/4957/4070 4042/4844/4071 4043/4845/4072 4129/4959/4056
f 4105/4928/4073 4049/4852/4074 4048/4850/4075 4104/4926/4076
f 4108/4932/4077 4051/4854/4078 4047/4849/4079 4103/4925/4080
f 4055/4859/4064 4085/4902/4081 4076/4890/4082 4056/4860/4065
f 4135/4965/4083 4069/4881/4063 4062/4867/4066 4071/4883/4084
f 4158/4993/4085 4092/4912/4086 4090/4909/4087 4143/4974/4059
f 4052/4855/4088 4115/4942/4089 4123/4953/4090 4053/4857/4091
f 4063/4869/4092 4057/4861/4052 4059/4863/4062 4066/4874/4093
f 4087/4906/4094 4091/4910/4095 4082/4897/4061 4137/4967/4096
f 4131/4961/4097 4133/4963/4098 4123/4953/4090 4122/4952/4099
f 4049/4852/4074 4133/4963/4098 4117/4946/4100 4048/4850/4075
f 4041/4843/4101 4095/4916/4102 4096/4917/4103 4042/4844/4071
f 4045/4847/4047 4101/4923/4104 4100/4921/4105 4039/4839/4106
f 4144/4975/4107 4145/4976/4108 4091/4910/4095 4087/4906/4094
f 4081/4895/4109 4065/4873/4110 4064/4871/4067 4080/4894/4111
f 4080/4894/4111 4078/4892/4112 4075/4888/4113 4081/4895/4109
f 4147/4979/4114 4105/4928/4073 4104/4926/4076 4148/4980/4115
f 3941/4719/4014 4015/4812/4015 4033/4833/4002 3943/4721/3945
f 4087/4906/4094 4137/4967/4096 4141/4971/4116 4089/4908/4117
f 4114/4939/4118 4112/4936/4053 4038/4838/4119 4040/4841/4120
f 4053/4857/4091 4123/4953/4090 4133/4963/4098 4049/4852/4074
f 4129/4959/4056 4043/4845/4072 4038/4838/4119 4112/4936/4053
f 4078/4892/4112 4167/5003/4121 4166/5002/4122 4075/4888/4113
f 4170/5006/3529 4149/4982/4123 4162/4997/4124 4172/5008/3530
f 4155/4989/3540 4164/4999/4125 4149/4982/4123 4170/5006/3529
f 4135/4965/4083 4071/4883/4084 4078/4892/4112 4080/4894/4111
f 4101/4923/4104 4159/4994/4126 4145/4977/4108 4100/4921/4105
f 4128/4958/4055 4130/4960/4127 4126/4956/4128 4125/4955/4129
f 4076/4889/4082 4072/4884/4130 4153/4986/4131 4084/4900/4132
f 4098/4919/4133 4158/4993/4085 4143/4974/4059 4097/4918/4058
f 4077/4891/4134 4073/4886/4051 4083/4898/4050 4151/4984/4135
f 4050/4853/4136 4048/4851/4075 4117/4945/4100 4121/4951/4137
f 4149/4982/4123 4108/4932/4077 4103/4925/4080 4162/4997/4124
f 4157/4991/3556 4165/5001/4138 4146/4978/4139 4173/5009/3593
f 4093/4913/4140 4139/4969/4042 4082/4896/4061 4091/4911/4095
f 4052/4856/4088 4046/4848/4141 4111/4935/4142 4115/4941/4089
f 4095/4916/4102 4100/4922/4105 4145/4976/4108 4144/4975/4107
f 4051/4854/4078 4126/4956/4128 4130/4960/4127 4047/4849/4079
f 4047/4849/4079 4130/4960/4127 4111/4935/4142 4046/4848/4141
f 4129/4959/4056 4128/4958/4055 4125/4955/4129 4127/4957/4070
f 4086/4904/4143 4085/4902/4081 4140/4970/4043 4088/4907/4144
f 4088/4907/4144 4140/4970/4043 4139/4969/4042 4093/4913/4140
f 4114/4939/4118 4113/4937/4145 4110/4934/4054 4112/4936/4053
f 4085/4903/4081 4134/4964/4146 4072/4884/4130 4076/4889/4082
f 4071/4883/4084 4062/4867/4066 4068/4879/4069 4152/4985/4147
f 3959/4744/4028 4008/4803/3917 4025/4824/3985 3960/4745/3984
f 4120/4950/4148 4118/4947/4149 4039/4840/4106 4041/4843/4101
f 4114/4940/4118 4040/4842/4120 4044/4846/4046 4124/4954/4045
f 3958/4743/3928 4006/4801/3930 4024/4823/3999 3963/4748/3932
f 3963/4748/3932 4024/4823/3999 4023/4822/3956 3965/4751/3955
f 4141/4971/4116 4079/4893/4150 4074/4887/4151 4138/4968/4152
f 4065/4872/4110 4054/4858/4041 4058/4862/4044 4064/4870/4067
f 4138/4968/4152 4074/4887/4151 4072/4884/4130 4134/4964/4146
f 4080/4894/4111 4064/4871/4067 4069/4881/4063 4135/4965/4083
f 4137/4967/4096 4077/4891/4134 4079/4893/4150 4141/4971/4116
f 4070/4882/4153 4063/4868/4092 4066/4875/4093 4136/4966/4154
f 4150/4983/4155 4067/4876/4156 4063/4868/4092 4070/4882/4153
f 4107/4931/4157 4052/4855/4088 4053/4857/4091 4106/4929/4158
f 4109/4933/4159 4050/4853/4136 4051/4854/4078 4108/4932/4077
f 4044/4846/4046 4099/4920/4160 4101/4923/4104 4045/4847/4047
f 4106/4929/4158 4053/4857/4091 4049/4852/4074 4105/4928/4073
f 4066/4874/4093 4059/4863/4062 4054/4858/4041 4065/4872/4110
f 4159/4994/4126 4093/4913/4140 4091/4911/4095 4145/4977/4108
f 4067/4877/4156 4068/4878/4069 4061/4865/4068 4060/4864/4049
f 4109/4933/4159 4104/4927/4076 4048/4851/4075 4050/4853/4136
f 4162/4997/4124 4103/4925/4080 4102/4924/4161 4163/4998/4162
f 4167/5003/4121 4152/4985/4147 4150/4983/4155 4166/5002/4122
f 4056/4860/4065 4076/4890/4082 4084/4901/4132 4061/4865/4068
f 4059/4863/4062 4082/4896/4061 4139/4969/4042 4054/4858/4041
f 4081/4895/4109 4075/4888/4113 4070/4882/4153 4136/4966/4154
f 4040/4841/4120 4038/4838/4119 4097/4918/4058 4094/4914/4057
f 4058/4862/4044 4140/4970/4043 4085/4902/4081 4055/4859/4064
f 4136/4966/4154 4066/4875/4093 4065/4873/4110 4081/4895/4109
f 4150/4983/4155 4152/4985/4147 4068/4879/4069 4067/4876/4156
f 4107/4930/4157 4102/4924/4161 4046/4848/4141 4052/4856/4088
f 4113/4937/4145 4115/4941/4089 4111/4935/4142 4110/4934/4054
f 4144/4975/4107 4087/4906/4094 4089/4908/4117 4161/4996/4163
f 4171/5007/3592 4147/4979/4114 4148/4980/4115 4154/4987/3539
f 4165/5000/4138 4163/4998/4162 4102/4924/4161 4107/4930/4157
f 4125/4955/4129 4126/4956/4128 4121/4951/4137 4119/4949/4164
f 4043/4845/4072 4098/4919/4133 4097/4918/4058 4038/4838/4119
f 4122/4952/4099 4123/4953/4090 4115/4942/4089 4113/4938/4145
f 4119/4949/4164 4121/4951/4137 4117/4945/4100 4116/4943/4165
f 3924/4692/3980 3925/4693/3975 3948/4729/4024 3947/4727/3981
f 4040/4842/4120 4094/4915/4057 4099/4920/4160 4044/4846/4046
f 4120/4950/4148 4041/4843/4101 4042/4844/4071 4127/4957/4070
f 4164/4999/4125 4148/4981/4115 4104/4927/4076 4109/4933/4159
f 3916/4684/3971 3979/4770/3961 3987/4781/4037 3917/4685/4010
f 4132/4962/4048 4131/4961/4097 4122/4952/4099 4124/4954/4045
f 4146/4978/4139 4106/4929/4158 4105/4928/4073 4147/4979/4114
f 4120/4950/4148 4119/4949/4164 4116/4943/4165 4118/4947/4149
f 4161/4996/4163 4089/4908/4117 4092/4912/4086 4158/4993/4085
f 3935/4711/4030 4016/4813/4040 4031/4831/4038 3942/4720/4031
f 4015/4812/4015 4017/4814/4023 4032/4832/4003 4033/4833/4002
f 4142/4972/4060 4143/4974/4059 4090/4909/4087 4086/4905/4143
f 4132/4962/4048 4045/4847/4047 4039/4839/4106 4118/4948/4149
f 4142/4973/4060 4086/4904/4143 4088/4907/4144 4160/4995/4166
f 4042/4844/4071 4096/4917/4103 4098/4919/4133 4043/4845/4072
f 4041/4843/4101 4039/4840/4106 4100/4922/4105 4095/4916/4102
f 4137/4967/4096 4082/4897/4061 4073/4886/4051 4077/4891/4134
f 4160/4995/4166 4088/4907/4144 4093/4913/4140 4159/4994/4126
f 4118/4948/4149 4116/4944/4165 4131/4961/4097 4132/4962/4048
f 4124/4954/4045 4122/4952/4099 4113/4938/4145 4114/4940/4118
f 4074/4887/4151 4168/5004/4167 4153/4986/4131 4072/4884/4130
f 4127/4957/4070 4125/4955/4129 4119/4949/4164 4120/4950/4148
f 4067/4877/4156 4060/4864/4049 4057/4861/4052 4063/4869/4092
f 4103/4925/4080 4047/4849/4079 4046/4848/4141 4102/4924/4161
f 4050/4853/4136 4121/4951/4137 4126/4956/4128 4051/4854/4078
f 4172/5008/3530 4162/4997/4124 4163/4998/4162 4156/4990/3555
f 4116/4944/4165 4117/4946/4100 4133/4963/4098 4131/4961/4097
f 4157/4992/3556 4156/4990/3555 4163/4998/4162 4165/5000/4138
f 4110/4934/4054 4111/4935/4142 4130/4960/4127 4128/4958/4055
f 4165/5001/4138 4107/4931/4157 4106/4929/4158 4146/4978/4139
f 4164/4999/4125 4109/4933/4159 4108/4932/4077 4149/4982/4123
f 4094/4915/4057 4142/4973/4060 4160/4995/4166 4099/4920/4160
f 4092/4912/4086 4138/4968/4152 4134/4964/4146 4090/4909/4087
f 4089/4908/4117 4141/4971/4116 4138/4968/4152 4092/4912/4086
f 4096/4917/4103 4161/4996/4163 4158/4993/4085 4098/4919/4133
f 4173/5009/3593 4146/4978/4139 4147/4979/4114 4171/5007/3592
f 4086/4905/4143 4090/4909/4087 4134/4964/4146 4085/4903/4081
f 4084/4900/4132 4153/4986/4131 4151/4984/4135 4083/4898/4050
f 4155/4989/3540 4154/4988/3539 4148/4981/4115 4164/4999/4125
f 3592/4275/3744 3612/4300/3630 3611/4299/3628 3597/4281/3747
f 3877/4638/3787 3836/4588/3786 3831/4581/3839 3890/4653/3845
f 3768/4498/3807 3766/4494/3811 3825/4574/3909 3822/4571/3879
f 3840/4592/3810 3838/4590/3864 3856/4614/3890 3857/4615/3891
f 3646/4340/3566 3647/4341/3565 3640/4333/3778 3638/4331/3703
f 4079/4893/4150 4169/5005/4168 4168/5004/4167 4074/4887/4151
f 3816/4563/3911 3868/4626/3905 3867/4625/3801 3821/4569/3897
f 3666/4364/3694 3721/4434/3693 3730/4445/3674 3726/4440/3673
f 4071/4883/4084 4152/4985/4147 4167/5003/4121 4078/4892/4112
f 3591/4274/3658 3609/4296/3660 3613/4301/4169 3593/4276/4170
f 4151/4984/4135 4153/4986/4131 4168/5004/4167 4169/5005/4168
f 3859/4617/3798 3861/4619/3797 3851/4609/3871 3850/4608/3858
f 3389/4026/3416 3393/4032/3425 3594/4278/3641 3590/4272/3640
f 3722/4436/3672 3728/4443/3768 3733/4449/3670 3667/4365/3671
f 3679/4377/3762 3681/4379/3761 3690/4394/3759 3689/4392/3763
f 3390/4028/3412 3591/4274/3658 3593/4276/4170 3392/4030/3413
f 3893/4656/3887 3835/4586/3851 3834/4585/3813 3874/4634/3812
f 4077/4891/4134 4151/4984/4135 4169/5005/4168 4079/4893/4150
f 3593/4276/4170 3613/4301/4169 3610/4298/3746 3596/4280/3745
f 3597/4281/3747 3611/4299/3628 3586/4268/3627 3595/4279/3659
f 3391/4029/3417 3592/4275/3744 3597/4281/3747 3396/4035/3420
f 4095/4916/4102 4144/4975/4107 4161/4996/4163 4096/4917/4103
f 3848/4606/3906 3847/4605/3791 3844/4600/3795 3846/4604/3870
f 4014/4811/4007 4016/4813/4040 3932/4707/3976 3931/4705/4029
f 4060/4864/4049 4061/4865/4068 4084/4901/4132 4083/4899/4050
f 3631/4323/3585 3641/4334/3767 3640/4333/3778 3647/4341/3565
f 3814/4561/3912 3813/4559/3883 3868/4626/3905 3816/4563/3911
f 3717/4427/3738 3713/4422/3781 3669/4367/3713 3718/4429/3682
f 4075/4888/4113 4166/5002/4122 4150/4983/4155 4070/4882/4153
f 3935/4711/4030 3926/4695/3973 3932/4707/3976 4016/4813/4040
f 3392/4030/3413 3593/4276/4170 3596/4280/3745 3395/4034/3423
f 3668/4366/3803 3732/4448/3716 3725/4439/3719 3723/4437/3779
f 4099/4920/4160 4160/4995/4166 4159/4994/4126 4101/4923/4104
f 3893/4657/3887 3891/4654/3846 3830/4580/3840 3835/4587/3851
f 3746/4470/3722 3730/4446/3674 3721/4435/3693 3744/4468/3650
f 3584/4266/4171 3568/4243/3622 3573/4253/3625 3607/4294/4172
f 3608/4295/3624 3570/4247/3609 3569/4245/3619 3585/4267/4173
f 3613/4301/4169 3583/4265/3752 3578/4259/3753 3610/4298/3746
f 3609/4296/3660 3581/4262/3754 3583/4265/3752 3613/4301/4169
f 3584/4266/4171 3582/4264/3742 3579/4260/3743 3585/4267/4173
f 3589/4271/3631 3606/4292/3642 3576/4256/3661 3580/4261/3634
f 3607/4294/4172 3575/4255/3620 3582/4264/3742 3584/4266/4171
f 3585/4267/4173 3569/4245/3619 3568/4243/3622 3584/4266/4171
f 3610/4298/3746 3578/4259/3753 3576/4257/3661 3606/4293/3642
f 3618/4308/3610 3571/4249/3613 3567/4241/3606 3574/4254/3623
f 3609/4297/3660 3586/4268/3627 3577/4258/3629 3581/4263/3754
f 3564/4236/3614 3587/4269/3657 3577/4258/3629 3561/4233/3607
f 3585/4267/4173 3579/4260/3743 3574/4254/3623 3608/4295/3624
f 3559/4231/3626 3589/4271/3631 3580/4261/3634 3560/4232/3616
f 3607/4294/4172 3573/4253/3625 3566/4239/3615 3575/4255/3620
f 3214/3835/3379 3213/3834/3382 3224/3847/3238 3225/3848/3237
f 3216/3837/3229 3215/3836/3228 3226/3849/3251 3227/3850/3255
f 3219/3840/3220 3218/3839/3234 3229/3852/3244 3230/3853/3243
f 3213/3834/3382 3211/3832/3225 3223/3846/3241 3224/3847/3238
f 3218/3839/3234 3217/3838/3231 3228/3851/3253 3229/3852/3244
f 3220/3841/3224 3212/3833/3221 3221/3843/3248 3222/3844/3247
f 3215/3836/3228 3214/3835/3379 3225/3848/3237 3226/3849/3251
f 3211/3832/3225 3220/3842/3224 3222/3845/3247 3223/3846/3241
f 3212/3833/3221 3219/3840/3220 3230/3853/3243 3221/3843/3248
f 3228/3851/3253 3227/3850/3255 3520/4182/3256 3542/4211/3254
f 4429/5319/4174 4216/5054/4175 4205/5043/4176 4428/5317/4177
f 4424/5312/4178 4208/5046/4179 4724/5710/4180 4726/5712/4181
f 4433/5327/4182 4212/5050/4183 4213/5051/4184 4432/5325/4185
f 4428/5317/4177 4205/5043/4176 4206/5044/4186 4434/5329/4187
f 4436/5333/4188 4204/5042/4189 4210/5048/4190 4435/5331/4191
f 4437/5337/4192 4217/5055/4193 4204/5041/4189 4436/5334/4188
f 4435/5331/4191 4210/5048/4190 4211/5049/4194 4438/5339/4195
f 4439/5341/4196 4218/5056/4197 4216/5054/4175 4429/5319/4174
f 4432/5325/4185 4213/5051/4184 4214/5052/4198 4440/5343/4199
f 4441/5345/4200 4209/5047/4201 4207/5045/4202 4431/5323/4203
f 4438/5339/4195 4211/5049/4194 4209/5047/4201 4441/5345/4200
f 4440/5343/4199 4214/5052/4198 4215/5053/4204 4442/5347/4205
f 4434/5329/4187 4206/5044/4186 4212/5050/4183 4433/5327/4182
f 4430/5321/4206 4208/5046/4179 4218/5056/4197 4439/5341/4196
f 4425/5313/4207 4217/5055/4193 4730/5716/4208 4733/5719/4209
f 4414/5302/4210 4195/5032/4211 4196/5033/4212 4413/5301/4213
f 4416/5304/4214 4203/5040/4215 4201/5038/4216 4415/5303/4217
f 4418/5306/4218 4198/5035/4219 4199/5036/4220 4417/5305/4221
f 4420/5308/4222 4194/5031/4223 4192/5029/4224 4419/5307/4225
f 4413/5301/4213 4196/5033/4212 4194/5031/4223 4420/5308/4222
f 4417/5305/4221 4199/5036/4220 4200/5037/4226 4421/5309/4227
f 4423/5311/4228 4191/5028/4229 4197/5034/4230 4422/5310/4231
f 4424/5312/4178 4193/5030/4232 4203/5040/4215 4416/5304/4214
f 4421/5309/4227 4200/5037/4226 4202/5039/4233 4425/5313/4207
f 4415/5303/4217 4201/5038/4216 4190/5027/4234 4426/5314/4235
f 4419/5307/4225 4192/5029/4224 4193/5030/4232 4424/5312/4178
f 4422/5310/4231 4197/5034/4230 4198/5035/4219 4418/5306/4218
f 4426/5314/4235 4190/5027/4234 4191/5028/4229 4423/5311/4228
f 4427/5316/4236 4189/5025/4237 4195/5032/4211 4414/5302/4210
f 4425/5313/4207 4202/5039/4233 4189/5026/4237 4427/5315/4236
f 4264/5107/4238 4187/5023/4239 4174/5010/4240 4265/5108/4241
f 4260/5101/4242 4180/5016/4243 4181/5017/4244 4261/5102/4245
f 4323/5189/4246 4188/5024/4247 4186/5022/4248 4322/5188/4249
f 4198/5035/4219 4223/5061/4250 4224/5062/4251 4199/5036/4220
f 4329/5198/4252 4179/5015/4253 4177/5013/4254 4328/5197/4255
f 4261/5102/4245 4181/5017/4244 4179/5015/4253 4329/5198/4252
f 4326/5194/4256 4184/5020/4257 4185/5021/4258 4332/5203/4259
f 4183/5019/4260 4229/5067/4261 4226/5064/4262 4182/5018/4263
f 4333/5204/4264 4178/5014/4265 4188/5024/4247 4323/5189/4246
f 4332/5203/4259 4185/5021/4258 4187/5023/4239 4264/5107/4238
f 4176/5012/4266 4225/5063/4267 4227/5065/4268 4175/5011/4269
f 4328/5197/4255 4177/5013/4254 4178/5014/4265 4333/5204/4264
f 4201/5038/4216 4222/5060/4270 4221/5059/4271 4190/5027/4234
f 4184/5020/4257 4230/5068/4272 4229/5067/4261 4183/5019/4260
f 4265/5108/4241 4174/5010/4240 4180/5016/4243 4260/5101/4242
f 4356/5233/4273 4317/5180/4274 4234/5072/4275 4348/5223/4276
f 4350/5225/4277 4371/5248/4278 4369/5246/4279 4352/5227/4280
f 4348/5223/4276 4234/5072/4275 4316/5179/4281 4351/5226/4282
f 4342/5217/4283 4360/5237/4284 4366/5243/4285 4347/5222/4286
f 4354/5230/4287 4339/5214/4288 4231/5069/4289 4344/5219/4290
f 4182/5018/4263 4226/5064/4262 4225/5063/4267 4176/5012/4266
f 4190/5027/4234 4221/5059/4271 4219/5057/4291 4191/5028/4229
f 4197/5034/4230 4220/5058/4292 4223/5061/4250 4198/5035/4219
f 4326/5194/4256 4338/5212/4293 4230/5068/4272 4184/5020/4257
f 4191/5028/4229 4219/5057/4291 4220/5058/4292 4197/5034/4230
f 4321/5186/4294 4335/5208/4295 4222/5060/4270 4201/5038/4216
f 4175/5011/4269 4227/5065/4268 4228/5066/4296 4186/5022/4248
f 4351/5226/4282 4377/5254/4297 4372/5249/4298 4350/5225/4277
f 4345/5220/4299 4374/5251/4300 4233/5071/4301 4343/5218/4302
f 4352/5227/4280 4368/5245/4303 4375/5252/4304 4345/5220/4299
f 4269/5115/4305 4240/5078/4306 4241/5079/4307 4267/5112/4308
f 4245/5083/4309 4243/5081/4310 4236/5074/4311 4235/5073/4312
f 4273/5119/4313 4248/5087/4314 4239/5077/4315 4272/5118/4316
f 4308/5171/4317 4307/5170/4318 4284/5135/4319 4285/5137/4320
f 4274/5121/4321 4250/5089/4322 4240/5078/4306 4269/5115/4305
f 4291/5144/4323 4245/5083/4309 4235/5073/4312 4289/5142/4324
f 4297/5152/4325 4244/5082/4326 4237/5075/4327 4290/5143/4328
f 4293/5147/4329 4238/5076/4330 4246/5084/4331 4298/5153/4332
f 4289/5142/4324 4235/5073/4312 4236/5074/4311 4294/5148/4333
f 4294/5148/4333 4236/5074/4311 4243/5081/4310 4296/5151/4334
f 4290/5143/4328 4237/5075/4327 4238/5076/4330 4293/5147/4329
f 4267/5112/4308 4241/5079/4307 4247/5085/4335 4268/5114/4336
f 4272/5118/4316 4239/5077/4315 4242/5080/4337 4270/5116/4338
f 4270/5116/4338 4242/5080/4337 4249/5088/4339 4271/5117/4340
f 4291/5144/4323 4295/5150/4341 4285/5136/4320 4245/5083/4309
f 4284/5134/4319 4243/5081/4310 4245/5083/4309 4285/5136/4320
f 4292/5146/4342 4296/5151/4334 4243/5081/4310 4284/5134/4319
f 4273/5119/4313 4268/5113/4336 4247/5086/4335 4248/5087/4314
f 4274/5120/4321 4271/5117/4340 4249/5088/4339 4250/5090/4322
f 4282/5131/4343 4278/5126/4344 4258/5098/4345 4283/5133/4346
f 4281/5129/4347 4277/5125/4348 4286/5139/4349 4255/5095/4350
f 4280/5128/4351 4252/5092/4352 4253/5093/4353 4275/5122/4354
f 4276/5123/4355 4254/5094/4356 4258/5098/4345 4278/5126/4344
f 4279/5127/4357 4251/5091/4358 4254/5094/4356 4276/5123/4355
f 4275/5122/4354 4253/5093/4353 4286/5138/4349 4277/5124/4348
f 4282/5130/4343 4283/5132/4346 4252/5092/4352 4280/5128/4351
f 4281/5129/4347 4255/5095/4350 4251/5091/4358 4279/5127/4357
f 4318/5182/4359 4320/5185/4360 4271/5117/4340 4274/5120/4321
f 4317/5180/4274 4319/5184/4361 4268/5113/4336 4273/5119/4313
f 4316/5179/4281 4270/5116/4338 4271/5117/4340 4320/5185/4360
f 4234/5072/4275 4272/5118/4316 4270/5116/4338 4316/5179/4281
f 4232/5070/4362 4267/5112/4308 4268/5114/4336 4319/5183/4361
f 4318/5181/4359 4274/5121/4321 4269/5115/4305 4315/5178/4363
f 4317/5180/4274 4273/5119/4313 4272/5118/4316 4234/5072/4275
f 4315/5178/4363 4269/5115/4305 4267/5112/4308 4232/5070/4362
f 4248/5087/4314 4281/5129/4347 4279/5127/4357 4239/5077/4315
f 4250/5089/4322 4282/5130/4343 4280/5128/4351 4240/5078/4306
f 4241/5079/4307 4275/5122/4354 4277/5124/4348 4247/5085/4335
f 4239/5077/4315 4279/5127/4357 4276/5123/4355 4242/5080/4337
f 4242/5080/4337 4276/5123/4355 4278/5126/4344 4249/5088/4339
f 4240/5078/4306 4280/5128/4351 4275/5122/4354 4241/5079/4307
f 4248/5087/4314 4247/5086/4335 4277/5125/4348 4281/5129/4347
f 4250/5090/4322 4249/5088/4339 4278/5126/4344 4282/5131/4343
f 4237/5075/4327 4244/5082/4326 4246/5084/4331 4238/5076/4330
f 4312/5175/4364 4292/5145/4342 4284/5135/4319 4307/5170/4318
f 4311/5174/4365 4295/5149/4341 4286/5138/4349 4309/5172/4366
f 4314/5177/4367 4253/5093/4353 4252/5092/4352 4310/5173/4368
f 4309/5172/4366 4286/5138/4349 4253/5093/4353 4314/5177/4367
f 4310/5173/4368 4252/5092/4352 4283/5132/4346 4313/5176/4369
f 4308/5171/4317 4285/5137/4320 4295/5149/4341 4311/5174/4365
f 4313/5176/4369 4283/5132/4346 4292/5145/4342 4312/5175/4364
f 4283/5133/4346 4258/5098/4345 4296/5151/4334 4292/5146/4342
f 4255/5095/4350 4286/5139/4349 4295/5150/4341 4291/5144/4323
f 4288/5141/4370 4290/5143/4328 4293/5147/4329 4287/5140/4371
f 4254/5094/4356 4294/5148/4333 4296/5151/4334 4258/5098/4345
f 4251/5091/4358 4289/5142/4324 4294/5148/4333 4254/5094/4356
f 4287/5140/4371 4293/5147/4329 4298/5153/4332 4256/5096/4372
f 4257/5097/4373 4297/5152/4325 4290/5143/4328 4288/5141/4370
f 4255/5095/4350 4291/5144/4323 4289/5142/4324 4251/5091/4358
f 4257/5097/4373 4299/5154/4374 4306/5168/4375 4297/5152/4325
f 4246/5084/4331 4301/5158/4376 4305/5166/4377 4298/5153/4332
f 4288/5141/4370 4304/5164/4378 4299/5154/4374 4257/5097/4373
f 4256/5096/4372 4302/5160/4379 4303/5162/4380 4287/5140/4371
f 4287/5140/4371 4303/5162/4380 4304/5164/4378 4288/5141/4370
f 4298/5153/4332 4305/5166/4377 4302/5160/4379 4256/5096/4372
f 4297/5152/4325 4306/5168/4375 4300/5156/4381 4244/5082/4326
f 4246/5084/4331 4244/5082/4326 4300/5156/4381 4301/5158/4376
f 4299/5155/4374 4313/5176/4369 4312/5175/4364 4306/5169/4375
f 4301/5159/4376 4308/5171/4317 4311/5174/4365 4305/5167/4377
f 4304/5165/4378 4310/5173/4368 4313/5176/4369 4299/5155/4374
f 4302/5161/4379 4309/5172/4366 4314/5177/4367 4303/5163/4380
f 4303/5163/4380 4314/5177/4367 4310/5173/4368 4304/5165/4378
f 4305/5167/4377 4311/5174/4365 4309/5172/4366 4302/5161/4379
f 4306/5169/4375 4312/5175/4364 4307/5170/4318 4300/5157/4381
f 4301/5159/4376 4300/5157/4381 4307/5170/4318 4308/5171/4317
f 4349/5224/4382 4363/5240/4383 4358/5235/4384 4341/5216/4385
f 4344/5219/4290 4231/5069/4289 4364/5241/4386 4349/5224/4382
f 4341/5216/4385 4357/5234/4387 4361/5238/4388 4342/5217/4283
f 4347/5222/4286 4315/5178/4363 4232/5070/4362 4346/5221/4389
f 4186/5022/4248 4228/5066/4296 4336/5209/4390 4322/5188/4249
f 4322/5188/4249 4336/5209/4390 4335/5207/4295 4321/5187/4294
f 4199/5036/4220 4224/5062/4251 4337/5211/4391 4325/5192/4392
f 4325/5193/4392 4337/5210/4391 4338/5212/4293 4326/5194/4256
f 4343/5218/4302 4233/5071/4301 4340/5215/4393 4353/5228/4394
f 4353/5228/4394 4340/5215/4393 4339/5213/4288 4354/5229/4287
f 4346/5221/4389 4232/5070/4362 4319/5183/4361 4355/5232/4395
f 4355/5231/4395 4319/5184/4361 4317/5180/4274 4356/5233/4273
f 4189/5025/4237 4266/5109/4396 4259/5099/4397 4195/5032/4211
f 4266/5111/4396 4265/5108/4241 4260/5101/4242 4259/5100/4397
f 4192/5029/4224 4327/5195/4398 4334/5205/4399 4193/5030/4232
f 4327/5196/4398 4328/5197/4255 4333/5204/4264 4334/5206/4399
f 4200/5037/4226 4331/5201/4400 4263/5105/4401 4202/5039/4233
f 4331/5202/4400 4332/5203/4259 4264/5107/4238 4263/5106/4401
f 4193/5030/4232 4334/5205/4399 4324/5190/4402 4203/5040/4215
f 4334/5206/4399 4333/5204/4264 4323/5189/4246 4324/5191/4402
f 4199/5036/4220 4325/5192/4392 4331/5201/4400 4200/5037/4226
f 4325/5193/4392 4326/5194/4256 4332/5203/4259 4331/5202/4400
f 4196/5033/4212 4262/5103/4403 4330/5199/4404 4194/5031/4223
f 4262/5104/4403 4261/5102/4245 4329/5198/4252 4330/5200/4404
f 4194/5031/4223 4330/5199/4404 4327/5195/4398 4192/5029/4224
f 4330/5200/4404 4329/5198/4252 4328/5197/4255 4327/5196/4398
f 4203/5040/4215 4324/5190/4402 4321/5186/4294 4201/5038/4216
f 4324/5191/4402 4323/5189/4246 4322/5188/4249 4321/5187/4294
f 4195/5032/4211 4259/5099/4397 4262/5103/4403 4196/5033/4212
f 4259/5100/4397 4260/5101/4242 4261/5102/4245 4262/5104/4403
f 4202/5039/4233 4263/5105/4401 4266/5110/4396 4189/5026/4237
f 4263/5106/4401 4264/5107/4238 4265/5108/4241 4266/5111/4396
f 4337/5210/4391 4355/5231/4395 4356/5233/4273 4338/5212/4293
f 4224/5062/4251 4346/5221/4389 4355/5232/4395 4337/5211/4391
f 4336/5209/4390 4353/5228/4394 4354/5229/4287 4335/5207/4295
f 4228/5066/4296 4343/5218/4302 4353/5228/4394 4336/5209/4390
f 4220/5058/4292 4342/5217/4283 4347/5222/4286 4223/5061/4250
f 4225/5063/4267 4352/5227/4280 4345/5220/4299 4227/5065/4268
f 4230/5068/4272 4348/5223/4276 4351/5226/4282 4229/5067/4261
f 4222/5060/4270 4344/5219/4290 4349/5224/4382 4221/5059/4271
f 4226/5064/4262 4350/5225/4277 4352/5227/4280 4225/5063/4267
f 4229/5067/4261 4351/5226/4282 4350/5225/4277 4226/5064/4262
f 4221/5059/4271 4349/5224/4382 4341/5216/4385 4219/5057/4291
f 4335/5208/4295 4354/5230/4287 4344/5219/4290 4222/5060/4270
f 4219/5057/4291 4341/5216/4385 4342/5217/4283 4220/5058/4292
f 4227/5065/4268 4345/5220/4299 4343/5218/4302 4228/5066/4296
f 4223/5061/4250 4347/5222/4286 4346/5221/4389 4224/5062/4251
f 4338/5212/4293 4356/5233/4273 4348/5223/4276 4230/5068/4272
f 4362/5239/4405 4360/5237/4284 4342/5217/4283 4361/5238/4388
f 4365/5242/4406 4363/5240/4383 4349/5224/4382 4364/5241/4386
f 4367/5244/4407 4315/5178/4363 4347/5222/4286 4366/5243/4285
f 4370/5247/4408 4368/5245/4303 4352/5227/4280 4369/5246/4279
f 4373/5250/4409 4371/5248/4278 4350/5225/4277 4372/5249/4298
f 4376/5253/4410 4374/5251/4300 4345/5220/4299 4375/5252/4304
f 4378/5255/4411 4377/5254/4297 4351/5226/4282 4316/5179/4281
f 4381/5259/4412 4382/5260/4413 4367/5244/4407 4366/5243/4285
f 4382/5260/4413 4318/5181/4359 4315/5178/4363 4367/5244/4407
f 4387/5269/4414 4388/5270/4415 4373/5250/4409 4372/5249/4298
f 4388/5270/4415 4386/5268/4416 4371/5248/4278 4373/5250/4409
f 4393/5277/4417 4394/5278/4418 4359/5236/4419 4358/5235/4384
f 4394/5278/4418 4392/5275/4420 4357/5234/4387 4359/5236/4419
f 4399/5287/4421 4400/5288/4422 4376/5253/4410 4375/5252/4304
f 4400/5288/4422 4398/5286/4423 4374/5251/4300 4376/5253/4410
f 4377/5254/4297 4378/5255/4411 4380/5257/4424 4379/5256/4425
f 4378/5255/4411 4316/5179/4281 4320/5185/4360 4380/5257/4424
f 4379/5256/4425 4380/5257/4424 4382/5261/4413 4381/5258/4412
f 4380/5257/4424 4320/5185/4360 4318/5182/4359 4382/5261/4413
f 4360/5237/4284 4362/5239/4405 4385/5266/4426 4383/5263/4427
f 4362/5239/4405 4361/5238/4388 4384/5265/4428 4385/5266/4426
f 4383/5262/4427 4385/5267/4426 4388/5270/4415 4387/5269/4414
f 4385/5267/4426 4384/5264/4428 4386/5268/4416 4388/5270/4415
f 4368/5245/4303 4370/5247/4408 4391/5273/4429 4389/5271/4430
f 4370/5247/4408 4369/5246/4279 4390/5272/4431 4391/5273/4429
f 4389/5271/4430 4391/5273/4429 4394/5279/4418 4393/5276/4417
f 4391/5273/4429 4390/5272/4431 4392/5274/4420 4394/5279/4418
f 4363/5240/4383 4365/5242/4406 4397/5284/4432 4395/5281/4433
f 4365/5242/4406 4364/5241/4386 4396/5283/4434 4397/5284/4432
f 4395/5280/4433 4397/5285/4432 4400/5288/4422 4399/5287/4421
f 4397/5285/4432 4396/5282/4434 4398/5286/4423 4400/5288/4422
f 4359/5236/4419 4357/5234/4387 4341/5216/4385 4358/5235/4384
f 4188/5024/4247 4401/5289/4435 4175/5011/4269 4186/5022/4248
f 4176/5012/4266 4175/5011/4269 4401/5289/4435 4402/5290/4436
f 4182/5018/4263 4176/5012/4266 4402/5290/4436 4403/5291/4437
f 4183/5019/4260 4182/5018/4263 4403/5291/4437 4404/5292/4438
f 4185/5021/4258 4184/5020/4257 4183/5019/4260 4404/5292/4438
f 4187/5023/4239 4185/5021/4258 4404/5292/4438 4405/5293/4439
f 4403/5291/4437 4406/5294/4440 4405/5293/4439 4404/5292/4438
f 4402/5290/4436 4407/5295/4441 4406/5294/4440 4403/5291/4437
f 4401/5289/4435 4408/5296/4442 4407/5295/4441 4402/5290/4436
f 4178/5014/4265 4408/5296/4442 4401/5289/4435 4188/5024/4247
f 4407/5295/4441 4408/5296/4442 4409/5297/4443 4410/5298/4444
f 4177/5013/4254 4409/5297/4443 4408/5296/4442 4178/5014/4265
f 4406/5294/4440 4407/5295/4441 4410/5298/4444 4411/5299/4445
f 4405/5293/4439 4406/5294/4440 4411/5299/4445 4412/5300/4446
f 4174/5010/4240 4187/5023/4239 4405/5293/4439 4412/5300/4446
f 4174/5010/4240 4412/5300/4446 4411/5299/4445 4180/5016/4243
f 4180/5016/4243 4411/5299/4445 4410/5298/4444 4181/5017/4244
f 4179/5015/4253 4181/5017/4244 4410/5298/4444
f 4179/5015/4253 4410/5298/4444 4409/5297/4443 4177/5013/4254
f 4217/5055/4193 4425/5313/4207 4427/5315/4236 4204/5041/4189
f 4204/5042/4189 4427/5316/4236 4414/5302/4210 4210/5048/4190
f 4205/5043/4176 4426/5314/4235 4423/5311/4228 4206/5044/4186
f 4212/5050/4183 4422/5310/4231 4418/5306/4218 4213/5051/4184
f 4431/5323/4203 4207/5045/4202 4723/5709/4447 4728/5714/4448
f 4216/5054/4175 4415/5303/4217 4426/5314/4235 4205/5043/4176
f 4437/5337/4192 4442/5347/4205 4731/5717/4449 4734/5720/4450
f 4208/5046/4179 4424/5312/4178 4416/5304/4214 4218/5056/4197
f 4206/5044/4186 4423/5311/4228 4422/5310/4231 4212/5050/4183
f 4214/5052/4198 4417/5305/4221 4421/5309/4227 4215/5053/4204
f 4211/5049/4194 4413/5301/4213 4420/5308/4222 4209/5047/4201
f 4209/5047/4201 4420/5308/4222 4419/5307/4225 4207/5045/4202
f 4213/5051/4184 4418/5306/4218 4417/5305/4221 4214/5052/4198
f 4218/5056/4197 4416/5304/4214 4415/5303/4217 4216/5054/4175
f 4210/5048/4190 4414/5302/4210 4413/5301/4213 4211/5049/4194
f 4436/5335/4188 3343/3978/3363 3338/3972/3367 4437/5336/4192
f 3341/3976/3361 3342/3977/3360 4439/5342/4196 4429/5320/4174
f 3341/3976/3361 4434/5330/4187 4433/5328/4182 3337/3971/3364
f 3340/3975/3365 3337/3971/3364 4432/5326/4185 4440/5344/4199
f 4440/5344/4199 4442/5348/4205 3339/3974/3368 3340/3975/3365
f 3346/3981/3362 4438/5340/4195 4441/5346/4200 3345/3980/3358
f 3337/3971/3364 4433/5328/4182 4432/5326/4185
f 4431/5324/4203 3344/3979/3359 3345/3980/3358 4441/5346/4200
f 3341/3976/3361 4428/5318/4177 4434/5330/4187
f 3343/3978/3363 4436/5335/4188 4435/5332/4191 3346/3981/3362
f 4467/5376/4451 4448/5354/4452 4449/5355/4453 4465/5373/4454
f 4452/5358/4455 4451/5357/4456 4444/5350/4457 4443/5349/4458
f 4471/5380/4459 4454/5361/4460 4447/5353/4461 4470/5379/4462
f 4506/5432/4463 4505/5431/4464 4482/5396/4465 4483/5398/4466
f 4472/5382/4467 4456/5363/4468 4448/5354/4452 4467/5376/4451
f 4489/5405/4469 4452/5358/4455 4443/5349/4458 4487/5403/4470
f 4495/5413/4471 4498/5417/4472 4445/5351/4473 4488/5404/4474
f 4491/5408/4475 4446/5352/4476 4499/5419/4477 4496/5414/4478
f 4487/5403/4470 4443/5349/4458 4444/5350/4457 4492/5409/4479
f 4492/5409/4479 4444/5350/4457 4451/5357/4456 4494/5412/4480
f 4488/5404/4474 4445/5351/4473 4446/5352/4476 4491/5408/4475
f 4465/5373/4454 4449/5355/4453 4453/5359/4481 4466/5375/4482
f 4470/5379/4462 4447/5353/4461 4450/5356/4483 4468/5377/4484
f 4468/5377/4484 4450/5356/4483 4455/5362/4485 4469/5378/4486
f 4489/5405/4469 4493/5411/4487 4483/5397/4466 4452/5358/4455
f 4482/5395/4465 4451/5357/4456 4452/5358/4455 4483/5397/4466
f 4490/5407/4488 4494/5412/4480 4451/5357/4456 4482/5395/4465
f 4471/5380/4459 4466/5374/4482 4453/5360/4481 4454/5361/4460
f 4472/5381/4467 4469/5378/4486 4455/5362/4485 4456/5364/4468
f 4480/5392/4489 4476/5387/4490 4464/5372/4491 4481/5394/4492
f 4479/5390/4493 4475/5386/4494 4484/5400/4495 4461/5369/4496
f 4478/5389/4497 4458/5366/4498 4459/5367/4499 4473/5383/4500
f 4474/5384/4501 4460/5368/4502 4464/5372/4491 4476/5387/4490
f 4477/5388/4503 4457/5365/4504 4460/5368/4502 4474/5384/4501
f 4473/5383/4500 4459/5367/4499 4484/5399/4495 4475/5385/4494
f 4480/5391/4489 4481/5393/4492 4458/5366/4498 4478/5389/4497
f 4479/5390/4493 4461/5369/4496 4457/5365/4504 4477/5388/4503
f 4383/5262/4427 4387/5269/4414 4469/5378/4486 4472/5381/4467
f 4379/5256/4425 4381/5258/4412 4466/5374/4482 4471/5380/4459
f 4372/5249/4298 4468/5377/4484 4469/5378/4486 4387/5269/4414
f 4377/5254/4297 4470/5379/4462 4468/5377/4484 4372/5249/4298
f 4366/5243/4285 4465/5373/4454 4466/5375/4482 4381/5259/4412
f 4383/5263/4427 4472/5382/4467 4467/5376/4451 4360/5237/4284
f 4379/5256/4425 4471/5380/4459 4470/5379/4462 4377/5254/4297
f 4360/5237/4284 4467/5376/4451 4465/5373/4454 4366/5243/4285
f 4454/5361/4460 4479/5390/4493 4477/5388/4503 4447/5353/4461
f 4456/5363/4468 4480/5391/4489 4478/5389/4497 4448/5354/4452
f 4449/5355/4453 4473/5383/4500 4475/5385/4494 4453/5359/4481
f 4447/5353/4461 4477/5388/4503 4474/5384/4501 4450/5356/4483
f 4450/5356/4483 4474/5384/4501 4476/5387/4490 4455/5362/4485
f 4448/5354/4452 4478/5389/4497 4473/5383/4500 4449/5355/4453
f 4454/5361/4460 4453/5360/4481 4475/5386/4494 4479/5390/4493
f 4456/5364/4468 4455/5362/4485 4476/5387/4490 4480/5392/4489
f 4445/5351/4473 4498/5417/4472 4499/5419/4477 4446/5352/4476
f 4510/5436/4505 4490/5406/4488 4482/5396/4465 4505/5431/4464
f 4509/5435/4506 4493/5410/4487 4484/5399/4495 4507/5433/4507
f 4512/5438/4508 4459/5367/4499 4458/5366/4498 4508/5434/4509
f 4507/5433/4507 4484/5399/4495 4459/5367/4499 4512/5438/4508
f 4508/5434/4509 4458/5366/4498 4481/5393/4492 4511/5437/4510
f 4506/5432/4463 4483/5398/4466 4493/5410/4487 4509/5435/4506
f 4511/5437/4510 4481/5393/4492 4490/5406/4488 4510/5436/4505
f 4481/5394/4492 4464/5372/4491 4494/5412/4480 4490/5407/4488
f 4461/5369/4496 4484/5400/4495 4493/5411/4487 4489/5405/4469
f 4486/5402/4511 4488/5404/4474 4491/5408/4475 4485/5401/4512
f 4460/5368/4502 4492/5409/4479 4494/5412/4480 4464/5372/4491
f 4457/5365/4504 4487/5403/4470 4492/5409/4479 4460/5368/4502
f 4485/5401/4512 4491/5408/4475 4496/5414/4478 4462/5370/4513
f 4463/5371/4514 4495/5413/4471 4488/5404/4474 4486/5402/4511
f 4461/5369/4496 4489/5405/4469 4487/5403/4470 4457/5365/4504
f 4463/5371/4514 4497/5415/4515 4504/5429/4516 4495/5413/4471
f 4499/5419/4477 4503/5427/4517 4496/5414/4478
f 4486/5402/4511 4502/5425/4518 4497/5415/4515 4463/5371/4514
f 4462/5370/4513 4500/5421/4519 4501/5423/4520 4485/5401/4512
f 4485/5401/4512 4501/5423/4520 4502/5425/4518 4486/5402/4511
f 4496/5414/4478 4503/5427/4517 4500/5421/4519 4462/5370/4513
f 4495/5413/4471 4504/5429/4516 4498/5417/4472
f 4497/5416/4515 4511/5437/4510 4510/5436/4505 4504/5430/4516
f 4499/5420/4477 4506/5432/4463 4509/5435/4506 4503/5428/4517
f 4502/5426/4518 4508/5434/4509 4511/5437/4510 4497/5416/4515
f 4500/5422/4519 4507/5433/4507 4512/5438/4508 4501/5424/4520
f 4501/5424/4520 4512/5438/4508 4508/5434/4509 4502/5426/4518
f 4503/5428/4517 4509/5435/4506 4507/5433/4507 4500/5422/4519
f 4504/5430/4516 4510/5436/4505 4505/5431/4464 4498/5418/4472
f 4499/5420/4477 4498/5418/4472 4505/5431/4464 4506/5432/4463
f 4537/5466/4521 4518/5444/4522 4519/5445/4523 4535/5463/4524
f 4522/5448/4525 4521/5447/4526 4514/5440/4527 4513/5439/4528
f 4541/5470/4529 4524/5451/4530 4517/5443/4531 4540/5469/4532
f 4576/5522/4533 4575/5521/4534 4552/5486/4535 4553/5488/4536
f 4542/5472/4537 4526/5453/4538 4518/5444/4522 4537/5466/4521
f 4559/5495/4539 4522/5448/4525 4513/5439/4528 4557/5493/4540
f 4565/5503/4541 4568/5507/4542 4515/5441/4543 4558/5494/4544
f 4561/5498/4545 4516/5442/4546 4569/5509/4547 4566/5504/4548
f 4557/5493/4540 4513/5439/4528 4514/5440/4527 4562/5499/4549
f 4562/5499/4549 4514/5440/4527 4521/5447/4526 4564/5502/4550
f 4558/5494/4544 4515/5441/4543 4516/5442/4546 4561/5498/4545
f 4535/5463/4524 4519/5445/4523 4523/5449/4551 4536/5465/4552
f 4540/5469/4532 4517/5443/4531 4520/5446/4553 4538/5467/4554
f 4538/5467/4554 4520/5446/4553 4525/5452/4555 4539/5468/4556
f 4559/5495/4539 4563/5501/4557 4553/5487/4536 4522/5448/4525
f 4552/5485/4535 4521/5447/4526 4522/5448/4525 4553/5487/4536
f 4560/5497/4558 4564/5502/4550 4521/5447/4526 4552/5485/4535
f 4541/5470/4529 4536/5464/4552 4523/5450/4551 4524/5451/4530
f 4542/5471/4537 4539/5468/4556 4525/5452/4555 4526/5454/4538
f 4550/5482/4559 4546/5477/4560 4534/5462/4561 4551/5484/4562
f 4549/5480/4563 4545/5476/4564 4554/5490/4565 4531/5459/4566
f 4548/5479/4567 4528/5456/4568 4529/5457/4569 4543/5473/4570
f 4544/5474/4571 4530/5458/4572 4534/5462/4561 4546/5477/4560
f 4547/5478/4573 4527/5455/4574 4530/5458/4572 4544/5474/4571
f 4543/5473/4570 4529/5457/4569 4554/5489/4565 4545/5475/4564
f 4550/5481/4559 4551/5483/4562 4528/5456/4568 4548/5479/4567
f 4549/5480/4563 4531/5459/4566 4527/5455/4574 4547/5478/4573
f 4392/5274/4420 4390/5272/4431 4539/5468/4556 4542/5471/4537
f 4386/5268/4416 4384/5264/4428 4536/5464/4552 4541/5470/4529
f 4369/5246/4279 4538/5467/4554 4539/5468/4556 4390/5272/4431
f 4371/5248/4278 4540/5469/4532 4538/5467/4554 4369/5246/4279
f 4361/5238/4388 4535/5463/4524 4536/5465/4552 4384/5265/4428
f 4392/5275/4420 4542/5472/4537 4537/5466/4521 4357/5234/4387
f 4386/5268/4416 4541/5470/4529 4540/5469/4532 4371/5248/4278
f 4357/5234/4387 4537/5466/4521 4535/5463/4524 4361/5238/4388
f 4524/5451/4530 4549/5480/4563 4547/5478/4573 4517/5443/4531
f 4526/5453/4538 4550/5481/4559 4548/5479/4567 4518/5444/4522
f 4519/5445/4523 4543/5473/4570 4545/5475/4564 4523/5449/4551
f 4517/5443/4531 4547/5478/4573 4544/5474/4571 4520/5446/4553
f 4520/5446/4553 4544/5474/4571 4546/5477/4560 4525/5452/4555
f 4518/5444/4522 4548/5479/4567 4543/5473/4570 4519/5445/4523
f 4524/5451/4530 4523/5450/4551 4545/5476/4564 4549/5480/4563
f 4526/5454/4538 4525/5452/4555 4546/5477/4560 4550/5482/4559
f 4515/5441/4543 4568/5507/4542 4569/5509/4547 4516/5442/4546
f 4580/5526/4575 4560/5496/4558 4552/5486/4535 4575/5521/4534
f 4579/5525/4576 4563/5500/4557 4554/5489/4565 4577/5523/4577
f 4582/5528/4578 4529/5457/4569 4528/5456/4568 4578/5524/4579
f 4577/5523/4577 4554/5489/4565 4529/5457/4569 4582/5528/4578
f 4578/5524/4579 4528/5456/4568 4551/5483/4562 4581/5527/4580
f 4576/5522/4533 4553/5488/4536 4563/5500/4557 4579/5525/4576
f 4581/5527/4580 4551/5483/4562 4560/5496/4558 4580/5526/4575
f 4551/5484/4562 4534/5462/4561 4564/5502/4550 4560/5497/4558
f 4531/5459/4566 4554/5490/4565 4563/5501/4557 4559/5495/4539
f 4556/5492/4581 4558/5494/4544 4561/5498/4545 4555/5491/4582
f 4530/5458/4572 4562/5499/4549 4564/5502/4550 4534/5462/4561
f 4527/5455/4574 4557/5493/4540 4562/5499/4549 4530/5458/4572
f 4555/5491/4582 4561/5498/4545 4566/5504/4548 4532/5460/4583
f 4533/5461/4584 4565/5503/4541 4558/5494/4544 4556/5492/4581
f 4531/5459/4566 4559/5495/4539 4557/5493/4540 4527/5455/4574
f 4533/5461/4584 4567/5505/4585 4574/5519/4586 4565/5503/4541
f 4569/5509/4547 4573/5517/4587 4566/5504/4548
f 4556/5492/4581 4572/5515/4588 4567/5505/4585 4533/5461/4584
f 4532/5460/4583 4570/5511/4589 4571/5513/4590 4555/5491/4582
f 4555/5491/4582 4571/5513/4590 4572/5515/4588 4556/5492/4581
f 4566/5504/4548 4573/5517/4587 4570/5511/4589 4532/5460/4583
f 4565/5503/4541 4574/5519/4586 4568/5507/4542
f 4567/5506/4585 4581/5527/4580 4580/5526/4575 4574/5520/4586
f 4569/5510/4547 4576/5522/4533 4579/5525/4576 4573/5518/4587
f 4572/5516/4588 4578/5524/4579 4581/5527/4580 4567/5506/4585
f 4570/5512/4589 4577/5523/4577 4582/5528/4578 4571/5514/4590
f 4571/5514/4590 4582/5528/4578 4578/5524/4579 4572/5516/4588
f 4573/5518/4587 4579/5525/4576 4577/5523/4577 4570/5512/4589
f 4574/5520/4586 4580/5526/4575 4575/5521/4534 4568/5508/4542
f 4569/5510/4547 4568/5508/4542 4575/5521/4534 4576/5522/4533
f 4607/5556/4591 4588/5534/4592 4589/5535/4593 4605/5553/4594
f 4592/5538/4595 4591/5537/4596 4584/5530/4597 4583/5529/4598
f 4611/5560/4599 4594/5541/4600 4587/5533/4601 4610/5559/4602
f 4646/5612/4603 4645/5611/4604 4622/5576/4605 4623/5578/4606
f 4612/5562/4607 4596/5543/4608 4588/5534/4592 4607/5556/4591
f 4629/5585/4609 4592/5538/4595 4583/5529/4598 4627/5583/4610
f 4635/5593/4611 4638/5597/4612 4585/5531/4613 4628/5584/4614
f 4631/5588/4615 4586/5532/4616 4639/5599/4617 4636/5594/4618
f 4627/5583/4610 4583/5529/4598 4584/5530/4597 4632/5589/4619
f 4632/5589/4619 4584/5530/4597 4591/5537/4596 4634/5592/4620
f 4628/5584/4614 4585/5531/4613 4586/5532/4616 4631/5588/4615
f 4605/5553/4594 4589/5535/4593 4593/5539/4621 4606/5555/4622
f 4610/5559/4602 4587/5533/4601 4590/5536/4623 4608/5557/4624
f 4608/5557/4624 4590/5536/4623 4595/5542/4625 4609/5558/4626
f 4629/5585/4609 4633/5591/4627 4623/5577/4606 4592/5538/4595
f 4622/5575/4605 4591/5537/4596 4592/5538/4595 4623/5577/4606
f 4630/5587/4628 4634/5592/4620 4591/5537/4596 4622/5575/4605
f 4611/5560/4599 4606/5554/4622 4593/5540/4621 4594/5541/4600
f 4612/5561/4607 4609/5558/4626 4595/5542/4625 4596/5544/4608
f 4620/5572/4629 4616/5567/4630 4604/5552/4631 4621/5574/4632
f 4619/5570/4633 4615/5566/4634 4624/5580/4635 4601/5549/4636
f 4618/5569/4637 4598/5546/4638 4599/5547/4639 4613/5563/4640
f 4614/5564/4641 4600/5548/4642 4604/5552/4631 4616/5567/4630
f 4617/5568/4643 4597/5545/4644 4600/5548/4642 4614/5564/4641
f 4613/5563/4640 4599/5547/4639 4624/5579/4635 4615/5565/4634
f 4620/5571/4629 4621/5573/4632 4598/5546/4638 4618/5569/4637
f 4619/5570/4633 4601/5549/4636 4597/5545/4644 4617/5568/4643
f 4395/5280/4433 4399/5287/4421 4609/5558/4626 4612/5561/4607
f 4389/5271/4430 4393/5276/4417 4606/5554/4622 4611/5560/4599
f 4375/5252/4304 4608/5557/4624 4609/5558/4626 4399/5287/4421
f 4368/5245/4303 4610/5559/4602 4608/5557/4624 4375/5252/4304
f 4358/5235/4384 4605/5553/4594 4606/5555/4622 4393/5277/4417
f 4395/5281/4433 4612/5562/4607 4607/5556/4591 4363/5240/4383
f 4389/5271/4430 4611/5560/4599 4610/5559/4602 4368/5245/4303
f 4363/5240/4383 4607/5556/4591 4605/5553/4594 4358/5235/4384
f 4594/5541/4600 4619/5570/4633 4617/5568/4643 4587/5533/4601
f 4596/5543/4608 4620/5571/4629 4618/5569/4637 4588/5534/4592
f 4589/5535/4593 4613/5563/4640 4615/5565/4634 4593/5539/4621
f 4587/5533/4601 4617/5568/4643 4614/5564/4641 4590/5536/4623
f 4590/5536/4623 4614/5564/4641 4616/5567/4630 4595/5542/4625
f 4588/5534/4592 4618/5569/4637 4613/5563/4640 4589/5535/4593
f 4594/5541/4600 4593/5540/4621 4615/5566/4634 4619/5570/4633
f 4596/5544/4608 4595/5542/4625 4616/5567/4630 4620/5572/4629
f 4585/5531/4613 4638/5597/4612 4639/5599/4617 4586/5532/4616
f 4650/5616/4645 4630/5586/4628 4622/5576/4605 4645/5611/4604
f 4649/5615/4646 4633/5590/4627 4624/5579/4635 4647/5613/4647
f 4652/5618/4648 4599/5547/4639 4598/5546/4638 4648/5614/4649
f 4647/5613/4647 4624/5579/4635 4599/5547/4639 4652/5618/4648
f 4648/5614/4649 4598/5546/4638 4621/5573/4632 4651/5617/4650
f 4646/5612/4603 4623/5578/4606 4633/5590/4627 4649/5615/4646
f 4651/5617/4650 4621/5573/4632 4630/5586/4628 4650/5616/4645
f 4621/5574/4632 4604/5552/4631 4634/5592/4620 4630/5587/4628
f 4601/5549/4636 4624/5580/4635 4633/5591/4627 4629/5585/4609
f 4626/5582/4651 4628/5584/4614 4631/5588/4615 4625/5581/4652
f 4600/5548/4642 4632/5589/4619 4634/5592/4620 4604/5552/4631
f 4597/5545/4644 4627/5583/4610 4632/5589/4619 4600/5548/4642
f 4625/5581/4652 4631/5588/4615 4636/5594/4618 4602/5550/4653
f 4603/5551/4654 4635/5593/4611 4628/5584/4614 4626/5582/4651
f 4601/5549/4636 4629/5585/4609 4627/5583/4610 4597/5545/4644
f 4603/5551/4654 4637/5595/4655 4644/5609/4656 4635/5593/4611
f 4639/5599/4617 4643/5607/4657 4636/5594/4618
f 4626/5582/4651 4642/5605/4658 4637/5595/4655 4603/5551/4654
f 4602/5550/4653 4640/5601/4659 4641/5603/4660 4625/5581/4652
f 4625/5581/4652 4641/5603/4660 4642/5605/4658 4626/5582/4651
f 4636/5594/4618 4643/5607/4657 4640/5601/4659 4602/5550/4653
f 4635/5593/4611 4644/5609/4656 4638/5597/4612
f 4637/5596/4655 4651/5617/4650 4650/5616/4645 4644/5610/4656
f 4639/5600/4617 4646/5612/4603 4649/5615/4646 4643/5608/4657
f 4642/5606/4658 4648/5614/4649 4651/5617/4650 4637/5596/4655
f 4640/5602/4659 4647/5613/4647 4652/5618/4648 4641/5604/4660
f 4641/5604/4660 4652/5618/4648 4648/5614/4649 4642/5606/4658
f 4643/5608/4657 4649/5615/4646 4647/5613/4647 4640/5602/4659
f 4644/5610/4656 4650/5616/4645 4645/5611/4604 4638/5598/4612
f 4639/5600/4617 4638/5598/4612 4645/5611/4604 4646/5612/4603
f 4677/5646/4661 4658/5624/4662 4659/5625/4663 4675/5643/4664
f 4662/5628/4665 4661/5627/4666 4654/5620/4667 4653/5619/4668
f 4681/5650/4669 4664/5631/4670 4657/5623/4671 4680/5649/4672
f 4716/5702/4673 4715/5701/4674 4692/5666/4675 4693/5668/4676
f 4682/5652/4677 4666/5633/4678 4658/5624/4662 4677/5646/4661
f 4699/5675/4679 4662/5628/4665 4653/5619/4668 4697/5673/4680
f 4705/5683/4681 4708/5687/4682 4655/5621/4683 4698/5674/4684
f 4701/5678/4685 4656/5622/4686 4709/5689/4687 4706/5684/4688
f 4697/5673/4680 4653/5619/4668 4654/5620/4667 4702/5679/4689
f 4702/5679/4689 4654/5620/4667 4661/5627/4666 4704/5682/4690
f 4698/5674/4684 4655/5621/4683 4656/5622/4686 4701/5678/4685
f 4675/5643/4664 4659/5625/4663 4663/5629/4691 4676/5645/4692
f 4680/5649/4672 4657/5623/4671 4660/5626/4693 4678/5647/4694
f 4678/5647/4694 4660/5626/4693 4665/5632/4695 4679/5648/4696
f 4699/5675/4679 4703/5681/4697 4693/5667/4676 4662/5628/4665
f 4692/5665/4675 4661/5627/4666 4662/5628/4665 4693/5667/4676
f 4700/5677/4698 4704/5682/4690 4661/5627/4666 4692/5665/4675
f 4681/5650/4669 4676/5644/4692 4663/5630/4691 4664/5631/4670
f 4682/5651/4677 4679/5648/4696 4665/5632/4695 4666/5634/4678
f 4690/5662/4699 4686/5657/4700 4674/5642/4701 4691/5664/4702
f 4689/5660/4703 4685/5656/4704 4694/5670/4705 4671/5639/4706
f 4688/5659/4707 4668/5636/4708 4669/5637/4709 4683/5653/4710
f 4684/5654/4711 4670/5638/4712 4674/5642/4701 4686/5657/4700
f 4687/5658/4713 4667/5635/4714 4670/5638/4712 4684/5654/4711
f 4683/5653/4710 4669/5637/4709 4694/5669/4705 4685/5655/4704
f 4690/5661/4699 4691/5663/4702 4668/5636/4708 4688/5659/4707
f 4689/5660/4703 4671/5639/4706 4667/5635/4714 4687/5658/4713
f 4339/5213/4288 4340/5215/4393 4679/5648/4696 4682/5651/4677
f 4398/5286/4423 4396/5282/4434 4676/5644/4692 4681/5650/4669
f 4233/5071/4301 4678/5647/4694 4679/5648/4696 4340/5215/4393
f 4374/5251/4300 4680/5649/4672 4678/5647/4694 4233/5071/4301
f 4364/5241/4386 4675/5643/4664 4676/5645/4692 4396/5283/4434
f 4339/5214/4288 4682/5652/4677 4677/5646/4661 4231/5069/4289
f 4398/5286/4423 4681/5650/4669 4680/5649/4672 4374/5251/4300
f 4231/5069/4289 4677/5646/4661 4675/5643/4664 4364/5241/4386
f 4664/5631/4670 4689/5660/4703 4687/5658/4713 4657/5623/4671
f 4666/5633/4678 4690/5661/4699 4688/5659/4707 4658/5624/4662
f 4659/5625/4663 4683/5653/4710 4685/5655/4704 4663/5629/4691
f 4657/5623/4671 4687/5658/4713 4684/5654/4711 4660/5626/4693
f 4660/5626/4693 4684/5654/4711 4686/5657/4700 4665/5632/4695
f 4658/5624/4662 4688/5659/4707 4683/5653/4710 4659/5625/4663
f 4664/5631/4670 4663/5630/4691 4685/5656/4704 4689/5660/4703
f 4666/5634/4678 4665/5632/4695 4686/5657/4700 4690/5662/4699
f 4655/5621/4683 4708/5687/4682 4709/5689/4687 4656/5622/4686
f 4720/5706/4715 4700/5676/4698 4692/5666/4675 4715/5701/4674
f 4719/5705/4716 4703/5680/4697 4694/5669/4705 4717/5703/4717
f 4722/5708/4718 4669/5637/4709 4668/5636/4708 4718/5704/4719
f 4717/5703/4717 4694/5669/4705 4669/5637/4709 4722/5708/4718
f 4718/5704/4719 4668/5636/4708 4691/5663/4702 4721/5707/4720
f 4716/5702/4673 4693/5668/4676 4703/5680/4697 4719/5705/4716
f 4721/5707/4720 4691/5663/4702 4700/5676/4698 4720/5706/4715
f 4691/5664/4702 4674/5642/4701 4704/5682/4690 4700/5677/4698
f 4671/5639/4706 4694/5670/4705 4703/5681/4697 4699/5675/4679
f 4696/5672/4721 4698/5674/4684 4701/5678/4685 4695/5671/4722
f 4670/5638/4712 4702/5679/4689 4704/5682/4690 4674/5642/4701
f 4667/5635/4714 4697/5673/4680 4702/5679/4689 4670/5638/4712
f 4695/5671/4722 4701/5678/4685 4706/5684/4688 4672/5640/4723
f 4673/5641/4724 4705/5683/4681 4698/5674/4684 4696/5672/4721
f 4671/5639/4706 4699/5675/4679 4697/5673/4680 4667/5635/4714
f 4673/5641/4724 4707/5685/4725 4714/5699/4726 4705/5683/4681
f 4709/5689/4687 4713/5697/4727 4706/5684/4688
f 4696/5672/4721 4712/5695/4728 4707/5685/4725 4673/5641/4724
f 4672/5640/4723 4710/5691/4729 4711/5693/4730 4695/5671/4722
f 4695/5671/4722 4711/5693/4730 4712/5695/4728 4696/5672/4721
f 4706/5684/4688 4713/5697/4727 4710/5691/4729 4672/5640/4723
f 4705/5683/4681 4714/5699/4726 4708/5687/4682
f 4707/5686/4725 4721/5707/4720 4720/5706/4715 4714/5700/4726
f 4709/5690/4687 4716/5702/4673 4719/5705/4716 4713/5698/4727
f 4712/5696/4728 4718/5704/4719 4721/5707/4720 4707/5686/4725
f 4710/5692/4729 4717/5703/4717 4722/5708/4718 4711/5694/4730
f 4711/5694/4730 4722/5708/4718 4718/5704/4719 4712/5696/4728
f 4713/5698/4727 4719/5705/4716 4717/5703/4717 4710/5692/4729
f 4714/5700/4726 4720/5706/4715 4715/5701/4674 4708/5688/4682
f 4709/5690/4687 4708/5688/4682 4715/5701/4674 4716/5702/4673
f 4728/5714/4448 4723/5709/4447 4724/5710/4180 4725/5711/4731
f 4723/5709/4447 4727/5713/4732 4726/5712/4181 4724/5710/4180
f 4208/5046/4179 4430/5321/4206 4725/5711/4731 4724/5710/4180
f 4430/5321/4206 4431/5323/4203 4728/5714/4448 4725/5711/4731
f 4419/5307/4225 4424/5312/4178 4726/5712/4181 4727/5713/4732
f 4207/5045/4202 4419/5307/4225 4727/5713/4732 4723/5709/4447
f 4731/5717/4449 4729/5715/4733 4730/5716/4208 4734/5720/4450
f 4729/5715/4733 4732/5718/4734 4733/5719/4209 4730/5716/4208
f 4421/5309/4227 4425/5313/4207 4733/5719/4209 4732/5718/4734
f 4215/5053/4204 4421/5309/4227 4732/5718/4734 4729/5715/4733
f 4217/5055/4193 4437/5337/4192 4734/5720/4450 4730/5716/4208
f 4442/5347/4205 4215/5053/4204 4729/5715/4733 4731/5717/4449
f 3346/3981/3362 4435/5332/4191 4438/5340/4195
f 3341/3976/3361 4429/5320/4174 4428/5318/4177
f 3344/3979/3359 4431/5324/4203 4430/5322/4206
f 3339/3974/3368 4442/5348/4205 3336/3970/3366
f 4437/5338/4192 3338/3973/3367 3336/3970/3366 4442/5348/4205
f 3342/3977/3360 3344/3979/3359 4430/5322/4206 4439/5342/4196
f 2442/2951/2444 4737/5723/4735 4736/5722/4736 2441/2949/2440
f 2475/2997/2486 4750/5736/4737 4753/5739/4738 2523/3048/2483
f 2471/2989/2475 4746/5732/4739 4745/5731/4740 2470/2987/2473
f 2469/2985/2469 4744/5730/4741 4743/5729/4742 2468/2983/2470
f 2466/2979/2461 4741/5727/4743 4740/5726/4744 2446/2958/2456
f 2443/2953/2601 4738/5724/4745 4737/5723/4735 2442/2951/2444
f 2473/2993/2479 4748/5734/4746 4747/5733/4747 2472/2991/2477
f 2440/2947/2441 4735/5721/4748 4751/5737/4749 2476/2999/2488
f 2521/3045/2485 4752/5738/4750 4750/5736/4737 2475/2997/2486
f 2476/2999/2488 4751/5737/4749 4752/5738/4750 2521/3045/2485
f 2525/3051/2463 4754/5740/4751 4741/5727/4743 2466/2979/2461
f 2467/2981/2511 4742/5728/4752 4755/5741/4753 2719/3284/2540
f 2445/2956/2457 4739/5725/4754 4738/5724/4745 2443/2953/2601
f 2719/3284/2540 4755/5741/4753 4754/5740/4751 2525/3051/2463
f 2446/2958/2456 4740/5726/4744 4739/5725/4754 2445/2956/2457
f 2474/2995/2481 4749/5735/4755 4748/5734/4746 2473/2993/2479
f 2523/3048/2483 4753/5739/4738 4749/5735/4755 2474/2995/2481
f 2470/2987/2473 4745/5731/4740 4744/5730/4741 2469/2985/2469
f 2441/2949/2440 4736/5722/4736 4735/5721/4748 2440/2947/2441
f 2472/2991/2477 4747/5733/4747 4746/5732/4739 2471/2989/2475
f 2468/2983/2470 4743/5729/4742 4742/5728/4752 2467/2981/2511
f 4750/5736/4737 4771/5757/4756 4774/5760/4757 4753/5739/4738
f 4739/5725/4754 4760/5746/4758 4759/5745/4759 4738/5724/4745
f 4754/5740/4751 4775/5761/4760 4762/5748/4761 4741/5727/4743
f 4741/5727/4743 4762/5748/4761 4761/5747/4762 4740/5726/4744
f 4740/5726/4744 4761/5747/4762 4760/5746/4758 4739/5725/4754
f 4743/5729/4742 4764/5750/4763 4763/5749/4764 4742/5728/4752
f 4751/5737/4749 4772/5758/4765 4773/5759/4766 4752/5738/4750
f 4747/5733/4747 4768/5754/4767 4767/5753/4768 4746/5732/4739
f 4755/5741/4753 4776/5762/4769 4775/5761/4760 4754/5740/4751
f 4742/5728/4752 4763/5749/4764 4776/5762/4769 4755/5741/4753
f 4746/5732/4739 4767/5753/4768 4766/5752/4770 4745/5731/4740
f 4744/5730/4741 4765/5751/4771 4764/5750/4763 4743/5729/4742
f 4748/5734/4746 4769/5755/4772 4768/5754/4767 4747/5733/4747
f 4736/5722/4736 4757/5743/4773 4756/5742/4774 4735/5721/4748
f 4735/5721/4748 4756/5742/4774 4772/5758/4765 4751/5737/4749
f 4749/5735/4755 4770/5756/4775 4769/5755/4772 4748/5734/4746
f 4737/5723/4735 4758/5744/4776 4757/5743/4773 4736/5722/4736
f 4752/5738/4750 4773/5759/4766 4771/5757/4756 4750/5736/4737
f 4745/5731/4740 4766/5752/4770 4765/5751/4771 4744/5730/4741
f 4738/5724/4745 4759/5745/4759 4758/5744/4776 4737/5723/4735
f 4753/5739/4738 4774/5760/4757 4770/5756/4775 4749/5735/4755
f 4756/5742/4774 4757/5743/4773 4758/5744/4776 4759/5745/4759 4760/5746/4758 4761/5747/4762 4762/5748/4761 4775/5761/4760 4776/5762/4769 4763/5749/4764 4764/5750/4763 4765/5751/4771 4766/5752/4770 4767/5753/4768 4768/5754/4767 4769/5755/4772 4770/5756/4775 4774/5760/4757 4771/5757/4756 4773/5759/4766 4772/5758/4765
o Sphere
v 0.058205 1.038271 0.104719
v 0.058205 1.046940 0.096051
v 0.058205 1.051631 0.084724
v 0.058205 1.052235 0.078594
v 0.058205 1.051631 0.072465
v 0.058205 1.046940 0.061138
v 0.058957 1.024596 0.109411
v 0.060551 1.032608 0.107623
v 0.061610 1.037935 0.104719
v 0.062539 1.042605 0.100812
v 0.063302 1.046438 0.096051
v 0.063868 1.049286 0.090619
v 0.064217 1.051039 0.084724
v 0.064335 1.051631 0.078594
v 0.064217 1.051039 0.072465
v 0.063868 1.049286 0.066570
v 0.063302 1.046438 0.061138
v 0.062539 1.042605 0.056377
v 0.061610 1.037935 0.052470
v 0.060551 1.032608 0.049566
v 0.059401 1.026827 0.047778
v 0.059680 1.024377 0.109411
v 0.062806 1.031924 0.107623
v 0.064885 1.036942 0.104719
v 0.066707 1.041341 0.100812
v 0.068202 1.044951 0.096051
v 0.069314 1.047634 0.090619
v 0.069998 1.049286 0.084724
v 0.070229 1.049843 0.078594
v 0.069998 1.049286 0.072465
v 0.069314 1.047634 0.066570
v 0.068202 1.044951 0.061138
v 0.066707 1.041341 0.056377
v 0.064885 1.036942 0.052470
v 0.062806 1.031924 0.049566
v 0.060551 1.026478 0.047778
v 0.060347 1.024020 0.109411
v 0.064885 1.030812 0.107623
v 0.067903 1.035329 0.104719
v 0.070548 1.039288 0.100812
v 0.072719 1.042537 0.096051
v 0.074332 1.044951 0.090619
v 0.075326 1.046438 0.084724
v 0.075661 1.046940 0.078594
v 0.075326 1.046438 0.072465
v 0.074332 1.044951 0.066570
v 0.072719 1.042537 0.061138
v 0.070548 1.039288 0.056377
v 0.067903 1.035329 0.052470
v 0.064885 1.030812 0.049566
v 0.061610 1.025912 0.047778
v 0.060931 1.023541 0.109411
v 0.066707 1.029317 0.107623
v 0.070548 1.033158 0.104719
v 0.073915 1.036525 0.100812
v 0.076678 1.039288 0.096051
v 0.078731 1.041341 0.090619
v 0.079995 1.042605 0.084724
v 0.080422 1.043032 0.078594
v 0.079995 1.042605 0.072465
v 0.078731 1.041341 0.066570
v 0.076678 1.039288 0.061138
v 0.073915 1.036525 0.056377
v 0.070548 1.033158 0.052470
v 0.066707 1.029317 0.049566
v 0.062539 1.025149 0.047778
v 0.061410 1.022957 0.109411
v 0.068202 1.027495 0.107623
v 0.072719 1.030513 0.104719
v 0.076678 1.033158 0.100812
v 0.079927 1.035329 0.096051
v 0.082341 1.036942 0.090619
v 0.083828 1.037935 0.084724
v 0.084330 1.038271 0.078594
v 0.083828 1.037935 0.072465
v 0.082341 1.036942 0.066570
v 0.079927 1.035329 0.061138
v 0.076678 1.033158 0.056377
v 0.072719 1.030513 0.052470
v 0.068202 1.027495 0.049566
v 0.063302 1.024220 0.047778
v 0.061767 1.022290 0.109411
v 0.069314 1.025416 0.107623
v 0.074332 1.027495 0.104719
v 0.078731 1.029317 0.100812
v 0.082341 1.030812 0.096051
v 0.085024 1.031924 0.090619
v 0.086676 1.032608 0.084724
v 0.087233 1.032839 0.078594
v 0.086676 1.032608 0.072465
v 0.085024 1.031924 0.066570
v 0.082341 1.030812 0.061138
v 0.078731 1.029317 0.056377
v 0.074332 1.027495 0.052470
v 0.069314 1.025416 0.049566
v 0.063868 1.023161 0.047778
v 0.061986 1.021567 0.109411
v 0.069998 1.023161 0.107623
v 0.075326 1.024220 0.104719
v 0.079995 1.025149 0.100812
v 0.083828 1.025912 0.096051
v 0.086676 1.026478 0.090619
v 0.088429 1.026827 0.084724
v 0.089021 1.026945 0.078594
v 0.088429 1.026827 0.072465
v 0.086676 1.026478 0.066570
v 0.083828 1.025912 0.061138
v 0.079995 1.025149 0.056377
v 0.075326 1.024220 0.052470
v 0.069998 1.023161 0.049566
v 0.064217 1.022011 0.047778
v 0.062060 1.020815 0.109411
v 0.070229 1.020815 0.107623
v 0.075661 1.020815 0.104719
v 0.080422 1.020815 0.100812
v 0.084330 1.020815 0.096051
v 0.087233 1.020815 0.090619
v 0.089021 1.020815 0.084724
v 0.089625 1.020815 0.078594
v 0.089021 1.020815 0.072465
v 0.087233 1.020815 0.066570
v 0.084330 1.020815 0.061138
v 0.080422 1.020815 0.056377
v 0.075661 1.020815 0.052470
v 0.070229 1.020815 0.049566
v 0.064335 1.020815 0.047778
v 0.061986 1.020063 0.109411
v 0.069998 1.018469 0.107623
v 0.075326 1.017409 0.104719
v 0.079995 1.016480 0.100812
v 0.083828 1.015718 0.096051
v 0.086676 1.015152 0.090619
v 0.088429 1.014803 0.084724
v 0.089021 1.014685 0.078594
v 0.088429 1.014803 0.072465
v 0.086676 1.015152 0.066570
v 0.083828 1.015718 0.061138
v 0.079995 1.016480 0.056377
v 0.075326 1.017409 0.052470
v 0.069998 1.018469 0.049566
v 0.064217 1.019619 0.047778
v 0.061767 1.019339 0.109411
v 0.069314 1.016213 0.107623
v 0.074332 1.014135 0.104719
v 0.078731 1.012313 0.100812
v 0.082341 1.010817 0.096051
v 0.085024 1.009706 0.090619
v 0.086676 1.009022 0.084724
v 0.087233 1.008791 0.078594
v 0.086676 1.009022 0.072465
v 0.085024 1.009706 0.066570
v 0.082341 1.010817 0.061138
v 0.078731 1.012313 0.056377
v 0.074332 1.014135 0.052470
v 0.069314 1.016213 0.049566
v 0.063868 1.018469 0.047778
v 0.061410 1.018673 0.109411
v 0.068202 1.014135 0.107623
v 0.072719 1.011117 0.104719
v 0.076678 1.008471 0.100812
v 0.079927 1.006301 0.096051
v 0.082341 1.004687 0.090619
v 0.083828 1.003694 0.084724
v 0.084330 1.003359 0.078594
v 0.083828 1.003694 0.072465
v 0.082341 1.004687 0.066570
v 0.079927 1.006301 0.061138
v 0.076678 1.008471 0.056377
v 0.072719 1.011117 0.052470
v 0.068202 1.014135 0.049566
v 0.063302 1.017409 0.047778
v 0.060931 1.018089 0.109411
v 0.066707 1.012313 0.107623
v 0.070548 1.008471 0.104719
v 0.073915 1.005105 0.100812
v 0.076678 1.002342 0.096051
v 0.078731 1.000288 0.090619
v 0.079995 0.999024 0.084724
v 0.080422 0.998597 0.078594
v 0.079995 0.999024 0.072465
v 0.078731 1.000288 0.066570
v 0.076678 1.002342 0.061138
v 0.073915 1.005105 0.056377
v 0.070548 1.008471 0.052470
v 0.066707 1.012313 0.049566
v 0.062539 1.016480 0.047778
v 0.060347 1.017609 0.109411
v 0.064885 1.010817 0.107623
v 0.067903 1.006301 0.104719
v 0.070548 1.002342 0.100812
v 0.072719 0.999093 0.096051
v 0.074332 0.996678 0.090619
v 0.075326 0.995192 0.084724
v 0.075661 0.994690 0.078594
v 0.075326 0.995192 0.072465
v 0.074332 0.996678 0.066570
v 0.072719 0.999093 0.061138
v 0.070548 1.002342 0.056377
v 0.067903 1.006301 0.052470
v 0.064885 1.010817 0.049566
v 0.061610 1.015718 0.047778
v 0.059680 1.017253 0.109411
v 0.062806 1.009706 0.107623
v 0.064885 1.004687 0.104719
v 0.066707 1.000288 0.100812
v 0.068202 0.996678 0.096051
v 0.069314 0.993996 0.090619
v 0.069998 0.992344 0.084724
v 0.070229 0.991786 0.078594
v 0.069998 0.992344 0.072465
v 0.069314 0.993996 0.066570
v 0.068202 0.996678 0.061138
v 0.066707 1.000288 0.056377
v 0.064885 1.004687 0.052470
v 0.062806 1.009706 0.049566
v 0.060551 1.015152 0.047778
v 0.058957 1.017033 0.109411
v 0.060551 1.009022 0.107623
v 0.061610 1.003694 0.104719
v 0.062539 0.999024 0.100812
v 0.063302 0.995192 0.096051
v 0.063868 0.992344 0.090619
v 0.064217 0.990590 0.084724
v 0.064335 0.989998 0.078594
v 0.064217 0.990590 0.072465
v 0.063868 0.992344 0.066570
v 0.063302 0.995192 0.061138
v 0.062539 0.999024 0.056377
v 0.061610 1.003694 0.052470
v 0.060551 1.009022 0.049566
v 0.059401 1.014803 0.047778
v 0.058205 1.016959 0.109411
v 0.058205 1.008791 0.107623
v 0.058205 1.003359 0.104719
v 0.058205 0.998597 0.100812
v 0.058205 0.994690 0.096051
v 0.058205 0.991786 0.090619
v 0.058205 0.989998 0.084724
v 0.058205 0.989395 0.078594
v 0.058205 0.989998 0.072465
v 0.058205 0.991786 0.066570
v 0.058205 0.994690 0.061138
v 0.058205 0.998597 0.056377
v 0.058205 1.003359 0.052470
v 0.058205 1.008791 0.049566
v 0.058205 1.014685 0.047778
v 0.057453 1.017033 0.109411
v 0.055859 1.009022 0.107623
v 0.054799 1.003694 0.104719
v 0.053870 0.999024 0.100812
v 0.053108 0.995192 0.096051
v 0.052542 0.992344 0.090619
v 0.052193 0.990590 0.084724
v 0.052075 0.989998 0.078594
v 0.052193 0.990590 0.072465
v 0.052542 0.992344 0.066570
v 0.053108 0.995192 0.061138
v 0.053870 0.999024 0.056377
v 0.054799 1.003694 0.052470
v 0.055859 1.009022 0.049566
v 0.057009 1.014803 0.047778
v 0.056729 1.017253 0.109411
v 0.053603 1.009706 0.107623
v 0.051525 1.004687 0.104719
v 0.049703 1.000288 0.100812
v 0.048207 0.996678 0.096051
v 0.047096 0.993996 0.090619
v 0.046412 0.992344 0.084724
v 0.046181 0.991786 0.078594
v 0.046412 0.992344 0.072465
v 0.047096 0.993996 0.066570
v 0.048207 0.996678 0.061138
v 0.049703 1.000288 0.056377
v 0.051525 1.004687 0.052470
v 0.053603 1.009706 0.049566
v 0.055859 1.015152 0.047778
v 0.056063 1.017609 0.109411
v 0.051525 1.010817 0.107623
v 0.048507 1.006301 0.104719
v 0.045861 1.002342 0.100812
v 0.043691 0.999093 0.096051
v 0.042077 0.996678 0.090619
v 0.041084 0.995192 0.084724
v 0.040749 0.994690 0.078594
v 0.041084 0.995192 0.072465
v 0.042077 0.996678 0.066570
v 0.043691 0.999093 0.061138
v 0.045861 1.002342 0.056377
v 0.048507 1.006301 0.052470
v 0.051525 1.010817 0.049566
v 0.054799 1.015718 0.047778
v 0.055479 1.018089 0.109411
v 0.049703 1.012313 0.107623
v 0.045861 1.008471 0.104719
v 0.042495 1.005105 0.100812
v 0.039732 1.002342 0.096051
v 0.037679 1.000288 0.090619
v 0.036414 0.999024 0.084724
v 0.035987 0.998597 0.078594
v 0.036414 0.999024 0.072465
v 0.037679 1.000288 0.066570
v 0.039732 1.002342 0.061138
v 0.042495 1.005105 0.056377
v 0.045861 1.008471 0.052470
v 0.049703 1.012313 0.049566
v 0.053870 1.016480 0.047778
v 0.058205 1.020815 0.047174
v 0.054999 1.018673 0.109411
v 0.048207 1.014135 0.107623
v 0.043691 1.011117 0.104719
v 0.039732 1.008471 0.100812
v 0.036483 1.006301 0.096051
v 0.034068 1.004687 0.090619
v 0.032582 1.003694 0.084724
v 0.032080 1.003359 0.078594
v 0.032582 1.003694 0.072465
v 0.034068 1.004687 0.066570
v 0.036483 1.006301 0.061138
v 0.039732 1.008471 0.056377
v 0.043691 1.011117 0.052470
v 0.048207 1.014135 0.049566
v 0.053108 1.017409 0.047778
v 0.054643 1.019339 0.109411
v 0.047096 1.016213 0.107623
v 0.042077 1.014135 0.104719
v 0.037679 1.012313 0.100812
v 0.034068 1.010817 0.096051
v 0.031386 1.009706 0.090619
v 0.029734 1.009022 0.084724
v 0.029176 1.008791 0.078594
v 0.029734 1.009022 0.072465
v 0.031386 1.009706 0.066570
v 0.034068 1.010817 0.061138
v 0.037679 1.012313 0.056377
v 0.042077 1.014135 0.052470
v 0.047096 1.016213 0.049566
v 0.052542 1.018469 0.047778
v 0.054423 1.020063 0.109411
v 0.046412 1.018469 0.107623
v 0.041084 1.017409 0.104719
v 0.036414 1.016480 0.100812
v 0.032582 1.015718 0.096051
v 0.029734 1.015152 0.090619
v 0.027980 1.014803 0.084724
v 0.027388 1.014685 0.078594
v 0.027980 1.014803 0.072465
v 0.029734 1.015152 0.066570
v 0.032582 1.015718 0.061138
v 0.036414 1.016480 0.056377
v 0.041084 1.017409 0.052470
v 0.046412 1.018469 0.049566
v 0.052193 1.019619 0.047778
v 0.054349 1.020815 0.109411
v 0.046181 1.020815 0.107623
v 0.040749 1.020815 0.104719
v 0.035987 1.020815 0.100812
v 0.032080 1.020815 0.096051
v 0.029176 1.020815 0.090619
v 0.027388 1.020815 0.084724
v 0.026785 1.020815 0.078594
v 0.027388 1.020815 0.072465
v 0.029176 1.020815 0.066570
v 0.032080 1.020815 0.061138
v 0.035987 1.020815 0.056377
v 0.040749 1.020815 0.052470
v 0.046181 1.020815 0.049566
v 0.052075 1.020815 0.047778
v 0.054423 1.021567 0.109411
v 0.046412 1.023161 0.107623
v 0.041084 1.024220 0.104719
v 0.036414 1.025149 0.100812
v 0.032582 1.025912 0.096051
v 0.029734 1.026478 0.090619
v 0.027980 1.026827 0.084724
v 0.027388 1.026945 0.078594
v 0.027980 1.026827 0.072465
v 0.029734 1.026478 0.066570
v 0.032582 1.025912 0.061138
v 0.036414 1.025149 0.056377
v 0.041084 1.024220 0.052470
v 0.046412 1.023161 0.049566
v 0.052193 1.022011 0.047778
v 0.054643 1.022290 0.109411
v 0.047096 1.025416 0.107623
v 0.042077 1.027495 0.104719
v 0.037679 1.029317 0.100812
v 0.034068 1.030812 0.096051
v 0.031386 1.031924 0.090619
v 0.029734 1.032608 0.084724
v 0.029176 1.032839 0.078594
v 0.029734 1.032608 0.072465
v 0.031386 1.031924 0.066570
v 0.034068 1.030812 0.061138
v 0.037679 1.029317 0.056377
v 0.042077 1.027495 0.052470
v 0.047096 1.025416 0.049566
v 0.052542 1.023161 0.047778
v 0.054999 1.022957 0.109411
v 0.048207 1.027495 0.107623
v 0.043691 1.030513 0.104719
v 0.039732 1.033158 0.100812
v 0.036483 1.035329 0.096051
v 0.034068 1.036942 0.090619
v 0.032582 1.037935 0.084724
v 0.032080 1.038271 0.078594
v 0.032582 1.037935 0.072465
v 0.034068 1.036942 0.066570
v 0.036483 1.035329 0.061138
v 0.039732 1.033158 0.056377
v 0.043691 1.030513 0.052470
v 0.048207 1.027495 0.049566
v 0.053108 1.024220 0.047778
v 0.055479 1.023541 0.109411
v 0.049703 1.029317 0.107623
v 0.045861 1.033158 0.104719
v 0.042495 1.036525 0.100812
v 0.039732 1.039288 0.096051
v 0.037679 1.041341 0.090619
v 0.036414 1.042605 0.084724
v 0.035987 1.043032 0.078594
v 0.036414 1.042605 0.072465
v 0.037679 1.041341 0.066570
v 0.039732 1.039288 0.061138
v 0.042495 1.036525 0.056377
v 0.045861 1.033158 0.052470
v 0.049703 1.029317 0.049566
v 0.053870 1.025149 0.047778
v 0.056063 1.024020 0.109411
v 0.051525 1.030812 0.107623
v 0.048507 1.035329 0.104719
v 0.045861 1.039288 0.100812
v 0.043691 1.042537 0.096051
v 0.042077 1.044951 0.090619
v 0.041084 1.046438 0.084724
v 0.040749 1.046940 0.078594
v 0.041084 1.046438 0.072465
v 0.042077 1.044951 0.066570
v 0.043691 1.042537 0.061138
v 0.045861 1.039288 0.056377
v 0.048507 1.035329 0.052470
v 0.051525 1.030812 0.049566
v 0.054799 1.025912 0.047778
v 0.056729 1.024377 0.109411
v 0.053603 1.031924 0.107623
v 0.051525 1.036942 0.104719
v 0.049703 1.041341 0.100812
v 0.048207 1.044951 0.096051
v 0.047096 1.047634 0.090619
v 0.046412 1.049286 0.084724
v 0.046181 1.049843 0.078594
v 0.046412 1.049286 0.072465
v 0.047096 1.047634 0.066570
v 0.048207 1.044951 0.061138
v 0.049703 1.041341 0.056377
v 0.051525 1.036942 0.052470
v 0.053603 1.031924 0.049566
v 0.055859 1.026478 0.047778
v 0.057453 1.024596 0.109411
v 0.055859 1.032608 0.107623
v 0.054799 1.037935 0.104719
v 0.053870 1.042605 0.100812
v 0.053108 1.046438 0.096051
v 0.052542 1.049286 0.090619
v 0.052193 1.051039 0.084724
v 0.052075 1.051631 0.078594
v 0.052193 1.051039 0.072465
v 0.052542 1.049286 0.066570
v 0.053108 1.046438 0.061138
v 0.053870 1.042605 0.056377
v 0.054799 1.037935 0.052470
v 0.055859 1.032608 0.049566
v 0.057009 1.026827 0.047778
v 0.058205 1.024670 0.109411
v 0.058205 1.032839 0.107623
v 0.058205 1.043032 0.100812
v 0.058205 1.049843 0.090619
v 0.058205 1.049843 0.066570
v 0.058205 1.043032 0.056377
v 0.058205 1.038271 0.052470
v 0.058205 1.032839 0.049566
v 0.058205 1.026945 0.047778
vn -0.0000 0.8333 -0.5528
vn -0.0000 0.9248 -0.3805
vn 0.1804 0.9070 -0.3805
vn 0.1626 0.8173 -0.5528
vn -0.0000 0.7101 0.7041
vn -0.0000 0.5598 0.8286
vn 0.1092 0.5490 0.8286
vn 0.1385 0.6965 0.7041
vn -0.0000 0.7101 -0.7041
vn 0.1385 0.6965 -0.7041
vn -0.0000 0.8333 0.5528
vn 0.1626 0.8173 0.5528
vn -0.0000 0.5598 -0.8286
vn 0.1092 0.5490 -0.8286
vn -0.0000 0.9248 0.3805
vn 0.1804 0.9070 0.3805
vn -0.0000 0.3879 -0.9217
vn 0.0757 0.3804 -0.9217
vn -0.0000 0.9810 0.1939
vn 0.1914 0.9622 0.1939
vn -0.0000 0.2010 -0.9796
vn 0.0392 0.1971 -0.9796
vn -0.0000 1.0000 -0.0000
vn 0.1951 0.9808 -0.0000
vn -0.0000 -0.0000 -1.0000
vn -0.0000 0.9810 -0.1939
vn 0.1914 0.9622 -0.1939
vn -0.0000 0.3534 0.9355
vn -0.0000 0.1142 0.9935
vn 0.0223 0.1120 0.9935
vn 0.0689 0.3466 0.9355
vn 0.0437 0.1055 0.9935
vn 0.1352 0.3265 0.9355
vn 0.3754 0.9063 -0.1939
vn 0.3539 0.8544 -0.3805
vn 0.2142 0.5172 0.8286
vn 0.3189 0.7699 -0.5528
vn 0.2718 0.6561 0.7041
vn 0.2718 0.6561 -0.7041
vn 0.3189 0.7699 0.5528
vn 0.2142 0.5172 -0.8286
vn 0.3539 0.8544 0.3805
vn 0.1484 0.3584 -0.9217
vn 0.3754 0.9063 0.1939
vn 0.0769 0.1857 -0.9796
vn 0.3827 0.9239 -0.0000
vn 0.4630 0.6929 0.5528
vn 0.5138 0.7689 0.3805
vn 0.3110 0.4654 -0.8286
vn 0.2155 0.3225 -0.9217
vn 0.5450 0.8157 0.1939
vn 0.1116 0.1671 -0.9796
vn 0.5556 0.8315 -0.0000
vn 0.5450 0.8157 -0.1939
vn 0.0634 0.0949 0.9935
vn 0.1963 0.2938 0.9355
vn 0.5138 0.7689 -0.3805
vn 0.3110 0.4654 0.8286
vn 0.4630 0.6929 -0.5528
vn 0.3945 0.5905 0.7041
vn 0.3945 0.5905 -0.7041
vn 0.6937 0.6937 -0.1939
vn 0.6539 0.6539 -0.3805
vn 0.2499 0.2499 0.9355
vn 0.3958 0.3958 0.8286
vn 0.5893 0.5893 -0.5528
vn 0.5021 0.5021 0.7041
vn 0.5021 0.5021 -0.7041
vn 0.5893 0.5893 0.5528
vn 0.3958 0.3958 -0.8286
vn 0.6539 0.6539 0.3805
vn 0.2743 0.2743 -0.9217
vn 0.6937 0.6937 0.1939
vn 0.1421 0.1421 -0.9796
vn 0.7071 0.7071 -0.0000
vn 0.0807 0.0807 0.9935
vn 0.4654 0.3110 -0.8286
vn 0.3225 0.2155 -0.9217
vn 0.7689 0.5138 0.3805
vn 0.8157 0.5450 0.1939
vn 0.1671 0.1117 -0.9796
vn 0.8315 0.5556 -0.0000
vn 0.8157 0.5450 -0.1939
vn 0.0949 0.0634 0.9935
vn 0.2938 0.1963 0.9355
vn 0.7689 0.5138 -0.3805
vn 0.4654 0.3110 0.8286
vn 0.6929 0.4630 -0.5528
vn 0.5905 0.3945 0.7041
vn 0.5905 0.3945 -0.7041
vn 0.6929 0.4630 0.5528
vn 0.8544 0.3539 -0.3805
vn 0.7699 0.3189 -0.5528
vn 0.5172 0.2142 0.8286
vn 0.6561 0.2718 0.7041
vn 0.6561 0.2718 -0.7041
vn 0.7699 0.3189 0.5528
vn 0.5172 0.2142 -0.8286
vn 0.8544 0.3539 0.3805
vn 0.3584 0.1484 -0.9217
vn 0.9063 0.3754 0.1939
vn 0.1857 0.0769 -0.9796
vn 0.9239 0.3827 -0.0000
vn 0.9063 0.3754 -0.1939
vn 0.1055 0.0437 0.9935
vn 0.3265 0.1352 0.9355
vn 0.3804 0.0757 -0.9217
vn 0.1971 0.0392 -0.9796
vn 0.9622 0.1914 0.1939
vn 0.9808 0.1951 -0.0000
vn 0.9622 0.1914 -0.1939
vn 0.1120 0.0223 0.9935
vn 0.3466 0.0689 0.9355
vn 0.9070 0.1804 -0.3805
vn 0.5490 0.1092 0.8286
vn 0.8173 0.1626 -0.5528
vn 0.6965 0.1385 0.7041
vn 0.6965 0.1385 -0.7041
vn 0.8173 0.1626 0.5528
vn 0.5490 0.1092 -0.8286
vn 0.9070 0.1804 0.3805
vn 0.5598 -0.0000 0.8286
vn 0.7101 -0.0000 0.7041
vn 0.8333 -0.0000 -0.5528
vn 0.7101 -0.0000 -0.7041
vn 0.8333 -0.0000 0.5528
vn 0.5598 -0.0000 -0.8286
vn 0.9248 -0.0000 0.3805
vn 0.3879 -0.0000 -0.9217
vn 0.9810 -0.0000 0.1939
vn 0.2010 -0.0000 -0.9796
vn 1.0000 -0.0000 -0.0000
vn 0.9810 -0.0000 -0.1939
vn 0.1142 -0.0000 0.9935
vn 0.3534 -0.0000 0.9355
vn 0.9248 -0.0000 -0.3805
vn 0.9622 -0.1914 0.1939
vn 0.9808 -0.1951 -0.0000
vn 0.1971 -0.0392 -0.9796
vn 0.9622 -0.1914 -0.1939
vn 0.1120 -0.0223 0.9935
vn 0.3466 -0.0689 0.9355
vn 0.9070 -0.1804 -0.3805
vn 0.5490 -0.1092 0.8286
vn 0.8173 -0.1626 -0.5528
vn 0.6965 -0.1385 0.7041
vn 0.6965 -0.1385 -0.7041
vn 0.8173 -0.1626 0.5528
vn 0.5490 -0.1092 -0.8286
vn 0.9070 -0.1804 0.3805
vn 0.3804 -0.0757 -0.9217
vn 0.7699 -0.3189 -0.5528
vn 0.6561 -0.2718 -0.7041
vn 0.6561 -0.2718 0.7041
vn 0.7699 -0.3189 0.5528
vn 0.5172 -0.2142 -0.8286
vn 0.8544 -0.3539 0.3805
vn 0.3584 -0.1484 -0.9217
vn 0.9063 -0.3754 0.1939
vn 0.1857 -0.0769 -0.9796
vn 0.9239 -0.3827 -0.0000
vn 0.9063 -0.3754 -0.1939
vn 0.1055 -0.0437 0.9935
vn 0.3265 -0.1352 0.9355
vn 0.8544 -0.3539 -0.3805
vn 0.5172 -0.2142 0.8286
vn 0.1671 -0.1117 -0.9796
vn 0.8315 -0.5556 -0.0000
vn 0.8157 -0.5450 -0.1939
vn 0.0949 -0.0634 0.9935
vn 0.2938 -0.1963 0.9355
vn 0.7689 -0.5138 -0.3805
vn 0.4654 -0.3110 0.8286
vn 0.6929 -0.4630 -0.5528
vn 0.5905 -0.3945 0.7041
vn 0.5905 -0.3945 -0.7041
vn 0.6929 -0.4630 0.5528
vn 0.4654 -0.3110 -0.8286
vn 0.7689 -0.5138 0.3805
vn 0.3225 -0.2155 -0.9217
vn 0.8157 -0.5450 0.1939
vn 0.5021 -0.5021 0.7041
vn 0.5893 -0.5893 0.5528
vn 0.5021 -0.5021 -0.7041
vn 0.3958 -0.3958 -0.8286
vn 0.6539 -0.6539 0.3805
vn 0.2743 -0.2743 -0.9217
vn 0.6937 -0.6937 0.1939
vn 0.1421 -0.1421 -0.9796
vn 0.7071 -0.7071 -0.0000
vn 0.6937 -0.6937 -0.1939
vn 0.0807 -0.0807 0.9935
vn 0.2499 -0.2499 0.9355
vn 0.6539 -0.6539 -0.3805
vn 0.3958 -0.3958 0.8286
vn 0.5893 -0.5893 -0.5528
vn 0.5556 -0.8315 -0.0000
vn 0.5450 -0.8157 -0.1939
vn 0.0634 -0.0949 0.9935
vn 0.1963 -0.2938 0.9355
vn 0.5138 -0.7689 -0.3805
vn 0.3110 -0.4654 0.8286
vn 0.4630 -0.6929 -0.5528
vn 0.3945 -0.5905 0.7041
vn 0.3945 -0.5905 -0.7041
vn 0.4630 -0.6929 0.5528
vn 0.3110 -0.4654 -0.8286
vn 0.5138 -0.7689 0.3805
vn 0.2155 -0.3225 -0.9217
vn 0.5450 -0.8157 0.1939
vn 0.1116 -0.1671 -0.9796
vn 0.2718 -0.6561 -0.7041
vn 0.2142 -0.5172 -0.8286
vn 0.3189 -0.7699 0.5528
vn 0.3539 -0.8544 0.3805
vn 0.1484 -0.3584 -0.9217
vn 0.3754 -0.9063 0.1939
vn 0.0769 -0.1857 -0.9796
vn 0.3827 -0.9239 -0.0000
vn 0.3754 -0.9063 -0.1939
vn 0.0437 -0.1055 0.9935
vn 0.1352 -0.3265 0.9355
vn 0.3539 -0.8544 -0.3805
vn 0.2142 -0.5172 0.8286
vn 0.3189 -0.7699 -0.5528
vn 0.2718 -0.6561 0.7041
vn 0.1914 -0.9622 -0.1939
vn 0.1804 -0.9070 -0.3805
vn 0.0689 -0.3466 0.9355
vn 0.1092 -0.5490 0.8286
vn 0.1626 -0.8173 -0.5528
vn 0.1385 -0.6965 0.7041
vn 0.1385 -0.6965 -0.7041
vn 0.1626 -0.8173 0.5528
vn 0.1092 -0.5490 -0.8286
vn 0.1804 -0.9070 0.3805
vn 0.0757 -0.3804 -0.9217
vn 0.1914 -0.9622 0.1939
vn 0.0392 -0.1971 -0.9796
vn 0.1951 -0.9808 -0.0000
vn 0.0223 -0.1120 0.9935
vn -0.0000 -0.5598 -0.8286
vn -0.0000 -0.3879 -0.9217
vn -0.0000 -0.9248 0.3805
vn -0.0000 -0.9810 0.1939
vn -0.0000 -0.2010 -0.9796
vn -0.0000 -1.0000 -0.0000
vn -0.0000 -0.9810 -0.1939
vn -0.0000 -0.1142 0.9935
vn -0.0000 -0.3534 0.9355
vn -0.0000 -0.9248 -0.3805
vn -0.0000 -0.5598 0.8286
vn -0.0000 -0.8333 -0.5528
vn -0.0000 -0.7101 0.7041
vn -0.0000 -0.7101 -0.7041
vn -0.0000 -0.8333 0.5528
vn -0.0689 -0.3466 0.9355
vn -0.1092 -0.5490 0.8286
vn -0.1804 -0.9070 -0.3805
vn -0.1626 -0.8173 -0.5528
vn -0.1385 -0.6965 0.7041
vn -0.1385 -0.6965 -0.7041
vn -0.1626 -0.8173 0.5528
vn -0.1092 -0.5490 -0.8286
vn -0.1804 -0.9070 0.3805
vn -0.0757 -0.3804 -0.9217
vn -0.1914 -0.9622 0.1939
vn -0.0392 -0.1971 -0.9796
vn -0.1951 -0.9808 -0.0000
vn -0.1914 -0.9622 -0.1939
vn -0.0223 -0.1120 0.9935
vn -0.3539 -0.8544 0.3805
vn -0.3754 -0.9063 0.1939
vn -0.1484 -0.3584 -0.9217
vn -0.0769 -0.1857 -0.9796
vn -0.3827 -0.9239 -0.0000
vn -0.3754 -0.9063 -0.1939
vn -0.0437 -0.1055 0.9935
vn -0.1352 -0.3265 0.9355
vn -0.3539 -0.8544 -0.3805
vn -0.2142 -0.5172 0.8286
vn -0.3189 -0.7699 -0.5528
vn -0.2718 -0.6561 0.7041
vn -0.2718 -0.6561 -0.7041
vn -0.3189 -0.7699 0.5528
vn -0.2142 -0.5172 -0.8286
vn -0.5138 -0.7689 -0.3805
vn -0.4630 -0.6929 -0.5528
vn -0.3110 -0.4654 0.8286
vn -0.3945 -0.5905 0.7041
vn -0.3945 -0.5905 -0.7041
vn -0.4630 -0.6929 0.5528
vn -0.3110 -0.4654 -0.8286
vn -0.5138 -0.7689 0.3805
vn -0.2155 -0.3225 -0.9217
vn -0.5450 -0.8157 0.1939
vn -0.1117 -0.1671 -0.9796
vn -0.5556 -0.8315 -0.0000
vn -0.5450 -0.8157 -0.1939
vn -0.0634 -0.0949 0.9935
vn -0.1963 -0.2938 0.9355
vn -0.2743 -0.2743 -0.9217
vn -0.1421 -0.1421 -0.9796
vn -0.6937 -0.6937 0.1939
vn -0.7071 -0.7071 -0.0000
vn -0.6937 -0.6937 -0.1939
vn -0.0807 -0.0807 0.9935
vn -0.2499 -0.2499 0.9355
vn -0.6539 -0.6539 -0.3805
vn -0.3958 -0.3958 0.8286
vn -0.5893 -0.5893 -0.5528
vn -0.5021 -0.5021 0.7041
vn -0.5021 -0.5021 -0.7041
vn -0.5893 -0.5893 0.5528
vn -0.3958 -0.3958 -0.8286
vn -0.6539 -0.6539 0.3805
vn -0.4654 -0.3110 0.8286
vn -0.5905 -0.3945 0.7041
vn -0.6929 -0.4630 -0.5528
vn -0.5905 -0.3945 -0.7041
vn -0.6929 -0.4630 0.5528
vn -0.4654 -0.3110 -0.8286
vn -0.7689 -0.5138 0.3805
vn -0.3225 -0.2155 -0.9217
vn -0.8157 -0.5450 0.1939
vn -0.1671 -0.1117 -0.9796
vn -0.8315 -0.5556 -0.0000
vn -0.8157 -0.5450 -0.1939
vn -0.0949 -0.0634 0.9935
vn -0.2938 -0.1963 0.9355
vn -0.7689 -0.5138 -0.3805
vn -0.9063 -0.3754 0.1939
vn -0.9239 -0.3827 -0.0000
vn -0.1857 -0.0769 -0.9796
vn -0.9063 -0.3754 -0.1939
vn -0.1055 -0.0437 0.9935
vn -0.3265 -0.1352 0.9355
vn -0.8544 -0.3539 -0.3805
vn -0.5172 -0.2142 0.8286
vn -0.7699 -0.3189 -0.5528
vn -0.6561 -0.2718 0.7041
vn -0.6561 -0.2718 -0.7041
vn -0.7699 -0.3189 0.5528
vn -0.5172 -0.2142 -0.8286
vn -0.8544 -0.3539 0.3805
vn -0.3584 -0.1484 -0.9217
vn -0.8173 -0.1626 -0.5528
vn -0.6965 -0.1385 -0.7041
vn -0.6965 -0.1385 0.7041
vn -0.8173 -0.1626 0.5528
vn -0.5490 -0.1092 -0.8286
vn -0.9070 -0.1804 0.3805
vn -0.3804 -0.0757 -0.9217
vn -0.9622 -0.1914 0.1939
vn -0.1971 -0.0392 -0.9796
vn -0.9808 -0.1951 -0.0000
vn -0.9622 -0.1914 -0.1939
vn -0.1120 -0.0223 0.9935
vn -0.3466 -0.0689 0.9355
vn -0.9070 -0.1804 -0.3805
vn -0.5490 -0.1092 0.8286
vn -0.2010 -0.0000 -0.9796
vn -1.0000 -0.0000 -0.0000
vn -0.9810 -0.0000 -0.1939
vn -0.1142 -0.0000 0.9935
vn -0.3534 -0.0000 0.9355
vn -0.9248 -0.0000 -0.3805
vn -0.5598 -0.0000 0.8286
vn -0.8333 -0.0000 -0.5528
vn -0.7101 -0.0000 0.7041
vn -0.7101 -0.0000 -0.7041
vn -0.8333 -0.0000 0.5528
vn -0.5598 -0.0000 -0.8286
vn -0.9248 -0.0000 0.3805
vn -0.3879 -0.0000 -0.9217
vn -0.9810 -0.0000 0.1939
vn -0.6965 0.1385 -0.7041
vn -0.5490 0.1092 -0.8286
vn -0.8173 0.1626 0.5528
vn -0.9070 0.1804 0.3805
vn -0.3804 0.0757 -0.9217
vn -0.9622 0.1914 0.1939
vn -0.1971 0.0392 -0.9796
vn -0.9808 0.1951 -0.0000
vn -0.9622 0.1914 -0.1939
vn -0.1120 0.0223 0.9935
vn -0.3466 0.0689 0.9355
vn -0.9070 0.1804 -0.3805
vn -0.5490 0.1092 0.8286
vn -0.8173 0.1626 -0.5528
vn -0.6965 0.1385 0.7041
vn -0.1055 0.0437 0.9935
vn -0.3265 0.1352 0.9355
vn -0.9063 0.3754 -0.1939
vn -0.8544 0.3539 -0.3805
vn -0.5172 0.2142 0.8286
vn -0.7699 0.3189 -0.5528
vn -0.6561 0.2718 0.7041
vn -0.6561 0.2718 -0.7041
vn -0.7699 0.3189 0.5528
vn -0.5172 0.2142 -0.8286
vn -0.8544 0.3539 0.3805
vn -0.3584 0.1484 -0.9217
vn -0.9063 0.3754 0.1939
vn -0.1857 0.0769 -0.9796
vn -0.9239 0.3827 -0.0000
vn -0.6929 0.4630 0.5528
vn -0.7689 0.5138 0.3805
vn -0.4654 0.3110 -0.8286
vn -0.3225 0.2155 -0.9217
vn -0.8157 0.5450 0.1939
vn -0.1671 0.1117 -0.9796
vn -0.8315 0.5556 -0.0000
vn -0.8157 0.5450 -0.1939
vn -0.0949 0.0634 0.9935
vn -0.2938 0.1963 0.9355
vn -0.7689 0.5138 -0.3805
vn -0.4654 0.3110 0.8286
vn -0.6929 0.4630 -0.5528
vn -0.5905 0.3945 0.7041
vn -0.5905 0.3945 -0.7041
vn -0.6937 0.6937 -0.1939
vn -0.6539 0.6539 -0.3805
vn -0.2499 0.2499 0.9355
vn -0.3958 0.3958 0.8286
vn -0.5893 0.5893 -0.5528
vn -0.5021 0.5021 0.7041
vn -0.5021 0.5021 -0.7041
vn -0.5893 0.5893 0.5528
vn -0.3958 0.3958 -0.8286
vn -0.6539 0.6539 0.3805
vn -0.2743 0.2743 -0.9217
vn -0.6937 0.6937 0.1939
vn -0.1421 0.1421 -0.9796
vn -0.7071 0.7071 -0.0000
vn -0.0807 0.0807 0.9935
vn -0.3110 0.4654 -0.8286
vn -0.2155 0.3225 -0.9217
vn -0.5138 0.7689 0.3805
vn -0.5450 0.8157 0.1939
vn -0.1117 0.1671 -0.9796
vn -0.5556 0.8315 -0.0000
vn -0.5450 0.8157 -0.1939
vn -0.0634 0.0949 0.9935
vn -0.1963 0.2938 0.9355
vn -0.5138 0.7689 -0.3805
vn -0.3110 0.4654 0.8286
vn -0.4630 0.6929 -0.5528
vn -0.3945 0.5905 0.7041
vn -0.3945 0.5905 -0.7041
vn -0.4630 0.6929 0.5528
vn -0.1352 0.3265 0.9355
vn -0.2142 0.5172 0.8286
vn -0.3539 0.8544 -0.3805
vn -0.3189 0.7699 -0.5528
vn -0.2718 0.6561 0.7041
vn -0.2718 0.6561 -0.7041
vn -0.3189 0.7699 0.5528
vn -0.2142 0.5172 -0.8286
vn -0.3539 0.8544 0.3805
vn -0.1484 0.3584 -0.9217
vn -0.3754 0.9063 0.1939
vn -0.0769 0.1857 -0.9796
vn -0.3827 0.9239 -0.0000
vn -0.3754 0.9063 -0.1939
vn -0.0437 0.1055 0.9935
vn -0.1804 0.9070 0.3805
vn -0.1914 0.9622 0.1939
vn -0.0757 0.3804 -0.9217
vn -0.0392 0.1971 -0.9796
vn -0.1951 0.9808 -0.0000
vn -0.0223 0.1120 0.9935
vn -0.1914 0.9622 -0.1939
vn -0.0689 0.3466 0.9355
vn -0.1804 0.9070 -0.3805
vn -0.1092 0.5490 0.8286
vn -0.1626 0.8173 -0.5528
vn -0.1385 0.6965 0.7041
vn -0.1385 0.6965 -0.7041
vn -0.1626 0.8173 0.5528
vn -0.1092 0.5490 -0.8286
vt 0.750000 0.812500
vt 0.750000 0.687500
vt 0.750000 0.562500
vt 0.750000 0.500000
vt 0.750000 0.437500
vt 0.750000 0.312500
vt 0.718750 0.937500
vt 0.718750 0.875000
vt 0.718750 0.812500
vt 0.718750 0.750000
vt 0.718750 0.687500
vt 0.718750 0.625000
vt 0.718750 0.562500
vt 0.718750 0.500000
vt 0.718750 0.437500
vt 0.718750 0.375000
vt 0.718750 0.312500
vt 0.718750 0.250000
vt 0.718750 0.187500
vt 0.718750 0.125000
vt 0.718750 0.062500
vt 0.687500 0.937500
vt 0.687500 0.875000
vt 0.687500 0.812500
vt 0.687500 0.750000
vt 0.687500 0.687500
vt 0.687500 0.625000
vt 0.687500 0.562500
vt 0.687500 0.500000
vt 0.687500 0.437500
vt 0.687500 0.375000
vt 0.687500 0.312500
vt 0.687500 0.250000
vt 0.687500 0.187500
vt 0.687500 0.125000
vt 0.687500 0.062500
vt 0.656250 0.937500
vt 0.656250 0.875000
vt 0.656250 0.812500
vt 0.656250 0.750000
vt 0.656250 0.687500
vt 0.656250 0.625000
vt 0.656250 0.562500
vt 0.656250 0.500000
vt 0.656250 0.437500
vt 0.656250 0.375000
vt 0.656250 0.312500
vt 0.656250 0.250000
vt 0.656250 0.187500
vt 0.656250 0.125000
vt 0.656250 0.062500
vt 0.625000 0.937500
vt 0.625000 0.875000
vt 0.625000 0.812500
vt 0.625000 0.750000
vt 0.625000 0.687500
vt 0.625000 0.625000
vt 0.625000 0.562500
vt 0.625000 0.500000
vt 0.625000 0.437500
vt 0.625000 0.375000
vt 0.625000 0.312500
vt 0.625000 0.250000
vt 0.625000 0.187500
vt 0.625000 0.125000
vt 0.625000 0.062500
vt 0.593750 0.937500
vt 0.593750 0.875000
vt 0.593750 0.812500
vt 0.593750 0.750000
vt 0.593750 0.687500
vt 0.593750 0.625000
vt 0.593750 0.562500
vt 0.593750 0.500000
vt 0.593750 0.437500
vt 0.593750 0.375000
vt 0.593750 0.312500
vt 0.593750 0.250000
vt 0.593750 0.187500
vt 0.593750 0.125000
vt 0.593750 0.062500
vt 0.562500 0.937500
vt 0.562500 0.875000
vt 0.562500 0.812500
vt 0.562500 0.750000
vt 0.562500 0.687500
vt 0.562500 0.625000
vt 0.562500 0.562500
vt 0.562500 0.500000
vt 0.562500 0.437500
vt 0.562500 0.375000
vt 0.562500 0.312500
vt 0.562500 0.250000
vt 0.562500 0.187500
vt 0.562500 0.125000
vt 0.562500 0.062500
vt 0.531250 0.937500
vt 0.531250 0.875000
vt 0.531250 0.812500
vt 0.531250 0.750000
vt 0.531250 0.687500
vt 0.531250 0.625000
vt 0.531250 0.562500
vt 0.531250 0.500000
vt 0.531250 0.437500
vt 0.531250 0.375000
vt 0.531250 0.312500
vt 0.531250 0.250000
vt 0.531250 0.187500
vt 0.531250 0.125000
vt 0.531250 0.062500
vt 0.500000 0.937500
vt 0.500000 0.875000
vt 0.500000 0.812500
vt 0.500000 0.750000
vt 0.500000 0.687500
vt 0.500000 0.625000
vt 0.500000 0.562500
vt 0.500000 0.500000
vt 0.500000 0.437500
vt 0.500000 0.375000
vt 0.500000 0.312500
vt 0.500000 0.250000
vt 0.500000 0.187500
vt 0.500000 0.125000
vt 0.500000 0.062500
vt 0.468750 0.937500
vt 0.468750 0.875000
vt 0.468750 0.812500
vt 0.468750 0.750000
vt 0.468750 0.687500
vt 0.468750 0.625000
vt 0.468750 0.562500
vt 0.468750 0.500000
vt 0.468750 0.437500
vt 0.468750 0.375000
vt 0.468750 0.312500
vt 0.468750 0.250000
vt 0.468750 0.187500
vt 0.468750 0.125000
vt 0.468750 0.062500
vt 0.437500 0.937500
vt 0.437500 0.875000
vt 0.437500 0.812500
vt 0.437500 0.750000
vt 0.437500 0.687500
vt 0.437500 0.625000
vt 0.437500 0.562500
vt 0.437500 0.500000
vt 0.437500 0.437500
vt 0.437500 0.375000
vt 0.437500 0.312500
vt 0.437500 0.250000
vt 0.437500 0.187500
vt 0.437500 0.125000
vt 0.437500 0.062500
vt 0.406250 0.937500
vt 0.406250 0.875000
vt 0.406250 0.812500
vt 0.406250 0.750000
vt 0.406250 0.687500
vt 0.406250 0.625000
vt 0.406250 0.562500
vt 0.406250 0.500000
vt 0.406250 0.437500
vt 0.406250 0.375000
vt 0.406250 0.312500
vt 0.406250 0.250000
vt 0.406250 0.187500
vt 0.406250 0.125000
vt 0.406250 0.062500
vt 0.375000 0.937500
vt 0.375000 0.875000
vt 0.375000 0.812500
vt 0.375000 0.750000
vt 0.375000 0.687500
vt 0.375000 0.625000
vt 0.375000 0.562500
vt 0.375000 0.500000
vt 0.375000 0.437500
vt 0.375000 0.375000
vt 0.375000 0.312500
vt 0.375000 0.250000
vt 0.375000 0.187500
vt 0.375000 0.125000
vt 0.375000 0.062500
vt 0.343750 0.937500
vt 0.343750 0.875000
vt 0.343750 0.812500
vt 0.343750 0.750000
vt 0.343750 0.687500
vt 0.343750 0.625000
vt 0.343750 0.562500
vt 0.343750 0.500000
vt 0.343750 0.437500
vt 0.343750 0.375000
vt 0.343750 0.312500
vt 0.343750 0.250000
vt 0.343750 0.187500
vt 0.343750 0.125000
vt 0.343750 0.062500
vt 0.312500 0.937500
vt 0.312500 0.875000
vt 0.312500 0.812500
vt 0.312500 0.750000
vt 0.312500 0.687500
vt 0.312500 0.625000
vt 0.312500 0.562500
vt 0.312500 0.500000
vt 0.312500 0.437500
vt 0.312500 0.375000
vt 0.312500 0.312500
vt 0.312500 0.250000
vt 0.312500 0.187500
vt 0.312500 0.125000
vt 0.312500 0.062500
vt 0.281250 0.937500
vt 0.281250 0.875000
vt 0.281250 0.812500
vt 0.281250 0.750000
vt 0.281250 0.687500
vt 0.281250 0.625000
vt 0.281250 0.562500
vt 0.281250 0.500000
vt 0.281250 0.437500
vt 0.281250 0.375000
vt 0.281250 0.312500
vt 0.281250 0.250000
vt 0.281250 0.187500
vt 0.281250 0.125000
vt 0.281250 0.062500
vt 0.250000 0.937500
vt 0.250000 0.875000
vt 0.250000 0.812500
vt 0.250000 0.750000
vt 0.250000 0.687500
vt 0.250000 0.625000
vt 0.250000 0.562500
vt 0.250000 0.500000
vt 0.250000 0.437500
vt 0.250000 0.375000
vt 0.250000 0.312500
vt 0.250000 0.250000
vt 0.250000 0.187500
vt 0.250000 0.125000
vt 0.250000 0.062500
vt 0.218750 0.937500
vt 0.218750 0.875000
vt 0.218750 0.812500
vt 0.218750 0.750000
vt 0.218750 0.687500
vt 0.218750 0.625000
vt 0.218750 0.562500
vt 0.218750 0.500000
vt 0.218750 0.437500
vt 0.218750 0.375000
vt 0.218750 0.312500
vt 0.218750 0.250000
vt 0.218750 0.187500
vt 0.218750 0.125000
vt 0.218750 0.062500
vt 0.187500 0.937500
vt 0.187500 0.875000
vt 0.187500 0.812500
vt 0.187500 0.750000
vt 0.187500 0.687500
vt 0.187500 0.625000
vt 0.187500 0.562500
vt 0.187500 0.500000
vt 0.187500 0.437500
vt 0.187500 0.375000
vt 0.187500 0.312500
vt 0.187500 0.250000
vt 0.187500 0.187500
vt 0.187500 0.125000
vt 0.187500 0.062500
vt 0.156250 0.937500
vt 0.156250 0.875000
vt 0.156250 0.812500
vt 0.156250 0.750000
vt 0.156250 0.687500
vt 0.156250 0.625000
vt 0.156250 0.562500
vt 0.156250 0.500000
vt 0.156250 0.437500
vt 0.156250 0.375000
vt 0.156250 0.312500
vt 0.156250 0.250000
vt 0.156250 0.187500
vt 0.156250 0.125000
vt 0.156250 0.062500
vt 0.125000 0.937500
vt 0.125000 0.875000
vt 0.125000 0.812500
vt 0.125000 0.750000
vt 0.125000 0.687500
vt 0.125000 0.625000
vt 0.125000 0.562500
vt 0.125000 0.500000
vt 0.125000 0.437500
vt 0.125000 0.375000
vt 0.125000 0.312500
vt 0.125000 0.250000
vt 0.125000 0.187500
vt 0.125000 0.125000
vt 0.125000 0.062500
vt 0.734375 0.000000
vt 0.703125 0.000000
vt 0.671875 0.000000
vt 0.640625 0.000000
vt 0.609375 0.000000
vt 0.578125 0.000000
vt 0.546875 0.000000
vt 0.515625 0.000000
vt 0.484375 0.000000
vt 0.453125 0.000000
vt 0.421875 0.000000
vt 0.390625 0.000000
vt 0.359375 0.000000
vt 0.328125 0.000000
vt 0.296875 0.000000
vt 0.265625 0.000000
vt 0.234375 0.000000
vt 0.203125 0.000000
vt 0.171875 0.000000
vt 0.140625 0.000000
vt 0.109375 0.000000
vt 0.078125 0.000000
vt 0.046875 0.000000
vt 0.015625 0.000000
vt 0.984375 0.000000
vt 0.953125 0.000000
vt 0.921875 0.000000
vt 0.890625 0.000000
vt 0.859375 0.000000
vt 0.828125 0.000000
vt 0.796875 0.000000
vt 0.765625 0.000000
vt 0.093750 0.937500
vt 0.093750 0.875000
vt 0.093750 0.812500
vt 0.093750 0.750000
vt 0.093750 0.687500
vt 0.093750 0.625000
vt 0.093750 0.562500
vt 0.093750 0.500000
vt 0.093750 0.437500
vt 0.093750 0.375000
vt 0.093750 0.312500
vt 0.093750 0.250000
vt 0.093750 0.187500
vt 0.093750 0.125000
vt 0.093750 0.062500
vt 0.062500 0.937500
vt 0.062500 0.875000
vt 0.062500 0.812500
vt 0.062500 0.750000
vt 0.062500 0.687500
vt 0.062500 0.625000
vt 0.062500 0.562500
vt 0.062500 0.500000
vt 0.062500 0.437500
vt 0.062500 0.375000
vt 0.062500 0.312500
vt 0.062500 0.250000
vt 0.062500 0.187500
vt 0.062500 0.125000
vt 0.062500 0.062500
vt 0.031250 0.937500
vt 0.031250 0.875000
vt 0.031250 0.812500
vt 0.031250 0.750000
vt 0.031250 0.687500
vt 0.031250 0.625000
vt 0.031250 0.562500
vt 0.031250 0.500000
vt 0.031250 0.437500
vt 0.031250 0.375000
vt 0.031250 0.312500
vt 0.031250 0.250000
vt 0.031250 0.187500
vt 0.031250 0.125000
vt 0.031250 0.062500
vt 1.000000 0.937500
vt 0.000000 0.937500
vt 0.000000 0.875000
vt 1.000000 0.875000
vt 0.000000 0.812500
vt 1.000000 0.812500
vt 0.000000 0.750000
vt 1.000000 0.750000
vt 0.000000 0.687500
vt 1.000000 0.687500
vt 0.000000 0.625000
vt 1.000000 0.625000
vt 0.000000 0.562500
vt 1.000000 0.562500
vt 0.000000 0.500000
vt 1.000000 0.500000
vt 0.000000 0.437500
vt 1.000000 0.437500
vt 0.000000 0.375000
vt 1.000000 0.375000
vt 0.000000 0.312500
vt 1.000000 0.312500
vt 0.000000 0.250000
vt 1.000000 0.250000
vt 0.000000 0.187500
vt 1.000000 0.187500
vt 0.000000 0.125000
vt 1.000000 0.125000
vt 0.000000 0.062500
vt 1.000000 0.062500
vt 0.968750 0.937500
vt 0.968750 0.875000
vt 0.968750 0.812500
vt 0.968750 0.750000
vt 0.968750 0.687500
vt 0.968750 0.625000
vt 0.968750 0.562500
vt 0.968750 0.500000
vt 0.968750 0.437500
vt 0.968750 0.375000
vt 0.968750 0.312500
vt 0.968750 0.250000
vt 0.968750 0.187500
vt 0.968750 0.125000
vt 0.968750 0.062500
vt 0.937500 0.937500
vt 0.937500 0.875000
vt 0.937500 0.812500
vt 0.937500 0.750000
vt 0.937500 0.687500
vt 0.937500 0.625000
vt 0.937500 0.562500
vt 0.937500 0.500000
vt 0.937500 0.437500
vt 0.937500 0.375000
vt 0.937500 0.312500
vt 0.937500 0.250000
vt 0.937500 0.187500
vt 0.937500 0.125000
vt 0.937500 0.062500
vt 0.906250 0.937500
vt 0.906250 0.875000
vt 0.906250 0.812500
vt 0.906250 0.750000
vt 0.906250 0.687500
vt 0.906250 0.625000
vt 0.906250 0.562500
vt 0.906250 0.500000
vt 0.906250 0.437500
vt 0.906250 0.375000
vt 0.906250 0.312500
vt 0.906250 0.250000
vt 0.906250 0.187500
vt 0.906250 0.125000
vt 0.906250 0.062500
vt 0.875000 0.937500
vt 0.875000 0.875000
vt 0.875000 0.812500
vt 0.875000 0.750000
vt 0.875000 0.687500
vt 0.875000 0.625000
vt 0.875000 0.562500
vt 0.875000 0.500000
vt 0.875000 0.437500
vt 0.875000 0.375000
vt 0.875000 0.312500
vt 0.875000 0.250000
vt 0.875000 0.187500
vt 0.875000 0.125000
vt 0.875000 0.062500
vt 0.843750 0.937500
vt 0.843750 0.875000
vt 0.843750 0.812500
vt 0.843750 0.750000
vt 0.843750 0.687500
vt 0.843750 0.625000
vt 0.843750 0.562500
vt 0.843750 0.500000
vt 0.843750 0.437500
vt 0.843750 0.375000
vt 0.843750 0.312500
vt 0.843750 0.250000
vt 0.843750 0.187500
vt 0.843750 0.125000
vt 0.843750 0.062500
vt 0.812500 0.937500
vt 0.812500 0.875000
vt 0.812500 0.812500
vt 0.812500 0.750000
vt 0.812500 0.687500
vt 0.812500 0.625000
vt 0.812500 0.562500
vt 0.812500 0.500000
vt 0.812500 0.437500
vt 0.812500 0.375000
vt 0.812500 0.312500
vt 0.812500 0.250000
vt 0.812500 0.187500
vt 0.812500 0.125000
vt 0.812500 0.062500
vt 0.781250 0.937500
vt 0.781250 0.875000
vt 0.781250 0.812500
vt 0.781250 0.750000
vt 0.781250 0.687500
vt 0.781250 0.625000
vt 0.781250 0.562500
vt 0.781250 0.500000
vt 0.781250 0.437500
vt 0.781250 0.375000
vt 0.781250 0.312500
vt 0.781250 0.250000
vt 0.781250 0.187500
vt 0.781250 0.125000
vt 0.781250 0.062500
vt 0.750000 0.937500
vt 0.750000 0.875000
vt 0.750000 0.750000
vt 0.750000 0.625000
vt 0.750000 0.375000
vt 0.750000 0.250000
vt 0.750000 0.187500
vt 0.750000 0.125000
vt 0.750000 0.062500
s 1
usemtl Material.002
f 4782/5768/4777 5253/6285/4778 4792/5778/4779 4793/5779/4780
f 5251/6283/4781 4777/5763/4782 4785/5771/4783 4786/5772/4784
f 5254/6286/4785 4782/5768/4777 4793/5779/4780 4794/5780/4786
f 4778/5764/4787 5251/6283/4781 4786/5772/4784 4787/5773/4788
f 5255/6287/4789 5254/6286/4785 4794/5780/4786 4795/5781/4790
f 5252/6284/4791 4778/5764/4787 4787/5773/4788 4788/5774/4792
f 5256/6288/4793 5255/6287/4789 4795/5781/4790 4796/5782/4794
f 4779/5765/4795 5252/6284/4791 4788/5774/4792 4789/5775/4796
f 5257/6289/4797 5256/6288/4793 4796/5782/4794 4797/5783/4798
f 4780/5766/4799 4779/5765/4795 4789/5775/4796 4790/5776/4800
f 5083/6069/4801 5257/6289/4797 4797/5783/4798
f 4781/5767/4802 4780/5766/4799 4790/5776/4800 4791/5777/4803
f 5250/6282/4804 5249/6281/4805 4783/5769/4806 4784/5770/4807
f 5253/6285/4778 4781/5767/4802 4791/5777/4803 4792/5778/4779
f 4777/5763/4782 5250/6282/4804 4784/5770/4807 4785/5771/4783
f 4784/5770/4807 4783/5769/4806 4798/5784/4808 4799/5785/4809
f 4792/5778/4779 4791/5777/4803 4806/5792/4810 4807/5793/4811
f 4785/5771/4783 4784/5770/4807 4799/5785/4809 4800/5786/4812
f 4793/5779/4780 4792/5778/4779 4807/5793/4811 4808/5794/4813
f 4786/5772/4784 4785/5771/4783 4800/5786/4812 4801/5787/4814
f 4794/5780/4786 4793/5779/4780 4808/5794/4813 4809/5795/4815
f 4787/5773/4788 4786/5772/4784 4801/5787/4814 4802/5788/4816
f 4795/5781/4790 4794/5780/4786 4809/5795/4815 4810/5796/4817
f 4788/5774/4792 4787/5773/4788 4802/5788/4816 4803/5789/4818
f 4796/5782/4794 4795/5781/4790 4810/5796/4817 4811/5797/4819
f 4789/5775/4796 4788/5774/4792 4803/5789/4818 4804/5790/4820
f 4797/5783/4798 4796/5782/4794 4811/5797/4819 4812/5798/4821
f 4790/5776/4800 4789/5775/4796 4804/5790/4820 4805/5791/4822
f 5083/6070/4801 4797/5783/4798 4812/5798/4821
f 4791/5777/4803 4790/5776/4800 4805/5791/4822 4806/5792/4810
f 4803/5789/4818 4802/5788/4816 4817/5803/4823 4818/5804/4824
f 4811/5797/4819 4810/5796/4817 4825/5811/4825 4826/5812/4826
f 4804/5790/4820 4803/5789/4818 4818/5804/4824 4819/5805/4827
f 4812/5798/4821 4811/5797/4819 4826/5812/4826 4827/5813/4828
f 4805/5791/4822 4804/5790/4820 4819/5805/4827 4820/5806/4829
f 5083/6071/4801 4812/5798/4821 4827/5813/4828
f 4806/5792/4810 4805/5791/4822 4820/5806/4829 4821/5807/4830
f 4799/5785/4809 4798/5784/4808 4813/5799/4831 4814/5800/4832
f 4807/5793/4811 4806/5792/4810 4821/5807/4830 4822/5808/4833
f 4800/5786/4812 4799/5785/4809 4814/5800/4832 4815/5801/4834
f 4808/5794/4813 4807/5793/4811 4822/5808/4833 4823/5809/4835
f 4801/5787/4814 4800/5786/4812 4815/5801/4834 4816/5802/4836
f 4809/5795/4815 4808/5794/4813 4823/5809/4835 4824/5810/4837
f 4802/5788/4816 4801/5787/4814 4816/5802/4836 4817/5803/4823
f 4810/5796/4817 4809/5795/4815 4824/5810/4837 4825/5811/4825
f 4822/5808/4833 4821/5807/4830 4836/5822/4838 4837/5823/4839
f 4815/5801/4834 4814/5800/4832 4829/5815/4840 4830/5816/4841
f 4823/5809/4835 4822/5808/4833 4837/5823/4839 4838/5824/4842
f 4816/5802/4836 4815/5801/4834 4830/5816/4841 4831/5817/4843
f 4824/5810/4837 4823/5809/4835 4838/5824/4842 4839/5825/4844
f 4817/5803/4823 4816/5802/4836 4831/5817/4843 4832/5818/4845
f 4825/5811/4825 4824/5810/4837 4839/5825/4844 4840/5826/4846
f 4818/5804/4824 4817/5803/4823 4832/5818/4845 4833/5819/4847
f 4826/5812/4826 4825/5811/4825 4840/5826/4846 4841/5827/4848
f 4819/5805/4827 4818/5804/4824 4833/5819/4847 4834/5820/4849
f 4827/5813/4828 4826/5812/4826 4841/5827/4848 4842/5828/4850
f 4820/5806/4829 4819/5805/4827 4834/5820/4849 4835/5821/4851
f 5083/6072/4801 4827/5813/4828 4842/5828/4850
f 4821/5807/4830 4820/5806/4829 4835/5821/4851 4836/5822/4838
f 4814/5800/4832 4813/5799/4831 4828/5814/4852 4829/5815/4840
f 4841/5827/4848 4840/5826/4846 4855/5841/4853 4856/5842/4854
f 4834/5820/4849 4833/5819/4847 4848/5834/4855 4849/5835/4856
f 4842/5828/4850 4841/5827/4848 4856/5842/4854 4857/5843/4857
f 4835/5821/4851 4834/5820/4849 4849/5835/4856 4850/5836/4858
f 5083/6073/4801 4842/5828/4850 4857/5843/4857
f 4836/5822/4838 4835/5821/4851 4850/5836/4858 4851/5837/4859
f 4829/5815/4840 4828/5814/4852 4843/5829/4860 4844/5830/4861
f 4837/5823/4839 4836/5822/4838 4851/5837/4859 4852/5838/4862
f 4830/5816/4841 4829/5815/4840 4844/5830/4861 4845/5831/4863
f 4838/5824/4842 4837/5823/4839 4852/5838/4862 4853/5839/4864
f 4831/5817/4843 4830/5816/4841 4845/5831/4863 4846/5832/4865
f 4839/5825/4844 4838/5824/4842 4853/5839/4864 4854/5840/4866
f 4832/5818/4845 4831/5817/4843 4846/5832/4865 4847/5833/4867
f 4840/5826/4846 4839/5825/4844 4854/5840/4866 4855/5841/4853
f 4833/5819/4847 4832/5818/4845 4847/5833/4867 4848/5834/4855
f 4853/5839/4864 4852/5838/4862 4867/5853/4868 4868/5854/4869
f 4846/5832/4865 4845/5831/4863 4860/5846/4870 4861/5847/4871
f 4854/5840/4866 4853/5839/4864 4868/5854/4869 4869/5855/4872
f 4847/5833/4867 4846/5832/4865 4861/5847/4871 4862/5848/4873
f 4855/5841/4853 4854/5840/4866 4869/5855/4872 4870/5856/4874
f 4848/5834/4855 4847/5833/4867 4862/5848/4873 4863/5849/4875
f 4856/5842/4854 4855/5841/4853 4870/5856/4874 4871/5857/4876
f 4849/5835/4856 4848/5834/4855 4863/5849/4875 4864/5850/4877
f 4857/5843/4857 4856/5842/4854 4871/5857/4876 4872/5858/4878
f 4850/5836/4858 4849/5835/4856 4864/5850/4877 4865/5851/4879
f 5083/6074/4801 4857/5843/4857 4872/5858/4878
f 4851/5837/4859 4850/5836/4858 4865/5851/4879 4866/5852/4880
f 4844/5830/4861 4843/5829/4860 4858/5844/4881 4859/5845/4882
f 4852/5838/4862 4851/5837/4859 4866/5852/4880 4867/5853/4868
f 4845/5831/4863 4844/5830/4861 4859/5845/4882 4860/5846/4870
f 4872/5858/4878 4871/5857/4876 4886/5872/4883 4887/5873/4884
f 4865/5851/4879 4864/5850/4877 4879/5865/4885 4880/5866/4886
f 5083/6075/4801 4872/5858/4878 4887/5873/4884
f 4866/5852/4880 4865/5851/4879 4880/5866/4886 4881/5867/4887
f 4859/5845/4882 4858/5844/4881 4873/5859/4888 4874/5860/4889
f 4867/5853/4868 4866/5852/4880 4881/5867/4887 4882/5868/4890
f 4860/5846/4870 4859/5845/4882 4874/5860/4889 4875/5861/4891
f 4868/5854/4869 4867/5853/4868 4882/5868/4890 4883/5869/4892
f 4861/5847/4871 4860/5846/4870 4875/5861/4891 4876/5862/4893
f 4869/5855/4872 4868/5854/4869 4883/5869/4892 4884/5870/4894
f 4862/5848/4873 4861/5847/4871 4876/5862/4893 4877/5863/4895
f 4870/5856/4874 4869/5855/4872 4884/5870/4894 4885/5871/4896
f 4863/5849/4875 4862/5848/4873 4877/5863/4895 4878/5864/4897
f 4871/5857/4876 4870/5856/4874 4885/5871/4896 4886/5872/4883
f 4864/5850/4877 4863/5849/4875 4878/5864/4897 4879/5865/4885
f 4876/5862/4893 4875/5861/4891 4890/5876/4898 4891/5877/4899
f 4884/5870/4894 4883/5869/4892 4898/5884/4900 4899/5885/4901
f 4877/5863/4895 4876/5862/4893 4891/5877/4899 4892/5878/4902
f 4885/5871/4896 4884/5870/4894 4899/5885/4901 4900/5886/4903
f 4878/5864/4897 4877/5863/4895 4892/5878/4902 4893/5879/4904
f 4886/5872/4883 4885/5871/4896 4900/5886/4903 4901/5887/4905
f 4879/5865/4885 4878/5864/4897 4893/5879/4904 4894/5880/4906
f 4887/5873/4884 4886/5872/4883 4901/5887/4905 4902/5888/4907
f 4880/5866/4886 4879/5865/4885 4894/5880/4906 4895/5881/4908
f 5083/6076/4801 4887/5873/4884 4902/5888/4907
f 4881/5867/4887 4880/5866/4886 4895/5881/4908 4896/5882/4909
f 4874/5860/4889 4873/5859/4888 4888/5874/4910 4889/5875/4911
f 4882/5868/4890 4881/5867/4887 4896/5882/4909 4897/5883/4912
f 4875/5861/4891 4874/5860/4889 4889/5875/4911 4890/5876/4898
f 4883/5869/4892 4882/5868/4890 4897/5883/4912 4898/5884/4900
f 4895/5881/4908 4894/5880/4906 4909/5895/4913 4910/5896/4914
f 5083/6077/4801 4902/5888/4907 4917/5903/4915
f 4896/5882/4909 4895/5881/4908 4910/5896/4914 4911/5897/4916
f 4889/5875/4911 4888/5874/4910 4903/5889/4917 4904/5890/4918
f 4897/5883/4912 4896/5882/4909 4911/5897/4916 4912/5898/4919
f 4890/5876/4898 4889/5875/4911 4904/5890/4918 4905/5891/4920
f 4898/5884/4900 4897/5883/4912 4912/5898/4919 4913/5899/4921
f 4891/5877/4899 4890/5876/4898 4905/5891/4920 4906/5892/4922
f 4899/5885/4901 4898/5884/4900 4913/5899/4921 4914/5900/4923
f 4892/5878/4902 4891/5877/4899 4906/5892/4922 4907/5893/4924
f 4900/5886/4903 4899/5885/4901 4914/5900/4923 4915/5901/4925
f 4893/5879/4904 4892/5878/4902 4907/5893/4924 4908/5894/4926
f 4901/5887/4905 4900/5886/4903 4915/5901/4925 4916/5902/4927
f 4894/5880/4906 4893/5879/4904 4908/5894/4926 4909/5895/4913
f 4902/5888/4907 4901/5887/4905 4916/5902/4927 4917/5903/4915
f 4914/5900/4923 4913/5899/4921 4928/5914/4928 4929/5915/4929
f 4907/5893/4924 4906/5892/4922 4921/5907/4930 4922/5908/4931
f 4915/5901/4925 4914/5900/4923 4929/5915/4929 4930/5916/4932
f 4908/5894/4926 4907/5893/4924 4922/5908/4931 4923/5909/4933
f 4916/5902/4927 4915/5901/4925 4930/5916/4932 4931/5917/4934
f 4909/5895/4913 4908/5894/4926 4923/5909/4933 4924/5910/4935
f 4917/5903/4915 4916/5902/4927 4931/5917/4934 4932/5918/4936
f 4910/5896/4914 4909/5895/4913 4924/5910/4935 4925/5911/4937
f 5083/6078/4801 4917/5903/4915 4932/5918/4936
f 4911/5897/4916 4910/5896/4914 4925/5911/4937 4926/5912/4938
f 4904/5890/4918 4903/5889/4917 4918/5904/4939 4919/5905/4940
f 4912/5898/4919 4911/5897/4916 4926/5912/4938 4927/5913/4941
f 4905/5891/4920 4904/5890/4918 4919/5905/4940 4920/5906/4942
f 4913/5899/4921 4912/5898/4919 4927/5913/4941 4928/5914/4928
f 4906/5892/4922 4905/5891/4920 4920/5906/4942 4921/5907/4930
f 5083/6079/4801 4932/5918/4936 4947/5933/4943
f 4926/5912/4938 4925/5911/4937 4940/5926/4944 4941/5927/4945
f 4919/5905/4940 4918/5904/4939 4933/5919/4946 4934/5920/4947
f 4927/5913/4941 4926/5912/4938 4941/5927/4945 4942/5928/4948
f 4920/5906/4942 4919/5905/4940 4934/5920/4947 4935/5921/4949
f 4928/5914/4928 4927/5913/4941 4942/5928/4948 4943/5929/4950
f 4921/5907/4930 4920/5906/4942 4935/5921/4949 4936/5922/4951
f 4929/5915/4929 4928/5914/4928 4943/5929/4950 4944/5930/4952
f 4922/5908/4931 4921/5907/4930 4936/5922/4951 4937/5923/4953
f 4930/5916/4932 4929/5915/4929 4944/5930/4952 4945/5931/4954
f 4923/5909/4933 4922/5908/4931 4937/5923/4953 4938/5924/4955
f 4931/5917/4934 4930/5916/4932 4945/5931/4954 4946/5932/4956
f 4924/5910/4935 4923/5909/4933 4938/5924/4955 4939/5925/4957
f 4932/5918/4936 4931/5917/4934 4946/5932/4956 4947/5933/4943
f 4925/5911/4937 4924/5910/4935 4939/5925/4957 4940/5926/4944
f 4937/5923/4953 4936/5922/4951 4951/5937/4958 4952/5938/4959
f 4945/5931/4954 4944/5930/4952 4959/5945/4960 4960/5946/4961
f 4938/5924/4955 4937/5923/4953 4952/5938/4959 4953/5939/4962
f 4946/5932/4956 4945/5931/4954 4960/5946/4961 4961/5947/4963
f 4939/5925/4957 4938/5924/4955 4953/5939/4962 4954/5940/4964
f 4947/5933/4943 4946/5932/4956 4961/5947/4963 4962/5948/4965
f 4940/5926/4944 4939/5925/4957 4954/5940/4964 4955/5941/4966
f 5083/6080/4801 4947/5933/4943 4962/5948/4965
f 4941/5927/4945 4940/5926/4944 4955/5941/4966 4956/5942/4967
f 4934/5920/4947 4933/5919/4946 4948/5934/4968 4949/5935/4969
f 4942/5928/4948 4941/5927/4945 4956/5942/4967 4957/5943/4970
f 4935/5921/4949 4934/5920/4947 4949/5935/4969 4950/5936/4971
f 4943/5929/4950 4942/5928/4948 4957/5943/4970 4958/5944/4972
f 4936/5922/4951 4935/5921/4949 4950/5936/4971 4951/5937/4958
f 4944/5930/4952 4943/5929/4950 4958/5944/4972 4959/5945/4960
f 4956/5942/4967 4955/5941/4966 4970/5956/4973 4971/5957/4974
f 4949/5935/4969 4948/5934/4968 4963/5949/4975 4964/5950/4976
f 4957/5943/4970 4956/5942/4967 4971/5957/4974 4972/5958/4977
f 4950/5936/4971 4949/5935/4969 4964/5950/4976 4965/5951/4978
f 4958/5944/4972 4957/5943/4970 4972/5958/4977 4973/5959/4979
f 4951/5937/4958 4950/5936/4971 4965/5951/4978 4966/5952/4980
f 4959/5945/4960 4958/5944/4972 4973/5959/4979 4974/5960/4981
f 4952/5938/4959 4951/5937/4958 4966/5952/4980 4967/5953/4982
f 4960/5946/4961 4959/5945/4960 4974/5960/4981 4975/5961/4983
f 4953/5939/4962 4952/5938/4959 4967/5953/4982 4968/5954/4984
f 4961/5947/4963 4960/5946/4961 4975/5961/4983 4976/5962/4985
f 4954/5940/4964 4953/5939/4962 4968/5954/4984 4969/5955/4986
f 4962/5948/4965 4961/5947/4963 4976/5962/4985 4977/5963/4987
f 4955/5941/4966 4954/5940/4964 4969/5955/4986 4970/5956/4973
f 5083/6081/4801 4962/5948/4965 4977/5963/4987
f 4975/5961/4983 4974/5960/4981 4989/5975/4988 4990/5976/4989
f 4968/5954/4984 4967/5953/4982 4982/5968/4990 4983/5969/4991
f 4976/5962/4985 4975/5961/4983 4990/5976/4989 4991/5977/4992
f 4969/5955/4986 4968/5954/4984 4983/5969/4991 4984/5970/4993
f 4977/5963/4987 4976/5962/4985 4991/5977/4992 4992/5978/4994
f 4970/5956/4973 4969/5955/4986 4984/5970/4993 4985/5971/4995
f 5083/6082/4801 4977/5963/4987 4992/5978/4994
f 4971/5957/4974 4970/5956/4973 4985/5971/4995 4986/5972/4996
f 4964/5950/4976 4963/5949/4975 4978/5964/4997 4979/5965/4998
f 4972/5958/4977 4971/5957/4974 4986/5972/4996 4987/5973/4999
f 4965/5951/4978 4964/5950/4976 4979/5965/4998 4980/5966/5000
f 4973/5959/4979 4972/5958/4977 4987/5973/4999 4988/5974/5001
f 4966/5952/4980 4965/5951/4978 4980/5966/5000 4981/5967/5002
f 4974/5960/4981 4973/5959/4979 4988/5974/5001 4989/5975/4988
f 4967/5953/4982 4966/5952/4980 4981/5967/5002 4982/5968/4990
f 4987/5973/4999 4986/5972/4996 5001/5987/5003 5002/5988/5004
f 4980/5966/5000 4979/5965/4998 4994/5980/5005 4995/5981/5006
f 4988/5974/5001 4987/5973/4999 5002/5988/5004 5003/5989/5007
f 4981/5967/5002 4980/5966/5000 4995/5981/5006 4996/5982/5008
f 4989/5975/4988 4988/5974/5001 5003/5989/5007 5004/5990/5009
f 4982/5968/4990 4981/5967/5002 4996/5982/5008 4997/5983/5010
f 4990/5976/4989 4989/5975/4988 5004/5990/5009 5005/5991/5011
f 4983/5969/4991 4982/5968/4990 4997/5983/5010 4998/5984/5012
f 4991/5977/4992 4990/5976/4989 5005/5991/5011 5006/5992/5013
f 4984/5970/4993 4983/5969/4991 4998/5984/5012 4999/5985/5014
f 4992/5978/4994 4991/5977/4992 5006/5992/5013 5007/5993/5015
f 4985/5971/4995 4984/5970/4993 4999/5985/5014 5000/5986/5016
f 5083/6083/4801 4992/5978/4994 5007/5993/5015
f 4986/5972/4996 4985/5971/4995 5000/5986/5016 5001/5987/5003
f 4979/5965/4998 4978/5964/4997 4993/5979/5017 4994/5980/5005
f 5006/5992/5013 5005/5991/5011 5020/6006/5018 5021/6007/5019
f 4999/5985/5014 4998/5984/5012 5013/5999/5020 5014/6000/5021
f 5007/5993/5015 5006/5992/5013 5021/6007/5019 5022/6008/5022
f 5000/5986/5016 4999/5985/5014 5014/6000/5021 5015/6001/5023
f 5083/6084/4801 5007/5993/5015 5022/6008/5022
f 5001/5987/5003 5000/5986/5016 5015/6001/5023 5016/6002/5024
f 4994/5980/5005 4993/5979/5017 5008/5994/5025 5009/5995/5026
f 5002/5988/5004 5001/5987/5003 5016/6002/5024 5017/6003/5027
f 4995/5981/5006 4994/5980/5005 5009/5995/5026 5010/5996/5028
f 5003/5989/5007 5002/5988/5004 5017/6003/5027 5018/6004/5029
f 4996/5982/5008 4995/5981/5006 5010/5996/5028 5011/5997/5030
f 5004/5990/5009 5003/5989/5007 5018/6004/5029 5019/6005/5031
f 4997/5983/5010 4996/5982/5008 5011/5997/5030 5012/5998/5032
f 5005/5991/5011 5004/5990/5009 5019/6005/5031 5020/6006/5018
f 4998/5984/5012 4997/5983/5010 5012/5998/5032 5013/5999/5020
f 5010/5996/5028 5009/5995/5026 5024/6010/5033 5025/6011/5034
f 5018/6004/5029 5017/6003/5027 5032/6018/5035 5033/6019/5036
f 5011/5997/5030 5010/5996/5028 5025/6011/5034 5026/6012/5037
f 5019/6005/5031 5018/6004/5029 5033/6019/5036 5034/6020/5038
f 5012/5998/5032 5011/5997/5030 5026/6012/5037 5027/6013/5039
f 5020/6006/5018 5019/6005/5031 5034/6020/5038 5035/6021/5040
f 5013/5999/5020 5012/5998/5032 5027/6013/5039 5028/6014/5041
f 5021/6007/5019 5020/6006/5018 5035/6021/5040 5036/6022/5042
f 5014/6000/5021 5013/5999/5020 5028/6014/5041 5029/6015/5043
f 5022/6008/5022 5021/6007/5019 5036/6022/5042 5037/6023/5044
f 5015/6001/5023 5014/6000/5021 5029/6015/5043 5030/6016/5045
f 5083/6085/4801 5022/6008/5022 5037/6023/5044
f 5016/6002/5024 5015/6001/5023 5030/6016/5045 5031/6017/5046
f 5009/5995/5026 5008/5994/5025 5023/6009/5047 5024/6010/5033
f 5017/6003/5027 5016/6002/5024 5031/6017/5046 5032/6018/5035
f 5029/6015/5043 5028/6014/5041 5043/6029/5048 5044/6030/5049
f 5037/6023/5044 5036/6022/5042 5051/6037/5050 5052/6038/5051
f 5030/6016/5045 5029/6015/5043 5044/6030/5049 5045/6031/5052
f 5083/6086/4801 5037/6023/5044 5052/6038/5051
f 5031/6017/5046 5030/6016/5045 5045/6031/5052 5046/6032/5053
f 5024/6010/5033 5023/6009/5047 5038/6024/5054 5039/6025/5055
f 5032/6018/5035 5031/6017/5046 5046/6032/5053 5047/6033/5056
f 5025/6011/5034 5024/6010/5033 5039/6025/5055 5040/6026/5057
f 5033/6019/5036 5032/6018/5035 5047/6033/5056 5048/6034/5058
f 5026/6012/5037 5025/6011/5034 5040/6026/5057 5041/6027/5059
f 5034/6020/5038 5033/6019/5036 5048/6034/5058 5049/6035/5060
f 5027/6013/5039 5026/6012/5037 5041/6027/5059 5042/6028/5061
f 5035/6021/5040 5034/6020/5038 5049/6035/5060 5050/6036/5062
f 5028/6014/5041 5027/6013/5039 5042/6028/5061 5043/6029/5048
f 5036/6022/5042 5035/6021/5040 5050/6036/5062 5051/6037/5050
f 5048/6034/5058 5047/6033/5056 5062/6048/5063 5063/6049/5064
f 5041/6027/5059 5040/6026/5057 5055/6041/5065 5056/6042/5066
f 5049/6035/5060 5048/6034/5058 5063/6049/5064 5064/6050/5067
f 5042/6028/5061 5041/6027/5059 5056/6042/5066 5057/6043/5068
f 5050/6036/5062 5049/6035/5060 5064/6050/5067 5065/6051/5069
f 5043/6029/5048 5042/6028/5061 5057/6043/5068 5058/6044/5070
f 5051/6037/5050 5050/6036/5062 5065/6051/5069 5066/6052/5071
f 5044/6030/5049 5043/6029/5048 5058/6044/5070 5059/6045/5072
f 5052/6038/5051 5051/6037/5050 5066/6052/5071 5067/6053/5073
f 5045/6031/5052 5044/6030/5049 5059/6045/5072 5060/6046/5074
f 5083/6087/4801 5052/6038/5051 5067/6053/5073
f 5046/6032/5053 5045/6031/5052 5060/6046/5074 5061/6047/5075
f 5039/6025/5055 5038/6024/5054 5053/6039/5076 5054/6040/5077
f 5047/6033/5056 5046/6032/5053 5061/6047/5075 5062/6048/5063
f 5040/6026/5057 5039/6025/5055 5054/6040/5077 5055/6041/5065
f 5067/6053/5073 5066/6052/5071 5081/6067/5078 5082/6068/5079
f 5060/6046/5074 5059/6045/5072 5074/6060/5080 5075/6061/5081
f 5083/6088/4801 5067/6053/5073 5082/6068/5079
f 5061/6047/5075 5060/6046/5074 5075/6061/5081 5076/6062/5082
f 5054/6040/5077 5053/6039/5076 5068/6054/5083 5069/6055/5084
f 5062/6048/5063 5061/6047/5075 5076/6062/5082 5077/6063/5085
f 5055/6041/5065 5054/6040/5077 5069/6055/5084 5070/6056/5086
f 5063/6049/5064 5062/6048/5063 5077/6063/5085 5078/6064/5087
f 5056/6042/5066 5055/6041/5065 5070/6056/5086 5071/6057/5088
f 5064/6050/5067 5063/6049/5064 5078/6064/5087 5079/6065/5089
f 5057/6043/5068 5056/6042/5066 5071/6057/5088 5072/6058/5090
f 5065/6051/5069 5064/6050/5067 5079/6065/5089 5080/6066/5091
f 5058/6044/5070 5057/6043/5068 5072/6058/5090 5073/6059/5092
f 5066/6052/5071 5065/6051/5069 5080/6066/5091 5081/6067/5078
f 5059/6045/5072 5058/6044/5070 5073/6059/5092 5074/6060/5080
f 5071/6057/5088 5070/6056/5086 5086/6103/5093 5087/6104/5094
f 5079/6065/5089 5078/6064/5087 5094/6111/5095 5095/6112/5096
f 5072/6058/5090 5071/6057/5088 5087/6104/5094 5088/6105/5097
f 5080/6066/5091 5079/6065/5089 5095/6112/5096 5096/6113/5098
f 5073/6059/5092 5072/6058/5090 5088/6105/5097 5089/6106/5099
f 5081/6067/5078 5080/6066/5091 5096/6113/5098 5097/6114/5100
f 5074/6060/5080 5073/6059/5092 5089/6106/5099 5090/6107/5101
f 5082/6068/5079 5081/6067/5078 5097/6114/5100 5098/6115/5102
f 5075/6061/5081 5074/6060/5080 5090/6107/5101 5091/6108/5103
f 5083/6089/4801 5082/6068/5079 5098/6115/5102
f 5076/6062/5082 5075/6061/5081 5091/6108/5103 5092/6109/5104
f 5069/6055/5084 5068/6054/5083 5084/6101/5105 5085/6102/5106
f 5077/6063/5085 5076/6062/5082 5092/6109/5104 5093/6110/5107
f 5070/6056/5086 5069/6055/5084 5085/6102/5106 5086/6103/5093
f 5078/6064/5087 5077/6063/5085 5093/6110/5107 5094/6111/5095
f 5091/6108/5103 5090/6107/5101 5105/6122/5108 5106/6123/5109
f 5083/6090/4801 5098/6115/5102 5113/6130/5110
f 5092/6109/5104 5091/6108/5103 5106/6123/5109 5107/6124/5111
f 5085/6102/5106 5084/6101/5105 5099/6116/5112 5100/6117/5113
f 5093/6110/5107 5092/6109/5104 5107/6124/5111 5108/6125/5114
f 5086/6103/5093 5085/6102/5106 5100/6117/5113 5101/6118/5115
f 5094/6111/5095 5093/6110/5107 5108/6125/5114 5109/6126/5116
f 5087/6104/5094 5086/6103/5093 5101/6118/5115 5102/6119/5117
f 5095/6112/5096 5094/6111/5095 5109/6126/5116 5110/6127/5118
f 5088/6105/5097 5087/6104/5094 5102/6119/5117 5103/6120/5119
f 5096/6113/5098 5095/6112/5096 5110/6127/5118 5111/6128/5120
f 5089/6106/5099 5088/6105/5097 5103/6120/5119 5104/6121/5121
f 5097/6114/5100 5096/6113/5098 5111/6128/5120 5112/6129/5122
f 5090/6107/5101 5089/6106/5099 5104/6121/5121 5105/6122/5108
f 5098/6115/5102 5097/6114/5100 5112/6129/5122 5113/6130/5110
f 5110/6127/5118 5109/6126/5116 5124/6141/5123 5125/6142/5124
f 5103/6120/5119 5102/6119/5117 5117/6134/5125 5118/6135/5126
f 5111/6128/5120 5110/6127/5118 5125/6142/5124 5126/6143/5127
f 5104/6121/5121 5103/6120/5119 5118/6135/5126 5119/6136/5128
f 5112/6129/5122 5111/6128/5120 5126/6143/5127 5127/6144/5129
f 5105/6122/5108 5104/6121/5121 5119/6136/5128 5120/6137/5130
f 5113/6130/5110 5112/6129/5122 5127/6144/5129 5128/6145/5131
f 5106/6123/5109 5105/6122/5108 5120/6137/5130 5121/6138/5132
f 5083/6091/4801 5113/6130/5110 5128/6145/5131
f 5107/6124/5111 5106/6123/5109 5121/6138/5132 5122/6139/5133
f 5100/6117/5113 5099/6116/5112 5114/6131/5134 5115/6132/5135
f 5108/6125/5114 5107/6124/5111 5122/6139/5133 5123/6140/5136
f 5101/6118/5115 5100/6117/5113 5115/6132/5135 5116/6133/5137
f 5109/6126/5116 5108/6125/5114 5123/6140/5136 5124/6141/5123
f 5102/6119/5117 5101/6118/5115 5116/6133/5137 5117/6134/5125
f 5083/6092/4801 5128/6145/5131 5143/6174/5138
f 5122/6139/5133 5121/6138/5132 5136/6160/5139 5137/6162/5140
f 5115/6132/5135 5114/6131/5134 5129/6147/5141 5130/6148/5142
f 5123/6140/5136 5122/6139/5133 5137/6162/5140 5138/6164/5143
f 5116/6133/5137 5115/6132/5135 5130/6148/5142 5131/6150/5144
f 5124/6141/5123 5123/6140/5136 5138/6164/5143 5139/6166/5145
f 5117/6134/5125 5116/6133/5137 5131/6150/5144 5132/6152/5146
f 5125/6142/5124 5124/6141/5123 5139/6166/5145 5140/6168/5147
f 5118/6135/5126 5117/6134/5125 5132/6152/5146 5133/6154/5148
f 5126/6143/5127 5125/6142/5124 5140/6168/5147 5141/6170/5149
f 5119/6136/5128 5118/6135/5126 5133/6154/5148 5134/6156/5150
f 5127/6144/5129 5126/6143/5127 5141/6170/5149 5142/6172/5151
f 5120/6137/5130 5119/6136/5128 5134/6156/5150 5135/6158/5152
f 5128/6145/5131 5127/6144/5129 5142/6172/5151 5143/6174/5138
f 5121/6138/5132 5120/6137/5130 5135/6158/5152 5136/6160/5139
f 5141/6171/5149 5140/6169/5147 5155/6187/5153 5156/6188/5154
f 5134/6157/5150 5133/6155/5148 5148/6180/5155 5149/6181/5156
f 5142/6173/5151 5141/6171/5149 5156/6188/5154 5157/6189/5157
f 5135/6159/5152 5134/6157/5150 5149/6181/5156 5150/6182/5158
f 5143/6175/5138 5142/6173/5151 5157/6189/5157 5158/6190/5159
f 5136/6161/5139 5135/6159/5152 5150/6182/5158 5151/6183/5160
f 5083/6093/4801 5143/6175/5138 5158/6190/5159
f 5137/6163/5140 5136/6161/5139 5151/6183/5160 5152/6184/5161
f 5130/6149/5142 5129/6146/5141 5144/6176/5162 5145/6177/5163
f 5138/6165/5143 5137/6163/5140 5152/6184/5161 5153/6185/5164
f 5131/6151/5144 5130/6149/5142 5145/6177/5163 5146/6178/5165
f 5139/6167/5145 5138/6165/5143 5153/6185/5164 5154/6186/5166
f 5132/6153/5146 5131/6151/5144 5146/6178/5165 5147/6179/5167
f 5140/6169/5147 5139/6167/5145 5154/6186/5166 5155/6187/5153
f 5133/6155/5148 5132/6153/5146 5147/6179/5167 5148/6180/5155
f 5145/6177/5163 5144/6176/5162 5159/6191/5168 5160/6192/5169
f 5153/6185/5164 5152/6184/5161 5167/6199/5170 5168/6200/5171
f 5146/6178/5165 5145/6177/5163 5160/6192/5169 5161/6193/5172
f 5154/6186/5166 5153/6185/5164 5168/6200/5171 5169/6201/5173
f 5147/6179/5167 5146/6178/5165 5161/6193/5172 5162/6194/5174
f 5155/6187/5153 5154/6186/5166 5169/6201/5173 5170/6202/5175
f 5148/6180/5155 5147/6179/5167 5162/6194/5174 5163/6195/5176
f 5156/6188/5154 5155/6187/5153 5170/6202/5175 5171/6203/5177
f 5149/6181/5156 5148/6180/5155 5163/6195/5176 5164/6196/5178
f 5157/6189/5157 5156/6188/5154 5171/6203/5177 5172/6204/5179
f 5150/6182/5158 5149/6181/5156 5164/6196/5178 5165/6197/5180
f 5158/6190/5159 5157/6189/5157 5172/6204/5179 5173/6205/5181
f 5151/6183/5160 5150/6182/5158 5165/6197/5180 5166/6198/5182
f 5083/6094/4801 5158/6190/5159 5173/6205/5181
f 5152/6184/5161 5151/6183/5160 5166/6198/5182 5167/6199/5170
f 5164/6196/5178 5163/6195/5176 5178/6210/5183 5179/6211/5184
f 5172/6204/5179 5171/6203/5177 5186/6218/5185 5187/6219/5186
f 5165/6197/5180 5164/6196/5178 5179/6211/5184 5180/6212/5187
f 5173/6205/5181 5172/6204/5179 5187/6219/5186 5188/6220/5188
f 5166/6198/5182 5165/6197/5180 5180/6212/5187 5181/6213/5189
f 5083/6095/4801 5173/6205/5181 5188/6220/5188
f 5167/6199/5170 5166/6198/5182 5181/6213/5189 5182/6214/5190
f 5160/6192/5169 5159/6191/5168 5174/6206/5191 5175/6207/5192
f 5168/6200/5171 5167/6199/5170 5182/6214/5190 5183/6215/5193
f 5161/6193/5172 5160/6192/5169 5175/6207/5192 5176/6208/5194
f 5169/6201/5173 5168/6200/5171 5183/6215/5193 5184/6216/5195
f 5162/6194/5174 5161/6193/5172 5176/6208/5194 5177/6209/5196
f 5170/6202/5175 5169/6201/5173 5184/6216/5195 5185/6217/5197
f 5163/6195/5176 5162/6194/5174 5177/6209/5196 5178/6210/5183
f 5171/6203/5177 5170/6202/5175 5185/6217/5197 5186/6218/5185
f 5183/6215/5193 5182/6214/5190 5197/6229/5198 5198/6230/5199
f 5176/6208/5194 5175/6207/5192 5190/6222/5200 5191/6223/5201
f 5184/6216/5195 5183/6215/5193 5198/6230/5199 5199/6231/5202
f 5177/6209/5196 5176/6208/5194 5191/6223/5201 5192/6224/5203
f 5185/6217/5197 5184/6216/5195 5199/6231/5202 5200/6232/5204
f 5178/6210/5183 5177/6209/5196 5192/6224/5203 5193/6225/5205
f 5186/6218/5185 5185/6217/5197 5200/6232/5204 5201/6233/5206
f 5179/6211/5184 5178/6210/5183 5193/6225/5205 5194/6226/5207
f 5187/6219/5186 5186/6218/5185 5201/6233/5206 5202/6234/5208
f 5180/6212/5187 5179/6211/5184 5194/6226/5207 5195/6227/5209
f 5188/6220/5188 5187/6219/5186 5202/6234/5208 5203/6235/5210
f 5181/6213/5189 5180/6212/5187 5195/6227/5209 5196/6228/5211
f 5083/6096/4801 5188/6220/5188 5203/6235/5210
f 5182/6214/5190 5181/6213/5189 5196/6228/5211 5197/6229/5198
f 5175/6207/5192 5174/6206/5191 5189/6221/5212 5190/6222/5200
f 5202/6234/5208 5201/6233/5206 5216/6248/5213 5217/6249/5214
f 5195/6227/5209 5194/6226/5207 5209/6241/5215 5210/6242/5216
f 5203/6235/5210 5202/6234/5208 5217/6249/5214 5218/6250/5217
f 5196/6228/5211 5195/6227/5209 5210/6242/5216 5211/6243/5218
f 5083/6097/4801 5203/6235/5210 5218/6250/5217
f 5197/6229/5198 5196/6228/5211 5211/6243/5218 5212/6244/5219
f 5190/6222/5200 5189/6221/5212 5204/6236/5220 5205/6237/5221
f 5198/6230/5199 5197/6229/5198 5212/6244/5219 5213/6245/5222
f 5191/6223/5201 5190/6222/5200 5205/6237/5221 5206/6238/5223
f 5199/6231/5202 5198/6230/5199 5213/6245/5222 5214/6246/5224
f 5192/6224/5203 5191/6223/5201 5206/6238/5223 5207/6239/5225
f 5200/6232/5204 5199/6231/5202 5214/6246/5224 5215/6247/5226
f 5193/6225/5205 5192/6224/5203 5207/6239/5225 5208/6240/5227
f 5201/6233/5206 5200/6232/5204 5215/6247/5226 5216/6248/5213
f 5194/6226/5207 5193/6225/5205 5208/6240/5227 5209/6241/5215
f 5206/6238/5223 5205/6237/5221 5220/6252/5228 5221/6253/5229
f 5214/6246/5224 5213/6245/5222 5228/6260/5230 5229/6261/5231
f 5207/6239/5225 5206/6238/5223 5221/6253/5229 5222/6254/5232
f 5215/6247/5226 5214/6246/5224 5229/6261/5231 5230/6262/5233
f 5208/6240/5227 5207/6239/5225 5222/6254/5232 5223/6255/5234
f 5216/6248/5213 5215/6247/5226 5230/6262/5233 5231/6263/5235
f 5209/6241/5215 5208/6240/5227 5223/6255/5234 5224/6256/5236
f 5217/6249/5214 5216/6248/5213 5231/6263/5235 5232/6264/5237
f 5210/6242/5216 5209/6241/5215 5224/6256/5236 5225/6257/5238
f 5218/6250/5217 5217/6249/5214 5232/6264/5237 5233/6265/5239
f 5211/6243/5218 5210/6242/5216 5225/6257/5238 5226/6258/5240
f 5083/6098/4801 5218/6250/5217 5233/6265/5239
f 5212/6244/5219 5211/6243/5218 5226/6258/5240 5227/6259/5241
f 5205/6237/5221 5204/6236/5220 5219/6251/5242 5220/6252/5228
f 5213/6245/5222 5212/6244/5219 5227/6259/5241 5228/6260/5230
f 5225/6257/5238 5224/6256/5236 5239/6271/5243 5240/6272/5244
f 5233/6265/5239 5232/6264/5237 5247/6279/5245 5248/6280/5246
f 5226/6258/5240 5225/6257/5238 5240/6272/5244 5241/6273/5247
f 5083/6099/4801 5233/6265/5239 5248/6280/5246
f 5227/6259/5241 5226/6258/5240 5241/6273/5247 5242/6274/5249
f 5220/6252/5228 5219/6251/5242 5234/6266/5248 5235/6267/5250
f 5228/6260/5230 5227/6259/5241 5242/6274/5249 5243/6275/5251
f 5221/6253/5229 5220/6252/5228 5235/6267/5250 5236/6268/5252
f 5229/6261/5231 5228/6260/5230 5243/6275/5251 5244/6276/5253
f 5222/6254/5232 5221/6253/5229 5236/6268/5252 5237/6269/5254
f 5230/6262/5233 5229/6261/5231 5244/6276/5253 5245/6277/5255
f 5223/6255/5234 5222/6254/5232 5237/6269/5254 5238/6270/5256
f 5231/6263/5235 5230/6262/5233 5245/6277/5255 5246/6278/5257
f 5224/6256/5236 5223/6255/5234 5238/6270/5256 5239/6271/5243
f 5232/6264/5237 5231/6263/5235 5246/6278/5257 5247/6279/5245
f 5244/6276/5253 5243/6275/5251 5253/6285/4778 4782/5768/4777
f 5237/6269/5254 5236/6268/5252 4777/5763/4782 5251/6283/4781
f 5245/6277/5255 5244/6276/5253 4782/5768/4777 5254/6286/4785
f 5238/6270/5256 5237/6269/5254 5251/6283/4781 4778/5764/4787
f 5246/6278/5257 5245/6277/5255 5254/6286/4785 5255/6287/4789
f 5239/6271/5243 5238/6270/5256 4778/5764/4787 5252/6284/4791
f 5247/6279/5245 5246/6278/5257 5255/6287/4789 5256/6288/4793
f 5240/6272/5244 5239/6271/5243 5252/6284/4791 4779/5765/4795
f 5248/6280/5246 5247/6279/5245 5256/6288/4793 5257/6289/4797
f 5241/6273/5247 5240/6272/5244 4779/5765/4795 4780/5766/4799
f 5083/6100/4801 5248/6280/5246 5257/6289/4797
f 5242/6274/5249 5241/6273/5247 4780/5766/4799 4781/5767/4802
f 5235/6267/5250 5234/6266/5248 5249/6281/4805 5250/6282/4804
f 5243/6275/5251 5242/6274/5249 4781/5767/4802 5253/6285/4778
f 5236/6268/5252 5235/6267/5250 5250/6282/4804 4777/5763/4782
usemtl Material.003
f 4798/5784/4808 4783/5769/4806 5249/6281/4805 5234/6266/5248 5219/6251/5242 5204/6236/5220 5189/6221/5212 5174/6206/5191 5159/6191/5168 5144/6176/5162 5129/6147/5141 5114/6131/5134 5099/6116/5112 5084/6101/5105 5068/6054/5083 5053/6039/5076 5038/6024/5054 5023/6009/5047 5008/5994/5025 4993/5979/5017 4978/5964/4997 4963/5949/4975 4948/5934/4968 4933/5919/4946 4918/5904/4939 4903/5889/4917 4888/5874/4910 4873/5859/4888 4858/5844/4881 4843/5829/4860 4828/5814/4852 4813/5799/4831
o Sphere.001
v -0.058205 1.038271 0.104719
v -0.058205 1.046940 0.096051
v -0.058205 1.051631 0.084724
v -0.058205 1.052235 0.078595
v -0.058205 1.051631 0.072465
v -0.058205 1.046940 0.061138
v -0.058957 1.024596 0.109411
v -0.060551 1.032608 0.107623
v -0.061610 1.037935 0.104719
v -0.062539 1.042605 0.100812
v -0.063302 1.046438 0.096051
v -0.063868 1.049286 0.090619
v -0.064217 1.051039 0.084724
v -0.064335 1.051631 0.078595
v -0.064217 1.051039 0.072465
v -0.063868 1.049286 0.066570
v -0.063302 1.046438 0.061138
v -0.062539 1.042605 0.056377
v -0.061610 1.037935 0.052470
v -0.060551 1.032608 0.049566
v -0.059401 1.026827 0.047778
v -0.059680 1.024377 0.109411
v -0.062806 1.031924 0.107623
v -0.064885 1.036942 0.104719
v -0.066707 1.041341 0.100812
v -0.068202 1.044951 0.096051
v -0.069314 1.047634 0.090619
v -0.069998 1.049286 0.084724
v -0.070229 1.049843 0.078595
v -0.069998 1.049286 0.072465
v -0.069314 1.047634 0.066570
v -0.068202 1.044951 0.061138
v -0.066707 1.041341 0.056377
v -0.064885 1.036942 0.052470
v -0.062806 1.031924 0.049566
v -0.060551 1.026478 0.047778
v -0.060347 1.024020 0.109411
v -0.064885 1.030812 0.107623
v -0.067903 1.035329 0.104719
v -0.070548 1.039288 0.100812
v -0.072719 1.042537 0.096051
v -0.074332 1.044951 0.090619
v -0.075326 1.046438 0.084724
v -0.075661 1.046940 0.078595
v -0.075326 1.046438 0.072465
v -0.074332 1.044951 0.066570
v -0.072719 1.042537 0.061138
v -0.070548 1.039288 0.056377
v -0.067903 1.035329 0.052470
v -0.064885 1.030812 0.049566
v -0.061610 1.025912 0.047778
v -0.060931 1.023541 0.109411
v -0.066707 1.029317 0.107623
v -0.070548 1.033158 0.104719
v -0.073915 1.036525 0.100812
v -0.076678 1.039288 0.096051
v -0.078731 1.041341 0.090619
v -0.079995 1.042605 0.084724
v -0.080422 1.043032 0.078594
v -0.079995 1.042605 0.072465
v -0.078731 1.041341 0.066570
v -0.076678 1.039288 0.061138
v -0.073915 1.036525 0.056377
v -0.070548 1.033158 0.052470
v -0.066707 1.029317 0.049566
v -0.062539 1.025149 0.047778
v -0.061410 1.022957 0.109411
v -0.068202 1.027495 0.107623
v -0.072719 1.030513 0.104719
v -0.076678 1.033158 0.100812
v -0.079927 1.035329 0.096051
v -0.082341 1.036942 0.090619
v -0.083828 1.037935 0.084724
v -0.084330 1.038271 0.078594
v -0.083828 1.037935 0.072465
v -0.082341 1.036942 0.066570
v -0.079927 1.035329 0.061138
v -0.076678 1.033158 0.056377
v -0.072719 1.030513 0.052470
v -0.068202 1.027495 0.049566
v -0.063302 1.024220 0.047778
v -0.061767 1.022290 0.109411
v -0.069314 1.025416 0.107623
v -0.074332 1.027495 0.104719
v -0.078731 1.029317 0.100812
v -0.082341 1.030812 0.096051
v -0.085024 1.031924 0.090619
v -0.086676 1.032608 0.084724
v -0.087233 1.032839 0.078594
v -0.086676 1.032608 0.072465
v -0.085024 1.031924 0.066570
v -0.082341 1.030812 0.061138
v -0.078731 1.029317 0.056377
v -0.074332 1.027495 0.052470
v -0.069314 1.025416 0.049566
v -0.063868 1.023161 0.047778
v -0.061986 1.021567 0.109411
v -0.069998 1.023161 0.107623
v -0.075326 1.024220 0.104719
v -0.079995 1.025149 0.100812
v -0.083828 1.025912 0.096051
v -0.086676 1.026478 0.090619
v -0.088429 1.026827 0.084724
v -0.089021 1.026945 0.078594
v -0.088429 1.026827 0.072465
v -0.086676 1.026478 0.066570
v -0.083828 1.025912 0.061138
v -0.079995 1.025149 0.056377
v -0.075326 1.024220 0.052470
v -0.069998 1.023161 0.049566
v -0.064217 1.022011 0.047778
v -0.062060 1.020815 0.109411
v -0.070229 1.020815 0.107623
v -0.075661 1.020815 0.104719
v -0.080422 1.020815 0.100812
v -0.084330 1.020815 0.096051
v -0.087233 1.020815 0.090619
v -0.089021 1.020815 0.084724
v -0.089625 1.020815 0.078594
v -0.089021 1.020815 0.072465
v -0.087233 1.020815 0.066570
v -0.084330 1.020815 0.061138
v -0.080422 1.020815 0.056377
v -0.075661 1.020815 0.052470
v -0.070229 1.020815 0.049566
v -0.064335 1.020815 0.047778
v -0.061986 1.020063 0.109411
v -0.069998 1.018469 0.107623
v -0.075326 1.017409 0.104719
v -0.079995 1.016480 0.100812
v -0.083828 1.015718 0.096051
v -0.086676 1.015152 0.090619
v -0.088429 1.014803 0.084724
v -0.089021 1.014685 0.078594
v -0.088429 1.014803 0.072465
v -0.086676 1.015152 0.066570
v -0.083828 1.015718 0.061138
v -0.079995 1.016480 0.056377
v -0.075326 1.017409 0.052470
v -0.069998 1.018469 0.049566
v -0.064217 1.019619 0.047778
v -0.061767 1.019339 0.109411
v -0.069314 1.016213 0.107623
v -0.074332 1.014135 0.104719
v -0.078731 1.012312 0.100812
v -0.082341 1.010817 0.096051
v -0.085024 1.009706 0.090619
v -0.086676 1.009022 0.084724
v -0.087233 1.008791 0.078594
v -0.086676 1.009022 0.072465
v -0.085024 1.009706 0.066570
v -0.082341 1.010817 0.061138
v -0.078731 1.012313 0.056377
v -0.074332 1.014135 0.052470
v -0.069314 1.016213 0.049566
v -0.063868 1.018469 0.047778
v -0.061410 1.018673 0.109411
v -0.068202 1.014135 0.107623
v -0.072719 1.011117 0.104719
v -0.076678 1.008471 0.100812
v -0.079927 1.006301 0.096051
v -0.082341 1.004687 0.090619
v -0.083828 1.003694 0.084724
v -0.084330 1.003359 0.078594
v -0.083828 1.003694 0.072465
v -0.082341 1.004687 0.066570
v -0.079927 1.006301 0.061138
v -0.076678 1.008471 0.056377
v -0.072719 1.011117 0.052470
v -0.068202 1.014135 0.049566
v -0.063302 1.017409 0.047778
v -0.060931 1.018089 0.109411
v -0.066707 1.012312 0.107623
v -0.070548 1.008471 0.104719
v -0.073915 1.005105 0.100812
v -0.076678 1.002342 0.096051
v -0.078731 1.000288 0.090619
v -0.079995 0.999024 0.084724
v -0.080422 0.998597 0.078594
v -0.079995 0.999024 0.072465
v -0.078731 1.000288 0.066570
v -0.076678 1.002342 0.061138
v -0.073915 1.005105 0.056377
v -0.070548 1.008471 0.052470
v -0.066707 1.012313 0.049566
v -0.062539 1.016480 0.047778
v -0.060347 1.017609 0.109411
v -0.064885 1.010817 0.107623
v -0.067903 1.006301 0.104719
v -0.070548 1.002342 0.100812
v -0.072719 0.999093 0.096051
v -0.074332 0.996678 0.090619
v -0.075326 0.995192 0.084724
v -0.075661 0.994690 0.078594
v -0.075326 0.995192 0.072465
v -0.074332 0.996678 0.066570
v -0.072719 0.999093 0.061138
v -0.070548 1.002342 0.056377
v -0.067903 1.006301 0.052470
v -0.064885 1.010817 0.049566
v -0.061610 1.015718 0.047778
v -0.059680 1.017253 0.109411
v -0.062806 1.009706 0.107623
v -0.064885 1.004687 0.104719
v -0.066707 1.000288 0.100812
v -0.068202 0.996678 0.096051
v -0.069314 0.993996 0.090619
v -0.069998 0.992344 0.084724
v -0.070229 0.991786 0.078594
v -0.069998 0.992344 0.072465
v -0.069314 0.993996 0.066570
v -0.068202 0.996678 0.061138
v -0.066707 1.000288 0.056377
v -0.064885 1.004687 0.052470
v -0.062806 1.009706 0.049566
v -0.060551 1.015152 0.047778
v -0.058957 1.017033 0.109411
v -0.060551 1.009022 0.107623
v -0.061610 1.003694 0.104719
v -0.062539 0.999024 0.100812
v -0.063302 0.995192 0.096051
v -0.063868 0.992344 0.090618
v -0.064217 0.990590 0.084724
v -0.064335 0.989998 0.078594
v -0.064217 0.990590 0.072465
v -0.063868 0.992344 0.066570
v -0.063302 0.995192 0.061138
v -0.062539 0.999024 0.056377
v -0.061610 1.003694 0.052470
v -0.060551 1.009022 0.049566
v -0.059401 1.014803 0.047778
v -0.058205 1.016959 0.109411
v -0.058205 1.008791 0.107623
v -0.058205 1.003359 0.104719
v -0.058205 0.998597 0.100812
v -0.058205 0.994690 0.096051
v -0.058205 0.991786 0.090618
v -0.058205 0.989998 0.084724
v -0.058205 0.989395 0.078594
v -0.058205 0.989998 0.072465
v -0.058205 0.991786 0.066570
v -0.058205 0.994690 0.061138
v -0.058205 0.998597 0.056377
v -0.058205 1.003359 0.052470
v -0.058205 1.008791 0.049566
v -0.058205 1.014685 0.047778
v -0.057453 1.017033 0.109411
v -0.055859 1.009022 0.107623
v -0.054799 1.003694 0.104719
v -0.053870 0.999024 0.100812
v -0.053108 0.995192 0.096051
v -0.052542 0.992344 0.090618
v -0.052193 0.990590 0.084724
v -0.052075 0.989998 0.078594
v -0.052193 0.990590 0.072465
v -0.052542 0.992344 0.066570
v -0.053108 0.995192 0.061138
v -0.053870 0.999024 0.056377
v -0.054799 1.003694 0.052470
v -0.055859 1.009022 0.049566
v -0.057009 1.014803 0.047778
v -0.056729 1.017253 0.109411
v -0.053603 1.009706 0.107623
v -0.051525 1.004687 0.104719
v -0.049703 1.000288 0.100812
v -0.048207 0.996678 0.096051
v -0.047096 0.993996 0.090619
v -0.046412 0.992344 0.084724
v -0.046181 0.991786 0.078594
v -0.046412 0.992344 0.072465
v -0.047096 0.993996 0.066570
v -0.048207 0.996678 0.061138
v -0.049703 1.000288 0.056377
v -0.051525 1.004687 0.052469
v -0.053603 1.009706 0.049566
v -0.055859 1.015152 0.047778
v -0.056063 1.017609 0.109411
v -0.051525 1.010817 0.107623
v -0.048507 1.006301 0.104719
v -0.045861 1.002342 0.100812
v -0.043691 0.999093 0.096051
v -0.042077 0.996678 0.090619
v -0.041084 0.995192 0.084724
v -0.040749 0.994690 0.078594
v -0.041084 0.995192 0.072465
v -0.042077 0.996678 0.066570
v -0.043691 0.999093 0.061138
v -0.045861 1.002342 0.056377
v -0.048507 1.006301 0.052470
v -0.051525 1.010817 0.049566
v -0.054799 1.015718 0.047778
v -0.055479 1.018089 0.109411
v -0.049703 1.012312 0.107623
v -0.045861 1.008471 0.104719
v -0.042495 1.005105 0.100812
v -0.039732 1.002342 0.096051
v -0.037679 1.000288 0.090619
v -0.036414 0.999024 0.084724
v -0.035987 0.998597 0.078594
v -0.036414 0.999024 0.072465
v -0.037679 1.000288 0.066570
v -0.039732 1.002342 0.061138
v -0.042495 1.005105 0.056377
v -0.045861 1.008471 0.052470
v -0.049703 1.012313 0.049566
v -0.053870 1.016480 0.047778
v -0.058205 1.020815 0.047174
v -0.054999 1.018673 0.109411
v -0.048207 1.014135 0.107623
v -0.043691 1.011117 0.104719
v -0.039732 1.008471 0.100812
v -0.036483 1.006301 0.096051
v -0.034068 1.004687 0.090619
v -0.032582 1.003694 0.084724
v -0.032080 1.003359 0.078594
v -0.032582 1.003694 0.072465
v -0.034068 1.004687 0.066570
v -0.036483 1.006301 0.061138
v -0.039732 1.008471 0.056377
v -0.043691 1.011117 0.052470
v -0.048207 1.014135 0.049566
v -0.053108 1.017409 0.047778
v -0.054643 1.019339 0.109411
v -0.047096 1.016213 0.107623
v -0.042077 1.014135 0.104719
v -0.037679 1.012312 0.100812
v -0.034068 1.010817 0.096051
v -0.031386 1.009706 0.090619
v -0.029734 1.009022 0.084724
v -0.029176 1.008791 0.078594
v -0.029734 1.009022 0.072465
v -0.031386 1.009706 0.066570
v -0.034068 1.010817 0.061138
v -0.037679 1.012313 0.056377
v -0.042077 1.014135 0.052470
v -0.047096 1.016213 0.049566
v -0.052542 1.018469 0.047778
v -0.054423 1.020063 0.109411
v -0.046412 1.018469 0.107623
v -0.041084 1.017409 0.104719
v -0.036414 1.016480 0.100812
v -0.032582 1.015718 0.096051
v -0.029734 1.015152 0.090619
v -0.027980 1.014803 0.084724
v -0.027388 1.014685 0.078594
v -0.027980 1.014803 0.072465
v -0.029734 1.015152 0.066570
v -0.032582 1.015718 0.061138
v -0.036414 1.016480 0.056377
v -0.041084 1.017409 0.052470
v -0.046412 1.018469 0.049566
v -0.052193 1.019619 0.047778
v -0.054349 1.020815 0.109411
v -0.046181 1.020815 0.107623
v -0.040749 1.020815 0.104719
v -0.035987 1.020815 0.100812
v -0.032080 1.020815 0.096051
v -0.029176 1.020815 0.090619
v -0.027388 1.020815 0.084724
v -0.026785 1.020815 0.078594
v -0.027388 1.020815 0.072465
v -0.029176 1.020815 0.066570
v -0.032080 1.020815 0.061138
v -0.035987 1.020815 0.056377
v -0.040749 1.020815 0.052470
v -0.046181 1.020815 0.049566
v -0.052075 1.020815 0.047778
v -0.054423 1.021567 0.109411
v -0.046412 1.023161 0.107623
v -0.041084 1.024220 0.104719
v -0.036414 1.025149 0.100812
v -0.032582 1.025912 0.096051
v -0.029734 1.026478 0.090619
v -0.027980 1.026827 0.084724
v -0.027388 1.026945 0.078594
v -0.027980 1.026827 0.072465
v -0.029734 1.026478 0.066570
v -0.032582 1.025912 0.061138
v -0.036414 1.025149 0.056377
v -0.041084 1.024220 0.052470
v -0.046412 1.023161 0.049566
v -0.052193 1.022011 0.047778
v -0.054643 1.022290 0.109411
v -0.047096 1.025416 0.107623
v -0.042077 1.027495 0.104719
v -0.037679 1.029317 0.100812
v -0.034068 1.030812 0.096051
v -0.031386 1.031924 0.090619
v -0.029734 1.032608 0.084724
v -0.029176 1.032839 0.078594
v -0.029734 1.032608 0.072465
v -0.031386 1.031924 0.066570
v -0.034068 1.030812 0.061138
v -0.037679 1.029317 0.056377
v -0.042077 1.027495 0.052470
v -0.047096 1.025416 0.049566
v -0.052542 1.023161 0.047778
v -0.054999 1.022957 0.109411
v -0.048207 1.027495 0.107623
v -0.043691 1.030513 0.104719
v -0.039732 1.033158 0.100812
v -0.036483 1.035329 0.096051
v -0.034068 1.036942 0.090619
v -0.032582 1.037935 0.084724
v -0.032080 1.038271 0.078594
v -0.032582 1.037935 0.072465
v -0.034068 1.036942 0.066570
v -0.036483 1.035329 0.061138
v -0.039732 1.033158 0.056377
v -0.043691 1.030513 0.052470
v -0.048207 1.027495 0.049566
v -0.053108 1.024220 0.047778
v -0.055479 1.023541 0.109411
v -0.049703 1.029317 0.107623
v -0.045861 1.033158 0.104719
v -0.042495 1.036525 0.100812
v -0.039732 1.039288 0.096051
v -0.037679 1.041341 0.090619
v -0.036414 1.042605 0.084724
v -0.035987 1.043032 0.078594
v -0.036414 1.042605 0.072465
v -0.037679 1.041341 0.066570
v -0.039732 1.039288 0.061138
v -0.042495 1.036525 0.056377
v -0.045861 1.033158 0.052470
v -0.049703 1.029317 0.049566
v -0.053870 1.025149 0.047778
v -0.056063 1.024020 0.109411
v -0.051525 1.030812 0.107623
v -0.048507 1.035329 0.104719
v -0.045861 1.039288 0.100812
v -0.043691 1.042537 0.096051
v -0.042077 1.044951 0.090619
v -0.041084 1.046438 0.084724
v -0.040749 1.046940 0.078595
v -0.041084 1.046438 0.072465
v -0.042077 1.044951 0.066570
v -0.043691 1.042537 0.061138
v -0.045861 1.039288 0.056377
v -0.048507 1.035329 0.052470
v -0.051525 1.030812 0.049566
v -0.054799 1.025912 0.047778
v -0.056729 1.024377 0.109411
v -0.053603 1.031924 0.107623
v -0.051525 1.036942 0.104719
v -0.049703 1.041341 0.100812
v -0.048207 1.044951 0.096051
v -0.047096 1.047634 0.090619
v -0.046412 1.049286 0.084724
v -0.046181 1.049843 0.078595
v -0.046412 1.049286 0.072465
v -0.047096 1.047634 0.066570
v -0.048207 1.044951 0.061138
v -0.049703 1.041341 0.056377
v -0.051525 1.036942 0.052470
v -0.053603 1.031924 0.049566
v -0.055859 1.026478 0.047778
v -0.057453 1.024596 0.109411
v -0.055859 1.032608 0.107623
v -0.054799 1.037935 0.104719
v -0.053870 1.042605 0.100812
v -0.053108 1.046438 0.096051
v -0.052542 1.049286 0.090619
v -0.052193 1.051039 0.084724
v -0.052075 1.051631 0.078595
v -0.052193 1.051039 0.072465
v -0.052542 1.049286 0.066570
v -0.053108 1.046438 0.061138
v -0.053870 1.042605 0.056377
v -0.054799 1.037935 0.052470
v -0.055859 1.032608 0.049566
v -0.057009 1.026827 0.047778
v -0.058205 1.024670 0.109411
v -0.058205 1.032839 0.107623
v -0.058205 1.043032 0.100812
v -0.058205 1.049843 0.090619
v -0.058205 1.049843 0.066570
v -0.058205 1.043032 0.056377
v -0.058205 1.038271 0.052470
v -0.058205 1.032839 0.049566
v -0.058205 1.026945 0.047778
vn -0.0000 0.8333 -0.5528
vn -0.0000 0.9248 -0.3805
vn -0.1804 0.9070 -0.3805
vn -0.1626 0.8173 -0.5528
vn -0.0000 0.7101 0.7041
vn -0.0000 0.5598 0.8286
vn -0.1092 0.5490 0.8286
vn -0.1385 0.6965 0.7041
vn -0.0000 0.7101 -0.7041
vn -0.1385 0.6965 -0.7041
vn -0.0000 0.8333 0.5528
vn -0.1626 0.8173 0.5528
vn -0.0000 0.5598 -0.8286
vn -0.1092 0.5490 -0.8286
vn -0.0000 0.9248 0.3805
vn -0.1804 0.9070 0.3805
vn -0.0000 0.3879 -0.9217
vn -0.0757 0.3804 -0.9217
vn -0.0000 0.9810 0.1939
vn -0.1914 0.9622 0.1939
vn -0.0000 0.2010 -0.9796
vn -0.0392 0.1971 -0.9796
vn -0.0000 1.0000 -0.0000
vn -0.1951 0.9808 -0.0000
vn -0.0000 -0.0000 -1.0000
vn -0.0000 0.9810 -0.1939
vn -0.1914 0.9622 -0.1939
vn -0.0000 0.3534 0.9355
vn -0.0000 0.1142 0.9935
vn -0.0223 0.1120 0.9935
vn -0.0689 0.3466 0.9355
vn -0.0437 0.1055 0.9935
vn -0.1352 0.3265 0.9355
vn -0.3754 0.9063 -0.1939
vn -0.3539 0.8544 -0.3805
vn -0.2142 0.5172 0.8286
vn -0.3189 0.7699 -0.5528
vn -0.2718 0.6561 0.7041
vn -0.2718 0.6561 -0.7041
vn -0.3189 0.7699 0.5528
vn -0.2142 0.5172 -0.8286
vn -0.3539 0.8544 0.3805
vn -0.1484 0.3584 -0.9217
vn -0.3754 0.9063 0.1939
vn -0.0769 0.1857 -0.9796
vn -0.3827 0.9239 -0.0000
vn -0.4630 0.6929 0.5528
vn -0.5138 0.7689 0.3805
vn -0.3110 0.4654 -0.8286
vn -0.2155 0.3225 -0.9217
vn -0.5450 0.8157 0.1939
vn -0.1117 0.1671 -0.9796
vn -0.5556 0.8315 -0.0000
vn -0.5450 0.8157 -0.1939
vn -0.0634 0.0949 0.9935
vn -0.1963 0.2938 0.9355
vn -0.5138 0.7689 -0.3805
vn -0.3110 0.4654 0.8286
vn -0.4630 0.6929 -0.5528
vn -0.3945 0.5905 0.7041
vn -0.3945 0.5905 -0.7041
vn -0.6937 0.6937 -0.1939
vn -0.6539 0.6539 -0.3805
vn -0.2499 0.2499 0.9355
vn -0.3958 0.3958 0.8286
vn -0.5893 0.5893 -0.5528
vn -0.5021 0.5021 0.7041
vn -0.5021 0.5021 -0.7041
vn -0.5893 0.5893 0.5528
vn -0.3958 0.3958 -0.8286
vn -0.6539 0.6539 0.3805
vn -0.2743 0.2743 -0.9217
vn -0.6937 0.6937 0.1939
vn -0.1421 0.1421 -0.9796
vn -0.7071 0.7071 -0.0000
vn -0.0807 0.0807 0.9935
vn -0.4654 0.3110 -0.8286
vn -0.3225 0.2155 -0.9217
vn -0.7689 0.5138 0.3805
vn -0.8157 0.5450 0.1939
vn -0.1671 0.1117 -0.9796
vn -0.8315 0.5556 -0.0000
vn -0.8157 0.5450 -0.1939
vn -0.0949 0.0634 0.9935
vn -0.2938 0.1963 0.9355
vn -0.7689 0.5138 -0.3805
vn -0.4654 0.3110 0.8286
vn -0.6929 0.4630 -0.5528
vn -0.5905 0.3945 0.7041
vn -0.5905 0.3945 -0.7041
vn -0.6929 0.4630 0.5528
vn -0.8544 0.3539 -0.3805
vn -0.7699 0.3189 -0.5528
vn -0.5172 0.2142 0.8286
vn -0.6561 0.2718 0.7041
vn -0.6561 0.2718 -0.7041
vn -0.7699 0.3189 0.5528
vn -0.5172 0.2142 -0.8286
vn -0.8544 0.3539 0.3805
vn -0.3584 0.1484 -0.9217
vn -0.9063 0.3754 0.1939
vn -0.1857 0.0769 -0.9796
vn -0.9239 0.3827 -0.0000
vn -0.9063 0.3754 -0.1939
vn -0.1055 0.0437 0.9935
vn -0.3265 0.1352 0.9355
vn -0.3804 0.0757 -0.9217
vn -0.1971 0.0392 -0.9796
vn -0.9622 0.1914 0.1939
vn -0.9808 0.1951 -0.0000
vn -0.9622 0.1914 -0.1939
vn -0.1120 0.0223 0.9935
vn -0.3466 0.0689 0.9355
vn -0.9070 0.1804 -0.3805
vn -0.5490 0.1092 0.8286
vn -0.8173 0.1626 -0.5528
vn -0.6965 0.1385 0.7041
vn -0.6965 0.1385 -0.7041
vn -0.8173 0.1626 0.5528
vn -0.5490 0.1092 -0.8286
vn -0.9070 0.1804 0.3805
vn -0.5598 -0.0000 0.8286
vn -0.7101 -0.0000 0.7041
vn -0.8333 -0.0000 -0.5528
vn -0.7101 -0.0000 -0.7041
vn -0.8333 -0.0000 0.5528
vn -0.5598 -0.0000 -0.8286
vn -0.9248 -0.0000 0.3805
vn -0.3879 -0.0000 -0.9217
vn -0.9810 -0.0000 0.1939
vn -0.2010 -0.0000 -0.9796
vn -1.0000 -0.0000 -0.0000
vn -0.9810 -0.0000 -0.1939
vn -0.1142 -0.0000 0.9935
vn -0.3534 -0.0000 0.9355
vn -0.9248 -0.0000 -0.3805
vn -0.9622 -0.1914 0.1939
vn -0.9808 -0.1951 -0.0000
vn -0.1971 -0.0392 -0.9796
vn -0.9622 -0.1914 -0.1939
vn -0.1120 -0.0223 0.9935
vn -0.3466 -0.0689 0.9355
vn -0.9070 -0.1804 -0.3805
vn -0.5490 -0.1092 0.8286
vn -0.8173 -0.1626 -0.5528
vn -0.6965 -0.1385 0.7041
vn -0.6965 -0.1385 -0.7041
vn -0.8173 -0.1626 0.5528
vn -0.5490 -0.1092 -0.8286
vn -0.9070 -0.1804 0.3805
vn -0.3804 -0.0757 -0.9217
vn -0.7699 -0.3189 -0.5528
vn -0.6561 -0.2718 -0.7041
vn -0.6561 -0.2718 0.7041
vn -0.7699 -0.3189 0.5528
vn -0.5172 -0.2142 -0.8286
vn -0.8544 -0.3539 0.3805
vn -0.3584 -0.1484 -0.9217
vn -0.9063 -0.3754 0.1939
vn -0.1857 -0.0769 -0.9796
vn -0.9239 -0.3827 -0.0000
vn -0.9063 -0.3754 -0.1939
vn -0.1055 -0.0437 0.9935
vn -0.3265 -0.1352 0.9355
vn -0.8544 -0.3539 -0.3805
vn -0.5172 -0.2142 0.8286
vn -0.1671 -0.1117 -0.9796
vn -0.8315 -0.5556 -0.0000
vn -0.8157 -0.5450 -0.1939
vn -0.0949 -0.0634 0.9935
vn -0.2938 -0.1963 0.9355
vn -0.7689 -0.5138 -0.3805
vn -0.4654 -0.3110 0.8286
vn -0.6929 -0.4630 -0.5528
vn -0.5905 -0.3945 0.7041
vn -0.5905 -0.3945 -0.7041
vn -0.6929 -0.4630 0.5528
vn -0.4654 -0.3110 -0.8286
vn -0.7689 -0.5138 0.3805
vn -0.3225 -0.2155 -0.9217
vn -0.8157 -0.5450 0.1939
vn -0.5021 -0.5021 0.7041
vn -0.5893 -0.5893 0.5528
vn -0.5021 -0.5021 -0.7041
vn -0.3958 -0.3958 -0.8286
vn -0.6539 -0.6539 0.3805
vn -0.2743 -0.2743 -0.9217
vn -0.6937 -0.6937 0.1939
vn -0.1421 -0.1421 -0.9796
vn -0.7071 -0.7071 -0.0000
vn -0.6937 -0.6937 -0.1939
vn -0.0807 -0.0807 0.9935
vn -0.2499 -0.2499 0.9355
vn -0.6539 -0.6539 -0.3805
vn -0.3958 -0.3958 0.8286
vn -0.5893 -0.5893 -0.5528
vn -0.5556 -0.8315 -0.0000
vn -0.5450 -0.8157 -0.1939
vn -0.0634 -0.0949 0.9935
vn -0.1963 -0.2938 0.9355
vn -0.5138 -0.7689 -0.3805
vn -0.3110 -0.4654 0.8286
vn -0.4630 -0.6929 -0.5528
vn -0.3945 -0.5905 0.7041
vn -0.3945 -0.5905 -0.7041
vn -0.4630 -0.6929 0.5528
vn -0.3110 -0.4654 -0.8286
vn -0.5138 -0.7689 0.3805
vn -0.2155 -0.3225 -0.9217
vn -0.5450 -0.8157 0.1939
vn -0.1117 -0.1671 -0.9796
vn -0.2718 -0.6561 -0.7041
vn -0.2142 -0.5172 -0.8286
vn -0.3189 -0.7699 0.5528
vn -0.3539 -0.8544 0.3805
vn -0.1484 -0.3584 -0.9217
vn -0.3754 -0.9063 0.1939
vn -0.0769 -0.1857 -0.9796
vn -0.3827 -0.9239 -0.0000
vn -0.3754 -0.9063 -0.1939
vn -0.0437 -0.1055 0.9935
vn -0.1352 -0.3265 0.9355
vn -0.3539 -0.8544 -0.3805
vn -0.2142 -0.5172 0.8286
vn -0.3189 -0.7699 -0.5528
vn -0.2718 -0.6561 0.7041
vn -0.1914 -0.9622 -0.1939
vn -0.1804 -0.9070 -0.3805
vn -0.0689 -0.3466 0.9355
vn -0.1092 -0.5490 0.8286
vn -0.1626 -0.8173 -0.5528
vn -0.1385 -0.6965 0.7041
vn -0.1385 -0.6965 -0.7041
vn -0.1626 -0.8173 0.5528
vn -0.1092 -0.5490 -0.8286
vn -0.1804 -0.9070 0.3805
vn -0.0757 -0.3804 -0.9217
vn -0.1914 -0.9622 0.1939
vn -0.0392 -0.1971 -0.9796
vn -0.1951 -0.9808 -0.0000
vn -0.0223 -0.1120 0.9935
vn -0.0000 -0.5598 -0.8286
vn -0.0000 -0.3879 -0.9217
vn -0.0000 -0.9248 0.3805
vn -0.0000 -0.9810 0.1939
vn -0.0000 -0.2010 -0.9796
vn -0.0000 -1.0000 -0.0000
vn -0.0000 -0.9810 -0.1939
vn -0.0000 -0.1142 0.9935
vn -0.0000 -0.3534 0.9355
vn -0.0000 -0.9248 -0.3805
vn -0.0000 -0.5598 0.8286
vn -0.0000 -0.8333 -0.5528
vn -0.0000 -0.7101 0.7041
vn -0.0000 -0.7101 -0.7041
vn -0.0000 -0.8333 0.5528
vn 0.0689 -0.3466 0.9355
vn 0.1092 -0.5490 0.8286
vn 0.1804 -0.9070 -0.3805
vn 0.1626 -0.8173 -0.5528
vn 0.1385 -0.6965 0.7041
vn 0.1385 -0.6965 -0.7041
vn 0.1626 -0.8173 0.5528
vn 0.1092 -0.5490 -0.8286
vn 0.1804 -0.9070 0.3805
vn 0.0757 -0.3804 -0.9217
vn 0.1914 -0.9622 0.1939
vn 0.0392 -0.1971 -0.9796
vn 0.1951 -0.9808 -0.0000
vn 0.1914 -0.9622 -0.1939
vn 0.0223 -0.1120 0.9935
vn 0.3539 -0.8544 0.3805
vn 0.3754 -0.9063 0.1939
vn 0.1484 -0.3584 -0.9217
vn 0.0769 -0.1857 -0.9796
vn 0.3827 -0.9239 -0.0000
vn 0.3754 -0.9063 -0.1939
vn 0.0437 -0.1055 0.9935
vn 0.1352 -0.3265 0.9355
vn 0.3539 -0.8544 -0.3805
vn 0.2142 -0.5172 0.8286
vn 0.3189 -0.7699 -0.5528
vn 0.2718 -0.6561 0.7041
vn 0.2718 -0.6561 -0.7041
vn 0.3189 -0.7699 0.5528
vn 0.2142 -0.5172 -0.8286
vn 0.5138 -0.7689 -0.3805
vn 0.4630 -0.6929 -0.5528
vn 0.3110 -0.4654 0.8286
vn 0.3945 -0.5905 0.7041
vn 0.3945 -0.5905 -0.7041
vn 0.4630 -0.6929 0.5528
vn 0.3110 -0.4654 -0.8286
vn 0.5138 -0.7689 0.3805
vn 0.2155 -0.3225 -0.9217
vn 0.5450 -0.8157 0.1939
vn 0.1117 -0.1671 -0.9796
vn 0.5556 -0.8315 -0.0000
vn 0.5450 -0.8157 -0.1939
vn 0.0634 -0.0949 0.9935
vn 0.1963 -0.2938 0.9355
vn 0.2743 -0.2743 -0.9217
vn 0.1421 -0.1421 -0.9796
vn 0.6937 -0.6937 0.1939
vn 0.7071 -0.7071 -0.0000
vn 0.6937 -0.6937 -0.1939
vn 0.0807 -0.0807 0.9935
vn 0.2499 -0.2499 0.9355
vn 0.6539 -0.6539 -0.3805
vn 0.3958 -0.3958 0.8286
vn 0.5893 -0.5893 -0.5528
vn 0.5021 -0.5021 0.7041
vn 0.5021 -0.5021 -0.7041
vn 0.5893 -0.5893 0.5528
vn 0.3958 -0.3958 -0.8286
vn 0.6539 -0.6539 0.3805
vn 0.4654 -0.3110 0.8286
vn 0.5905 -0.3945 0.7041
vn 0.6929 -0.4630 -0.5528
vn 0.5905 -0.3945 -0.7041
vn 0.6929 -0.4630 0.5528
vn 0.4654 -0.3110 -0.8286
vn 0.7689 -0.5138 0.3805
vn 0.3225 -0.2155 -0.9217
vn 0.8157 -0.5450 0.1939
vn 0.1671 -0.1117 -0.9796
vn 0.8315 -0.5556 -0.0000
vn 0.8157 -0.5450 -0.1939
vn 0.0949 -0.0634 0.9935
vn 0.2938 -0.1963 0.9355
vn 0.7689 -0.5138 -0.3805
vn 0.9063 -0.3754 0.1939
vn 0.9239 -0.3827 -0.0000
vn 0.1857 -0.0769 -0.9796
vn 0.9063 -0.3754 -0.1939
vn 0.1055 -0.0437 0.9935
vn 0.3265 -0.1352 0.9355
vn 0.8544 -0.3539 -0.3805
vn 0.5172 -0.2142 0.8286
vn 0.7699 -0.3189 -0.5528
vn 0.6561 -0.2718 0.7041
vn 0.6561 -0.2718 -0.7041
vn 0.7699 -0.3189 0.5528
vn 0.5172 -0.2142 -0.8286
vn 0.8544 -0.3539 0.3805
vn 0.3584 -0.1484 -0.9217
vn 0.8173 -0.1626 -0.5528
vn 0.6965 -0.1385 -0.7041
vn 0.6965 -0.1385 0.7041
vn 0.8173 -0.1626 0.5528
vn 0.5490 -0.1092 -0.8286
vn 0.9070 -0.1804 0.3805
vn 0.3804 -0.0757 -0.9217
vn 0.9622 -0.1914 0.1939
vn 0.1971 -0.0392 -0.9796
vn 0.9808 -0.1951 -0.0000
vn 0.9622 -0.1914 -0.1939
vn 0.1120 -0.0223 0.9935
vn 0.3466 -0.0689 0.9355
vn 0.9070 -0.1804 -0.3805
vn 0.5490 -0.1092 0.8286
vn 0.2010 -0.0000 -0.9796
vn 1.0000 -0.0000 -0.0000
vn 0.9810 -0.0000 -0.1939
vn 0.1142 -0.0000 0.9935
vn 0.3534 -0.0000 0.9355
vn 0.9248 -0.0000 -0.3805
vn 0.5598 -0.0000 0.8286
vn 0.8333 -0.0000 -0.5528
vn 0.7101 -0.0000 0.7041
vn 0.7101 -0.0000 -0.7041
vn 0.8333 -0.0000 0.5528
vn 0.5598 -0.0000 -0.8286
vn 0.9248 -0.0000 0.3805
vn 0.3879 -0.0000 -0.9217
vn 0.9810 -0.0000 0.1939
vn 0.6965 0.1385 -0.7041
vn 0.5490 0.1092 -0.8286
vn 0.8173 0.1626 0.5528
vn 0.9070 0.1804 0.3805
vn 0.3804 0.0757 -0.9217
vn 0.9622 0.1914 0.1939
vn 0.1971 0.0392 -0.9796
vn 0.9808 0.1951 -0.0000
vn 0.9622 0.1914 -0.1939
vn 0.1120 0.0223 0.9935
vn 0.3466 0.0689 0.9355
vn 0.9070 0.1804 -0.3805
vn 0.5490 0.1092 0.8286
vn 0.8173 0.1626 -0.5528
vn 0.6965 0.1385 0.7041
vn 0.1055 0.0437 0.9935
vn 0.3265 0.1352 0.9355
vn 0.9063 0.3754 -0.1939
vn 0.8544 0.3539 -0.3805
vn 0.5172 0.2142 0.8286
vn 0.7699 0.3189 -0.5528
vn 0.6561 0.2718 0.7041
vn 0.6561 0.2718 -0.7041
vn 0.7699 0.3189 0.5528
vn 0.5172 0.2142 -0.8286
vn 0.8544 0.3539 0.3805
vn 0.3584 0.1484 -0.9217
vn 0.9063 0.3754 0.1939
vn 0.1857 0.0769 -0.9796
vn 0.9239 0.3827 -0.0000
vn 0.6929 0.4630 0.5528
vn 0.7689 0.5138 0.3805
vn 0.4654 0.3110 -0.8286
vn 0.3225 0.2155 -0.9217
vn 0.8157 0.5450 0.1939
vn 0.1671 0.1117 -0.9796
vn 0.8315 0.5556 -0.0000
vn 0.8157 0.5450 -0.1939
vn 0.0949 0.0634 0.9935
vn 0.2938 0.1963 0.9355
vn 0.7689 0.5138 -0.3805
vn 0.4654 0.3110 0.8286
vn 0.6929 0.4630 -0.5528
vn 0.5905 0.3945 0.7041
vn 0.5905 0.3945 -0.7041
vn 0.6937 0.6937 -0.1939
vn 0.6539 0.6539 -0.3805
vn 0.2499 0.2499 0.9355
vn 0.3958 0.3958 0.8286
vn 0.5893 0.5893 -0.5528
vn 0.5021 0.5021 0.7041
vn 0.5021 0.5021 -0.7041
vn 0.5893 0.5893 0.5528
vn 0.3958 0.3958 -0.8286
vn 0.6539 0.6539 0.3805
vn 0.2743 0.2743 -0.9217
vn 0.6937 0.6937 0.1939
vn 0.1421 0.1421 -0.9796
vn 0.7071 0.7071 -0.0000
vn 0.0807 0.0807 0.9935
vn 0.3110 0.4654 -0.8286
vn 0.2155 0.3225 -0.9217
vn 0.5138 0.7689 0.3805
vn 0.5450 0.8157 0.1939
vn 0.1117 0.1671 -0.9796
vn 0.5556 0.8315 -0.0000
vn 0.5450 0.8157 -0.1939
vn 0.0634 0.0949 0.9935
vn 0.1963 0.2938 0.9355
vn 0.5138 0.7689 -0.3805
vn 0.3110 0.4654 0.8286
vn 0.4630 0.6929 -0.5528
vn 0.3945 0.5905 0.7041
vn 0.3945 0.5905 -0.7041
vn 0.4630 0.6929 0.5528
vn 0.1352 0.3265 0.9355
vn 0.2142 0.5172 0.8286
vn 0.3539 0.8544 -0.3805
vn 0.3189 0.7699 -0.5528
vn 0.2718 0.6561 0.7041
vn 0.2718 0.6561 -0.7041
vn 0.3189 0.7699 0.5528
vn 0.2142 0.5172 -0.8286
vn 0.3539 0.8544 0.3805
vn 0.1484 0.3584 -0.9217
vn 0.3754 0.9063 0.1939
vn 0.0769 0.1857 -0.9796
vn 0.3827 0.9239 -0.0000
vn 0.3754 0.9063 -0.1939
vn 0.0437 0.1055 0.9935
vn 0.1804 0.9070 0.3805
vn 0.1914 0.9622 0.1939
vn 0.0757 0.3804 -0.9217
vn 0.0392 0.1971 -0.9796
vn 0.1951 0.9808 -0.0000
vn 0.0223 0.1120 0.9935
vn 0.1914 0.9622 -0.1939
vn 0.0689 0.3466 0.9355
vn 0.1804 0.9070 -0.3805
vn 0.1092 0.5490 0.8286
vn 0.1626 0.8173 -0.5528
vn 0.1385 0.6965 0.7041
vn 0.1385 0.6965 -0.7041
vn 0.1626 0.8173 0.5528
vn 0.1092 0.5490 -0.8286
vt 0.750000 0.812500
vt 0.750000 0.687500
vt 0.750000 0.562500
vt 0.750000 0.500000
vt 0.750000 0.437500
vt 0.750000 0.312500
vt 0.718750 0.937500
vt 0.718750 0.875000
vt 0.718750 0.812500
vt 0.718750 0.750000
vt 0.718750 0.687500
vt 0.718750 0.625000
vt 0.718750 0.562500
vt 0.718750 0.500000
vt 0.718750 0.437500
vt 0.718750 0.375000
vt 0.718750 0.312500
vt 0.718750 0.250000
vt 0.718750 0.187500
vt 0.718750 0.125000
vt 0.718750 0.062500
vt 0.687500 0.937500
vt 0.687500 0.875000
vt 0.687500 0.812500
vt 0.687500 0.750000
vt 0.687500 0.687500
vt 0.687500 0.625000
vt 0.687500 0.562500
vt 0.687500 0.500000
vt 0.687500 0.437500
vt 0.687500 0.375000
vt 0.687500 0.312500
vt 0.687500 0.250000
vt 0.687500 0.187500
vt 0.687500 0.125000
vt 0.687500 0.062500
vt 0.656250 0.937500
vt 0.656250 0.875000
vt 0.656250 0.812500
vt 0.656250 0.750000
vt 0.656250 0.687500
vt 0.656250 0.625000
vt 0.656250 0.562500
vt 0.656250 0.500000
vt 0.656250 0.437500
vt 0.656250 0.375000
vt 0.656250 0.312500
vt 0.656250 0.250000
vt 0.656250 0.187500
vt 0.656250 0.125000
vt 0.656250 0.062500
vt 0.625000 0.937500
vt 0.625000 0.875000
vt 0.625000 0.812500
vt 0.625000 0.750000
vt 0.625000 0.687500
vt 0.625000 0.625000
vt 0.625000 0.562500
vt 0.625000 0.500000
vt 0.625000 0.437500
vt 0.625000 0.375000
vt 0.625000 0.312500
vt 0.625000 0.250000
vt 0.625000 0.187500
vt 0.625000 0.125000
vt 0.625000 0.062500
vt 0.593750 0.937500
vt 0.593750 0.875000
vt 0.593750 0.812500
vt 0.593750 0.750000
vt 0.593750 0.687500
vt 0.593750 0.625000
vt 0.593750 0.562500
vt 0.593750 0.500000
vt 0.593750 0.437500
vt 0.593750 0.375000
vt 0.593750 0.312500
vt 0.593750 0.250000
vt 0.593750 0.187500
vt 0.593750 0.125000
vt 0.593750 0.062500
vt 0.562500 0.937500
vt 0.562500 0.875000
vt 0.562500 0.812500
vt 0.562500 0.750000
vt 0.562500 0.687500
vt 0.562500 0.625000
vt 0.562500 0.562500
vt 0.562500 0.500000
vt 0.562500 0.437500
vt 0.562500 0.375000
vt 0.562500 0.312500
vt 0.562500 0.250000
vt 0.562500 0.187500
vt 0.562500 0.125000
vt 0.562500 0.062500
vt 0.531250 0.937500
vt 0.531250 0.875000
vt 0.531250 0.812500
vt 0.531250 0.750000
vt 0.531250 0.687500
vt 0.531250 0.625000
vt 0.531250 0.562500
vt 0.531250 0.500000
vt 0.531250 0.437500
vt 0.531250 0.375000
vt 0.531250 0.312500
vt 0.531250 0.250000
vt 0.531250 0.187500
vt 0.531250 0.125000
vt 0.531250 0.062500
vt 0.500000 0.937500
vt 0.500000 0.875000
vt 0.500000 0.812500
vt 0.500000 0.750000
vt 0.500000 0.687500
vt 0.500000 0.625000
vt 0.500000 0.562500
vt 0.500000 0.500000
vt 0.500000 0.437500
vt 0.500000 0.375000
vt 0.500000 0.312500
vt 0.500000 0.250000
vt 0.500000 0.187500
vt 0.500000 0.125000
vt 0.500000 0.062500
vt 0.468750 0.937500
vt 0.468750 0.875000
vt 0.468750 0.812500
vt 0.468750 0.750000
vt 0.468750 0.687500
vt 0.468750 0.625000
vt 0.468750 0.562500
vt 0.468750 0.500000
vt 0.468750 0.437500
vt 0.468750 0.375000
vt 0.468750 0.312500
vt 0.468750 0.250000
vt 0.468750 0.187500
vt 0.468750 0.125000
vt 0.468750 0.062500
vt 0.437500 0.937500
vt 0.437500 0.875000
vt 0.437500 0.812500
vt 0.437500 0.750000
vt 0.437500 0.687500
vt 0.437500 0.625000
vt 0.437500 0.562500
vt 0.437500 0.500000
vt 0.437500 0.437500
vt 0.437500 0.375000
vt 0.437500 0.312500
vt 0.437500 0.250000
vt 0.437500 0.187500
vt 0.437500 0.125000
vt 0.437500 0.062500
vt 0.406250 0.937500
vt 0.406250 0.875000
vt 0.406250 0.812500
vt 0.406250 0.750000
vt 0.406250 0.687500
vt 0.406250 0.625000
vt 0.406250 0.562500
vt 0.406250 0.500000
vt 0.406250 0.437500
vt 0.406250 0.375000
vt 0.406250 0.312500
vt 0.406250 0.250000
vt 0.406250 0.187500
vt 0.406250 0.125000
vt 0.406250 0.062500
vt 0.375000 0.937500
vt 0.375000 0.875000
vt 0.375000 0.812500
vt 0.375000 0.750000
vt 0.375000 0.687500
vt 0.375000 0.625000
vt 0.375000 0.562500
vt 0.375000 0.500000
vt 0.375000 0.437500
vt 0.375000 0.375000
vt 0.375000 0.312500
vt 0.375000 0.250000
vt 0.375000 0.187500
vt 0.375000 0.125000
vt 0.375000 0.062500
vt 0.343750 0.937500
vt 0.343750 0.875000
vt 0.343750 0.812500
vt 0.343750 0.750000
vt 0.343750 0.687500
vt 0.343750 0.625000
vt 0.343750 0.562500
vt 0.343750 0.500000
vt 0.343750 0.437500
vt 0.343750 0.375000
vt 0.343750 0.312500
vt 0.343750 0.250000
vt 0.343750 0.187500
vt 0.343750 0.125000
vt 0.343750 0.062500
vt 0.312500 0.937500
vt 0.312500 0.875000
vt 0.312500 0.812500
vt 0.312500 0.750000
vt 0.312500 0.687500
vt 0.312500 0.625000
vt 0.312500 0.562500
vt 0.312500 0.500000
vt 0.312500 0.437500
vt 0.312500 0.375000
vt 0.312500 0.312500
vt 0.312500 0.250000
vt 0.312500 0.187500
vt 0.312500 0.125000
vt 0.312500 0.062500
vt 0.281250 0.937500
vt 0.281250 0.875000
vt 0.281250 0.812500
vt 0.281250 0.750000
vt 0.281250 0.687500
vt 0.281250 0.625000
vt 0.281250 0.562500
vt 0.281250 0.500000
vt 0.281250 0.437500
vt 0.281250 0.375000
vt 0.281250 0.312500
vt 0.281250 0.250000
vt 0.281250 0.187500
vt 0.281250 0.125000
vt 0.281250 0.062500
vt 0.250000 0.937500
vt 0.250000 0.875000
vt 0.250000 0.812500
vt 0.250000 0.750000
vt 0.250000 0.687500
vt 0.250000 0.625000
vt 0.250000 0.562500
vt 0.250000 0.500000
vt 0.250000 0.437500
vt 0.250000 0.375000
vt 0.250000 0.312500
vt 0.250000 0.250000
vt 0.250000 0.187500
vt 0.250000 0.125000
vt 0.250000 0.062500
vt 0.218750 0.937500
vt 0.218750 0.875000
vt 0.218750 0.812500
vt 0.218750 0.750000
vt 0.218750 0.687500
vt 0.218750 0.625000
vt 0.218750 0.562500
vt 0.218750 0.500000
vt 0.218750 0.437500
vt 0.218750 0.375000
vt 0.218750 0.312500
vt 0.218750 0.250000
vt 0.218750 0.187500
vt 0.218750 0.125000
vt 0.218750 0.062500
vt 0.187500 0.937500
vt 0.187500 0.875000
vt 0.187500 0.812500
vt 0.187500 0.750000
vt 0.187500 0.687500
vt 0.187500 0.625000
vt 0.187500 0.562500
vt 0.187500 0.500000
vt 0.187500 0.437500
vt 0.187500 0.375000
vt 0.187500 0.312500
vt 0.187500 0.250000
vt 0.187500 0.187500
vt 0.187500 0.125000
vt 0.187500 0.062500
vt 0.156250 0.937500
vt 0.156250 0.875000
vt 0.156250 0.812500
vt 0.156250 0.750000
vt 0.156250 0.687500
vt 0.156250 0.625000
vt 0.156250 0.562500
vt 0.156250 0.500000
vt 0.156250 0.437500
vt 0.156250 0.375000
vt 0.156250 0.312500
vt 0.156250 0.250000
vt 0.156250 0.187500
vt 0.156250 0.125000
vt 0.156250 0.062500
vt 0.125000 0.937500
vt 0.125000 0.875000
vt 0.125000 0.812500
vt 0.125000 0.750000
vt 0.125000 0.687500
vt 0.125000 0.625000
vt 0.125000 0.562500
vt 0.125000 0.500000
vt 0.125000 0.437500
vt 0.125000 0.375000
vt 0.125000 0.312500
vt 0.125000 0.250000
vt 0.125000 0.187500
vt 0.125000 0.125000
vt 0.125000 0.062500
vt 0.734375 0.000000
vt 0.703125 0.000000
vt 0.671875 0.000000
vt 0.640625 0.000000
vt 0.609375 0.000000
vt 0.578125 0.000000
vt 0.546875 0.000000
vt 0.515625 0.000000
vt 0.484375 0.000000
vt 0.453125 0.000000
vt 0.421875 0.000000
vt 0.390625 0.000000
vt 0.359375 0.000000
vt 0.328125 0.000000
vt 0.296875 0.000000
vt 0.265625 0.000000
vt 0.234375 0.000000
vt 0.203125 0.000000
vt 0.171875 0.000000
vt 0.140625 0.000000
vt 0.109375 0.000000
vt 0.078125 0.000000
vt 0.046875 0.000000
vt 0.015625 0.000000
vt 0.984375 0.000000
vt 0.953125 0.000000
vt 0.921875 0.000000
vt 0.890625 0.000000
vt 0.859375 0.000000
vt 0.828125 0.000000
vt 0.796875 0.000000
vt 0.765625 0.000000
vt 0.093750 0.937500
vt 0.093750 0.875000
vt 0.093750 0.812500
vt 0.093750 0.750000
vt 0.093750 0.687500
vt 0.093750 0.625000
vt 0.093750 0.562500
vt 0.093750 0.500000
vt 0.093750 0.437500
vt 0.093750 0.375000
vt 0.093750 0.312500
vt 0.093750 0.250000
vt 0.093750 0.187500
vt 0.093750 0.125000
vt 0.093750 0.062500
vt 0.062500 0.937500
vt 0.062500 0.875000
vt 0.062500 0.812500
vt 0.062500 0.750000
vt 0.062500 0.687500
vt 0.062500 0.625000
vt 0.062500 0.562500
vt 0.062500 0.500000
vt 0.062500 0.437500
vt 0.062500 0.375000
vt 0.062500 0.312500
vt 0.062500 0.250000
vt 0.062500 0.187500
vt 0.062500 0.125000
vt 0.062500 0.062500
vt 0.031250 0.937500
vt 0.031250 0.875000
vt 0.031250 0.812500
vt 0.031250 0.750000
vt 0.031250 0.687500
vt 0.031250 0.625000
vt 0.031250 0.562500
vt 0.031250 0.500000
vt 0.031250 0.437500
vt 0.031250 0.375000
vt 0.031250 0.312500
vt 0.031250 0.250000
vt 0.031250 0.187500
vt 0.031250 0.125000
vt 0.031250 0.062500
vt 1.000000 0.937500
vt 0.000000 0.937500
vt 0.000000 0.875000
vt 1.000000 0.875000
vt 0.000000 0.812500
vt 1.000000 0.812500
vt 0.000000 0.750000
vt 1.000000 0.750000
vt 0.000000 0.687500
vt 1.000000 0.687500
vt 0.000000 0.625000
vt 1.000000 0.625000
vt 0.000000 0.562500
vt 1.000000 0.562500
vt 0.000000 0.500000
vt 1.000000 0.500000
vt 0.000000 0.437500
vt 1.000000 0.437500
vt 0.000000 0.375000
vt 1.000000 0.375000
vt 0.000000 0.312500
vt 1.000000 0.312500
vt 0.000000 0.250000
vt 1.000000 0.250000
vt 0.000000 0.187500
vt 1.000000 0.187500
vt 0.000000 0.125000
vt 1.000000 0.125000
vt 0.000000 0.062500
vt 1.000000 0.062500
vt 0.968750 0.937500
vt 0.968750 0.875000
vt 0.968750 0.812500
vt 0.968750 0.750000
vt 0.968750 0.687500
vt 0.968750 0.625000
vt 0.968750 0.562500
vt 0.968750 0.500000
vt 0.968750 0.437500
vt 0.968750 0.375000
vt 0.968750 0.312500
vt 0.968750 0.250000
vt 0.968750 0.187500
vt 0.968750 0.125000
vt 0.968750 0.062500
vt 0.937500 0.937500
vt 0.937500 0.875000
vt 0.937500 0.812500
vt 0.937500 0.750000
vt 0.937500 0.687500
vt 0.937500 0.625000
vt 0.937500 0.562500
vt 0.937500 0.500000
vt 0.937500 0.437500
vt 0.937500 0.375000
vt 0.937500 0.312500
vt 0.937500 0.250000
vt 0.937500 0.187500
vt 0.937500 0.125000
vt 0.937500 0.062500
vt 0.906250 0.937500
vt 0.906250 0.875000
vt 0.906250 0.812500
vt 0.906250 0.750000
vt 0.906250 0.687500
vt 0.906250 0.625000
vt 0.906250 0.562500
vt 0.906250 0.500000
vt 0.906250 0.437500
vt 0.906250 0.375000
vt 0.906250 0.312500
vt 0.906250 0.250000
vt 0.906250 0.187500
vt 0.906250 0.125000
vt 0.906250 0.062500
vt 0.875000 0.937500
vt 0.875000 0.875000
vt 0.875000 0.812500
vt 0.875000 0.750000
vt 0.875000 0.687500
vt 0.875000 0.625000
vt 0.875000 0.562500
vt 0.875000 0.500000
vt 0.875000 0.437500
vt 0.875000 0.375000
vt 0.875000 0.312500
vt 0.875000 0.250000
vt 0.875000 0.187500
vt 0.875000 0.125000
vt 0.875000 0.062500
vt 0.843750 0.937500
vt 0.843750 0.875000
vt 0.843750 0.812500
vt 0.843750 0.750000
vt 0.843750 0.687500
vt 0.843750 0.625000
vt 0.843750 0.562500
vt 0.843750 0.500000
vt 0.843750 0.437500
vt 0.843750 0.375000
vt 0.843750 0.312500
vt 0.843750 0.250000
vt 0.843750 0.187500
vt 0.843750 0.125000
vt 0.843750 0.062500
vt 0.812500 0.937500
vt 0.812500 0.875000
vt 0.812500 0.812500
vt 0.812500 0.750000
vt 0.812500 0.687500
vt 0.812500 0.625000
vt 0.812500 0.562500
vt 0.812500 0.500000
vt 0.812500 0.437500
vt 0.812500 0.375000
vt 0.812500 0.312500
vt 0.812500 0.250000
vt 0.812500 0.187500
vt 0.812500 0.125000
vt 0.812500 0.062500
vt 0.781250 0.937500
vt 0.781250 0.875000
vt 0.781250 0.812500
vt 0.781250 0.750000
vt 0.781250 0.687500
vt 0.781250 0.625000
vt 0.781250 0.562500
vt 0.781250 0.500000
vt 0.781250 0.437500
vt 0.781250 0.375000
vt 0.781250 0.312500
vt 0.781250 0.250000
vt 0.781250 0.187500
vt 0.781250 0.125000
vt 0.781250 0.062500
vt 0.750000 0.937500
vt 0.750000 0.875000
vt 0.750000 0.750000
vt 0.750000 0.625000
vt 0.750000 0.375000
vt 0.750000 0.250000
vt 0.750000 0.187500
vt 0.750000 0.125000
vt 0.750000 0.062500
s 1
usemtl Material.002
f 5263/6295/5258 5274/6306/5261 5273/6305/5260 5734/6812/5259
f 5732/6810/5262 5267/6299/5265 5266/6298/5264 5258/6290/5263
f 5735/6813/5266 5275/6307/5267 5274/6306/5261 5263/6295/5258
f 5259/6291/5268 5268/6300/5269 5267/6299/5265 5732/6810/5262
f 5736/6814/5270 5276/6308/5271 5275/6307/5267 5735/6813/5266
f 5733/6811/5272 5269/6301/5273 5268/6300/5269 5259/6291/5268
f 5737/6815/5274 5277/6309/5275 5276/6308/5271 5736/6814/5270
f 5260/6292/5276 5270/6302/5277 5269/6301/5273 5733/6811/5272
f 5738/6816/5278 5278/6310/5279 5277/6309/5275 5737/6815/5274
f 5261/6293/5280 5271/6303/5281 5270/6302/5277 5260/6292/5276
f 5564/6596/5282 5278/6310/5279 5738/6816/5278
f 5262/6294/5283 5272/6304/5284 5271/6303/5281 5261/6293/5280
f 5731/6809/5285 5265/6297/5288 5264/6296/5287 5730/6808/5286
f 5734/6812/5259 5273/6305/5260 5272/6304/5284 5262/6294/5283
f 5258/6290/5263 5266/6298/5264 5265/6297/5288 5731/6809/5285
f 5265/6297/5288 5280/6312/5290 5279/6311/5289 5264/6296/5287
f 5273/6305/5260 5288/6320/5292 5287/6319/5291 5272/6304/5284
f 5266/6298/5264 5281/6313/5293 5280/6312/5290 5265/6297/5288
f 5274/6306/5261 5289/6321/5294 5288/6320/5292 5273/6305/5260
f 5267/6299/5265 5282/6314/5295 5281/6313/5293 5266/6298/5264
f 5275/6307/5267 5290/6322/5296 5289/6321/5294 5274/6306/5261
f 5268/6300/5269 5283/6315/5297 5282/6314/5295 5267/6299/5265
f 5276/6308/5271 5291/6323/5298 5290/6322/5296 5275/6307/5267
f 5269/6301/5273 5284/6316/5299 5283/6315/5297 5268/6300/5269
f 5277/6309/5275 5292/6324/5300 5291/6323/5298 5276/6308/5271
f 5270/6302/5277 5285/6317/5301 5284/6316/5299 5269/6301/5273
f 5278/6310/5279 5293/6325/5302 5292/6324/5300 5277/6309/5275
f 5271/6303/5281 5286/6318/5303 5285/6317/5301 5270/6302/5277
f 5564/6597/5282 5293/6325/5302 5278/6310/5279
f 5272/6304/5284 5287/6319/5291 5286/6318/5303 5271/6303/5281
f 5284/6316/5299 5299/6331/5305 5298/6330/5304 5283/6315/5297
f 5292/6324/5300 5307/6339/5307 5306/6338/5306 5291/6323/5298
f 5285/6317/5301 5300/6332/5308 5299/6331/5305 5284/6316/5299
f 5293/6325/5302 5308/6340/5309 5307/6339/5307 5292/6324/5300
f 5286/6318/5303 5301/6333/5310 5300/6332/5308 5285/6317/5301
f 5564/6598/5282 5308/6340/5309 5293/6325/5302
f 5287/6319/5291 5302/6334/5311 5301/6333/5310 5286/6318/5303
f 5280/6312/5290 5295/6327/5313 5294/6326/5312 5279/6311/5289
f 5288/6320/5292 5303/6335/5314 5302/6334/5311 5287/6319/5291
f 5281/6313/5293 5296/6328/5315 5295/6327/5313 5280/6312/5290
f 5289/6321/5294 5304/6336/5316 5303/6335/5314 5288/6320/5292
f 5282/6314/5295 5297/6329/5317 5296/6328/5315 5281/6313/5293
f 5290/6322/5296 5305/6337/5318 5304/6336/5316 5289/6321/5294
f 5283/6315/5297 5298/6330/5304 5297/6329/5317 5282/6314/5295
f 5291/6323/5298 5306/6338/5306 5305/6337/5318 5290/6322/5296
f 5303/6335/5314 5318/6350/5320 5317/6349/5319 5302/6334/5311
f 5296/6328/5315 5311/6343/5322 5310/6342/5321 5295/6327/5313
f 5304/6336/5316 5319/6351/5323 5318/6350/5320 5303/6335/5314
f 5297/6329/5317 5312/6344/5324 5311/6343/5322 5296/6328/5315
f 5305/6337/5318 5320/6352/5325 5319/6351/5323 5304/6336/5316
f 5298/6330/5304 5313/6345/5326 5312/6344/5324 5297/6329/5317
f 5306/6338/5306 5321/6353/5327 5320/6352/5325 5305/6337/5318
f 5299/6331/5305 5314/6346/5328 5313/6345/5326 5298/6330/5304
f 5307/6339/5307 5322/6354/5329 5321/6353/5327 5306/6338/5306
f 5300/6332/5308 5315/6347/5330 5314/6346/5328 5299/6331/5305
f 5308/6340/5309 5323/6355/5331 5322/6354/5329 5307/6339/5307
f 5301/6333/5310 5316/6348/5332 5315/6347/5330 5300/6332/5308
f 5564/6599/5282 5323/6355/5331 5308/6340/5309
f 5302/6334/5311 5317/6349/5319 5316/6348/5332 5301/6333/5310
f 5295/6327/5313 5310/6342/5321 5309/6341/5333 5294/6326/5312
f 5322/6354/5329 5337/6369/5335 5336/6368/5334 5321/6353/5327
f 5315/6347/5330 5330/6362/5337 5329/6361/5336 5314/6346/5328
f 5323/6355/5331 5338/6370/5338 5337/6369/5335 5322/6354/5329
f 5316/6348/5332 5331/6363/5339 5330/6362/5337 5315/6347/5330
f 5564/6600/5282 5338/6370/5338 5323/6355/5331
f 5317/6349/5319 5332/6364/5340 5331/6363/5339 5316/6348/5332
f 5310/6342/5321 5325/6357/5342 5324/6356/5341 5309/6341/5333
f 5318/6350/5320 5333/6365/5343 5332/6364/5340 5317/6349/5319
f 5311/6343/5322 5326/6358/5344 5325/6357/5342 5310/6342/5321
f 5319/6351/5323 5334/6366/5345 5333/6365/5343 5318/6350/5320
f 5312/6344/5324 5327/6359/5346 5326/6358/5344 5311/6343/5322
f 5320/6352/5325 5335/6367/5347 5334/6366/5345 5319/6351/5323
f 5313/6345/5326 5328/6360/5348 5327/6359/5346 5312/6344/5324
f 5321/6353/5327 5336/6368/5334 5335/6367/5347 5320/6352/5325
f 5314/6346/5328 5329/6361/5336 5328/6360/5348 5313/6345/5326
f 5334/6366/5345 5349/6381/5350 5348/6380/5349 5333/6365/5343
f 5327/6359/5346 5342/6374/5352 5341/6373/5351 5326/6358/5344
f 5335/6367/5347 5350/6382/5353 5349/6381/5350 5334/6366/5345
f 5328/6360/5348 5343/6375/5354 5342/6374/5352 5327/6359/5346
f 5336/6368/5334 5351/6383/5355 5350/6382/5353 5335/6367/5347
f 5329/6361/5336 5344/6376/5356 5343/6375/5354 5328/6360/5348
f 5337/6369/5335 5352/6384/5357 5351/6383/5355 5336/6368/5334
f 5330/6362/5337 5345/6377/5358 5344/6376/5356 5329/6361/5336
f 5338/6370/5338 5353/6385/5359 5352/6384/5357 5337/6369/5335
f 5331/6363/5339 5346/6378/5360 5345/6377/5358 5330/6362/5337
f 5564/6601/5282 5353/6385/5359 5338/6370/5338
f 5332/6364/5340 5347/6379/5361 5346/6378/5360 5331/6363/5339
f 5325/6357/5342 5340/6372/5363 5339/6371/5362 5324/6356/5341
f 5333/6365/5343 5348/6380/5349 5347/6379/5361 5332/6364/5340
f 5326/6358/5344 5341/6373/5351 5340/6372/5363 5325/6357/5342
f 5353/6385/5359 5368/6400/5365 5367/6399/5364 5352/6384/5357
f 5346/6378/5360 5361/6393/5367 5360/6392/5366 5345/6377/5358
f 5564/6602/5282 5368/6400/5365 5353/6385/5359
f 5347/6379/5361 5362/6394/5368 5361/6393/5367 5346/6378/5360
f 5340/6372/5363 5355/6387/5370 5354/6386/5369 5339/6371/5362
f 5348/6380/5349 5363/6395/5371 5362/6394/5368 5347/6379/5361
f 5341/6373/5351 5356/6388/5372 5355/6387/5370 5340/6372/5363
f 5349/6381/5350 5364/6396/5373 5363/6395/5371 5348/6380/5349
f 5342/6374/5352 5357/6389/5374 5356/6388/5372 5341/6373/5351
f 5350/6382/5353 5365/6397/5375 5364/6396/5373 5349/6381/5350
f 5343/6375/5354 5358/6390/5376 5357/6389/5374 5342/6374/5352
f 5351/6383/5355 5366/6398/5377 5365/6397/5375 5350/6382/5353
f 5344/6376/5356 5359/6391/5378 5358/6390/5376 5343/6375/5354
f 5352/6384/5357 5367/6399/5364 5366/6398/5377 5351/6383/5355
f 5345/6377/5358 5360/6392/5366 5359/6391/5378 5344/6376/5356
f 5357/6389/5374 5372/6404/5380 5371/6403/5379 5356/6388/5372
f 5365/6397/5375 5380/6412/5382 5379/6411/5381 5364/6396/5373
f 5358/6390/5376 5373/6405/5383 5372/6404/5380 5357/6389/5374
f 5366/6398/5377 5381/6413/5384 5380/6412/5382 5365/6397/5375
f 5359/6391/5378 5374/6406/5385 5373/6405/5383 5358/6390/5376
f 5367/6399/5364 5382/6414/5386 5381/6413/5384 5366/6398/5377
f 5360/6392/5366 5375/6407/5387 5374/6406/5385 5359/6391/5378
f 5368/6400/5365 5383/6415/5388 5382/6414/5386 5367/6399/5364
f 5361/6393/5367 5376/6408/5389 5375/6407/5387 5360/6392/5366
f 5564/6603/5282 5383/6415/5388 5368/6400/5365
f 5362/6394/5368 5377/6409/5390 5376/6408/5389 5361/6393/5367
f 5355/6387/5370 5370/6402/5392 5369/6401/5391 5354/6386/5369
f 5363/6395/5371 5378/6410/5393 5377/6409/5390 5362/6394/5368
f 5356/6388/5372 5371/6403/5379 5370/6402/5392 5355/6387/5370
f 5364/6396/5373 5379/6411/5381 5378/6410/5393 5363/6395/5371
f 5376/6408/5389 5391/6423/5395 5390/6422/5394 5375/6407/5387
f 5564/6604/5282 5398/6430/5396 5383/6415/5388
f 5377/6409/5390 5392/6424/5397 5391/6423/5395 5376/6408/5389
f 5370/6402/5392 5385/6417/5399 5384/6416/5398 5369/6401/5391
f 5378/6410/5393 5393/6425/5400 5392/6424/5397 5377/6409/5390
f 5371/6403/5379 5386/6418/5401 5385/6417/5399 5370/6402/5392
f 5379/6411/5381 5394/6426/5402 5393/6425/5400 5378/6410/5393
f 5372/6404/5380 5387/6419/5403 5386/6418/5401 5371/6403/5379
f 5380/6412/5382 5395/6427/5404 5394/6426/5402 5379/6411/5381
f 5373/6405/5383 5388/6420/5405 5387/6419/5403 5372/6404/5380
f 5381/6413/5384 5396/6428/5406 5395/6427/5404 5380/6412/5382
f 5374/6406/5385 5389/6421/5407 5388/6420/5405 5373/6405/5383
f 5382/6414/5386 5397/6429/5408 5396/6428/5406 5381/6413/5384
f 5375/6407/5387 5390/6422/5394 5389/6421/5407 5374/6406/5385
f 5383/6415/5388 5398/6430/5396 5397/6429/5408 5382/6414/5386
f 5395/6427/5404 5410/6442/5410 5409/6441/5409 5394/6426/5402
f 5388/6420/5405 5403/6435/5412 5402/6434/5411 5387/6419/5403
f 5396/6428/5406 5411/6443/5413 5410/6442/5410 5395/6427/5404
f 5389/6421/5407 5404/6436/5414 5403/6435/5412 5388/6420/5405
f 5397/6429/5408 5412/6444/5415 5411/6443/5413 5396/6428/5406
f 5390/6422/5394 5405/6437/5416 5404/6436/5414 5389/6421/5407
f 5398/6430/5396 5413/6445/5417 5412/6444/5415 5397/6429/5408
f 5391/6423/5395 5406/6438/5418 5405/6437/5416 5390/6422/5394
f 5564/6605/5282 5413/6445/5417 5398/6430/5396
f 5392/6424/5397 5407/6439/5419 5406/6438/5418 5391/6423/5395
f 5385/6417/5399 5400/6432/5421 5399/6431/5420 5384/6416/5398
f 5393/6425/5400 5408/6440/5422 5407/6439/5419 5392/6424/5397
f 5386/6418/5401 5401/6433/5423 5400/6432/5421 5385/6417/5399
f 5394/6426/5402 5409/6441/5409 5408/6440/5422 5393/6425/5400
f 5387/6419/5403 5402/6434/5411 5401/6433/5423 5386/6418/5401
f 5564/6606/5282 5428/6460/5424 5413/6445/5417
f 5407/6439/5419 5422/6454/5426 5421/6453/5425 5406/6438/5418
f 5400/6432/5421 5415/6447/5428 5414/6446/5427 5399/6431/5420
f 5408/6440/5422 5423/6455/5429 5422/6454/5426 5407/6439/5419
f 5401/6433/5423 5416/6448/5430 5415/6447/5428 5400/6432/5421
f 5409/6441/5409 5424/6456/5431 5423/6455/5429 5408/6440/5422
f 5402/6434/5411 5417/6449/5432 5416/6448/5430 5401/6433/5423
f 5410/6442/5410 5425/6457/5433 5424/6456/5431 5409/6441/5409
f 5403/6435/5412 5418/6450/5434 5417/6449/5432 5402/6434/5411
f 5411/6443/5413 5426/6458/5435 5425/6457/5433 5410/6442/5410
f 5404/6436/5414 5419/6451/5436 5418/6450/5434 5403/6435/5412
f 5412/6444/5415 5427/6459/5437 5426/6458/5435 5411/6443/5413
f 5405/6437/5416 5420/6452/5438 5419/6451/5436 5404/6436/5414
f 5413/6445/5417 5428/6460/5424 5427/6459/5437 5412/6444/5415
f 5406/6438/5418 5421/6453/5425 5420/6452/5438 5405/6437/5416
f 5418/6450/5434 5433/6465/5440 5432/6464/5439 5417/6449/5432
f 5426/6458/5435 5441/6473/5442 5440/6472/5441 5425/6457/5433
f 5419/6451/5436 5434/6466/5443 5433/6465/5440 5418/6450/5434
f 5427/6459/5437 5442/6474/5444 5441/6473/5442 5426/6458/5435
f 5420/6452/5438 5435/6467/5445 5434/6466/5443 5419/6451/5436
f 5428/6460/5424 5443/6475/5446 5442/6474/5444 5427/6459/5437
f 5421/6453/5425 5436/6468/5447 5435/6467/5445 5420/6452/5438
f 5564/6607/5282 5443/6475/5446 5428/6460/5424
f 5422/6454/5426 5437/6469/5448 5436/6468/5447 5421/6453/5425
f 5415/6447/5428 5430/6462/5450 5429/6461/5449 5414/6446/5427
f 5423/6455/5429 5438/6470/5451 5437/6469/5448 5422/6454/5426
f 5416/6448/5430 5431/6463/5452 5430/6462/5450 5415/6447/5428
f 5424/6456/5431 5439/6471/5453 5438/6470/5451 5423/6455/5429
f 5417/6449/5432 5432/6464/5439 5431/6463/5452 5416/6448/5430
f 5425/6457/5433 5440/6472/5441 5439/6471/5453 5424/6456/5431
f 5437/6469/5448 5452/6484/5455 5451/6483/5454 5436/6468/5447
f 5430/6462/5450 5445/6477/5457 5444/6476/5456 5429/6461/5449
f 5438/6470/5451 5453/6485/5458 5452/6484/5455 5437/6469/5448
f 5431/6463/5452 5446/6478/5459 5445/6477/5457 5430/6462/5450
f 5439/6471/5453 5454/6486/5460 5453/6485/5458 5438/6470/5451
f 5432/6464/5439 5447/6479/5461 5446/6478/5459 5431/6463/5452
f 5440/6472/5441 5455/6487/5462 5454/6486/5460 5439/6471/5453
f 5433/6465/5440 5448/6480/5463 5447/6479/5461 5432/6464/5439
f 5441/6473/5442 5456/6488/5464 5455/6487/5462 5440/6472/5441
f 5434/6466/5443 5449/6481/5465 5448/6480/5463 5433/6465/5440
f 5442/6474/5444 5457/6489/5466 5456/6488/5464 5441/6473/5442
f 5435/6467/5445 5450/6482/5467 5449/6481/5465 5434/6466/5443
f 5443/6475/5446 5458/6490/5468 5457/6489/5466 5442/6474/5444
f 5436/6468/5447 5451/6483/5454 5450/6482/5467 5435/6467/5445
f 5564/6608/5282 5458/6490/5468 5443/6475/5446
f 5456/6488/5464 5471/6503/5470 5470/6502/5469 5455/6487/5462
f 5449/6481/5465 5464/6496/5472 5463/6495/5471 5448/6480/5463
f 5457/6489/5466 5472/6504/5473 5471/6503/5470 5456/6488/5464
f 5450/6482/5467 5465/6497/5474 5464/6496/5472 5449/6481/5465
f 5458/6490/5468 5473/6505/5475 5472/6504/5473 5457/6489/5466
f 5451/6483/5454 5466/6498/5476 5465/6497/5474 5450/6482/5467
f 5564/6609/5282 5473/6505/5475 5458/6490/5468
f 5452/6484/5455 5467/6499/5477 5466/6498/5476 5451/6483/5454
f 5445/6477/5457 5460/6492/5479 5459/6491/5478 5444/6476/5456
f 5453/6485/5458 5468/6500/5480 5467/6499/5477 5452/6484/5455
f 5446/6478/5459 5461/6493/5481 5460/6492/5479 5445/6477/5457
f 5454/6486/5460 5469/6501/5482 5468/6500/5480 5453/6485/5458
f 5447/6479/5461 5462/6494/5483 5461/6493/5481 5446/6478/5459
f 5455/6487/5462 5470/6502/5469 5469/6501/5482 5454/6486/5460
f 5448/6480/5463 5463/6495/5471 5462/6494/5483 5447/6479/5461
f 5468/6500/5480 5483/6515/5485 5482/6514/5484 5467/6499/5477
f 5461/6493/5481 5476/6508/5487 5475/6507/5486 5460/6492/5479
f 5469/6501/5482 5484/6516/5488 5483/6515/5485 5468/6500/5480
f 5462/6494/5483 5477/6509/5489 5476/6508/5487 5461/6493/5481
f 5470/6502/5469 5485/6517/5490 5484/6516/5488 5469/6501/5482
f 5463/6495/5471 5478/6510/5491 5477/6509/5489 5462/6494/5483
f 5471/6503/5470 5486/6518/5492 5485/6517/5490 5470/6502/5469
f 5464/6496/5472 5479/6511/5493 5478/6510/5491 5463/6495/5471
f 5472/6504/5473 5487/6519/5494 5486/6518/5492 5471/6503/5470
f 5465/6497/5474 5480/6512/5495 5479/6511/5493 5464/6496/5472
f 5473/6505/5475 5488/6520/5496 5487/6519/5494 5472/6504/5473
f 5466/6498/5476 5481/6513/5497 5480/6512/5495 5465/6497/5474
f 5564/6610/5282 5488/6520/5496 5473/6505/5475
f 5467/6499/5477 5482/6514/5484 5481/6513/5497 5466/6498/5476
f 5460/6492/5479 5475/6507/5486 5474/6506/5498 5459/6491/5478
f 5487/6519/5494 5502/6534/5500 5501/6533/5499 5486/6518/5492
f 5480/6512/5495 5495/6527/5502 5494/6526/5501 5479/6511/5493
f 5488/6520/5496 5503/6535/5503 5502/6534/5500 5487/6519/5494
f 5481/6513/5497 5496/6528/5504 5495/6527/5502 5480/6512/5495
f 5564/6611/5282 5503/6535/5503 5488/6520/5496
f 5482/6514/5484 5497/6529/5505 5496/6528/5504 5481/6513/5497
f 5475/6507/5486 5490/6522/5507 5489/6521/5506 5474/6506/5498
f 5483/6515/5485 5498/6530/5508 5497/6529/5505 5482/6514/5484
f 5476/6508/5487 5491/6523/5509 5490/6522/5507 5475/6507/5486
f 5484/6516/5488 5499/6531/5510 5498/6530/5508 5483/6515/5485
f 5477/6509/5489 5492/6524/5511 5491/6523/5509 5476/6508/5487
f 5485/6517/5490 5500/6532/5512 5499/6531/5510 5484/6516/5488
f 5478/6510/5491 5493/6525/5513 5492/6524/5511 5477/6509/5489
f 5486/6518/5492 5501/6533/5499 5500/6532/5512 5485/6517/5490
f 5479/6511/5493 5494/6526/5501 5493/6525/5513 5478/6510/5491
f 5491/6523/5509 5506/6538/5515 5505/6537/5514 5490/6522/5507
f 5499/6531/5510 5514/6546/5517 5513/6545/5516 5498/6530/5508
f 5492/6524/5511 5507/6539/5518 5506/6538/5515 5491/6523/5509
f 5500/6532/5512 5515/6547/5519 5514/6546/5517 5499/6531/5510
f 5493/6525/5513 5508/6540/5520 5507/6539/5518 5492/6524/5511
f 5501/6533/5499 5516/6548/5521 5515/6547/5519 5500/6532/5512
f 5494/6526/5501 5509/6541/5522 5508/6540/5520 5493/6525/5513
f 5502/6534/5500 5517/6549/5523 5516/6548/5521 5501/6533/5499
f 5495/6527/5502 5510/6542/5524 5509/6541/5522 5494/6526/5501
f 5503/6535/5503 5518/6550/5525 5517/6549/5523 5502/6534/5500
f 5496/6528/5504 5511/6543/5526 5510/6542/5524 5495/6527/5502
f 5564/6612/5282 5518/6550/5525 5503/6535/5503
f 5497/6529/5505 5512/6544/5527 5511/6543/5526 5496/6528/5504
f 5490/6522/5507 5505/6537/5514 5504/6536/5528 5489/6521/5506
f 5498/6530/5508 5513/6545/5516 5512/6544/5527 5497/6529/5505
f 5510/6542/5524 5525/6557/5530 5524/6556/5529 5509/6541/5522
f 5518/6550/5525 5533/6565/5532 5532/6564/5531 5517/6549/5523
f 5511/6543/5526 5526/6558/5533 5525/6557/5530 5510/6542/5524
f 5564/6613/5282 5533/6565/5532 5518/6550/5525
f 5512/6544/5527 5527/6559/5534 5526/6558/5533 5511/6543/5526
f 5505/6537/5514 5520/6552/5536 5519/6551/5535 5504/6536/5528
f 5513/6545/5516 5528/6560/5537 5527/6559/5534 5512/6544/5527
f 5506/6538/5515 5521/6553/5538 5520/6552/5536 5505/6537/5514
f 5514/6546/5517 5529/6561/5539 5528/6560/5537 5513/6545/5516
f 5507/6539/5518 5522/6554/5540 5521/6553/5538 5506/6538/5515
f 5515/6547/5519 5530/6562/5541 5529/6561/5539 5514/6546/5517
f 5508/6540/5520 5523/6555/5542 5522/6554/5540 5507/6539/5518
f 5516/6548/5521 5531/6563/5543 5530/6562/5541 5515/6547/5519
f 5509/6541/5522 5524/6556/5529 5523/6555/5542 5508/6540/5520
f 5517/6549/5523 5532/6564/5531 5531/6563/5543 5516/6548/5521
f 5529/6561/5539 5544/6576/5545 5543/6575/5544 5528/6560/5537
f 5522/6554/5540 5537/6569/5547 5536/6568/5546 5521/6553/5538
f 5530/6562/5541 5545/6577/5548 5544/6576/5545 5529/6561/5539
f 5523/6555/5542 5538/6570/5549 5537/6569/5547 5522/6554/5540
f 5531/6563/5543 5546/6578/5550 5545/6577/5548 5530/6562/5541
f 5524/6556/5529 5539/6571/5551 5538/6570/5549 5523/6555/5542
f 5532/6564/5531 5547/6579/5552 5546/6578/5550 5531/6563/5543
f 5525/6557/5530 5540/6572/5553 5539/6571/5551 5524/6556/5529
f 5533/6565/5532 5548/6580/5554 5547/6579/5552 5532/6564/5531
f 5526/6558/5533 5541/6573/5555 5540/6572/5553 5525/6557/5530
f 5564/6614/5282 5548/6580/5554 5533/6565/5532
f 5527/6559/5534 5542/6574/5556 5541/6573/5555 5526/6558/5533
f 5520/6552/5536 5535/6567/5558 5534/6566/5557 5519/6551/5535
f 5528/6560/5537 5543/6575/5544 5542/6574/5556 5527/6559/5534
f 5521/6553/5538 5536/6568/5546 5535/6567/5558 5520/6552/5536
f 5548/6580/5554 5563/6595/5560 5562/6594/5559 5547/6579/5552
f 5541/6573/5555 5556/6588/5562 5555/6587/5561 5540/6572/5553
f 5564/6615/5282 5563/6595/5560 5548/6580/5554
f 5542/6574/5556 5557/6589/5563 5556/6588/5562 5541/6573/5555
f 5535/6567/5558 5550/6582/5565 5549/6581/5564 5534/6566/5557
f 5543/6575/5544 5558/6590/5566 5557/6589/5563 5542/6574/5556
f 5536/6568/5546 5551/6583/5567 5550/6582/5565 5535/6567/5558
f 5544/6576/5545 5559/6591/5568 5558/6590/5566 5543/6575/5544
f 5537/6569/5547 5552/6584/5569 5551/6583/5567 5536/6568/5546
f 5545/6577/5548 5560/6592/5570 5559/6591/5568 5544/6576/5545
f 5538/6570/5549 5553/6585/5571 5552/6584/5569 5537/6569/5547
f 5546/6578/5550 5561/6593/5572 5560/6592/5570 5545/6577/5548
f 5539/6571/5551 5554/6586/5573 5553/6585/5571 5538/6570/5549
f 5547/6579/5552 5562/6594/5559 5561/6593/5572 5546/6578/5550
f 5540/6572/5553 5555/6587/5561 5554/6586/5573 5539/6571/5551
f 5552/6584/5569 5568/6631/5575 5567/6630/5574 5551/6583/5567
f 5560/6592/5570 5576/6639/5577 5575/6638/5576 5559/6591/5568
f 5553/6585/5571 5569/6632/5578 5568/6631/5575 5552/6584/5569
f 5561/6593/5572 5577/6640/5579 5576/6639/5577 5560/6592/5570
f 5554/6586/5573 5570/6633/5580 5569/6632/5578 5553/6585/5571
f 5562/6594/5559 5578/6641/5581 5577/6640/5579 5561/6593/5572
f 5555/6587/5561 5571/6634/5582 5570/6633/5580 5554/6586/5573
f 5563/6595/5560 5579/6642/5583 5578/6641/5581 5562/6594/5559
f 5556/6588/5562 5572/6635/5584 5571/6634/5582 5555/6587/5561
f 5564/6616/5282 5579/6642/5583 5563/6595/5560
f 5557/6589/5563 5573/6636/5585 5572/6635/5584 5556/6588/5562
f 5550/6582/5565 5566/6629/5587 5565/6628/5586 5549/6581/5564
f 5558/6590/5566 5574/6637/5588 5573/6636/5585 5557/6589/5563
f 5551/6583/5567 5567/6630/5574 5566/6629/5587 5550/6582/5565
f 5559/6591/5568 5575/6638/5576 5574/6637/5588 5558/6590/5566
f 5572/6635/5584 5587/6650/5590 5586/6649/5589 5571/6634/5582
f 5564/6617/5282 5594/6657/5591 5579/6642/5583
f 5573/6636/5585 5588/6651/5592 5587/6650/5590 5572/6635/5584
f 5566/6629/5587 5581/6644/5594 5580/6643/5593 5565/6628/5586
f 5574/6637/5588 5589/6652/5595 5588/6651/5592 5573/6636/5585
f 5567/6630/5574 5582/6645/5596 5581/6644/5594 5566/6629/5587
f 5575/6638/5576 5590/6653/5597 5589/6652/5595 5574/6637/5588
f 5568/6631/5575 5583/6646/5598 5582/6645/5596 5567/6630/5574
f 5576/6639/5577 5591/6654/5599 5590/6653/5597 5575/6638/5576
f 5569/6632/5578 5584/6647/5600 5583/6646/5598 5568/6631/5575
f 5577/6640/5579 5592/6655/5601 5591/6654/5599 5576/6639/5577
f 5570/6633/5580 5585/6648/5602 5584/6647/5600 5569/6632/5578
f 5578/6641/5581 5593/6656/5603 5592/6655/5601 5577/6640/5579
f 5571/6634/5582 5586/6649/5589 5585/6648/5602 5570/6633/5580
f 5579/6642/5583 5594/6657/5591 5593/6656/5603 5578/6641/5581
f 5591/6654/5599 5606/6669/5605 5605/6668/5604 5590/6653/5597
f 5584/6647/5600 5599/6662/5607 5598/6661/5606 5583/6646/5598
f 5592/6655/5601 5607/6670/5608 5606/6669/5605 5591/6654/5599
f 5585/6648/5602 5600/6663/5609 5599/6662/5607 5584/6647/5600
f 5593/6656/5603 5608/6671/5610 5607/6670/5608 5592/6655/5601
f 5586/6649/5589 5601/6664/5611 5600/6663/5609 5585/6648/5602
f 5594/6657/5591 5609/6672/5612 5608/6671/5610 5593/6656/5603
f 5587/6650/5590 5602/6665/5613 5601/6664/5611 5586/6649/5589
f 5564/6618/5282 5609/6672/5612 5594/6657/5591
f 5588/6651/5592 5603/6666/5614 5602/6665/5613 5587/6650/5590
f 5581/6644/5594 5596/6659/5616 5595/6658/5615 5580/6643/5593
f 5589/6652/5595 5604/6667/5617 5603/6666/5614 5588/6651/5592
f 5582/6645/5596 5597/6660/5618 5596/6659/5616 5581/6644/5594
f 5590/6653/5597 5605/6668/5604 5604/6667/5617 5589/6652/5595
f 5583/6646/5598 5598/6661/5606 5597/6660/5618 5582/6645/5596
f 5564/6619/5282 5624/6701/5619 5609/6672/5612
f 5603/6666/5614 5618/6689/5621 5617/6687/5620 5602/6665/5613
f 5596/6659/5616 5611/6675/5623 5610/6674/5622 5595/6658/5615
f 5604/6667/5617 5619/6691/5624 5618/6689/5621 5603/6666/5614
f 5597/6660/5618 5612/6677/5625 5611/6675/5623 5596/6659/5616
f 5605/6668/5604 5620/6693/5626 5619/6691/5624 5604/6667/5617
f 5598/6661/5606 5613/6679/5627 5612/6677/5625 5597/6660/5618
f 5606/6669/5605 5621/6695/5628 5620/6693/5626 5605/6668/5604
f 5599/6662/5607 5614/6681/5629 5613/6679/5627 5598/6661/5606
f 5607/6670/5608 5622/6697/5630 5621/6695/5628 5606/6669/5605
f 5600/6663/5609 5615/6683/5631 5614/6681/5629 5599/6662/5607
f 5608/6671/5610 5623/6699/5632 5622/6697/5630 5607/6670/5608
f 5601/6664/5611 5616/6685/5633 5615/6683/5631 5600/6663/5609
f 5609/6672/5612 5624/6701/5619 5623/6699/5632 5608/6671/5610
f 5602/6665/5613 5617/6687/5620 5616/6685/5633 5601/6664/5611
f 5622/6698/5630 5637/6715/5635 5636/6714/5634 5621/6696/5628
f 5615/6684/5631 5630/6708/5637 5629/6707/5636 5614/6682/5629
f 5623/6700/5632 5638/6716/5638 5637/6715/5635 5622/6698/5630
f 5616/6686/5633 5631/6709/5639 5630/6708/5637 5615/6684/5631
f 5624/6702/5619 5639/6717/5640 5638/6716/5638 5623/6700/5632
f 5617/6688/5620 5632/6710/5641 5631/6709/5639 5616/6686/5633
f 5564/6620/5282 5639/6717/5640 5624/6702/5619
f 5618/6690/5621 5633/6711/5642 5632/6710/5641 5617/6688/5620
f 5611/6676/5623 5626/6704/5644 5625/6703/5643 5610/6673/5622
f 5619/6692/5624 5634/6712/5645 5633/6711/5642 5618/6690/5621
f 5612/6678/5625 5627/6705/5646 5626/6704/5644 5611/6676/5623
f 5620/6694/5626 5635/6713/5647 5634/6712/5645 5619/6692/5624
f 5613/6680/5627 5628/6706/5648 5627/6705/5646 5612/6678/5625
f 5621/6696/5628 5636/6714/5634 5635/6713/5647 5620/6694/5626
f 5614/6682/5629 5629/6707/5636 5628/6706/5648 5613/6680/5627
f 5626/6704/5644 5641/6719/5650 5640/6718/5649 5625/6703/5643
f 5634/6712/5645 5649/6727/5652 5648/6726/5651 5633/6711/5642
f 5627/6705/5646 5642/6720/5653 5641/6719/5650 5626/6704/5644
f 5635/6713/5647 5650/6728/5654 5649/6727/5652 5634/6712/5645
f 5628/6706/5648 5643/6721/5655 5642/6720/5653 5627/6705/5646
f 5636/6714/5634 5651/6729/5656 5650/6728/5654 5635/6713/5647
f 5629/6707/5636 5644/6722/5657 5643/6721/5655 5628/6706/5648
f 5637/6715/5635 5652/6730/5658 5651/6729/5656 5636/6714/5634
f 5630/6708/5637 5645/6723/5659 5644/6722/5657 5629/6707/5636
f 5638/6716/5638 5653/6731/5660 5652/6730/5658 5637/6715/5635
f 5631/6709/5639 5646/6724/5661 5645/6723/5659 5630/6708/5637
f 5639/6717/5640 5654/6732/5662 5653/6731/5660 5638/6716/5638
f 5632/6710/5641 5647/6725/5663 5646/6724/5661 5631/6709/5639
f 5564/6621/5282 5654/6732/5662 5639/6717/5640
f 5633/6711/5642 5648/6726/5651 5647/6725/5663 5632/6710/5641
f 5645/6723/5659 5660/6738/5665 5659/6737/5664 5644/6722/5657
f 5653/6731/5660 5668/6746/5667 5667/6745/5666 5652/6730/5658
f 5646/6724/5661 5661/6739/5668 5660/6738/5665 5645/6723/5659
f 5654/6732/5662 5669/6747/5669 5668/6746/5667 5653/6731/5660
f 5647/6725/5663 5662/6740/5670 5661/6739/5668 5646/6724/5661
f 5564/6622/5282 5669/6747/5669 5654/6732/5662
f 5648/6726/5651 5663/6741/5671 5662/6740/5670 5647/6725/5663
f 5641/6719/5650 5656/6734/5673 5655/6733/5672 5640/6718/5649
f 5649/6727/5652 5664/6742/5674 5663/6741/5671 5648/6726/5651
f 5642/6720/5653 5657/6735/5675 5656/6734/5673 5641/6719/5650
f 5650/6728/5654 5665/6743/5676 5664/6742/5674 5649/6727/5652
f 5643/6721/5655 5658/6736/5677 5657/6735/5675 5642/6720/5653
f 5651/6729/5656 5666/6744/5678 5665/6743/5676 5650/6728/5654
f 5644/6722/5657 5659/6737/5664 5658/6736/5677 5643/6721/5655
f 5652/6730/5658 5667/6745/5666 5666/6744/5678 5651/6729/5656
f 5664/6742/5674 5679/6757/5680 5678/6756/5679 5663/6741/5671
f 5657/6735/5675 5672/6750/5682 5671/6749/5681 5656/6734/5673
f 5665/6743/5676 5680/6758/5683 5679/6757/5680 5664/6742/5674
f 5658/6736/5677 5673/6751/5684 5672/6750/5682 5657/6735/5675
f 5666/6744/5678 5681/6759/5685 5680/6758/5683 5665/6743/5676
f 5659/6737/5664 5674/6752/5686 5673/6751/5684 5658/6736/5677
f 5667/6745/5666 5682/6760/5687 5681/6759/5685 5666/6744/5678
f 5660/6738/5665 5675/6753/5688 5674/6752/5686 5659/6737/5664
f 5668/6746/5667 5683/6761/5689 5682/6760/5687 5667/6745/5666
f 5661/6739/5668 5676/6754/5690 5675/6753/5688 5660/6738/5665
f 5669/6747/5669 5684/6762/5691 5683/6761/5689 5668/6746/5667
f 5662/6740/5670 5677/6755/5692 5676/6754/5690 5661/6739/5668
f 5564/6623/5282 5684/6762/5691 5669/6747/5669
f 5663/6741/5671 5678/6756/5679 5677/6755/5692 5662/6740/5670
f 5656/6734/5673 5671/6749/5681 5670/6748/5693 5655/6733/5672
f 5683/6761/5689 5698/6776/5695 5697/6775/5694 5682/6760/5687
f 5676/6754/5690 5691/6769/5697 5690/6768/5696 5675/6753/5688
f 5684/6762/5691 5699/6777/5698 5698/6776/5695 5683/6761/5689
f 5677/6755/5692 5692/6770/5699 5691/6769/5697 5676/6754/5690
f 5564/6624/5282 5699/6777/5698 5684/6762/5691
f 5678/6756/5679 5693/6771/5700 5692/6770/5699 5677/6755/5692
f 5671/6749/5681 5686/6764/5702 5685/6763/5701 5670/6748/5693
f 5679/6757/5680 5694/6772/5703 5693/6771/5700 5678/6756/5679
f 5672/6750/5682 5687/6765/5704 5686/6764/5702 5671/6749/5681
f 5680/6758/5683 5695/6773/5705 5694/6772/5703 5679/6757/5680
f 5673/6751/5684 5688/6766/5706 5687/6765/5704 5672/6750/5682
f 5681/6759/5685 5696/6774/5707 5695/6773/5705 5680/6758/5683
f 5674/6752/5686 5689/6767/5708 5688/6766/5706 5673/6751/5684
f 5682/6760/5687 5697/6775/5694 5696/6774/5707 5681/6759/5685
f 5675/6753/5688 5690/6768/5696 5689/6767/5708 5674/6752/5686
f 5687/6765/5704 5702/6780/5710 5701/6779/5709 5686/6764/5702
f 5695/6773/5705 5710/6788/5712 5709/6787/5711 5694/6772/5703
f 5688/6766/5706 5703/6781/5713 5702/6780/5710 5687/6765/5704
f 5696/6774/5707 5711/6789/5714 5710/6788/5712 5695/6773/5705
f 5689/6767/5708 5704/6782/5715 5703/6781/5713 5688/6766/5706
f 5697/6775/5694 5712/6790/5716 5711/6789/5714 5696/6774/5707
f 5690/6768/5696 5705/6783/5717 5704/6782/5715 5689/6767/5708
f 5698/6776/5695 5713/6791/5718 5712/6790/5716 5697/6775/5694
f 5691/6769/5697 5706/6784/5719 5705/6783/5717 5690/6768/5696
f 5699/6777/5698 5714/6792/5720 5713/6791/5718 5698/6776/5695
f 5692/6770/5699 5707/6785/5721 5706/6784/5719 5691/6769/5697
f 5564/6625/5282 5714/6792/5720 5699/6777/5698
f 5693/6771/5700 5708/6786/5722 5707/6785/5721 5692/6770/5699
f 5686/6764/5702 5701/6779/5709 5700/6778/5723 5685/6763/5701
f 5694/6772/5703 5709/6787/5711 5708/6786/5722 5693/6771/5700
f 5706/6784/5719 5721/6799/5725 5720/6798/5724 5705/6783/5717
f 5714/6792/5720 5729/6807/5727 5728/6806/5726 5713/6791/5718
f 5707/6785/5721 5722/6800/5728 5721/6799/5725 5706/6784/5719
f 5564/6626/5282 5729/6807/5727 5714/6792/5720
f 5708/6786/5722 5723/6801/5730 5722/6800/5728 5707/6785/5721
f 5701/6779/5709 5716/6794/5731 5715/6793/5729 5700/6778/5723
f 5709/6787/5711 5724/6802/5732 5723/6801/5730 5708/6786/5722
f 5702/6780/5710 5717/6795/5733 5716/6794/5731 5701/6779/5709
f 5710/6788/5712 5725/6803/5734 5724/6802/5732 5709/6787/5711
f 5703/6781/5713 5718/6796/5735 5717/6795/5733 5702/6780/5710
f 5711/6789/5714 5726/6804/5736 5725/6803/5734 5710/6788/5712
f 5704/6782/5715 5719/6797/5737 5718/6796/5735 5703/6781/5713
f 5712/6790/5716 5727/6805/5738 5726/6804/5736 5711/6789/5714
f 5705/6783/5717 5720/6798/5724 5719/6797/5737 5704/6782/5715
f 5713/6791/5718 5728/6806/5726 5727/6805/5738 5712/6790/5716
f 5725/6803/5734 5263/6295/5258 5734/6812/5259 5724/6802/5732
f 5718/6796/5735 5732/6810/5262 5258/6290/5263 5717/6795/5733
f 5726/6804/5736 5735/6813/5266 5263/6295/5258 5725/6803/5734
f 5719/6797/5737 5259/6291/5268 5732/6810/5262 5718/6796/5735
f 5727/6805/5738 5736/6814/5270 5735/6813/5266 5726/6804/5736
f 5720/6798/5724 5733/6811/5272 5259/6291/5268 5719/6797/5737
f 5728/6806/5726 5737/6815/5274 5736/6814/5270 5727/6805/5738
f 5721/6799/5725 5260/6292/5276 5733/6811/5272 5720/6798/5724
f 5729/6807/5727 5738/6816/5278 5737/6815/5274 5728/6806/5726
f 5722/6800/5728 5261/6293/5280 5260/6292/5276 5721/6799/5725
f 5564/6627/5282 5738/6816/5278 5729/6807/5727
f 5723/6801/5730 5262/6294/5283 5261/6293/5280 5722/6800/5728
f 5716/6794/5731 5731/6809/5285 5730/6808/5286 5715/6793/5729
f 5724/6802/5732 5734/6812/5259 5262/6294/5283 5723/6801/5730
f 5717/6795/5733 5258/6290/5263 5731/6809/5285 5716/6794/5731
usemtl Material.003
f 5279/6311/5289 5294/6326/5312 5309/6341/5333 5324/6356/5341 5339/6371/5362 5354/6386/5369 5369/6401/5391 5384/6416/5398 5399/6431/5420 5414/6446/5427 5429/6461/5449 5444/6476/5456 5459/6491/5478 5474/6506/5498 5489/6521/5506 5504/6536/5528 5519/6551/5535 5534/6566/5557 5549/6581/5564 5565/6628/5586 5580/6643/5593 5595/6658/5615 5610/6674/5622 5625/6703/5643 5640/6718/5649 5655/6733/5672 5670/6748/5693 5685/6763/5701 5700/6778/5723 5715/6793/5729 5730/6808/5286 5264/6296/5287
