# Blender v2.80 (sub 75) OBJ File: 'untitled.blend'
# www.blender.org
mtllib buddha_lowpoly.mtl
o buddha_instant_meshes
v 0.041670 0.076661 0.037724
v 0.040862 0.066386 0.041486
v 0.038512 0.080510 0.032454
v 0.048806 0.081145 0.031928
v 0.030750 0.070590 0.037469
v 0.065825 0.068553 0.045797
v 0.026351 0.075780 0.032466
v 0.043719 0.061184 0.041489
v 0.065309 0.078060 0.041283
v 0.045405 0.082366 0.025100
v 0.041593 0.058264 0.042056
v 0.053170 0.081960 0.025518
v 0.028034 0.063174 0.037299
v 0.062355 0.057976 0.043842
v 0.045803 0.087232 0.022586
v 0.035608 0.081946 0.024218
v 0.064874 0.083141 0.026835
v 0.057154 0.084093 0.023263
v 0.073887 0.073611 0.042804
v 0.050229 0.087488 0.016713
v 0.040883 0.088227 0.016353
v 0.016915 0.076658 0.024787
v 0.043639 0.052470 0.055108
v 0.056833 0.056967 0.044891
v 0.074078 0.079453 0.036879
v 0.013266 0.069334 0.030324
v 0.032328 0.057609 0.046947
v 0.073174 0.065694 0.044405
v 0.054376 0.085011 0.013667
v 0.044920 0.088926 0.011235
v 0.061756 0.053805 0.051373
v 0.032438 0.088172 0.010691
v 0.029081 0.087777 0.014132
v 0.049196 0.085268 0.005422
v 0.010820 0.072296 0.026189
v 0.010376 0.065630 0.028269
v 0.018993 0.060284 0.038295
v 0.031609 0.053421 0.053225
v 0.034585 0.048803 0.056147
v 0.054138 0.050744 0.057473
v 0.079503 0.068869 0.039717
v 0.076162 0.080541 0.025278
v 0.038683 0.090861 0.014241
v 0.019073 0.087496 0.018600
v 0.047323 0.089547 0.006151
v 0.005613 0.068456 0.027221
v 0.019170 0.082874 0.022991
v 0.019786 0.055477 0.047570
v 0.042596 0.047657 0.061310
v 0.060632 0.047090 0.059304
v 0.070348 0.055127 0.043296
v 0.062302 0.084574 0.007430
v 0.081009 0.076121 0.034011
v 0.031960 0.100564 0.011378
v 0.002647 0.063773 0.031877
v 0.007879 0.060554 0.036374
v 0.013820 0.059004 0.036132
v 0.054444 0.084033 0.001217
v 0.041169 0.096660 0.014018
v 0.006183 0.079570 0.027041
v 0.080209 0.058393 0.036316
v 0.082653 0.075264 0.026124
v 0.052120 0.087807 -0.003683
v 0.026848 0.083978 0.003167
v 0.017414 0.086930 0.011046
v 0.010444 0.055635 0.048513
v 0.021522 0.052014 0.058826
v 0.006528 0.056030 0.043709
v 0.043662 0.047441 0.068989
v 0.084665 0.068848 0.029908
v 0.074563 0.077066 0.008146
v 0.070963 0.080293 0.009017
v 0.069442 0.082260 0.003543
v 0.043696 0.105188 0.006514
v 0.051201 0.099334 0.004195
v 0.009433 0.084432 0.012544
v 0.011062 0.084937 0.020224
v 0.000650 0.076105 0.030771
v -0.005439 0.065306 0.033988
v 0.018043 0.047345 0.065030
v 0.047902 0.044955 0.072929
v 0.075894 0.048190 0.055893
v 0.078817 0.054585 0.039018
v 0.083842 0.068268 0.022068
v 0.037057 0.102747 0.012340
v 0.029499 0.103284 0.005895
v 0.025830 0.096737 0.003429
v 0.017913 0.083984 0.005913
v 0.053810 0.087418 -0.013939
v 0.071104 0.051689 0.053149
v 0.082104 0.055156 0.029410
v 0.062078 0.079705 -0.007549
v 0.026636 0.087585 0.002008
v 0.024080 0.084117 0.000061
v 0.057975 0.102862 -0.006034
v -0.001418 0.085316 0.016937
v -0.001615 0.083887 0.026053
v -0.007829 0.079968 0.030837
v -0.005184 0.060045 0.038454
v 0.035641 0.044994 0.075945
v 0.052698 0.036445 0.071912
v 0.044391 0.036468 0.072756
v 0.081229 0.051931 0.049764
v 0.071834 0.078786 0.001555
v 0.035397 0.106171 0.002884
v 0.029470 0.103358 -0.001665
v 0.024869 0.092124 -0.003603
v 0.015309 0.084572 0.001403
v -0.016247 0.077849 0.033578
v -0.021129 0.066313 0.036143
v 0.012780 0.049692 0.063755
v 0.035134 0.033671 0.076524
v 0.072757 0.045617 0.067828
v 0.077990 0.067236 0.007794
v 0.055449 0.082447 -0.017630
v 0.054855 0.109048 -0.003368
v 0.039366 0.110785 -0.000644
v 0.023865 0.087722 -0.003039
v 0.011093 0.079459 0.005880
v 0.062181 0.105781 -0.016441
v -0.008071 0.055882 0.044812
v 0.034194 0.038517 0.074678
v 0.016962 0.047156 0.072148
v 0.046922 0.032502 0.073012
v 0.091000 0.051343 0.039306
v 0.081224 0.055692 0.019768
v 0.045510 0.110775 0.000394
v 0.029165 0.102518 -0.007389
v 0.060417 0.100545 -0.022378
v -0.013282 0.085535 0.023628
v -0.028063 0.070252 0.038460
v 0.016343 0.045541 0.076452
v 0.078898 0.047169 0.058960
v 0.078727 0.056351 0.011440
v 0.053434 0.115401 -0.010245
v 0.061180 0.118228 -0.018487
v 0.012016 0.082702 0.001266
v -0.019332 0.057677 0.045811
v -0.004678 0.054123 0.049815
v 0.041258 0.022253 0.073550
v 0.059945 0.033262 0.072496
v 0.093573 0.048073 0.036548
v 0.090549 0.051779 0.021885
v 0.072740 0.070325 -0.002347
v 0.064627 0.074802 -0.013039
v 0.042059 0.118497 -0.018930
v -0.001523 0.080989 0.005904
v 0.052320 0.082381 -0.028969
v 0.064543 0.116753 -0.023092
v -0.003405 0.084225 0.011386
v -0.021581 0.081973 0.030968
v 0.034626 0.022397 0.078709
v -0.006735 0.047819 0.064700
v 0.070122 0.037430 0.067912
v 0.047237 0.020695 0.070625
v 0.083636 0.045234 0.062569
v 0.084442 0.038582 0.060430
v 0.088502 0.048189 0.049852
v 0.092657 0.048139 0.022410
v 0.072532 0.056195 -0.002759
v 0.048389 0.120589 -0.016657
v 0.052106 0.088033 -0.029453
v -0.028641 0.079972 0.034964
v -0.020985 0.053925 0.052597
v -0.003791 0.051400 0.062722
v 0.016636 0.036144 0.075402
v 0.056589 0.020719 0.071246
v 0.071821 0.033291 0.068182
v 0.095108 0.045349 0.052631
v 0.098397 0.047104 0.032961
v 0.035720 0.112616 -0.017580
v 0.032845 0.110064 -0.016049
v 0.021414 0.101337 -0.005160
v 0.010910 0.095282 -0.000844
v 0.064397 0.110728 -0.028640
v -0.002470 0.084395 0.000269
v -0.009026 0.088793 0.009701
v -0.028779 0.084877 0.027499
v -0.026373 0.060569 0.038508
v -0.031160 0.062562 0.040429
v 0.026716 0.024473 0.075801
v -0.005121 0.047147 0.070196
v 0.002326 0.039609 0.075340
v 0.059127 0.012326 0.062833
v 0.034156 0.011938 0.064724
v 0.067244 0.027022 0.069915
v 0.079916 0.033882 0.064184
v 0.100963 0.044126 0.039666
v 0.079533 0.053356 0.003965
v 0.055292 0.120804 -0.016445
v 0.053071 0.094699 -0.033930
v -0.009009 0.086507 0.002120
v -0.021472 0.085825 0.016957
v -0.029413 0.079282 0.039800
v -0.032724 0.068594 0.047113
v 0.029078 0.017408 0.073877
v 0.062311 0.020812 0.073664
v 0.098957 0.036871 0.037990
v 0.101881 0.044528 0.023030
v 0.100805 0.039351 0.023344
v 0.059941 0.071617 -0.024504
v 0.066404 0.055015 -0.017961
v 0.069496 0.056194 -0.011659
v 0.045051 0.083870 -0.041338
v 0.038733 0.116875 -0.022354
v 0.027767 0.106926 -0.010665
v 0.018269 0.116068 -0.006147
v 0.006397 0.103995 -0.001968
v -0.012988 0.086830 -0.002224
v -0.008457 0.087598 -0.002018
v 0.030220 0.009904 0.065113
v -0.006735 0.045582 0.075119
v 0.084932 0.018259 0.058824
v 0.095204 0.039123 0.048941
v 0.097214 0.045627 0.006518
v 0.047491 0.130935 -0.018812
v 0.063201 0.111983 -0.033956
v 0.065631 0.126337 -0.031493
v -0.033356 0.088411 0.026282
v -0.036643 0.067779 0.052346
v 0.003290 0.032985 0.077763
v 0.062830 0.017980 0.070167
v 0.088700 0.033688 0.059720
v 0.094423 0.034257 0.053773
v 0.099286 0.029708 0.037360
v 0.085968 0.047704 0.004744
v 0.035708 0.116009 -0.022571
v 0.023286 0.128343 -0.010806
v 0.060262 0.132278 -0.022463
v -0.023957 0.090546 0.009388
v -0.030624 0.088619 0.037833
v -0.035108 0.057940 0.049888
v -0.034765 0.075249 0.049188
v 0.020480 0.020285 0.074257
v -0.024999 0.048453 0.060519
v 0.011293 0.025940 0.076458
v 0.027075 0.000992 0.065980
v 0.059960 0.008985 0.061522
v 0.091903 0.028068 0.056824
v 0.073635 0.018709 0.062813
v 0.101822 0.032712 0.023667
v 0.072038 0.050909 -0.014912
v 0.046486 0.066658 -0.042937
v -0.021657 0.087743 -0.010180
v 0.051668 0.103972 -0.041210
v 0.053153 0.114665 -0.044249
v 0.063873 0.122438 -0.037187
v -0.030737 0.085858 0.018944
v -0.040725 0.061004 0.054028
v -0.031178 0.055012 0.053853
v -0.025033 0.050195 0.054654
v 0.018520 0.013635 0.066992
v -0.014231 0.038372 0.074762
v 0.056318 0.001046 0.062916
v 0.081347 0.047631 -0.001432
v 0.076941 0.049328 -0.010984
v 0.059814 0.049149 -0.027095
v 0.033415 0.122627 -0.023351
v 0.028253 0.115520 -0.013677
v 0.038232 0.128807 -0.023685
v -0.001417 0.104110 -0.003630
v 0.041148 0.086662 -0.045714
v 0.064614 0.135710 -0.031119
v -0.036606 0.089769 0.017041
v -0.036226 0.087051 0.020874
v -0.034569 0.091602 0.026908
v -0.033807 0.093342 0.034708
v -0.039350 0.092852 0.039489
v -0.043653 0.081089 0.046388
v -0.037510 0.056899 0.053168
v -0.024133 0.048199 0.071371
v -0.008422 0.033149 0.075336
v 0.026346 -0.001837 0.068155
v 0.071460 0.012002 0.057136
v 0.098159 0.023496 0.032163
v 0.099986 0.032032 0.015106
v 0.096194 0.037650 0.008033
v 0.053837 0.136526 -0.019177
v 0.059559 0.138355 -0.021682
v 0.045590 0.134181 -0.018496
v 0.034589 0.087889 -0.052281
v -0.050334 0.066593 0.050677
v 0.004285 0.022573 0.080121
v 0.010029 0.016757 0.072914
v 0.053666 -0.002228 0.065462
v 0.037552 -0.008995 0.067850
v 0.093243 0.020011 0.057626
v 0.090505 0.039150 -0.005679
v 0.077610 0.046684 -0.015204
v 0.000035 0.117443 -0.005098
v 0.010268 0.126522 -0.006077
v -0.018116 0.097081 -0.011315
v -0.026600 0.084733 -0.015435
v 0.031263 0.082236 -0.052840
v 0.047969 0.111964 -0.045124
v 0.063217 0.142828 -0.026938
v -0.024064 0.086601 -0.001634
v -0.032264 0.089466 0.001133
v -0.036057 0.090230 0.024744
v -0.035861 0.094130 0.023259
v -0.038747 0.100665 0.031597
v -0.046290 0.093401 0.038028
v -0.044601 0.054885 0.053411
v -0.052006 0.075980 0.046008
v 0.012976 0.009134 0.065311
v -0.020217 0.045021 0.076388
v -0.001157 0.021790 0.076820
v 0.056648 -0.008897 0.064767
v 0.092472 0.018032 0.054341
v 0.079362 0.012398 0.051061
v 0.094957 0.023153 0.046968
v 0.069297 0.001931 0.058557
v 0.089490 0.015688 0.025810
v 0.085855 0.043556 -0.015141
v 0.064103 0.047004 -0.025354
v 0.037769 0.068684 -0.048849
v 0.035637 0.136548 -0.022750
v 0.042941 0.144995 -0.021553
v -0.008848 0.112172 -0.008015
v -0.037079 0.090131 0.014028
v -0.034878 0.099560 0.024320
v -0.051089 0.086826 0.039355
v -0.048090 0.059171 0.051795
v -0.042215 0.049812 0.055982
v -0.054560 0.074362 0.040549
v 0.086360 0.015386 0.044826
v 0.101729 0.022283 0.023620
v 0.099769 0.021705 0.019060
v 0.095088 0.030822 0.003247
v 0.051666 0.050753 -0.035528
v 0.033783 0.138563 -0.021760
v 0.057828 0.118910 -0.042705
v 0.057497 0.148216 -0.044568
v 0.062472 0.148535 -0.032866
v 0.058649 0.153473 -0.027609
v -0.040684 0.089399 0.005644
v -0.042637 0.101842 0.031317
v -0.030913 0.101854 0.012349
v -0.053509 0.081911 0.033663
v -0.053562 0.064834 0.042248
v 0.021257 -0.008622 0.068203
v -0.011659 0.019336 0.073747
v 0.077769 0.003151 0.053578
v 0.081314 0.035055 -0.016871
v 0.048588 0.046200 -0.041707
v -0.023562 0.107091 -0.018646
v -0.036192 0.084856 -0.005116
v -0.026501 0.088332 -0.022731
v -0.031760 0.084957 -0.016208
v 0.053162 0.128451 -0.045058
v 0.061230 0.144172 -0.038205
v -0.042872 0.090014 0.012969
v -0.037847 0.091700 0.021380
v -0.032242 0.104528 0.018445
v -0.051836 0.088052 0.037234
v -0.051032 0.060943 0.044168
v -0.051721 0.053939 0.051536
v -0.064085 0.069558 0.038747
v -0.026364 0.036141 0.076537
v 0.075763 -0.002726 0.057953
v 0.085856 0.012546 0.036759
v 0.085716 0.012392 0.022881
v 0.091940 0.033798 -0.007086
v -0.002596 0.124203 -0.004224
v 0.007560 0.134899 -0.005336
v -0.019703 0.109506 -0.020093
v -0.050137 0.082616 0.030883
v -0.046171 0.085050 0.032771
v -0.056364 0.056921 0.041293
v -0.025221 0.030136 0.076057
v 0.085003 0.003366 0.041943
v 0.095123 0.023635 0.011028
v 0.040009 0.047952 -0.044270
v 0.024389 0.072300 -0.054813
v 0.043827 0.154207 -0.022647
v 0.047831 0.162587 -0.025074
v -0.010775 0.118554 -0.006005
v -0.022767 0.105745 -0.020128
v 0.026544 0.105470 -0.055937
v 0.035192 0.110469 -0.053617
v 0.038407 0.121427 -0.052636
v 0.049454 0.143668 -0.049997
v -0.044412 0.085621 0.006470
v -0.043673 0.089176 0.017449
v -0.046559 0.101193 0.027480
v -0.033082 0.098342 0.011435
v -0.046729 0.082550 0.033165
v -0.062642 0.077132 0.035653
v -0.047968 0.049068 0.056778
v -0.045326 0.045395 0.072340
v 0.003844 0.009931 0.065680
v 0.010847 -0.008919 0.067767
v -0.032220 0.038844 0.072685
v 0.087206 -0.002289 0.045600
v 0.086786 0.004018 0.030440
v 0.089082 0.020796 -0.001632
v 0.071482 0.031276 -0.027403
v 0.086007 0.029203 -0.011820
v 0.055856 0.042712 -0.043729
v 0.017779 0.134398 -0.008356
v 0.030539 0.144323 -0.015971
v 0.037798 0.152089 -0.021584
v -0.002786 0.132256 -0.007621
v -0.016024 0.109405 -0.019187
v -0.022131 0.108262 -0.018897
v -0.028165 0.086568 -0.032357
v -0.036808 0.083724 -0.022413
v -0.051567 0.083760 -0.000188
v 0.058914 0.164625 -0.036262
v -0.048187 0.094156 0.026116
v -0.035343 0.109778 0.016588
v -0.060274 0.055507 0.042499
v -0.062172 0.051775 0.049393
v -0.020138 0.018844 0.074150
v 0.074782 -0.009097 0.058786
v 0.080564 -0.009167 0.054393
v 0.090218 0.022456 -0.006714
v 0.068280 0.043573 -0.032856
v 0.024753 0.047614 -0.050081
v 0.052423 0.165681 -0.028397
v 0.028970 0.150820 -0.012685
v -0.011395 0.126458 -0.012197
v -0.021445 0.112416 -0.017565
v -0.022804 0.098297 -0.038506
v 0.009679 0.073173 -0.057239
v 0.057978 0.158507 -0.043654
v -0.054135 0.084767 0.005571
v -0.045699 0.085147 0.015216
v -0.042491 0.084802 0.025708
v -0.044749 0.091239 0.018638
v -0.041060 0.112917 0.013874
v -0.062696 0.082056 0.021970
v -0.069186 0.075878 0.029088
v -0.071378 0.069393 0.028936
v -0.065067 0.057116 0.035151
v -0.021048 0.009557 0.064479
v -0.026751 0.012232 0.065648
v 0.079784 0.012125 0.002735
v 0.078429 0.020112 -0.013179
v 0.054427 0.035986 -0.041762
v 0.046317 0.166971 -0.023678
v -0.021920 0.116152 -0.015656
v -0.022526 0.111071 -0.018792
v 0.011273 0.099446 -0.059244
v 0.045170 0.146455 -0.051979
v -0.031988 0.113781 0.003717
v -0.070438 0.053409 0.046389
v -0.065527 0.048886 0.049713
v -0.062252 0.048268 0.061377
v -0.017724 0.002364 0.064464
v -0.043118 0.038340 0.070267
v -0.026536 0.023454 0.077744
v 0.085224 -0.008876 0.048003
v 0.089837 -0.001686 0.027354
v 0.084468 0.003458 0.016618
v 0.070358 0.018656 -0.021806
v 0.052634 0.027030 -0.041715
v 0.013920 0.145033 -0.007687
v -0.021694 0.107987 -0.025802
v -0.021189 0.110913 -0.020803
v -0.052083 0.081037 -0.008889
v 0.030782 0.128290 -0.058134
v 0.050846 0.159910 -0.053122
v -0.059801 0.081369 0.008219
v -0.046391 0.095512 0.017076
v -0.044770 0.092954 0.015650
v -0.045592 0.114579 0.004030
v -0.000165 -0.009088 0.067079
v -0.040838 0.033544 0.071679
v -0.033038 0.024053 0.072737
v 0.089786 -0.008300 0.037525
v 0.088666 -0.005239 0.019435
v 0.052909 0.172287 -0.028398
v 0.021648 0.157510 -0.009816
v 0.040558 0.163572 -0.018629
v -0.006379 0.137979 -0.009023
v -0.015207 0.137114 -0.014861
v -0.027479 0.083787 -0.041106
v -0.039132 0.078532 -0.033028
v 0.058488 0.173300 -0.037550
v -0.057922 0.078369 -0.003604
v -0.062036 0.078110 0.000888
v -0.032277 0.114661 -0.002264
v -0.067125 0.078943 0.019832
v -0.069874 0.058597 0.025154
v -0.055991 0.039776 0.067270
v -0.070590 0.056988 0.022855
v 0.085803 -0.001414 0.012194
v 0.081167 0.011801 0.006564
v 0.040289 0.042834 -0.051569
v 0.040902 0.036803 -0.049005
v 0.057669 0.018260 -0.032921
v -0.011790 0.141554 -0.011941
v -0.019436 0.131695 -0.023087
v -0.022961 0.111216 -0.019528
v -0.021599 0.115192 -0.034318
v -0.022251 0.082053 -0.048652
v -0.053706 0.074744 -0.015489
v -0.062071 0.069448 -0.004136
v -0.002288 0.071287 -0.056959
v 0.023041 0.123717 -0.057871
v 0.057913 0.166991 -0.047377
v -0.047101 0.097282 0.014221
v -0.063287 0.076518 0.004833
v -0.033873 0.120347 -0.004892
v -0.040797 0.097980 0.003112
v -0.019701 -0.001651 0.067183
v 0.091021 -0.007162 0.029394
v 0.090103 -0.008815 0.021177
v 0.005104 0.059489 -0.054945
v 0.038216 0.174652 -0.022812
v 0.032494 0.168721 -0.017370
v 0.048491 0.177467 -0.028722
v 0.011399 0.149478 -0.008962
v -0.021582 0.108625 -0.023699
v -0.021297 0.109354 -0.021201
v -0.020479 0.110987 -0.037232
v -0.045817 0.069465 -0.030170
v -0.052765 0.057969 -0.022736
v 0.036585 0.151647 -0.057518
v -0.048323 0.109153 0.005578
v -0.034634 0.103018 -0.007744
v -0.030520 0.111419 -0.010678
v -0.071849 0.070945 0.022110
v -0.078461 0.053169 0.039059
v -0.068858 0.045871 0.062940
v -0.056096 0.036942 0.069668
v 0.078977 0.002390 0.002680
v 0.068826 0.012677 -0.014518
v 0.070008 0.010102 -0.011228
v 0.037857 0.027003 -0.049128
v -0.027497 0.114109 -0.012275
v -0.023785 0.116246 -0.029898
v -0.019784 0.097113 -0.046022
v -0.013808 0.095085 -0.053197
v -0.026274 0.071492 -0.048638
v -0.000211 0.104663 -0.059391
v 0.045434 0.165061 -0.054883
v -0.045083 0.094778 0.012818
v -0.065288 0.067716 0.003348
v -0.041840 0.120755 -0.006660
v -0.044990 0.099962 0.004306
v -0.077306 0.049534 0.042608
v -0.080920 0.046804 0.051749
v -0.069134 0.039430 0.059636
v -0.017248 -0.008419 0.066860
v -0.049536 0.021345 0.069343
v -0.040418 0.020988 0.068922
v 0.024419 0.036900 -0.054369
v -0.014997 0.068393 -0.054142
v 0.024970 0.166679 -0.013325
v 0.052182 0.179940 -0.035800
v -0.008256 0.149444 -0.010634
v -0.030582 0.125383 -0.011770
v -0.022493 0.109966 -0.021301
v -0.009778 0.087536 -0.056195
v 0.042971 0.184394 -0.049635
v -0.047210 0.108658 -0.004895
v -0.032620 0.109287 -0.013477
v -0.052562 0.028106 0.070404
v -0.036864 0.012915 0.062569
v 0.078416 -0.001728 -0.001881
v 0.067079 0.002761 -0.013722
v 0.014234 0.042654 -0.056951
v 0.054556 0.178612 -0.043046
v -0.022158 0.131006 -0.023025
v -0.029803 0.113274 -0.018996
v -0.061364 0.059225 -0.007646
v 0.022897 0.140465 -0.059291
v -0.081950 0.049150 0.028603
v -0.089314 0.047605 0.029368
v -0.056246 0.023070 0.071091
v -0.081342 0.052811 0.028243
v -0.078910 0.053919 0.018255
v -0.039149 0.003137 0.061602
v 0.076138 -0.008273 -0.005442
v 0.045119 0.017891 -0.041013
v 0.055577 0.011952 -0.026981
v 0.007563 0.048190 -0.052025
v 0.031270 0.178347 -0.020854
v -0.006266 0.160642 -0.012839
v -0.024150 0.110545 -0.020366
v -0.022281 0.125328 -0.037437
v -0.014968 0.122409 -0.051078
v -0.032414 0.063229 -0.043758
v -0.060174 0.054084 -0.017316
v 0.052723 0.173143 -0.051043
v -0.062862 0.059625 0.000126
v -0.044579 0.108563 -0.013287
v -0.078469 0.041049 0.051747
v -0.070965 0.034069 0.059592
v -0.066124 0.058248 0.005893
v 0.084610 -0.007916 0.006516
v 0.055689 0.003010 -0.024812
v -0.005021 0.048612 -0.051738
v 0.036948 0.186960 -0.032663
v 0.040604 0.188232 -0.041339
v -0.017716 0.149349 -0.016861
v -0.021356 0.144846 -0.023003
v -0.023503 0.142158 -0.022952
v -0.038444 0.127565 -0.011333
v -0.041268 0.050751 -0.034160
v 0.038273 0.167401 -0.059527
v 0.033102 0.165112 -0.060071
v -0.033112 0.112231 -0.015542
v -0.083362 0.040542 0.043630
v -0.064823 0.031543 0.063026
v -0.060445 0.023973 0.064216
v -0.052206 0.018899 0.065211
v -0.070536 0.055428 0.003178
v -0.082392 0.049763 0.016209
v -0.022102 -0.009367 0.065915
v 0.040986 0.010796 -0.036011
v 0.022417 0.022750 -0.052668
v -0.029623 0.145470 -0.020166
v -0.065914 0.049668 -0.015567
v -0.008885 0.117461 -0.056813
v 0.002411 0.138278 -0.060957
v 0.042340 0.177558 -0.056708
v -0.080213 0.037016 0.053918
v -0.086296 0.034995 0.038043
v -0.072589 0.051909 0.004486
v 0.063299 -0.001657 -0.021177
v 0.003177 0.043014 -0.057809
v 0.018190 0.176936 -0.019948
v -0.014623 0.157550 -0.014210
v -0.044068 0.125520 -0.014225
v -0.046299 0.118678 -0.016524
v -0.030279 0.110968 -0.016898
v -0.040217 0.117969 -0.028239
v -0.030478 0.121393 -0.032696
v -0.024380 0.134509 -0.041717
v -0.030438 0.049924 -0.042902
v -0.041865 0.048582 -0.034937
v -0.053067 0.049355 -0.025563
v -0.003321 0.128956 -0.059969
v 0.011407 0.140859 -0.059497
v -0.044830 0.117064 -0.021824
v -0.089319 0.041850 0.023081
v -0.066366 0.018864 0.057856
v -0.080762 0.049538 -0.000912
v -0.040225 -0.001457 0.064504
v 0.025743 0.019046 -0.049400
v 0.025547 0.188890 -0.032219
v 0.035367 0.189259 -0.048297
v -0.014081 0.166597 -0.017040
v -0.025535 0.165309 -0.026152
v -0.018388 0.131458 -0.048825
v -0.051449 0.047763 -0.036011
v 0.015400 0.155730 -0.062442
v 0.035460 0.179137 -0.057738
v -0.069743 0.054361 -0.007140
v -0.080902 0.030547 0.052720
v -0.072936 0.024711 0.057151
v -0.090641 0.047563 0.019433
v -0.034855 -0.008292 0.065102
v -0.046322 0.011004 0.059892
v 0.026024 0.013947 -0.043027
v -0.003682 0.169480 -0.016624
v -0.041725 0.125540 -0.030909
v -0.013904 0.132563 -0.055141
v -0.078576 0.047311 -0.013250
v -0.072147 0.049751 -0.006096
v -0.084290 0.025678 0.037755
v -0.091893 0.036923 0.024699
v -0.085879 0.047038 -0.000118
v -0.087600 0.041716 0.012098
v -0.050163 -0.007854 0.060539
v -0.061086 0.012850 0.054027
v 0.053878 -0.008684 -0.029748
v 0.045790 -0.000520 -0.033946
v 0.004961 0.031468 -0.056412
v 0.004191 0.188233 -0.029310
v -0.039913 0.142356 -0.018777
v -0.036391 0.131374 -0.037715
v -0.016363 0.048344 -0.049334
v -0.032341 0.047566 -0.044889
v -0.051165 0.045195 -0.041769
v -0.064256 0.045616 -0.030560
v -0.065531 0.039314 -0.027569
v 0.013938 0.159459 -0.064458
v -0.082350 0.026146 0.048909
v 0.041502 0.003231 -0.033985
v 0.026121 0.191303 -0.056371
v 0.031852 0.190749 -0.040477
v 0.020334 0.187417 -0.061877
v -0.045152 0.137038 -0.022756
v -0.023560 0.145242 -0.050728
v -0.049693 0.039987 -0.041014
v 0.022543 0.174512 -0.063423
v -0.078315 0.020637 0.054535
v -0.068800 0.013077 0.049627
v -0.084829 0.040263 0.003075
v -0.090981 0.030765 0.024696
v -0.060455 0.004131 0.054231
v 0.064789 -0.009000 -0.021690
v 0.022562 0.002651 -0.040771
v 0.010180 0.012795 -0.045081
v 0.027331 0.195702 -0.047730
v -0.015961 0.177793 -0.026485
v -0.032233 0.158214 -0.023885
v -0.045352 0.129977 -0.029121
v -0.073361 0.037399 -0.017683
v -0.067702 0.031373 -0.024684
v -0.079009 0.019401 0.043372
v -0.093056 0.023926 0.023232
v -0.087589 0.035398 0.009065
v -0.066311 0.000757 0.053956
v 0.048008 -0.008091 -0.033665
v -0.017198 0.038190 -0.054383
v -0.017073 0.043686 -0.055347
v -0.044322 0.146523 -0.023615
v -0.040203 0.139377 -0.041236
v -0.036379 0.044487 -0.048654
v -0.073865 0.016669 0.050251
v -0.083832 0.020241 0.032960
v 0.037810 -0.007504 -0.038794
v 0.028973 -0.000561 -0.041351
v -0.006852 0.020699 -0.053108
v 0.021271 0.195103 -0.038330
v 0.016108 0.196199 -0.035492
v -0.023845 0.177103 -0.030564
v -0.046977 0.143064 -0.029261
v -0.040747 0.159336 -0.026255
v -0.035647 0.145618 -0.047291
v -0.011030 0.141305 -0.059222
v -0.056120 0.029821 -0.035567
v -0.069786 0.022294 -0.019255
v -0.084592 0.039798 -0.002645
v -0.075642 0.013407 0.039085
v -0.085580 0.027995 0.007199
v -0.088999 0.026375 0.017122
v -0.063755 -0.004039 0.054671
v -0.071214 0.006031 0.046230
v 0.004062 0.018416 -0.052203
v 0.025333 0.199241 -0.047811
v -0.036602 0.167058 -0.028046
v -0.041460 0.029730 -0.045153
v 0.000165 0.156376 -0.062773
v 0.004660 0.170918 -0.065726
v -0.079332 0.014043 0.028148
v -0.083970 0.021844 0.014198
v -0.084455 0.017614 0.028081
v 0.012011 0.183226 -0.064228
v 0.019573 0.195895 -0.058652
v 0.023505 0.200295 -0.052233
v 0.021058 0.201134 -0.040650
v -0.057759 0.019581 -0.031442
v -0.081007 0.027036 -0.011483
v -0.082192 0.036007 -0.008764
v -0.064215 -0.008792 0.054257
v 0.011907 0.199890 -0.034102
v 0.003676 0.198225 -0.035824
v -0.033936 0.173009 -0.028752
v -0.044453 0.146761 -0.041170
v -0.023781 0.152625 -0.055628
v -0.014652 0.157514 -0.061260
v 0.008068 -0.000876 -0.045259
v 0.018411 -0.008082 -0.043761
v 0.007606 0.002862 -0.043036
v -0.004950 0.013117 -0.045623
v -0.014694 0.029396 -0.054219
v -0.026905 0.031068 -0.051348
v 0.024048 0.202177 -0.045531
v -0.004707 0.191661 -0.035819
v -0.028775 0.179605 -0.032103
v -0.041468 0.174153 -0.037452
v -0.039330 0.154168 -0.050235
v -0.042691 0.020811 -0.042543
v -0.039406 0.012428 -0.036736
v -0.008688 0.164178 -0.064597
v -0.085099 0.023640 -0.006183
v -0.083534 0.026787 0.000161
v -0.075220 -0.007699 0.045291
v 0.007768 0.189235 -0.064519
v 0.009227 0.196575 -0.062666
v 0.018401 0.203256 -0.060784
v 0.025722 0.204942 -0.046672
v 0.016604 0.207329 -0.027736
v -0.015532 0.188743 -0.039585
v -0.024243 0.165063 -0.060394
v -0.074177 0.019511 -0.011456
v -0.067846 0.010900 -0.011584
v -0.011493 0.172163 -0.065032
v -0.079613 0.005212 0.027035
v -0.079643 0.000164 0.035840
v -0.079930 0.019125 0.000451
v -0.079824 0.012730 0.014675
v -0.005567 0.003704 -0.043501
v -0.000961 0.187618 -0.064191
v 0.027246 0.209134 -0.047055
v 0.006329 0.204856 -0.025897
v -0.044646 0.159671 -0.046072
v -0.034321 0.168330 -0.057710
v -0.024758 0.020184 -0.048740
v -0.057633 0.013111 -0.024383
v 0.024583 0.206770 -0.052898
v 0.022192 0.208578 -0.031729
v -0.002137 0.199989 -0.037818
v -0.010528 0.193833 -0.045599
v -0.026935 0.183845 -0.038816
v -0.046265 0.162286 -0.035955
v -0.079720 -0.007284 0.032364
v 0.027168 0.211763 -0.052806
v 0.023494 0.210144 -0.062945
v 0.031515 0.205092 -0.048283
v 0.029042 0.208619 -0.047539
v 0.029274 0.214855 -0.046884
v -0.001508 0.205271 -0.029306
v -0.034130 0.181803 -0.043693
v -0.042147 0.173999 -0.044995
v -0.030080 0.013977 -0.040619
v -0.044438 0.002881 -0.032798
v -0.058341 0.003420 -0.021860
v -0.081201 0.001269 0.021369
v -0.074413 0.013763 -0.002179
v 0.003164 -0.008797 -0.044613
v 0.008360 0.200723 -0.064277
v -0.001559 0.195735 -0.060395
v 0.026877 0.206805 -0.050769
v 0.032518 0.225772 -0.050836
v 0.026027 0.212953 -0.035869
v 0.012356 0.218708 -0.025446
v 0.006297 0.213993 -0.025140
v -0.023751 0.013262 -0.042757
v -0.072144 0.004337 -0.002787
v -0.076991 0.004767 0.008567
v -0.017943 0.180505 -0.062011
v 0.032096 0.224279 -0.056022
v 0.034568 0.217869 -0.052970
v 0.028526 0.206102 -0.046928
v 0.024649 0.222174 -0.031806
v 0.018441 0.227905 -0.027578
v -0.007687 0.208600 -0.033473
v -0.019575 0.189195 -0.048801
v -0.041452 0.167963 -0.051938
v -0.056784 0.000080 -0.025814
v -0.071884 0.000795 -0.007271
v -0.065187 -0.006590 -0.015313
v -0.079079 -0.000044 0.009496
v -0.009641 -0.001227 -0.045302
v -0.012927 0.186135 -0.060472
v 0.015387 0.210711 -0.069925
v 0.024611 0.224115 -0.069691
v 0.034234 0.221197 -0.053923
v 0.029602 0.232956 -0.042567
v -0.006275 0.201734 -0.044798
v -0.016014 0.195208 -0.048830
v -0.034545 0.180317 -0.050487
v -0.035270 0.176246 -0.054776
v -0.050640 -0.007830 -0.029847
v -0.002793 -0.008812 -0.045194
v 0.001001 0.209657 -0.068892
v -0.017756 0.187619 -0.055994
v 0.005475 0.220202 -0.023289
v 0.002035 0.220273 -0.026496
v -0.004907 0.220159 -0.028677
v -0.009986 0.205922 -0.045395
v -0.036253 -0.000763 -0.038651
v -0.076323 -0.008537 0.008240
v -0.080393 -0.006722 0.015517
v -0.001713 0.203305 -0.061271
v 0.030253 0.223890 -0.060768
v 0.018428 0.234553 -0.026520
v 0.005879 0.235645 -0.025540
v -0.012347 0.219275 -0.037934
v -0.015407 0.197179 -0.048430
v -0.012399 0.195085 -0.051107
v -0.026278 0.002725 -0.039837
v -0.016449 -0.007986 -0.044102
v -0.008549 0.199400 -0.051440
v -0.009483 0.196150 -0.052504
v 0.033709 0.228344 -0.052269
v 0.003217 0.228491 -0.027181
v -0.016573 0.199331 -0.050124
v -0.074354 -0.007633 -0.001147
v -0.009237 0.206890 -0.053534
v 0.029120 0.231872 -0.068488
v 0.024309 0.229508 -0.031649
v 0.017859 0.249595 -0.028159
v -0.015431 0.217541 -0.049298
v -0.032317 -0.007234 -0.040166
v -0.010620 0.211855 -0.054027
v -0.004889 0.220845 -0.071296
v 0.014603 0.221964 -0.074167
v 0.035416 0.234897 -0.054291
v 0.034439 0.235752 -0.047994
v 0.026157 0.244939 -0.033575
v 0.009489 0.246050 -0.027433
v -0.019620 0.217957 -0.054618
v -0.011018 0.206704 -0.053223
v 0.020072 0.238245 -0.077136
v 0.034218 0.244253 -0.059596
v 0.031934 0.244401 -0.039449
v -0.005956 0.234659 -0.028230
v -0.011367 0.200271 -0.051969
v 0.002176 0.222714 -0.075702
v 0.033123 0.247687 -0.043646
v -0.011614 0.232150 -0.034194
v -0.014334 0.217087 -0.056572
v -0.012429 0.224834 -0.065811
v 0.028244 0.245262 -0.070104
v 0.023514 0.252138 -0.031183
v -0.000173 0.249522 -0.027432
v -0.004262 0.245278 -0.029417
v -0.010151 0.214358 -0.062022
v 0.003902 0.237506 -0.079573
v 0.030646 0.254101 -0.059046
v 0.027049 0.254456 -0.037435
v 0.013366 0.255821 -0.032053
v -0.014530 0.235701 -0.040326
v -0.021663 0.230328 -0.056333
v -0.017446 0.226553 -0.057714
v 0.019596 0.250714 -0.074817
v 0.009007 0.246170 -0.079276
v 0.027683 0.256644 -0.046315
v 0.011584 0.260633 -0.039540
v -0.011169 0.248865 -0.033556
v -0.017394 0.237917 -0.043361
v -0.014896 0.237262 -0.067245
v -0.019396 0.235016 -0.055670
v -0.008416 0.235564 -0.074284
v -0.001151 0.247274 -0.077381
v -0.010237 0.246483 -0.072239
v 0.021679 0.255289 -0.069538
v 0.021854 0.259172 -0.042857
v 0.000049 0.259904 -0.039241
v 0.017981 0.261956 -0.045130
v -0.011459 0.254682 -0.038953
v -0.018615 0.244612 -0.047622
v 0.008545 0.255596 -0.074291
v 0.018913 0.261049 -0.061631
v 0.022212 0.261465 -0.053344
v 0.004681 0.267322 -0.041935
v 0.014166 0.269202 -0.045076
v -0.017884 0.245847 -0.059164
v -0.002299 0.254754 -0.070288
v 0.019637 0.267531 -0.055428
v 0.010505 0.276824 -0.050117
v -0.003325 0.261307 -0.043785
v -0.014688 0.254796 -0.049453
v -0.006416 0.260345 -0.050399
v -0.009423 0.252785 -0.067892
v 0.009300 0.261489 -0.067417
v 0.012647 0.270934 -0.064034
v -0.014706 0.253335 -0.059001
v 0.000021 0.261445 -0.064819
v 0.005330 0.279178 -0.052259
v -0.004659 0.267852 -0.049941
v -0.005597 0.261367 -0.057725
v -0.002691 0.269500 -0.059715
v 0.009349 0.280954 -0.058907
v 0.004653 0.268455 -0.066040
v 0.002420 0.278140 -0.056086
v 0.025666 0.200344 -0.046809
vt 0.494307 0.880766
vt 0.510253 0.855350
vt 0.520042 0.880864
vt 0.720004 0.670708
vt 0.732208 0.681318
vt 0.718170 0.693508
vt 0.483901 0.871664
vt 0.496944 0.843172
vt 0.739423 0.734090
vt 0.528188 0.849728
vt 0.531949 0.888331
vt 0.702082 0.684307
vt 0.700523 0.662355
vt 0.512599 0.941163
vt 0.702595 0.702267
vt 0.705130 0.727973
vt 0.463586 0.886250
vt 0.475959 0.905109
vt 0.469553 0.913911
vt 0.476022 0.886410
vt 0.478192 0.862857
vt 0.528226 0.327564
vt 0.525729 0.339271
vt 0.521557 0.291913
vt 0.498402 0.959205
vt 0.488632 0.937840
vt 0.697087 0.709441
vt 0.682010 0.690550
vt 0.696337 0.681168
vt 0.482549 0.957731
vt 0.728430 0.752533
vt 0.669283 0.676952
vt 0.681750 0.668745
vt 0.702668 0.624192
vt 0.720461 0.646873
vt 0.493720 0.818931
vt 0.513476 0.812237
vt 0.552599 0.301389
vt 0.548183 0.273312
vt 0.517813 0.958797
vt 0.677099 0.642168
vt 0.505442 0.805179
vt 0.522007 0.805361
vt 0.536726 0.828672
vt 0.478046 0.823194
vt 0.674304 0.701677
vt 0.654862 0.689094
vt 0.603044 0.985387
vt 0.609524 0.970202
vt 0.609524 0.991552
vt 0.668674 0.649203
vt 0.465641 0.821494
vt 0.656991 0.681519
vt 0.272619 0.758948
vt 0.269108 0.806134
vt 0.263849 0.780664
vt 0.537546 0.933761
vt 0.542921 0.953106
vt 0.658852 0.719515
vt 0.539817 0.816019
vt 0.534766 0.244760
vt 0.533305 0.271507
vt 0.512734 0.238977
vt 0.507516 0.228216
vt 0.558145 0.326617
vt 0.543611 0.341357
vt 0.644392 0.701647
vt 0.489174 0.793379
vt 0.515672 0.793413
vt 0.497574 0.199013
vt 0.508193 0.213515
vt 0.488962 0.215007
vt 0.720933 0.770665
vt 0.710422 0.784388
vt 0.701873 0.774461
vt 0.700562 0.755506
vt 0.473450 0.802990
vt 0.561604 0.251653
vt 0.260547 0.751569
vt 0.265505 0.728329
vt 0.525594 0.214173
vt 0.989802 0.242303
vt 0.968059 0.261868
vt 0.967415 0.238143
vt 0.659369 0.753307
vt 0.661872 0.742660
vt 0.260547 0.885566
vt 0.237764 0.883914
vt 0.237584 0.861003
vt 0.213239 0.875714
vt 0.650704 0.639263
vt 0.670341 0.616145
vt 0.692597 0.604024
vt 0.688386 0.620039
vt 0.674250 0.600137
vt 0.275326 0.857812
vt 0.278628 0.821801
vt 0.691639 0.782377
vt 0.234148 0.952954
vt 0.226717 0.937866
vt 0.243632 0.931581
vt 0.708247 0.992667
vt 0.695359 0.975970
vt 0.708247 0.963617
vt 0.278628 0.720832
vt 0.567268 0.302954
vt 0.576296 0.247576
vt 0.593366 0.245409
vt 0.255896 0.952590
vt 0.214519 0.840828
vt 0.528769 0.787849
vt 0.527047 0.768762
vt 0.540968 0.770932
vt 0.513222 0.184326
vt 0.491592 0.760608
vt 0.499461 0.781339
vt 0.265912 0.846054
vt 0.539575 0.386982
vt 0.524256 0.359647
vt 0.547733 0.364272
vt 0.528304 0.181196
vt 0.573368 0.233754
vt 0.554137 0.377959
vt 0.131791 0.955739
vt 0.146980 0.946401
vt 0.145577 0.968248
vt 0.888072 0.962287
vt 0.895246 0.976733
vt 0.874018 0.964174
vt 0.875575 0.978081
vt 0.685484 0.575171
vt 0.707259 0.576556
vt 0.479779 0.774006
vt 0.498792 0.741305
vt 0.540209 0.190380
vt 0.537080 0.223460
vt 0.849342 0.555477
vt 0.868407 0.575696
vt 0.853453 0.579513
vt 0.839861 0.549437
vt 0.849655 0.535735
vt 0.562346 0.344275
vt 0.561435 0.385642
vt 0.514419 0.409413
vt 0.513930 0.379205
vt 0.188802 0.870840
vt 0.177455 0.874886
vt 0.246939 0.977858
vt 0.215560 0.958920
vt 0.227817 0.967386
vt 0.160160 0.982613
vt 0.165829 0.969071
vt 0.170459 0.978815
vt 0.896515 0.957804
vt 0.585674 0.305688
vt 0.603623 0.245365
vt 0.602288 0.289564
vt 0.815294 0.563087
vt 0.841322 0.577004
vt 0.853529 0.494720
vt 0.869465 0.546885
vt 0.633897 0.753696
vt 0.643838 0.745253
vt 0.134361 0.924632
vt 0.161118 0.885566
vt 0.191062 0.826173
vt 0.174757 0.836196
vt 0.657863 0.607319
vt 0.702243 0.548609
vt 0.869356 0.621821
vt 0.812656 0.549334
vt 0.873018 0.488278
vt 0.812586 0.526817
vt 0.490894 0.386026
vt 0.472655 0.407714
vt 0.467796 0.383421
vt 0.447861 0.377077
vt 0.657702 0.768823
vt 0.622652 0.721703
vt 0.609029 0.730935
vt 0.599049 0.703728
vt 0.380425 0.446808
vt 0.342087 0.443018
vt 0.372606 0.439181
vt 0.152987 0.869193
vt 0.151263 0.877874
vt 0.847411 0.621479
vt 0.272775 0.528122
vt 0.236743 0.558026
vt 0.277432 0.514788
vt 0.588790 0.195287
vt 0.841962 0.518323
vt 0.582667 0.373109
vt 0.569983 0.397990
vt 0.507648 0.417787
vt 0.473746 0.415388
vt 0.360184 0.979269
vt 0.342349 0.979269
vt 0.342625 0.950512
vt 0.989802 0.304848
vt 0.997484 0.276157
vt 0.997484 0.316715
vt 0.755122 0.433940
vt 0.742279 0.439181
vt 0.743581 0.395596
vt 0.385660 0.470161
vt 0.646950 0.606492
vt 0.658766 0.577503
vt 0.720109 0.533172
vt 0.718851 0.565930
vt 0.488945 0.727513
vt 0.520198 0.714987
vt 0.546953 0.153600
vt 0.843623 0.490672
vt 0.858970 0.461782
vt 0.874018 0.463198
vt 0.539587 0.406445
vt 0.546096 0.423732
vt 0.572048 0.695810
vt 0.757574 0.393440
vt 0.405943 0.475088
vt 0.356481 0.470190
vt 0.315285 0.465650
vt 0.645528 0.572229
vt 0.145714 0.855837
vt 0.164678 0.811443
vt 0.672225 0.571099
vt 0.668807 0.554612
vt 0.686756 0.529295
vt 0.496075 0.711699
vt 0.571045 0.194794
vt 0.530833 0.154249
vt 0.851944 0.439181
vt 0.840574 0.434583
vt 0.851944 0.399668
vt 0.498979 0.429427
vt 0.514918 0.437735
vt 0.429798 0.381136
vt 0.771099 0.419138
vt 0.785814 0.439181
vt 0.770596 0.433795
vt 0.166597 0.904028
vt 0.159662 0.941250
vt 0.650489 0.555875
vt 0.539552 0.708927
vt 0.542921 0.720222
vt 0.527728 0.731571
vt 0.819658 0.597465
vt 0.813799 0.578015
vt 0.600539 0.192958
vt 0.806510 0.512114
vt 0.846478 0.472012
vt 0.315840 0.721445
vt 0.324966 0.729289
vt 0.294524 0.747722
vt 0.475030 0.439181
vt 0.285104 0.780239
vt 0.300228 0.786519
vt 0.291825 0.820540
vt 0.020476 0.017168
vt 0.021410 0.063406
vt 0.000000 0.049455
vt 0.994476 0.686807
vt 0.983146 0.665631
vt 0.994476 0.648254
vt 0.170459 0.887512
vt 0.420437 0.476776
vt 0.402840 0.463259
vt 0.429612 0.478676
vt 0.307564 0.480693
vt 0.297469 0.485161
vt 0.077132 0.930252
vt 0.086771 0.952159
vt 0.068161 0.946117
vt 0.803567 0.592290
vt 0.823371 0.428336
vt 0.847247 0.390425
vt 0.869702 0.677350
vt 0.855528 0.655709
vt 0.795579 0.522441
vt 0.793778 0.581916
vt 0.812025 0.512660
vt 0.828103 0.501428
vt 0.374929 0.977103
vt 0.390252 0.950512
vt 0.390252 0.989203
vt 0.719218 0.438373
vt 0.708758 0.427277
vt 0.719218 0.426767
vt 0.811278 0.461265
vt 0.304104 0.758876
vt 0.281549 0.819528
vt 0.435496 0.427410
vt 0.581622 0.721945
vt 0.542921 0.677199
vt 0.479605 0.468921
vt 0.465481 0.477579
vt 0.468563 0.458231
vt 0.450109 0.482579
vt 0.477355 0.500074
vt 0.398754 0.503814
vt 0.153007 0.810322
vt 0.712404 0.514288
vt 0.513478 0.135849
vt 0.518197 0.123449
vt 0.540700 0.118334
vt 0.550063 0.129642
vt 0.828292 0.407694
vt 0.838977 0.653067
vt 0.810190 0.612763
vt 0.578615 0.990747
vt 0.568566 0.990747
vt 0.577813 0.970202
vt 0.847634 0.451801
vt 0.107109 1.000000
vt 0.098041 0.970781
vt 0.107109 0.963558
vt 0.431387 0.400223
vt 0.488099 0.456938
vt 0.504866 0.487501
vt 0.425116 0.523391
vt 0.358920 0.493765
vt 0.343451 0.504830
vt 0.180672 0.802975
vt 0.165651 0.783837
vt 0.171354 0.770910
vt 0.192630 0.807771
vt 0.190471 0.786218
vt 0.709980 0.501022
vt 0.729983 0.519052
vt 0.097337 0.951453
vt 0.091886 0.966939
vt 0.211314 0.596954
vt 0.248042 0.559634
vt 0.224729 0.596951
vt 0.822775 0.634264
vt 0.788106 0.520749
vt 0.768745 0.529356
vt 0.810871 0.487580
vt 0.835317 0.444762
vt 0.851083 0.439181
vt 0.416594 0.389680
vt 0.393777 0.378161
vt 0.413828 0.362878
vt 0.384449 0.365713
vt 0.073846 0.093522
vt 0.035654 0.058947
vt 0.072661 0.052664
vt 0.418318 0.492643
vt 0.640331 0.546261
vt 0.640604 0.555945
vt 0.621830 0.525271
vt 0.669054 0.519346
vt 0.076092 0.971215
vt 0.238534 0.656899
vt 0.233961 0.682751
vt 0.203587 0.641806
vt 0.262922 0.944396
vt 0.280719 0.980878
vt 0.260547 0.963553
vt 0.788781 0.591309
vt 0.767297 0.598840
vt 0.397285 0.708927
vt 0.412405 0.727488
vt 0.376361 0.728705
vt 0.313704 0.749190
vt 0.311139 0.790885
vt 0.301575 0.856130
vt 0.286793 0.856842
vt 0.281549 0.753016
vt 0.281549 0.781789
vt 0.279093 0.762633
vt 0.083895 0.101572
vt 0.055871 0.140960
vt 0.051793 0.116938
vt 0.991450 0.957875
vt 0.997421 0.938359
vt 0.997421 0.975422
vt 0.150587 0.791791
vt 0.269696 0.676088
vt 0.262120 0.697354
vt 0.078662 0.980951
vt 0.222227 0.646622
vt 0.209356 0.615688
vt 0.852640 0.695498
vt 0.815926 0.441548
vt 0.328386 0.743779
vt 0.330127 0.769705
vt 0.390594 0.744158
vt 0.322751 0.805278
vt 0.300743 0.822629
vt 0.304439 0.842611
vt 0.456146 0.509837
vt 0.434219 0.487357
vt 0.441419 0.485042
vt 0.642390 0.521372
vt 0.051900 0.167114
vt 0.039926 0.176492
vt 0.025780 0.157387
vt 0.184891 0.763148
vt 0.688106 0.491866
vt 0.692074 0.508412
vt 0.697102 0.495173
vt 0.202050 0.629871
vt 0.867811 0.709420
vt 0.840096 0.681569
vt 0.109639 0.093543
vt 0.511419 0.500147
vt 0.497452 0.503011
vt 0.195435 0.778044
vt 0.477798 0.508858
vt 0.100967 0.106634
vt 0.742279 0.484935
vt 0.730519 0.496748
vt 0.723814 0.479518
vt 0.548534 0.113771
vt 0.796885 0.618920
vt 0.786728 0.632593
vt 0.760071 0.535293
vt 0.796882 0.493958
vt 0.772465 0.499057
vt 0.006756 0.006150
vt 0.028585 0.000000
vt 0.383537 0.381690
vt 0.094635 0.059660
vt 0.461087 0.528183
vt 0.609337 0.516034
vt 0.634654 0.494982
vt 0.232140 0.707533
vt 0.251598 0.710660
vt 0.211256 0.688748
vt 0.197439 0.668682
vt 0.186686 0.638578
vt 0.188364 0.652203
vt 0.181699 0.625185
vt 0.813455 0.650431
vt 0.812685 0.664092
vt 0.343360 0.753698
vt 0.356723 0.741139
vt 0.375461 0.760321
vt 0.350235 0.821114
vt 0.317710 0.826791
vt 0.708410 0.976988
vt 0.721092 0.963617
vt 0.721092 0.996155
vt 0.383511 0.402871
vt 0.314174 0.869799
vt 0.308203 0.886428
vt 0.359271 0.350605
vt 0.060259 0.012449
vt 0.038996 0.005903
vt 0.459984 0.534204
vt 0.421947 0.541605
vt 0.438346 0.503753
vt 0.396444 0.534918
vt 0.159426 0.761873
vt 0.277432 0.712141
vt 0.272960 0.720832
vt 0.965354 0.733026
vt 0.974526 0.724070
vt 0.978143 0.747338
vt 0.695359 0.939301
vt 0.681961 0.940289
vt 0.673618 0.921426
vt 0.807821 0.689862
vt 0.777152 0.479661
vt 0.357743 0.775618
vt 0.321771 0.837270
vt 0.500734 0.552426
vt 0.486807 0.534914
vt 0.982986 0.796342
vt 0.967268 0.770557
vt 0.982986 0.747338
vt 0.363946 0.529907
vt 0.339293 0.532194
vt 0.300969 0.515688
vt 0.303452 0.545469
vt 0.281549 0.501375
vt 0.064762 0.161306
vt 0.050586 0.200245
vt 0.038000 0.246983
vt 0.023818 0.183086
vt 0.706068 0.488606
vt 0.963352 0.725723
vt 0.954589 0.725328
vt 0.969875 0.693793
vt 0.954589 0.456864
vt 0.944416 0.443539
vt 0.946849 0.439181
vt 0.677379 0.963498
vt 0.565734 0.148978
vt 0.556899 0.096317
vt 0.591747 0.151349
vt 0.973146 0.815558
vt 0.967268 0.796342
vt 0.983536 0.799929
vt 0.854314 0.738967
vt 0.846623 0.724274
vt 0.983146 0.602013
vt 0.994312 0.563534
vt 0.994312 0.605999
vt 0.362592 0.795614
vt 0.362023 0.828352
vt 0.995534 0.210981
vt 0.995534 0.238143
vt 0.987472 0.212890
vt 0.320089 0.315736
vt 0.341106 0.362653
vt 0.935911 0.435597
vt 0.923593 0.416724
vt 0.935911 0.401736
vt 0.519867 0.564740
vt 0.755815 0.232556
vt 0.713957 0.213530
vt 0.733419 0.193740
vt 0.718042 0.195369
vt 0.649691 0.500726
vt 0.592068 0.512854
vt 0.607806 0.504098
vt 0.661003 0.482033
vt 0.967268 0.778529
vt 0.954589 0.792727
vt 0.955960 0.774483
vt 0.670418 0.917839
vt 0.672839 0.923347
vt 0.656656 0.930728
vt 0.554995 0.108762
vt 0.744506 0.528397
vt 0.761673 0.483762
vt 0.340618 0.883701
vt 0.314173 0.892198
vt 0.768453 0.016840
vt 0.788596 0.027886
vt 0.765317 0.063289
vt 0.090440 0.008839
vt 0.529673 0.533575
vt 0.973754 0.669746
vt 0.954589 0.630667
vt 0.971547 0.629956
vt 0.485817 0.555681
vt 0.402003 0.554747
vt 0.367525 0.546381
vt 0.314420 0.545781
vt 0.662966 0.476629
vt 0.119124 0.150194
vt 0.979276 0.742884
vt 0.979276 0.706503
vt 0.721646 0.467904
vt 0.742276 0.463069
vt 0.726908 0.475859
vt 0.996961 0.316715
vt 0.995803 0.334491
vt 0.989802 0.333243
vt 0.699999 0.415748
vt 0.703979 0.404690
vt 0.714935 0.421173
vt 0.393383 0.757598
vt 0.379300 0.786768
vt 0.127573 0.070856
vt 0.377848 0.563898
vt 0.751478 0.234239
vt 0.695801 0.227611
vt 0.058963 0.238099
vt 0.956039 0.803715
vt 0.967268 0.799759
vt 0.962905 0.822893
vt 0.932531 0.472870
vt 0.945526 0.484674
vt 0.788409 0.654385
vt 0.793606 0.727640
vt 0.832542 0.721730
vt 0.816087 0.724686
vt 0.806436 0.710107
vt 0.746252 0.486069
vt 0.747651 0.473034
vt 0.374198 0.814078
vt 0.803466 0.015238
vt 0.793258 0.000000
vt 0.820514 0.003700
vt 0.335536 0.895319
vt 0.128240 0.010711
vt 0.533260 0.566174
vt 0.963272 0.602652
vt 0.980767 0.116263
vt 0.977058 0.145415
vt 0.966281 0.114249
vt 0.647313 0.461364
vt 0.028020 0.235478
vt 0.035526 0.271309
vt 0.154260 0.743698
vt 0.173960 0.754024
vt 0.661336 0.455188
vt 0.923593 0.404508
vt 0.894902 0.438772
vt 0.914228 0.401736
vt 0.996961 0.352852
vt 0.726320 0.386921
vt 0.735776 0.413841
vt 0.977511 0.938359
vt 0.977511 0.965862
vt 0.954852 0.939674
vt 0.988977 0.209963
vt 0.985956 0.187086
vt 0.988977 0.145415
vt 0.825260 0.033429
vt 0.782137 0.098415
vt 0.765558 0.095685
vt 0.977456 0.145415
vt 0.977414 0.169257
vt 0.957663 0.159712
vt 0.522546 0.574850
vt 0.353108 0.565429
vt 0.281549 0.678333
vt 0.281549 0.708927
vt 0.277598 0.694271
vt 0.152380 0.664976
vt 0.141772 0.665828
vt 0.170688 0.633491
vt 0.988376 0.466826
vt 0.996599 0.466705
vt 0.983243 0.487629
vt 0.787709 0.714241
vt 0.770669 0.706409
vt 0.869866 0.770311
vt 0.853850 0.765530
vt 0.819174 0.741178
vt 0.910266 0.349790
vt 0.909680 0.386459
vt 0.897861 0.343958
vt 0.995019 0.049184
vt 0.995019 0.089462
vt 0.986548 0.067058
vt 0.961770 0.145415
vt 0.957663 0.116387
vt 0.701605 0.198265
vt 0.678050 0.240771
vt 0.675394 0.209214
vt 0.593152 0.493149
vt 0.626314 0.461677
vt 0.097412 0.160850
vt 0.107082 0.204884
vt 0.088331 0.186525
vt 0.700989 0.439181
vt 0.683982 0.474761
vt 0.647323 0.945540
vt 0.672839 0.948557
vt 0.659095 0.964102
vt 0.660831 0.971366
vt 0.668467 0.969131
vt 0.708920 0.483115
vt 0.764301 0.060705
vt 0.753168 0.092218
vt 0.749556 0.065641
vt 0.594050 0.105514
vt 0.567963 0.064636
vt 0.841998 0.759891
vt 0.359746 0.908497
vt 0.278847 0.514788
vt 0.278847 0.565049
vt 0.278001 0.524561
vt 0.428166 0.567432
vt 0.466136 0.561212
vt 0.460147 0.582886
vt 0.983146 0.624084
vt 0.977151 0.581173
vt 0.967515 0.563534
vt 0.359562 0.592538
vt 0.698600 0.273480
vt 0.710608 0.258561
vt 0.688177 0.159598
vt 0.710204 0.156873
vt 0.069349 0.245592
vt 0.054634 0.277538
vt 0.035652 0.292480
vt 0.149796 0.729488
vt 0.174520 0.734111
vt 0.175901 0.720832
vt 0.710634 0.138733
vt 0.737560 0.133234
vt 0.728281 0.144753
vt 0.732825 0.119169
vt 0.914703 0.527080
vt 0.920007 0.541152
vt 0.540030 0.056498
vt 0.953820 0.966344
vt 0.949837 0.970987
vt 0.813143 0.759618
vt 0.977456 0.173345
vt 0.980767 0.127247
vt 0.992296 0.118016
vt 0.993998 0.145415
vt 0.910162 0.316189
vt 0.371434 0.874446
vt 0.163134 0.074760
vt 0.197551 0.734627
vt 0.344231 0.590531
vt 0.318560 0.560101
vt 0.993853 0.792769
vt 0.982986 0.782048
vt 0.993853 0.747338
vt 0.747692 0.248497
vt 0.183837 0.151342
vt 0.156977 0.137878
vt 0.191807 0.071192
vt 0.671462 0.976420
vt 0.067173 0.949708
vt 0.061147 0.971433
vt 0.057828 0.920108
vt 0.736454 0.055738
vt 0.729046 0.069923
vt 0.711591 0.050147
vt 0.965171 0.465824
vt 0.141671 0.682913
vt 0.571639 0.051580
vt 0.743003 0.637557
vt 0.760184 0.710714
vt 0.858173 0.796896
vt 0.901783 0.306518
vt 0.378154 0.846291
vt 0.369797 0.865896
vt 0.752018 0.245532
vt 0.748454 0.273531
vt 0.665908 0.256915
vt 0.125973 0.194546
vt 0.090581 0.260052
vt 0.742417 0.088404
vt 0.043650 0.929002
vt 0.874018 0.828411
vt 0.982064 0.519725
vt 0.954589 0.488762
vt 0.850619 0.796752
vt 0.388674 0.912131
vt 0.388552 0.878175
vt 0.496904 0.593884
vt 0.506354 0.573663
vt 0.540880 0.594763
vt 0.516363 0.600285
vt 0.542921 0.578619
vt 0.389576 0.606237
vt 0.378212 0.580460
vt 0.428995 0.580018
vt 0.372156 0.595734
vt 0.337862 0.592692
vt 0.634170 0.421261
vt 0.643762 0.427939
vt 0.612391 0.434797
vt 0.736868 0.274465
vt 0.947041 0.825822
vt 0.933952 0.840910
vt 0.922943 0.826039
vt 0.715062 0.126614
vt 0.691656 0.124743
vt 0.914436 0.495734
vt 0.927286 0.972222
vt 0.910933 0.958122
vt 0.927286 0.944051
vt 0.859860 0.829798
vt 0.742739 0.664067
vt 0.744249 0.705015
vt 0.764301 0.134854
vt 0.779248 0.132575
vt 0.778659 0.173312
vt 0.174973 0.041900
vt 0.207736 0.110459
vt 0.221756 0.064669
vt 0.478986 0.598077
vt 0.902269 0.952324
vt 0.644764 0.239922
vt 0.048239 0.308495
vt 0.953186 0.843541
vt 0.181749 0.904776
vt 0.192219 0.906877
vt 0.170459 0.925897
vt 0.909576 0.967828
vt 0.684099 0.088426
vt 0.523074 0.029129
vt 0.544898 0.023267
vt 0.128670 0.698959
vt 0.123968 0.689674
vt 0.390977 0.905683
vt 0.916720 0.281256
vt 0.913132 0.270547
vt 0.660085 0.186623
vt 0.067404 0.290723
vt 0.894139 0.541739
vt 0.698155 0.105978
vt 0.491292 0.003165
vt 0.970673 0.536074
vt 0.957915 0.515327
vt 0.200639 0.898464
vt 0.208172 0.885566
vt 0.208172 0.947603
vt 0.375757 0.927363
vt 0.412405 0.938447
vt 0.803623 0.102435
vt 0.826293 0.087946
vt 0.825994 0.119957
vt 0.764866 0.198457
vt 0.169632 0.013997
vt 0.507222 0.615896
vt 0.316158 0.974569
vt 0.329536 0.950512
vt 0.329536 0.995824
vt 0.646939 0.152252
vt 0.621587 0.173851
vt 0.969833 0.209215
vt 0.960672 0.238143
vt 0.957663 0.202212
vt 0.700671 0.027271
vt 0.694195 0.021393
vt 0.718496 0.010227
vt 0.847132 0.834287
vt 0.773295 0.758248
vt 0.960157 0.033072
vt 0.962323 0.064982
vt 0.957663 0.070629
vt 0.894902 0.036160
vt 0.879961 0.030005
vt 0.882014 0.008822
vt 0.969999 0.000000
vt 0.937889 0.238143
vt 0.842807 0.091272
vt 0.530338 0.630147
vt 0.874018 0.885331
vt 0.881403 0.867530
vt 0.902526 0.883369
vt 0.408366 0.626671
vt 0.370683 0.620813
vt 0.790837 0.967963
vt 0.806898 0.963636
vt 0.806898 0.983226
vt 0.644665 0.130967
vt 0.667917 0.118707
vt 0.085335 0.298032
vt 0.927286 0.978418
vt 0.949837 0.970547
vt 0.943624 0.975064
vt 0.840008 0.818984
vt 0.829421 0.788306
vt 0.695003 0.423739
vt 0.708758 0.438373
vt 0.694269 0.438373
vt 0.704930 0.051716
vt 0.673041 0.086065
vt 1.000000 0.563534
vt 0.796196 0.752423
vt 0.792494 0.775608
vt 0.813762 0.781374
vt 0.867154 0.060197
vt 0.864641 0.090208
vt 0.850038 0.052777
vt 0.802779 0.139607
vt 0.812934 0.177268
vt 0.199528 0.015993
vt 0.915809 0.844767
vt 0.924073 0.879152
vt 0.425300 0.642276
vt 0.387581 0.631983
vt 0.894848 0.390425
vt 0.894848 0.436344
vt 0.883231 0.401907
vt 0.300268 0.602563
vt 0.284343 0.591685
vt 0.299731 0.579799
vt 0.739815 0.319351
vt 0.758398 0.323890
vt 0.202528 0.182026
vt 0.215819 0.128111
vt 0.098043 0.293128
vt 0.124848 0.234914
vt 0.991450 0.988067
vt 0.977511 0.959180
vt 0.991450 0.938359
vt 0.821666 0.808408
vt 0.688995 0.049188
vt 0.667620 0.077392
vt 0.742279 0.716835
vt 0.761380 0.760369
vt 0.101702 0.781200
vt 0.101063 0.770420
vt 0.123968 0.756482
vt 0.226031 0.015728
vt 0.479094 0.629808
vt 0.610567 0.413465
vt 0.623158 0.383174
vt 0.636606 0.390979
vt 0.686776 0.289199
vt 0.679495 0.103606
vt 0.426863 0.968053
vt 0.412898 0.938438
vt 0.426863 0.909747
vt 0.626753 0.146164
vt 0.616191 0.171995
vt 0.636695 0.117193
vt 0.656181 0.104407
vt 0.174332 0.231808
vt 0.886413 0.576000
vt 0.911587 0.238143
vt 0.901535 0.232055
vt 0.908314 0.215269
vt 0.811672 0.823861
vt 0.676852 0.044670
vt 0.876211 0.070979
vt 0.844280 0.128376
vt 0.822343 0.168395
vt 0.792177 0.220163
vt 0.938791 0.894125
vt 0.945087 0.873719
vt 0.962710 0.872264
vt 0.336869 0.108799
vt 0.334304 0.087688
vt 0.359440 0.082956
vt 0.188771 0.209783
vt 0.152254 0.236870
vt 0.090352 0.325875
vt 0.073870 0.321278
vt 0.200639 0.933624
vt 0.194332 0.973067
vt 0.188409 0.949562
vt 0.841045 0.859426
vt 0.825739 0.839625
vt 0.648211 0.094523
vt 0.459792 0.016909
vt 0.467467 0.000000
vt 0.997957 0.209963
vt 0.988977 0.193430
vt 0.997957 0.172613
vt 0.509987 0.648664
vt 0.962760 0.889306
vt 0.108613 0.879337
vt 0.106341 0.836749
vt 0.122524 0.835839
vt 0.341807 0.629951
vt 0.313187 0.588159
vt 0.286396 0.606975
vt 0.317021 0.636663
vt 0.247003 0.071696
vt 0.257894 0.019139
vt 0.389007 0.026946
vt 0.347345 0.060441
vt 0.141831 0.272770
vt 0.924296 0.203704
vt 0.926917 0.235887
vt 0.426863 0.988237
vt 0.413155 0.988237
vt 0.415869 0.968053
vt 0.914384 0.169639
vt 0.927235 0.174851
vt 0.891539 0.095448
vt 0.893550 0.067343
vt 0.643762 0.376115
vt 0.383491 0.053756
vt 0.406242 0.039732
vt 0.312908 0.131019
vt 0.611703 0.198132
vt 0.603623 0.197155
vt 0.910690 0.039183
vt 0.900577 0.078783
vt 0.896091 0.031301
vt 0.418707 0.020459
vt 0.904557 0.113178
vt 0.915473 0.142963
vt 0.903373 0.161460
vt 0.974542 0.231685
vt 0.987471 0.212014
vt 0.987471 0.238143
vt 0.871517 0.116060
vt 0.273805 0.197856
vt 0.262076 0.212983
vt 0.247855 0.187433
vt 0.818334 0.413946
vt 0.785814 0.412063
vt 0.823371 0.399686
vt 0.320379 0.090255
vt 0.123006 0.317278
vt 0.145395 0.282287
vt 0.816916 0.853068
vt 0.033265 0.702743
vt 0.013914 0.705480
vt 0.000000 0.673436
vt 0.012117 0.672026
vt 0.798761 0.812028
vt 0.777997 0.810631
vt 0.764384 0.225100
vt 0.897607 0.910332
vt 0.918904 0.900474
vt 0.933953 0.916997
vt 0.641069 0.361962
vt 0.778157 0.347112
vt 0.767836 0.379433
vt 0.765627 0.350966
vt 0.205646 0.239752
vt 0.053409 0.715236
vt 0.053491 0.742271
vt 0.036748 0.729714
vt 0.770030 0.824771
vt 0.889543 0.110477
vt 0.281549 0.214945
vt 0.287582 0.168525
vt 0.302203 0.166561
vt 0.110986 0.355397
vt 0.126515 0.347924
vt 0.954747 0.919284
vt 0.909833 0.926891
vt 0.500773 0.676722
vt 0.466182 0.674082
vt 0.411929 0.678591
vt 0.400660 0.650292
vt 0.233079 0.248167
vt 0.234047 0.220427
vt 0.919436 0.066243
vt 0.067342 0.731597
vt 0.042933 0.690016
vt 0.081916 0.729826
vt 0.076798 0.751177
vt 0.930254 0.136047
vt 0.950057 0.156026
vt 0.940313 0.174641
vt 0.800746 0.831317
vt 0.785164 0.837853
vt 0.887510 0.136149
vt 0.870813 0.158102
vt 0.862775 0.126419
vt 0.901311 0.938359
vt 0.147373 0.339175
vt 0.395343 0.689098
vt 0.376297 0.666232
vt 0.261045 0.249253
vt 0.764991 0.317350
vt 0.925877 0.016245
vt 0.898868 0.000000
vt 0.920260 0.106887
vt 0.918266 0.120453
vt 0.945600 0.130978
vt 0.957663 0.172427
vt 0.020281 0.666607
vt 0.045953 0.677653
vt 0.758419 0.818600
vt 0.835947 0.165976
vt 0.863606 0.173364
vt 0.839054 0.204318
vt 0.819249 0.247253
vt 0.957415 0.938359
vt 0.932985 0.924270
vt 0.356458 0.684867
vt 0.353453 0.660035
vt 0.337927 0.674285
vt 0.313820 0.652550
vt 0.962760 0.938359
vt 0.980303 0.917292
vt 0.985165 0.938359
vt 0.801281 0.328194
vt 0.803995 0.360810
vt 0.303763 0.124224
vt 0.068936 0.703930
vt 0.060655 0.677542
vt 0.747467 0.785024
vt 0.664179 0.427509
vt 0.679732 0.415528
vt 0.679732 0.438241
vt 0.824338 0.220886
vt 0.233976 0.267004
vt 0.949386 0.027117
vt 0.950729 0.061409
vt 0.929722 0.047299
vt 0.948043 0.113476
vt 0.022266 0.653103
vt 0.038179 0.645606
vt 0.747274 0.819863
vt 0.798639 0.266515
vt 0.517365 0.682047
vt 0.509784 0.668926
vt 0.213021 0.279273
vt 0.031774 0.585927
vt 0.057931 0.567538
vt 0.056124 0.584953
vt 0.928027 0.091478
vt 0.863366 0.209673
vt 0.795931 0.295013
vt 0.777734 0.272784
vt 0.126648 0.367467
vt 0.728606 0.869323
vt 0.719873 0.900891
vt 0.704072 0.880885
vt 0.369654 0.693448
vt 0.388794 0.701083
vt 0.269606 0.270699
vt 0.896892 0.635165
vt 0.879842 0.660375
vt 0.878672 0.613844
vt 0.093533 0.554482
vt 0.752855 0.847866
vt 0.888773 0.183734
vt 0.871766 0.209024
vt 0.692813 0.872653
vt 0.691345 0.864996
vt 0.478507 0.697076
vt 0.453056 0.695010
vt 0.356342 0.708927
vt 0.927092 0.664967
vt 0.926787 0.705408
vt 0.911779 0.678337
vt 0.823233 0.330227
vt 0.081495 0.583284
vt 0.178169 0.275672
vt 0.198873 0.295494
vt 0.166587 0.310747
vt 0.838947 0.240612
vt 0.152201 0.370925
vt 0.156913 0.353957
vt 0.692395 0.855542
vt 0.695457 0.842907
vt 0.720674 0.854496
vt 0.177824 0.350749
vt 0.427631 0.704819
vt 0.888944 0.689308
vt 0.234873 0.297906
vt 0.257913 0.305910
vt 0.822396 0.288923
vt 0.081526 0.539203
vt 0.123968 0.526983
vt 0.031287 0.597262
vt 0.048308 0.612600
vt 0.060824 0.644999
vt 0.463226 0.711680
vt 0.439609 0.730237
vt 0.429034 0.708927
vt 0.129156 0.385663
vt 0.154205 0.381296
vt 0.874018 0.690497
vt 0.066494 0.605660
vt 0.680275 0.850084
vt 0.658329 0.877240
vt 0.656156 0.856682
vt 0.985355 0.848284
vt 0.985237 0.833659
vt 0.991318 0.825822
vt 0.648102 0.415980
vt 0.664179 0.436902
vt 0.643762 0.436902
vt 0.839329 0.299420
vt 0.891079 0.220357
vt 0.137716 0.405926
vt 0.116782 0.402213
vt 0.980998 0.825822
vt 0.979712 0.839251
vt 0.975298 0.827737
vt 0.578261 0.963643
vt 0.602286 0.948737
vt 0.602552 0.970202
vt 0.954678 0.351384
vt 0.974890 0.367997
vt 0.952248 0.365052
vt 0.695359 0.953117
vt 0.705575 0.921482
vt 0.708000 0.943387
vt 0.927108 0.734112
vt 0.947090 0.719276
vt 0.940647 0.737606
vt 0.890175 0.714740
vt 0.840226 0.284815
vt 0.870248 0.361927
vt 0.846501 0.361142
vt 0.868337 0.331447
vt 0.440334 0.825237
vt 0.455078 0.849400
vt 0.441946 0.876919
vt 0.678509 0.820662
vt 0.991318 0.875936
vt 0.962760 0.827870
vt 0.735037 0.843408
vt 0.559435 0.926905
vt 0.565602 0.959271
vt 0.621914 0.968072
vt 0.968383 0.386043
vt 0.912004 0.714938
vt 0.430936 0.835116
vt 0.435433 0.763407
vt 0.421590 0.736785
vt 0.441754 0.796243
vt 0.429708 0.791977
vt 0.986548 0.093201
vt 0.969999 0.066720
vt 0.986548 0.049184
vt 0.873512 0.251338
vt 0.861935 0.241288
vt 0.177232 0.387589
vt 0.177472 0.369280
vt 0.776119 0.963636
vt 0.767963 0.973012
vt 0.766856 0.968211
vt 0.937889 0.378650
vt 0.911897 0.740545
vt 0.434216 0.886294
vt 0.447533 0.909747
vt 0.416654 0.855942
vt 0.459860 0.824537
vt 0.891293 0.234735
vt 0.647323 0.830904
vt 0.667421 0.823389
vt 0.714721 0.814790
vt 0.587744 0.937393
vt 0.603772 0.934616
vt 0.629595 0.932904
vt 0.612587 0.933356
vt 0.939656 0.392036
vt 0.850987 0.951238
vt 0.839500 0.933308
vt 0.847828 0.922691
vt 0.864415 0.946139
vt 0.873826 0.959969
vt 0.897717 0.738755
vt 0.205635 0.347317
vt 0.171890 0.404368
vt 0.980998 0.871911
vt 0.968877 0.859575
vt 0.602874 0.897118
vt 0.573376 0.914764
vt 0.637385 0.958744
vt 0.862602 0.941678
vt 0.914794 0.776438
vt 0.893036 0.772274
vt 0.877246 0.359108
vt 0.875289 0.313260
vt 0.894902 0.345221
vt 0.866175 0.289824
vt 0.844391 0.320681
vt 0.416002 0.775861
vt 0.890274 0.267111
vt 0.935806 0.787591
vt 0.920873 0.811659
vt 0.560057 0.909523
vt 0.573064 0.899323
vt 0.609702 0.913573
vt 0.935176 0.794083
vt 0.942041 0.799105
vt 0.948654 0.814316
vt 0.653537 0.810863
vt 0.687558 0.798361
vt 0.689167 0.812288
vt 0.702854 0.800341
vt 0.691360 0.818846
vt 0.739170 0.832464
vt 0.859716 0.893049
vt 0.890193 0.304056
vt 0.954589 0.822299
vt 0.930030 0.825822
vt 0.555646 0.872158
vt 0.574389 0.862993
vt 0.594355 0.871709
vt 0.646384 0.902517
vt 0.870537 0.889647
vt 0.279273 0.713366
vt 0.281549 0.708927
vt 0.281549 0.753016
vt 0.445407 0.940477
vt 0.463226 0.912457
vt 0.463226 0.946715
vt 0.185301 0.432171
vt 0.169299 0.437103
vt 0.631696 0.898584
vt 0.280378 0.904085
vt 0.264752 0.873711
vt 0.280378 0.857812
vt 0.268107 0.858387
vt 0.261747 0.885880
vt 0.260547 0.873503
vt 0.268726 0.900398
vt 0.450553 0.956980
vt 0.102344 0.454984
vt 0.103374 0.487436
vt 0.086735 0.481995
vt 0.617386 0.863494
vt 0.192836 0.468352
vt 0.164512 0.473229
vt 0.125292 0.473049
vt 0.139383 0.433897
vt 0.839500 0.882844
vt 0.838511 0.892737
vt 0.821155 0.875647
vt 0.099986 0.945420
vt 0.104866 0.914465
vt 0.118679 0.915789
vt 0.119557 0.963558
vt 0.627625 0.872919
vt 0.873826 0.859426
vt 0.272172 0.924248
vt 0.427846 0.955636
vt 0.151332 0.493427
vt 0.839500 0.931507
vt 0.823893 0.928142
vt 0.554010 0.848195
vt 0.561366 0.855878
vt 0.542921 0.871387
vt 0.280168 0.934481
vt 0.201546 0.441015
vt 0.124531 0.502322
vt 0.818554 0.896731
vt 0.644828 0.862992
vt 0.119557 0.879337
vt 0.016160 0.938745
vt 0.023328 0.914047
vt 0.027105 0.941656
vt 0.438346 0.974831
vt 0.003941 0.795887
vt 0.016116 0.818588
vt 0.000000 0.829674
vt 0.195513 0.494100
vt 0.174986 0.496463
vt 0.804348 0.886799
vt 0.585714 0.846864
vt 0.618796 0.834732
vt 0.099986 0.804932
vt 0.065280 0.806176
vt 0.065892 0.789804
vt 0.036851 0.796705
vt 0.029555 0.786512
vt 0.797530 0.963636
vt 0.768955 0.959192
vt 0.800023 0.950952
vt 0.791354 0.930711
vt 0.800623 0.911643
vt 0.096022 0.821849
vt 0.074327 0.831164
vt 0.022364 0.785000
vt 0.043101 0.822552
vt 0.017521 0.846122
vt 0.025847 0.883403
vt 0.008556 0.862157
vt 0.032280 0.866926
vt 0.778605 0.889059
vt 0.792852 0.890977
vt 0.052880 0.839454
vt 0.150232 0.514788
vt 0.767842 0.942225
vt 0.789533 0.915266
vt 0.608049 0.816144
vt 0.585899 0.810549
vt 0.595412 0.790703
vt 0.079796 0.850522
vt 0.656149 0.394393
vt 0.654132 0.361962
vt 0.664528 0.374547
vt 0.672114 0.411764
vt 0.643762 0.415528
vt 0.034282 0.853710
vt 0.675398 0.391626
vt 0.754951 0.919510
vt 0.768879 0.933762
vt 0.608131 0.784388
vt 0.631848 0.812161
vt 0.627672 0.829843
vt 0.066039 0.861701
vt 0.051934 0.875374
vt 0.072162 0.882049
vt 0.749022 0.902912
vt 0.763081 0.899298
vt 0.094810 0.847598
vt 0.090106 0.865774
vt 0.099986 0.899209
vt 0.090627 0.898932
vt 0.742279 0.911498
vt 0.676983 0.661511
vt 0.742279 0.757176
vt 0.554974 0.283775
vt 0.755197 0.992088
vt 0.742279 0.975408
vt 0.755197 0.963636
vt 0.633020 0.693014
vt 0.962760 0.901179
vt 0.969165 0.880675
vt 0.981777 0.900516
vt 0.779825 0.403092
vt 0.603623 0.162845
vt 0.701284 0.381477
vt 0.965101 0.747338
vt 0.087698 0.785000
vt 0.078490 0.768315
vt 0.901023 0.586739
vt 0.901024 0.617449
vt 0.115270 0.376105
vt 0.029082 0.613361
vt 0.726058 0.427889
vt 0.728019 0.438373
vt 0.719218 0.438373
vt 0.119557 0.963558
vt 0.119557 0.996910
vt 0.107109 0.978821
vt 0.539379 0.883721
vt 0.507777 0.972578
vt 0.541115 0.920897
vt 0.488457 0.974122
vt 0.989744 0.377023
vt 0.980962 0.369450
vt 0.989744 0.351384
vt 0.951717 0.250914
vt 0.943913 0.276093
vt 0.937889 0.263117
vt 0.676665 0.662547
vt 0.260547 0.922358
vt 0.246882 0.916800
vt 0.219527 0.926613
vt 0.223798 0.895557
vt 0.229577 0.888669
vt 0.596161 0.994828
vt 0.588292 0.977006
vt 0.596161 0.970202
vt 0.648963 0.737236
vt 0.209100 0.929352
vt 0.657822 0.619209
vt 0.827203 0.054842
vt 0.795747 0.053920
vt 0.976405 0.255913
vt 0.970885 0.279715
vt 0.981777 0.877045
vt 0.123968 0.965120
vt 0.594993 0.317350
vt 0.133572 0.941182
vt 0.222942 0.885566
vt 0.647200 0.612492
vt 0.643432 0.632637
vt 0.260547 0.970727
vt 0.168817 0.989035
vt 0.947249 0.294376
vt 0.215474 0.943778
vt 0.578615 0.990782
vt 0.585568 0.970202
vt 0.588292 0.990782
vt 0.476812 0.745412
vt 0.977001 0.320384
vt 0.994408 0.895073
vt 0.994408 0.938359
vt 0.985165 0.933643
vt 0.899788 0.964059
vt 0.960895 0.325913
vt 0.899788 0.938359
vt 0.608308 0.696365
vt 0.575645 0.190989
vt 0.989802 0.351384
vt 0.090003 0.924875
vt 0.082713 0.915757
vt 0.011474 0.018208
vt 0.556537 0.990340
vt 0.542921 0.990340
vt 0.550077 0.970202
vt 0.200639 0.949639
vt 0.207766 0.947603
vt 0.207766 0.995457
vt 0.123968 0.885566
vt 0.097337 0.914047
vt 0.551744 0.147409
vt 0.278847 0.559442
vt 0.281549 0.514788
vt 0.281549 0.576587
vt 0.392497 0.355824
vt 0.737523 0.507941
vt 0.996047 0.875936
vt 0.991318 0.847556
vt 0.996047 0.824971
vt 0.280719 0.954758
vt 0.802181 0.638108
vt 0.983536 0.804042
vt 0.992948 0.796342
vt 0.992948 0.823261
vt 0.711755 0.495797
vt 0.998426 0.238143
vt 0.998426 0.276157
vt 0.989802 0.257610
vt 0.741822 0.428019
vt 0.735776 0.411676
vt 0.741822 0.390696
vt 0.759825 0.600233
vt 0.339054 0.745376
vt 0.377344 0.349621
vt 0.742914 0.174460
vt 0.733363 0.430673
vt 0.736358 0.438373
vt 0.731392 0.438373
vt 0.851944 0.395674
vt 0.872515 0.408461
vt 0.855249 0.419026
vt 0.743037 0.573573
vt 0.680934 0.490275
vt 0.883231 0.434441
vt 0.568566 0.988673
vt 0.556537 0.980320
vt 0.568566 0.970202
vt 0.977456 0.188094
vt 0.963878 0.180981
vt 0.693322 0.917839
vt 0.743653 0.612535
vt 0.883231 0.390693
vt 0.682698 0.415528
vt 0.694269 0.438373
vt 0.679732 0.438373
vt 0.355211 0.339145
vt 0.524817 0.506280
vt 0.678733 0.477150
vt 0.695359 0.968271
vt 0.983536 0.821101
vt 0.173352 0.649884
vt 0.799985 0.476149
vt 0.326291 0.854275
vt 0.343749 0.546559
vt 0.672839 0.971276
vt 0.776711 0.967202
vt 0.790837 0.963636
vt 0.776119 0.983831
vt 0.780873 0.003224
vt 0.954497 0.484149
vt 0.960257 0.696134
vt 0.719139 0.368981
vt 0.790837 0.985690
vt 0.315050 0.334947
vt 0.314059 0.294841
vt 0.460855 0.547583
vt 0.277976 0.569445
vt 0.278847 0.565049
vt 0.278847 0.576453
vt 0.715153 0.192693
vt 0.977299 0.671286
vt 0.695425 0.361962
vt 1.000000 0.439181
vt 0.767069 0.458630
vt 0.992731 0.702814
vt 0.998046 0.695916
vt 0.998046 0.732830
vt 0.568978 0.509733
vt 0.653289 0.966105
vt 0.923593 0.437984
vt 0.068161 0.914047
vt 0.733480 0.444251
vt 0.728467 0.461029
vt 0.981342 0.451958
vt 0.917782 0.376563
vt 0.937889 0.401736
vt 0.983146 0.671286
vt 0.731392 0.422447
vt 0.731392 0.438373
vt 0.728019 0.424547
vt 0.937270 0.528892
vt 0.735776 0.365975
vt 0.993998 0.099504
vt 0.147028 0.760631
vt 0.754290 0.044053
vt 0.896333 0.368633
vt 0.994441 0.007793
vt 0.994441 0.049184
vt 0.985217 0.030291
vt 0.194308 0.745955
vt 0.967750 0.109262
vt 0.760677 0.243456
vt 0.296328 0.299390
vt 0.717421 0.116229
vt 0.962603 0.089832
vt 0.069561 0.003316
vt 0.122524 0.785000
vt 0.121441 0.810313
vt 0.099986 0.811477
vt 0.757169 0.242098
vt 0.068161 0.964076
vt 0.283747 0.954261
vt 0.300959 0.950512
vt 0.300959 0.986244
vt 0.300180 0.260391
vt 0.899624 0.834615
vt 0.898227 0.848684
vt 0.043725 0.978692
vt 0.894902 0.325015
vt 0.899788 0.938359
vt 0.613108 0.431811
vt 0.192228 0.885566
vt 0.200639 0.885641
vt 0.036051 0.954215
vt 0.993242 0.431688
vt 0.980962 0.409346
vt 0.993001 0.393147
vt 0.398069 0.950512
vt 0.283537 0.240328
vt 0.758421 0.375959
vt 0.763848 0.361962
vt 0.763848 0.390859
vt 0.717514 0.000000
vt 0.603044 0.970202
vt 0.603044 0.997393
vt 0.596161 0.974878
vt 0.849428 0.021687
vt 0.871133 0.027631
vt 0.611548 0.427831
vt 0.634151 0.215095
vt 0.974542 0.236158
vt 0.489490 0.018632
vt 0.817194 0.797094
vt 0.993242 0.378843
vt 0.843207 0.056503
vt 0.762261 0.291706
vt 0.756004 0.264868
vt 0.930475 0.949670
vt 0.295628 0.220906
vt 0.349825 0.616498
vt 0.229014 0.197285
vt 0.231785 0.173900
vt 0.909064 0.570111
vt 0.974542 0.188094
vt 0.866335 0.853592
vt 0.855997 0.857437
vt 0.603623 0.408884
vt 0.605705 0.416094
vt 0.270389 0.178999
vt 0.949837 0.938359
vt 0.979276 0.709139
vt 0.992731 0.695916
vt 0.992731 0.747338
vt 0.296395 0.192031
vt 0.724775 0.328759
vt 0.261374 0.051295
vt 0.281549 0.019919
vt 0.874208 0.581903
vt 0.744996 0.747515
vt 0.752993 0.340775
vt 0.894902 0.108794
vt 0.938747 0.227759
vt 0.278847 0.614262
vt 0.280928 0.576587
vt 0.280928 0.634802
vt 0.357666 0.619039
vt 0.917196 0.626030
vt 0.823371 0.439181
vt 0.803696 0.430904
vt 0.031952 0.740063
vt 0.766856 0.992273
vt 0.755197 0.982829
vt 0.766856 0.963636
vt 0.182024 0.003391
vt 0.783627 0.381551
vt 0.943625 0.202422
vt 0.299653 0.634520
vt 0.764301 0.361962
vt 0.317769 0.133505
vt 0.764388 0.272883
vt 0.281549 0.208330
vt 0.758165 0.361962
vt 0.758421 0.390696
vt 0.735776 0.390696
vt 0.913133 0.635820
vt 0.271140 0.233269
vt 0.024250 0.630218
vt 0.281357 0.678333
vt 0.277598 0.657786
vt 0.281357 0.648928
vt 0.342349 0.992176
vt 0.329536 0.961339
vt 0.342349 0.950512
vt 0.829461 0.363401
vt 0.706414 0.890618
vt 0.685828 0.874420
vt 0.497150 0.688967
vt 0.968682 0.901179
vt 0.280464 0.251252
vt 0.390252 0.972512
vt 0.412405 0.950512
vt 0.412405 0.987109
vt 0.947739 0.084848
vt 0.957663 0.099393
vt 0.969999 0.028005
vt 0.985217 0.000000
vt 0.985217 0.049184
vt 0.737993 0.882313
vt 0.103517 0.514788
vt 0.204807 0.314913
vt 0.809281 0.963636
vt 0.819551 0.987702
vt 0.806898 0.987702
vt 0.447620 0.751835
vt 0.742279 0.905095
vt 0.463226 0.885167
vt 0.722774 0.948126
vt 0.741461 0.917839
vt 0.742279 0.942162
vt 0.112158 0.391643
vt 0.715986 0.917839
vt 0.469229 0.708927
vt 0.721092 0.917839
vt 0.842333 0.966091
vt 0.857089 0.959969
vt 0.857089 0.992658
vt 0.742279 0.974193
vt 0.677833 0.862585
vt 0.980998 0.834506
vt 0.980962 0.352401
vt 0.721092 0.963617
vt 0.273583 0.304244
vt 0.662648 0.415528
vt 0.374929 0.992675
vt 0.361830 0.979256
vt 0.374929 0.950512
vt 0.459630 0.782107
vt 0.776119 0.999039
vt 0.984358 0.827412
vt 0.218569 0.334658
vt 0.873826 0.989582
vt 0.857089 0.980836
vt 0.114219 0.437120
vt 0.930505 0.767525
vt 0.880909 0.730000
vt 0.258625 0.324197
vt 0.419829 0.897364
vt 0.904944 0.784561
vt 0.616753 0.988409
vt 0.609524 0.977304
vt 0.616753 0.970202
vt 0.621883 0.992412
vt 0.616753 0.976434
vt 0.621883 0.970202
vt 0.412405 0.794641
vt 0.972877 0.866771
vt 0.965079 0.413802
vt 0.938344 0.422344
vt 0.412450 0.817783
vt 0.980962 0.431688
vt 0.445660 0.909747
vt 0.426863 0.932566
vt 0.680034 0.784388
vt 0.742279 0.804276
vt 0.727555 0.793301
vt 0.719256 0.784923
vt 0.822508 0.955078
vt 0.790669 0.859426
vt 0.816637 0.860177
vt 0.000000 0.974108
vt 0.036051 0.974108
vt 0.780937 0.876295
vt 0.272673 0.944396
vt 0.646384 0.847298
vt 0.755599 0.872971
vt 0.591246 0.832847
vt 0.576947 0.827743
vt 0.047300 0.887243
vt 0.058380 0.894354
vt 0.695425 0.415528
vt 0.088776 0.914047
vt 0.829372 0.976146
vt 0.839500 0.963636
vt 0.839500 0.992803
vt 0.993953 0.605999
vt 0.993953 0.648254
vt 0.983146 0.634106
vt 0.862942 0.390425
vt 0.281549 0.974515
vt 0.969999 0.107942
vt 0.316158 0.993136
vt 0.300959 0.980517
vt 0.316158 0.950512
vt 0.280928 0.641510
vt 0.279122 0.639798
vt 0.280928 0.634802
vt 0.829372 0.963636
vt 0.829372 0.994338
vt 0.820697 0.986610
vn -0.1799 0.6029 0.7773
vn -0.4062 0.2980 0.8638
vn -0.2338 0.1019 0.9669
vn -0.1786 0.8771 0.4458
vn -0.0217 0.9440 0.3291
vn -0.3210 0.8347 0.4474
vn -0.0829 0.4949 0.8650
vn -0.2338 0.3917 0.8899
vn -0.2019 -0.1103 0.9732
vn -0.0483 0.8011 0.5966
vn -0.2060 0.9492 0.2380
vn -0.3549 0.6113 0.7073
vn -0.0047 0.1406 0.9901
vn 0.0252 0.8554 0.5174
vn 0.0607 0.9007 0.4302
vn 0.0671 0.9769 0.2028
vn -0.0498 0.4942 0.8679
vn -0.0078 0.9009 0.4340
vn -0.1072 0.5179 0.8487
vn 0.0223 0.8600 0.5098
vn 0.1258 0.2942 0.9474
vn 0.0464 0.9146 0.4017
vn 0.2993 0.2539 0.9198
vn 0.2803 0.9559 0.0876
vn 0.3025 0.9530 0.0156
vn 0.1036 0.9822 0.1567
vn 0.3621 0.6577 0.6606
vn 0.3290 0.8403 0.4309
vn 0.6453 0.6782 0.3517
vn 0.1073 0.9579 0.2661
vn -0.1918 0.7467 0.6369
vn -0.1660 0.5149 0.8410
vn -0.5283 0.4538 0.7176
vn -0.0470 0.7475 0.6626
vn 0.0122 0.8933 0.4492
vn 0.4135 -0.0601 0.9085
vn -0.0190 0.9986 0.0503
vn -0.0851 0.2997 0.9502
vn -0.5838 0.2975 0.7554
vn -0.2466 0.7272 0.6406
vn -0.0421 0.2921 0.9555
vn 0.2481 0.9664 -0.0664
vn 0.6320 0.7430 0.2202
vn -0.5712 0.2846 0.7699
vn -0.2158 0.9629 -0.1623
vn -0.5387 0.1726 0.8246
vn -0.1275 0.9733 -0.1909
vn -0.0545 0.9971 0.0530
vn -0.1172 0.7739 0.6224
vn 0.8578 0.0878 0.5065
vn 0.0475 0.7948 0.6050
vn -0.0090 0.6355 0.7721
vn -0.0750 -0.1381 0.9876
vn 0.3257 0.3987 0.8573
vn 0.1891 0.9739 -0.1252
vn 0.0163 0.6395 0.7686
vn -0.3821 0.6947 0.6094
vn 0.0117 0.9510 0.3089
vn 0.0586 0.8939 0.4444
vn -0.1452 0.8942 0.4234
vn 0.0976 0.8985 0.4280
vn 0.3669 0.9303 0.0013
vn 0.2917 0.3897 0.8735
vn 0.0623 0.1764 0.9823
vn 0.0507 0.8406 0.5393
vn 0.1409 0.8269 0.5444
vn 0.1301 0.8244 0.5509
vn 0.2359 0.7974 0.5554
vn 0.7407 0.5698 0.3559
vn 0.9838 0.0609 0.1685
vn 0.8381 0.5371 -0.0951
vn 0.4688 0.8832 -0.0149
vn -0.0552 0.9351 0.3500
vn 0.1532 0.8458 0.5111
vn 0.1605 0.6040 0.7806
vn -0.0536 0.9460 0.3197
vn 0.8388 -0.0987 0.5354
vn 0.7975 0.5417 -0.2656
vn 0.5766 0.8128 -0.0827
vn 0.3751 0.1919 0.9069
vn 0.7513 0.0670 0.6565
vn 0.9204 0.2665 0.2861
vn -0.0970 0.9421 -0.3211
vn 0.0192 0.9434 -0.3312
vn -0.0816 0.9954 -0.0492
vn 0.0690 0.9291 0.3634
vn 0.1203 0.8701 0.4780
vn 0.0717 0.8850 0.4600
vn 0.9661 0.0667 -0.2494
vn 0.2766 0.6664 0.6924
vn 0.1614 0.7925 0.5881
vn -0.5702 0.2619 0.7786
vn -0.9400 0.1561 0.3032
vn -0.8209 0.0824 0.5651
vn -0.2744 0.9194 -0.2819
vn -0.2641 0.8057 -0.5302
vn -0.1163 0.9930 -0.0196
vn 0.1807 0.6859 0.7049
vn 0.0308 0.9943 0.1017
vn -0.0029 0.9990 0.0438
vn -0.0020 0.9997 0.0232
vn 0.8943 -0.0591 0.4436
vn 0.4080 0.3591 0.8394
vn 0.1954 0.4002 0.8953
vn 0.0962 0.7726 0.6275
vn 0.1481 0.5544 0.8190
vn 0.3457 0.2820 0.8950
vn 0.1517 0.7307 0.6656
vn 0.1232 0.9562 0.2657
vn 0.0850 0.9432 0.3211
vn 0.1479 0.7961 0.5868
vn 0.0508 0.6912 0.7209
vn 0.3291 0.7341 0.5940
vn -0.6928 0.7210 0.0121
vn -0.7446 0.6671 0.0236
vn -0.2892 0.9388 -0.1873
vn -0.2155 0.9765 0.0030
vn 0.0596 0.9934 -0.0980
vn 0.0546 0.9864 0.1552
vn 0.1758 0.6494 0.7398
vn 0.1401 0.4100 0.9013
vn -0.0359 0.9306 0.3643
vn -0.0207 0.9737 0.2269
vn 0.1642 -0.1153 0.9797
vn 0.1101 -0.1853 0.9765
vn 0.0967 0.0629 0.9933
vn 0.2339 0.2395 0.9423
vn 0.1634 0.0189 0.9864
vn 0.0589 0.2649 0.9625
vn 0.1166 0.9603 0.2536
vn 0.2926 0.9492 0.1161
vn 0.4415 0.7757 0.4509
vn 0.2498 0.9515 0.1795
vn 0.9940 -0.0968 0.0513
vn 0.9518 -0.2522 0.1747
vn 0.7733 0.6126 -0.1637
vn 0.4111 0.6435 0.6456
vn -0.2123 0.7956 0.5674
vn 0.1382 0.7697 0.6233
vn -0.5174 0.2952 0.8032
vn -0.2831 0.3606 0.8887
vn -0.3631 0.9275 0.0888
vn -0.0744 0.9247 0.3732
vn 0.0152 0.9674 0.2527
vn 0.0548 0.9693 0.2397
vn 0.0059 0.9353 0.3537
vn 0.0494 0.9227 0.3825
vn 0.3639 -0.2900 0.8851
vn 0.1420 0.1913 0.9712
vn 0.3275 -0.0404 0.9440
vn 0.1649 0.4845 0.8591
vn 0.1820 -0.0149 0.9832
vn 0.8762 0.1864 -0.4445
vn 0.7767 0.5222 -0.3522
vn -0.5690 0.7844 0.2470
vn -0.6131 0.5396 0.5770
vn -0.6107 0.7602 0.2215
vn 0.9234 -0.3769 0.0732
vn 0.8955 -0.4357 -0.0911
vn 0.0516 0.9578 0.2829
vn 0.0034 -0.1126 0.9936
vn 0.1519 -0.3574 0.9215
vn 0.2552 0.6372 0.7272
vn -0.0073 -0.1552 0.9879
vn 0.8342 0.5432 0.0952
vn 0.3940 0.9180 -0.0458
vn 0.2893 0.9566 -0.0356
vn 0.8669 0.4018 -0.2950
vn 0.9099 0.1176 -0.3978
vn 0.4739 0.8307 -0.2922
vn 0.4829 0.7558 -0.4422
vn 0.8189 0.3937 -0.4177
vn -0.1250 0.6444 0.7544
vn 0.9223 -0.2352 -0.3066
vn 0.8901 0.2739 -0.3643
vn 0.0229 -0.0213 0.9995
vn -0.0883 0.8917 0.4440
vn 0.0129 0.9943 0.1061
vn 0.1146 0.3017 0.9465
vn 0.1892 0.9476 0.2573
vn 0.8329 0.5098 -0.2154
vn 0.5689 0.8172 0.0925
vn 0.5836 0.8022 -0.1259
vn 0.9280 0.0933 -0.3606
vn 0.7025 0.3281 0.6316
vn 0.8195 0.2309 0.5245
vn -0.1941 0.5653 0.8017
vn 0.4274 0.2550 0.8674
vn 0.2302 0.9728 0.0257
vn 0.1123 0.7283 0.6760
vn 0.6486 0.0925 0.7555
vn 0.0751 0.9304 0.3589
vn 0.0066 0.8011 0.5985
vn 0.4147 0.0598 0.9080
vn 0.3674 0.2100 0.9061
vn 0.3354 0.1973 0.9212
vn 0.5584 0.0657 0.8270
vn 0.5164 -0.2046 0.8316
vn 0.4167 -0.2321 0.8789
vn 0.4343 0.7963 0.4211
vn 0.2896 0.9233 0.2521
vn 0.2881 0.9302 0.2273
vn 0.3474 0.9292 0.1258
vn 0.4366 0.3805 0.8152
vn 0.3216 0.1439 0.9359
vn 0.1711 0.1833 0.9680
vn -0.0810 0.4978 0.8635
vn 0.8199 -0.3780 -0.4300
vn 0.8592 -0.4614 -0.2212
vn 0.4319 0.8883 -0.1563
vn 0.3810 0.7149 0.5863
vn 0.1101 0.9203 0.3755
vn 0.7775 0.4366 0.4527
vn -0.0659 0.7975 0.5997
vn 0.0977 0.8950 0.4353
vn 0.1571 -0.7050 0.6916
vn 0.4554 0.8896 0.0347
vn 0.7984 -0.1083 0.5923
vn 0.9117 0.3189 0.2589
vn 0.5710 0.7815 -0.2517
vn 0.2816 0.7583 0.5879
vn 0.2560 0.4901 0.8332
vn -0.1705 0.8347 0.5237
vn -0.7027 0.5770 0.4163
vn -0.8996 0.4363 -0.0171
vn 0.2799 0.9491 -0.1442
vn 0.5079 0.8528 0.1217
vn 0.1810 0.9595 -0.2159
vn 0.6250 0.4472 0.6398
vn 0.2692 0.5630 0.7814
vn 0.2424 0.1535 0.9579
vn -0.1861 -0.1205 0.9751
vn 0.2013 0.1904 0.9609
vn 0.0306 0.9480 0.3167
vn 0.0070 0.9457 0.3251
vn 0.0175 0.9635 0.2672
vn 0.0135 -0.6519 0.7582
vn 0.2786 -0.6880 0.6701
vn -0.1971 -0.3990 0.8955
vn 0.4331 0.2707 0.8598
vn 0.4917 0.8689 -0.0571
vn 0.9669 -0.1246 0.2227
vn 0.9976 0.0597 0.0344
vn 0.7637 0.2951 -0.5742
vn 0.8627 0.3200 -0.3917
vn -0.4924 0.4541 0.7425
vn 0.3760 0.1946 0.9060
vn -0.1839 0.3215 0.9289
vn -0.0601 0.9760 0.2092
vn -0.2009 0.5077 0.8378
vn 0.8389 -0.1315 0.5281
vn 0.7249 -0.1176 0.6787
vn -0.1103 -0.6425 0.7583
vn -0.2530 -0.5157 0.8185
vn 0.2553 -0.3999 0.8803
vn 0.4079 -0.7380 0.5376
vn 0.0827 -0.3056 0.9486
vn -0.0071 -0.0531 0.9986
vn -0.0503 0.1031 0.9934
vn 0.1733 -0.5694 0.8036
vn 0.2154 0.0718 0.9739
vn 0.2159 -0.3652 0.9056
vn 0.4275 0.0254 0.9036
vn 0.4635 -0.1536 0.8727
vn 0.4456 -0.1137 0.8880
vn 0.8873 -0.0649 0.4566
vn 0.9784 -0.1332 -0.1580
vn 0.9724 -0.2020 -0.1167
vn 0.9785 -0.2013 0.0456
vn 0.1930 0.9760 -0.1011
vn 0.8317 0.2221 -0.5089
vn 0.7514 0.0027 -0.6598
vn -0.1108 0.0288 0.9934
vn 0.3336 0.1400 0.9322
vn 0.7264 -0.4343 -0.5327
vn 0.0458 0.9397 0.3389
vn 0.6394 0.5495 0.5378
vn 0.0933 0.5114 0.8543
vn -0.0317 0.2022 0.9788
vn -0.0218 -0.4426 0.8965
vn 0.5835 -0.3312 0.7415
vn 0.5774 0.3974 0.7132
vn 0.7624 0.3827 0.5219
vn 0.7960 -0.4105 -0.4449
vn 0.4567 0.8868 -0.0705
vn 0.7132 0.2153 0.6670
vn 0.5831 0.1273 0.8024
vn -0.3638 0.2302 0.9026
vn -0.0284 0.1534 0.9878
vn -0.3161 0.1620 0.9348
vn 0.9951 -0.0761 0.0630
vn 0.9964 0.0399 -0.0748
vn 0.9598 0.1052 -0.2602
vn 0.8845 0.0365 0.4650
vn 0.6031 0.7961 -0.0503
vn 0.5321 0.7865 0.3135
vn 0.4782 0.3049 0.8236
vn 0.0675 0.2902 0.9546
vn -0.0165 0.7280 0.6854
vn 0.2785 -0.0837 0.9568
vn 0.1708 0.0105 0.9852
vn 0.2691 -0.0983 0.9581
vn 0.2060 0.2960 0.9327
vn 0.3178 -0.5837 0.7472
vn 0.2925 -0.7226 0.6263
vn 0.7921 -0.0606 0.6073
vn 0.8730 -0.0962 0.4781
vn 0.5457 -0.0989 0.8321
vn 0.6673 0.6481 -0.3669
vn 0.5324 0.8060 -0.2588
vn 0.6411 0.7062 -0.3005
vn 0.7203 0.5916 -0.3622
vn 0.6125 0.7159 -0.3353
vn 0.6748 -0.0002 -0.7380
vn 0.7574 0.1510 0.6352
vn 0.5869 0.0836 0.8053
vn 0.7802 0.1672 0.6028
vn -0.6004 0.6983 0.3897
vn 0.1037 0.9777 0.1828
vn 0.8861 0.0234 0.4628
vn -0.1561 0.4751 0.8660
vn -0.1062 0.1869 0.9766
vn -0.0028 0.3247 0.9458
vn 0.9612 0.1008 0.2568
vn 0.9353 -0.0087 -0.3539
vn 0.9280 -0.0783 -0.3643
vn 0.6943 -0.2460 -0.6763
vn 0.7293 -0.2346 -0.6428
vn 0.7765 -0.3122 -0.5473
vn 0.2851 -0.1517 -0.9464
vn 0.8659 -0.0824 -0.4934
vn 0.9532 -0.1137 -0.2802
vn 0.7986 0.4826 0.3597
vn 0.1674 0.6124 0.7726
vn 0.3614 0.3181 0.8765
vn 0.0333 0.0432 0.9985
vn 0.2194 -0.6932 0.6865
vn 0.4666 -0.4370 0.7690
vn 0.1126 0.1149 0.9870
vn 0.8948 -0.4196 0.1524
vn 0.3898 -0.5838 0.7122
vn 0.9668 -0.1478 0.2087
vn 0.8196 -0.5266 0.2255
vn 0.9988 0.0456 0.0176
vn 0.9408 0.0038 -0.3389
vn -0.0647 -0.0972 0.9932
vn 0.1920 0.5438 0.8170
vn 0.0642 0.9487 -0.3095
vn 0.5462 -0.2938 -0.7844
vn 0.5679 -0.1860 -0.8018
vn 0.9023 -0.0725 0.4249
vn 0.0287 0.9882 0.1505
vn 0.2204 0.8991 0.3783
vn 0.2505 0.9594 0.1300
vn -0.0641 -0.2743 0.9595
vn -0.0061 0.1025 0.9947
vn -0.1215 -0.0153 0.9925
vn 0.4506 -0.0748 -0.8896
vn 0.5185 -0.1072 0.8484
vn 0.5761 0.1265 0.8075
vn 0.2275 0.0341 0.9732
vn 0.8737 0.2599 0.4112
vn -0.1956 -0.0189 0.9805
vn -0.1633 0.9825 0.0894
vn 0.4998 -0.1680 -0.8497
vn 0.6619 -0.2151 -0.7181
vn 0.7660 0.5794 0.2784
vn 0.4456 0.7011 0.5567
vn 0.1811 0.7665 0.6161
vn 0.0094 -0.5790 0.8153
vn -0.0083 -0.1694 0.9855
vn 0.1388 0.5290 0.8372
vn 0.4191 0.0039 0.9079
vn 0.4257 0.0361 0.9041
vn 0.5992 0.6344 -0.4884
vn 0.4070 0.7762 -0.4815
vn 0.5231 0.7581 -0.3893
vn 0.5260 -0.0358 -0.8497
vn 0.0536 -0.0787 0.9955
vn -0.3373 0.9171 0.2125
vn 0.0236 0.9883 -0.1509
vn -0.7393 0.2755 0.6144
vn -0.4016 0.6029 0.6894
vn -0.7560 0.2560 0.6025
vn -0.5767 0.0787 0.8131
vn -0.1542 0.3453 0.9257
vn -0.3471 0.2417 0.9062
vn -0.5976 0.1216 0.7925
vn 0.1910 0.2586 0.9469
vn -0.0129 -0.2709 0.9625
vn -0.2854 -0.3761 0.8815
vn 0.6195 -0.7702 0.1517
vn 0.3985 -0.8922 0.2127
vn 0.6144 -0.7816 0.1078
vn 0.7761 -0.6277 -0.0610
vn 0.8780 0.0621 -0.4746
vn 0.7306 0.3817 -0.5661
vn 0.3291 0.8916 -0.3110
vn 0.9319 -0.0783 -0.3543
vn 0.6527 -0.2630 -0.7105
vn 0.6686 0.3717 -0.6441
vn 0.7506 -0.1328 0.6472
vn 0.4461 0.0935 0.8901
vn 0.5210 0.0754 0.8502
vn 0.3104 0.0214 0.9504
vn 0.1430 0.0705 0.9872
vn -0.0267 0.1839 0.9826
vn 0.9436 0.1068 -0.3135
vn 0.1895 0.7746 0.6034
vn 0.9789 0.0680 -0.1927
vn 0.9628 0.0349 0.2679
vn -0.3485 0.5114 0.7855
vn -0.3753 0.2864 0.8815
vn -0.6731 0.3329 0.6604
vn -0.6461 -0.0321 0.7626
vn -0.0424 -0.4773 0.8777
vn 0.5052 0.0132 0.8629
vn 0.5909 -0.8022 0.0856
vn 0.7255 -0.5915 -0.3518
vn 0.1255 0.1280 0.9838
vn -0.1095 0.0991 0.9890
vn 0.8337 0.1274 0.5374
vn 0.4581 -0.1123 0.8818
vn -0.2663 0.0006 0.9639
vn -0.4723 -0.1032 0.8754
vn -0.5288 0.2952 0.7957
vn -0.1398 0.5361 0.8325
vn 0.4579 -0.1471 -0.8767
vn 0.4312 -0.1013 -0.8965
vn 0.7674 -0.0588 -0.6385
vn 0.7968 -0.6009 -0.0639
vn 0.8066 -0.5894 -0.0450
vn 0.8349 -0.5499 0.0254
vn -0.9950 -0.0773 0.0637
vn -0.5382 0.8288 0.1528
vn 0.0083 0.9864 0.1644
vn -0.0579 0.9183 0.3915
vn 0.0422 0.9975 0.0569
vn -0.8124 0.1349 0.5673
vn -0.2382 0.0844 0.9676
vn -0.0945 0.6754 0.7314
vn -0.0990 -0.6910 0.7160
vn 0.3332 0.3058 0.8919
vn 0.9383 -0.2971 0.1768
vn 0.8919 -0.4308 -0.1372
vn 0.8657 0.0777 -0.4945
vn 0.3152 0.8410 -0.4398
vn 0.3868 0.8007 -0.4575
vn 0.7037 -0.2097 -0.6788
vn 0.5073 0.0899 0.8571
vn -0.9590 0.1949 -0.2057
vn -0.8285 0.5311 0.1775
vn -0.0190 0.9264 -0.3761
vn -0.1210 0.9910 0.0565
vn -0.0897 0.9795 -0.1802
vn -0.4278 0.8834 -0.1910
vn -0.8467 0.5156 -0.1316
vn -0.6930 0.5939 -0.4087
vn -0.8297 -0.1983 -0.5218
vn -0.0366 0.8724 0.4874
vn 0.2640 0.0201 0.9643
vn 0.5099 0.2199 0.8316
vn 0.2106 0.0153 0.9775
vn 0.7208 -0.6499 -0.2410
vn 0.8664 -0.3431 -0.3628
vn 0.2613 0.8508 -0.4560
vn 0.6722 -0.1632 -0.7222
vn 0.5948 -0.1751 -0.7845
vn 0.7038 0.3420 0.6227
vn 0.7256 -0.1600 0.6693
vn -0.0766 -0.0722 0.9944
vn 0.0306 0.1466 0.9887
vn -0.2239 0.1333 0.9654
vn -0.3858 0.6952 0.6065
vn 0.2591 -0.0761 -0.9628
vn 0.9638 -0.0460 0.2626
vn -0.0984 0.9933 -0.0614
vn -0.8392 0.5291 -0.1258
vn 0.2367 0.9563 -0.1715
vn -0.8330 0.0996 -0.5442
vn -0.5092 0.1967 0.8379
vn 0.6925 0.2412 0.6799
vn 0.8979 0.2992 0.3230
vn 0.7313 -0.2702 0.6263
vn 0.3576 0.2472 -0.9006
vn 0.2645 -0.1226 -0.9566
vn 0.3646 -0.1631 -0.9168
vn 0.1428 0.0842 0.9862
vn -0.3831 0.2012 0.9015
vn -0.8090 0.2527 -0.5307
vn -0.8901 0.4505 0.0690
vn 0.4637 -0.1640 -0.8707
vn -0.9121 0.3896 0.1276
vn -0.5493 0.8320 0.0776
vn -0.3850 0.9116 0.1443
vn -0.9687 -0.1485 -0.1990
vn -0.9691 0.2388 0.0619
vn -0.1971 -0.7101 0.6760
vn -0.1685 0.0539 0.9842
vn -0.4186 -0.1756 0.8910
vn 0.0276 0.0848 0.9960
vn 0.0687 -0.6072 0.7916
vn 0.4486 0.0474 0.8925
vn 0.7177 0.0869 0.6909
vn 0.9660 0.2579 0.0162
vn 0.5958 -0.2034 -0.7769
vn 0.7852 -0.5160 -0.3424
vn 0.2236 0.3176 -0.9215
vn 0.6537 0.1128 0.7483
vn 0.7319 -0.2296 0.6416
vn -0.3985 0.9167 0.0291
vn -0.3384 -0.8397 0.4247
vn -0.3227 0.9177 -0.2316
vn 0.8785 0.0669 -0.4730
vn 0.9827 0.0205 -0.1841
vn 0.9757 0.2185 -0.0184
vn -0.3152 0.9371 -0.1502
vn 0.2393 0.8304 0.5032
vn -0.8514 -0.4203 -0.3138
vn -0.6707 0.1428 0.7278
vn -0.7388 0.3014 0.6028
vn -0.4369 0.6961 0.5697
vn -0.9402 0.0410 0.3382
vn 0.2862 -0.3096 0.9068
vn 0.6119 -0.5561 -0.5624
vn 0.5324 -0.2107 -0.8199
vn 0.5353 0.3563 -0.7658
vn 0.9648 0.1512 0.2152
vn 0.5330 -0.0316 0.8455
vn -0.5848 0.3331 0.7396
vn 0.5131 0.6888 0.5120
vn 0.1950 0.5428 0.8169
vn -0.2365 0.6847 0.6894
vn -0.2566 0.7628 0.5936
vn -0.2223 0.9096 0.3510
vn -0.1003 -0.0388 0.9942
vn -0.0249 0.2592 0.9655
vn -0.2388 -0.2967 0.9246
vn -0.1784 -0.0246 0.9837
vn -0.1555 -0.1157 0.9810
vn -0.4340 -0.2710 0.8592
vn 0.8737 0.2401 0.4230
vn 0.9710 0.2300 -0.0655
vn -0.5971 -0.2183 0.7719
vn -0.5021 0.1180 0.8567
vn -0.5421 -0.4250 0.7249
vn -0.3575 0.9179 -0.1723
vn -0.7398 0.6312 -0.2331
vn -0.7360 0.5123 -0.4426
vn -0.6433 0.5855 -0.4934
vn -0.5451 0.7719 -0.3272
vn 0.4531 -0.0964 -0.8863
vn 0.2740 -0.0977 -0.9568
vn 0.5340 -0.1026 -0.8392
vn -0.4037 0.9106 0.0889
vn -0.8758 -0.4490 -0.1768
vn -0.8750 -0.4226 -0.2362
vn -0.4679 0.6443 0.6049
vn -0.7659 0.5578 0.3197
vn -0.1069 0.9002 0.4222
vn -0.0610 0.8340 0.5483
vn -0.1311 0.9491 0.2863
vn -0.1940 0.2403 0.9511
vn 0.5942 -0.7513 -0.2872
vn 0.9054 0.2509 -0.3426
vn 0.0890 0.1370 0.9866
vn 0.5292 -0.0730 0.8454
vn 0.1876 0.1880 0.9641
vn 0.7049 -0.2947 0.6452
vn 0.5676 0.0284 0.8228
vn 0.5217 0.1800 0.8339
vn -0.7338 -0.0877 0.6737
vn -0.6463 0.1337 0.7513
vn -0.4909 0.0420 0.8702
vn -0.8382 0.1603 -0.5213
vn -0.9396 0.2198 -0.2625
vn -0.7743 0.4106 -0.4815
vn 0.3968 -0.1535 -0.9050
vn 0.6708 -0.0704 -0.7383
vn 0.8767 0.0942 -0.4718
vn 0.6965 -0.1213 -0.7072
vn 0.9184 0.3559 0.1728
vn -0.6684 0.5741 -0.4729
vn -0.6159 0.7660 -0.1844
vn -0.7646 -0.5974 -0.2418
vn -0.9777 0.2074 0.0331
vn -0.9205 0.3891 0.0354
vn -0.9736 -0.1194 0.1946
vn -0.6009 0.7991 -0.0155
vn -0.1109 -0.4537 0.8842
vn -0.1591 -0.1648 0.9734
vn 0.8469 -0.0735 0.5267
vn 0.9808 0.0904 0.1726
vn 0.9306 0.2532 -0.2643
vn 0.0760 -0.1279 -0.9889
vn 0.6631 0.4525 0.5962
vn -0.4668 0.1235 0.8757
vn -0.8885 0.1478 0.4345
vn -0.8978 -0.1298 0.4209
vn 0.3487 0.2020 0.9152
vn -0.9514 0.2862 -0.1141
vn -0.9685 0.2313 -0.0918
vn -0.6127 0.7305 -0.3016
vn -0.1857 -0.0486 -0.9814
vn 0.1029 -0.0576 -0.9930
vn -0.1076 -0.1268 -0.9861
vn -0.9527 -0.2635 -0.1512
vn 0.7152 0.6189 0.3246
vn 0.6135 0.5434 0.5730
vn -0.9795 0.1654 -0.1149
vn -0.1536 0.9580 0.2423
vn -0.3626 0.6448 0.6728
vn -0.1188 0.9213 0.3702
vn -0.2326 0.8932 0.3848
vn -0.0373 0.2383 0.9705
vn -0.0051 0.5587 0.8294
vn -0.4298 0.1465 0.8910
vn 0.9001 0.2086 -0.3825
vn -0.9925 0.1001 0.0702
vn -0.9523 -0.1960 -0.2338
vn -0.9981 0.0608 -0.0100
vn -0.7487 0.3041 -0.5891
vn 0.1524 -0.0849 -0.9847
vn 0.4312 -0.1088 -0.8957
vn -0.7354 0.6675 -0.1166
vn -0.0403 0.8427 0.5369
vn -0.5316 -0.3268 0.7814
vn -0.4402 0.8907 0.1138
vn -0.4181 0.3089 0.8542
vn 0.6094 -0.5968 -0.5220
vn 0.8415 0.2310 -0.4884
vn 0.3718 0.2895 0.8820
vn 0.4609 0.5779 0.6735
vn 0.2919 0.5603 0.7751
vn -0.2965 0.1242 0.9469
vn -0.3674 0.0225 0.9298
vn -0.0992 0.2043 0.9739
vn -0.5468 -0.0066 0.8373
vn -0.5592 -0.6656 -0.4942
vn -0.4703 -0.7518 -0.4622
vn -0.9782 0.0442 -0.2028
vn 0.7334 0.6415 -0.2252
vn -0.7628 0.5523 -0.3364
vn -0.8873 0.1705 -0.4286
vn 0.2413 -0.8537 -0.4614
vn 0.8454 -0.4925 0.2068
vn 0.9065 -0.1506 0.3945
vn -0.5515 -0.0629 0.8318
vn -0.0538 -0.1570 0.9861
vn -0.1023 -0.1008 0.9896
vn -0.0803 -0.0767 0.9938
vn 0.3395 -0.3070 -0.8891
vn 0.3799 -0.2152 -0.8996
vn 0.2103 -0.1316 -0.9687
vn 0.0201 -0.2132 -0.9768
vn -0.3529 0.0108 -0.9356
vn -0.3279 -0.1055 -0.9388
vn 0.1834 0.3654 0.9126
vn 0.3787 0.3228 0.8674
vn 0.8644 -0.0115 0.5027
vn -0.7355 0.2741 -0.6196
vn -0.6944 0.2636 -0.6696
vn -0.6846 0.2599 -0.6811
vn 0.6594 0.3289 -0.6760
vn -0.4780 -0.6615 -0.5779
vn -0.4775 -0.6622 -0.5775
vn -0.4778 -0.6619 -0.5776
vn 0.1295 -0.6915 -0.7107
vn -0.8172 0.5053 -0.2772
vn -0.2257 0.9582 0.1757
vn -0.1910 0.9590 0.2093
vn -0.0984 0.9643 0.2460
vn -0.8020 0.4176 0.4272
vn -0.7216 0.2818 0.6323
vn -0.1651 0.9710 0.1730
vn 0.7880 -0.2413 -0.5664
vn 0.8274 0.2098 -0.5210
vn -0.6441 0.0784 -0.7609
vn -0.7553 0.1844 -0.6289
vn 0.3204 -0.1059 -0.9413
vn 0.3137 0.0048 -0.9495
vn 0.3845 0.0898 -0.9188
vn -0.9887 0.1496 0.0079
vn -0.9239 0.0764 -0.3748
vn -0.8310 0.5125 0.2165
vn -0.5808 0.8053 -0.1191
vn -0.7891 0.6139 0.0218
vn 0.9608 0.1105 -0.2544
vn 0.8903 -0.1485 -0.4304
vn 0.6224 -0.5307 -0.5753
vn 0.4666 -0.6927 -0.5499
vn 0.5076 -0.2879 -0.8121
vn 0.5252 -0.5422 -0.6559
vn 0.4178 -0.4754 -0.7742
vn 0.1338 0.3130 -0.9403
vn 0.0621 0.2880 -0.9556
vn 0.4393 0.4261 0.7909
vn 0.2397 0.5871 0.7732
vn 0.5616 0.3781 0.7359
vn -0.7386 0.2154 -0.6388
vn -0.6388 0.1988 -0.7432
vn -0.7511 0.1176 0.6496
vn -0.7893 -0.2632 0.5548
vn -0.6257 0.7779 0.0574
vn -0.5112 0.0202 0.8592
vn -0.2001 0.2987 0.9331
vn 0.4497 0.8360 -0.3145
vn 0.9038 0.3322 -0.2698
vn 0.9372 0.2664 -0.2250
vn 0.8148 0.0505 -0.5775
vn 0.3851 0.8699 -0.3082
vn 0.7529 0.1723 -0.6351
vn 0.3355 0.8238 0.4570
vn 0.2821 0.8321 0.4775
vn -0.1460 0.3131 0.9384
vn -0.7219 -0.0256 0.6915
vn -0.1909 0.5460 0.8157
vn -0.6147 0.5472 -0.5681
vn -0.8994 0.2545 -0.3554
vn 0.2987 0.0081 -0.9543
vn 0.5028 -0.0737 -0.8612
vn -0.1275 -0.7615 -0.6355
vn -0.5239 -0.0843 0.8476
vn -0.2363 -0.0033 0.9717
vn -0.6593 -0.3346 0.6734
vn -0.4843 -0.2522 0.8378
vn -0.4879 0.8666 -0.1051
vn -0.8175 0.5345 -0.2143
vn -0.0678 -0.4997 0.8636
vn -0.1757 -0.5463 0.8189
vn -0.0864 -0.6409 0.7627
vn -0.0303 -0.5148 0.8568
vn 0.6267 0.1246 -0.7692
vn 0.3533 -0.2713 -0.8953
vn 0.1802 -0.3694 -0.9117
vn -0.1487 0.2289 -0.9620
vn 0.6235 0.6654 0.4104
vn 0.3452 0.9373 0.0484
vn -0.1254 0.5136 0.8488
vn -0.5020 0.1530 0.8512
vn 0.2901 0.1457 0.9458
vn -0.1926 0.7779 0.5982
vn -0.8070 -0.1052 -0.5811
vn -0.8072 -0.2751 -0.5223
vn -0.5237 -0.0624 -0.8496
vn -0.4685 0.0458 -0.8823
vn 0.2307 -0.0656 -0.9708
vn 0.0792 -0.0743 -0.9941
vn -0.9316 0.0360 0.3618
vn -0.7259 0.6312 -0.2731
vn -0.1460 -0.1157 0.9825
vn -0.1296 -0.1214 0.9841
vn -0.2866 -0.0534 0.9566
vn -0.4052 -0.7462 0.5282
vn -0.4237 -0.7008 0.5739
vn -0.2642 0.3648 -0.8928
vn -0.0141 0.5924 0.8055
vn -0.2972 -0.8206 -0.4881
vn -0.3098 -0.7723 -0.5546
vn -0.4783 -0.6070 -0.6346
vn -0.7464 0.1307 -0.6526
vn -0.8791 0.3622 -0.3099
vn -0.6390 0.6928 -0.3344
vn -0.4086 0.7396 -0.5348
vn -0.3622 0.7929 -0.4901
vn -0.4328 0.7946 -0.4257
vn 0.0049 -0.0733 -0.9973
vn -0.9836 0.1675 0.0673
vn -0.7259 0.2406 0.6444
vn -0.3797 -0.5512 0.7430
vn -0.4924 -0.4539 0.7427
vn -0.5785 0.8079 -0.1123
vn -0.6048 0.6987 -0.3822
vn 0.6922 0.3666 -0.6217
vn 0.4049 -0.4464 -0.7980
vn 0.1515 -0.7477 -0.6466
vn 0.3404 -0.6659 -0.6638
vn 0.2644 -0.4993 -0.8251
vn 0.0121 -0.1980 -0.9801
vn 0.3257 0.8718 -0.3659
vn 0.4773 0.7345 -0.4824
vn 0.4110 0.3816 -0.8279
vn -0.1829 0.9372 -0.2969
vn -0.2024 -0.0826 -0.9758
vn 0.0960 0.0636 -0.9934
vn 0.2136 0.4530 -0.8655
vn -0.8604 -0.4373 -0.2618
vn -0.9569 -0.1842 -0.2245
vn -0.5096 -0.6537 -0.5595
vn -0.7089 -0.0315 0.7046
vn -0.4207 -0.1547 0.8939
vn -0.5315 0.8119 -0.2415
vn -0.2598 0.9641 -0.0546
vn -0.9523 0.3003 -0.0539
vn 0.2336 0.7730 0.5899
vn -0.3498 0.2958 0.8889
vn -0.5285 -0.0032 0.8489
vn 0.3164 0.3450 0.8837
vn -0.7954 0.3179 0.5160
vn -0.3754 0.3470 0.8595
vn -0.4640 -0.0558 -0.8841
vn -0.4655 -0.1425 -0.8735
vn -0.2208 0.9554 -0.1961
vn -0.2932 0.8952 -0.3355
vn 0.1403 -0.2586 -0.9557
vn 0.1189 -0.0330 -0.9924
vn -0.9482 0.0238 0.3169
vn -0.9914 0.1087 0.0735
vn -0.9069 0.3726 0.1966
vn 0.5810 0.1666 -0.7966
vn 0.5880 0.1750 -0.7897
vn 0.5918 0.1685 -0.7883
vn -0.5715 -0.3835 -0.7255
vn -0.2389 0.8205 -0.5192
vn -0.4807 0.3782 -0.7911
vn -0.7202 -0.1053 -0.6858
vn -0.8077 -0.1232 -0.5766
vn -0.6826 -0.2016 -0.7024
vn -0.2579 0.9579 -0.1260
vn -0.9485 -0.1294 -0.2892
vn -0.9688 -0.0427 -0.2440
vn 0.4927 0.1388 -0.8591
vn -0.3466 -0.5345 -0.7708
vn -0.1999 -0.5550 -0.8075
vn -0.4630 -0.4793 -0.7456
vn -0.6944 -0.1898 -0.6941
vn -0.2231 0.8817 -0.4156
vn 0.2505 0.0606 -0.9662
vn 0.2850 -0.0438 -0.9575
vn 0.1224 -0.2603 -0.9577
vn -0.5855 -0.5348 0.6093
vn -0.9251 -0.3077 0.2225
vn -0.9736 -0.1473 0.1742
vn -0.9822 -0.1466 0.1171
vn -0.9024 -0.1394 0.4078
vn -0.2231 0.8552 0.4678
vn -0.4126 0.2945 0.8620
vn -0.3579 0.0922 0.9292
vn -0.0224 0.3263 -0.9450
vn 0.4090 0.8801 0.2409
vn 0.7010 0.7120 -0.0409
vn -0.9067 -0.2157 -0.3625
vn -0.5452 -0.1510 -0.8246
vn -0.5409 -0.2695 -0.7967
vn -0.4823 -0.2098 -0.8505
vn -0.7751 -0.5883 0.2304
vn -0.9184 -0.2638 0.2948
vn -0.1940 0.5194 0.8322
vn -0.5373 0.2298 0.8115
vn 0.5173 0.1203 -0.8473
vn -0.2014 0.3579 -0.9118
vn 0.5626 0.5486 -0.6185
vn 0.4608 0.2968 -0.8364
vn 0.3299 0.2792 -0.9018
vn 0.6314 0.7333 -0.2521
vn 0.5847 0.5923 0.5544
vn 0.3101 0.4512 0.8368
vn -0.1340 0.6001 0.7886
vn -0.3325 0.6315 0.7004
vn -0.4120 0.5121 0.7537
vn -0.4096 -0.5378 -0.7369
vn -0.7779 -0.1348 -0.6138
vn -0.4900 -0.7834 0.3822
vn -0.7195 -0.5749 0.3896
vn -0.8287 -0.3481 0.4382
vn -0.4306 -0.7257 0.5366
vn -0.9332 -0.0186 -0.3588
vn -0.9517 -0.1079 -0.2873
vn -0.9630 -0.0794 -0.2574
vn -0.9746 -0.1434 -0.1718
vn -0.6335 -0.1254 0.7635
vn -0.8056 -0.0854 0.5863
vn 0.3796 0.1124 -0.9183
vn 0.2423 0.5805 -0.7774
vn 0.4478 0.1333 -0.8842
vn 0.4542 0.4792 -0.7511
vn 0.1281 0.0845 -0.9882
vn -0.2144 0.5380 0.8152
vn -0.3836 -0.4756 -0.7916
vn -0.3954 -0.0816 -0.9149
vn -0.6214 -0.1220 -0.7739
vn -0.9311 -0.0921 -0.3530
vn -0.9609 -0.1451 -0.2359
vn -0.9073 -0.1492 -0.3931
vn -0.7866 -0.2695 -0.5555
vn -0.9489 -0.3052 -0.0806
vn -0.9640 0.2372 0.1197
vn -0.6046 -0.7834 0.1441
vn -0.4784 -0.0702 0.8753
vn 0.1958 -0.5710 -0.7973
vn 0.2193 0.1901 -0.9569
vn 0.1251 -0.6350 -0.7623
vn -0.1007 -0.4745 -0.8745
vn 0.5836 0.1893 -0.7897
vn 0.8033 0.2973 -0.5161
vn -0.3742 0.3940 0.8395
vn -0.0044 0.3038 0.9527
vn -0.5297 0.3784 0.7591
vn -0.7734 0.2180 0.5952
vn -0.5338 -0.4491 -0.7165
vn -0.4540 -0.1361 -0.8806
vn -0.1740 0.8453 -0.5051
vn -0.8400 -0.4010 0.3656
vn -0.9011 -0.4074 0.1489
vn -0.9649 0.0155 -0.2620
vn -0.9078 -0.3555 -0.2223
vn -0.9979 0.0460 -0.0451
vn -0.3730 -0.0061 0.9278
vn -0.2636 -0.0790 0.9614
vn -0.7322 0.2688 0.6259
vn 0.1086 -0.7331 -0.6714
vn 0.0071 -0.5075 -0.8616
vn 0.7542 0.1370 0.6422
vn -0.3951 -0.3801 -0.8363
vn -0.5945 -0.4395 -0.6733
vn -0.6868 -0.3728 -0.6240
vn -0.7556 -0.1207 -0.6438
vn -0.9784 -0.2033 -0.0386
vn -0.8002 -0.5506 -0.2378
vn -0.5272 -0.0210 0.8495
vn -0.1769 -0.1761 -0.9684
vn 0.7690 0.1841 0.6121
vn -0.2695 -0.2431 -0.9318
vn -0.5815 -0.3644 -0.7274
vn -0.5677 -0.6409 -0.5167
vn -0.8305 0.2284 -0.5081
vn 0.0933 0.1687 -0.9812
vn 0.0607 -0.3956 -0.9164
vn 0.1423 -0.2349 -0.9616
vn -0.3056 -0.1519 -0.9400
vn -0.2132 -0.1063 -0.9712
vn 0.6977 -0.4094 0.5879
vn 0.2227 -0.5932 0.7737
vn 0.5991 -0.6480 0.4704
vn -0.2748 0.3835 0.8817
vn -0.2600 0.6932 0.6722
vn -0.5507 -0.3323 -0.7657
vn -0.9973 -0.0067 0.0724
vn -0.8261 -0.2589 -0.5006
vn -0.5653 -0.6085 -0.5569
vn -0.6385 -0.5372 -0.5512
vn -0.8063 0.0576 0.5887
vn 0.2696 0.0236 -0.9627
vn 0.1703 0.0035 -0.9854
vn 0.0901 0.2203 -0.9713
vn 0.8252 -0.2194 0.5206
vn 0.8358 -0.3242 0.4431
vn -0.2396 -0.1873 0.9526
vn -0.4349 0.5937 0.6770
vn -0.7448 0.5783 0.3330
vn -0.9569 0.2337 0.1724
vn -0.4177 -0.4212 -0.8051
vn -0.6747 -0.1688 -0.7186
vn -0.7616 -0.3370 -0.5536
vn -0.7217 -0.5341 -0.4403
vn -0.0519 -0.2075 -0.9769
vn -0.1371 -0.2033 -0.9695
vn 0.0256 -0.0075 -0.9996
vn -0.0699 -0.5042 -0.8608
vn 0.1343 -0.0666 -0.9887
vn 0.0437 0.1637 -0.9855
vn 0.8768 -0.3783 0.2969
vn 0.8499 -0.3015 0.4323
vn 0.8197 -0.1039 0.5633
vn 0.9029 -0.2317 0.3620
vn 0.0317 0.1020 -0.9943
vn -0.3406 0.7943 0.5031
vn -0.9074 -0.0385 -0.4184
vn -0.3119 -0.2289 -0.9221
vn -0.3255 -0.2567 -0.9100
vn -0.2544 -0.4861 -0.8361
vn -0.3912 -0.3939 -0.8317
vn -0.5025 -0.7366 -0.4528
vn -0.4350 -0.8717 -0.2258
vn -0.8902 -0.4500 -0.0706
vn -0.8097 -0.5281 -0.2558
vn -0.9251 0.2061 0.3190
vn -0.1738 0.2872 -0.9420
vn 0.6230 -0.4162 -0.6623
vn 0.0323 -0.4552 -0.8898
vn -0.8267 -0.4076 -0.3879
vn 0.6304 -0.4462 -0.6352
vn 0.7261 -0.5071 -0.4643
vn 0.2256 -0.0671 0.9719
vn 0.5103 0.0435 0.8589
vn -0.8435 -0.2143 0.4926
vn -0.5573 0.5728 0.6012
vn -0.3124 -0.4509 -0.8361
vn 0.0846 -0.1328 -0.9875
vn 0.3044 -0.4776 -0.8242
vn 0.7711 -0.3316 -0.5435
vn 0.4615 -0.3619 -0.8100
vn 0.4294 -0.4150 0.8021
vn -0.1137 -0.1440 0.9830
vn -0.0582 -0.4756 0.8778
vn -0.4940 -0.4775 0.7266
vn -0.3845 -0.2612 0.8854
vn -0.4010 0.8541 0.3312
vn -0.5555 0.8262 0.0941
vn -0.8095 0.1070 -0.5773
vn -0.2385 -0.4492 -0.8610
vn -0.7063 0.1842 -0.6835
vn -0.5106 0.0836 -0.8557
vn -0.8596 -0.1928 -0.4732
vn -0.7928 -0.2347 -0.5625
vn 0.8246 -0.3239 -0.4638
vn 0.9272 0.3633 0.0909
vn 0.3536 -0.3768 -0.8561
vn 0.7741 -0.0459 0.6314
vn -0.7712 -0.3715 0.5170
vn -0.8609 0.4812 -0.1650
vn -0.8214 0.2293 -0.5223
vn -0.8146 0.4260 -0.3937
vn -0.9768 0.2076 -0.0530
vn -0.9798 -0.0969 0.1752
vn -0.8874 0.3491 -0.3012
vn -0.9120 0.2822 -0.2977
vn -0.9867 -0.0661 0.1488
vn -0.9771 -0.1494 -0.1516
vn -0.9469 -0.1612 -0.2781
vn -0.1017 0.3306 -0.9383
vn -0.0605 0.0877 -0.9943
vn -0.5942 -0.3559 -0.7213
vn -0.4436 0.1994 -0.8738
vn 0.9362 -0.2246 -0.2705
vn 0.5963 -0.6806 0.4258
vn -0.6639 -0.1623 0.7300
vn -0.6004 0.7249 -0.3377
vn -0.6508 0.1917 -0.7346
vn -0.7774 -0.0750 -0.6246
vn 0.0283 -0.0477 -0.9985
vn 0.6308 -0.3208 -0.7065
vn 0.7915 -0.3384 -0.5090
vn 0.8696 -0.1676 0.4644
vn 0.2796 -0.0429 0.9592
vn 0.2961 -0.0343 0.9545
vn -0.5182 -0.0664 0.8527
vn -0.4635 0.0256 0.8857
vn -0.7105 -0.2714 0.6492
vn -0.4967 0.1658 0.8520
vn -0.5504 0.8321 -0.0677
vn -0.6013 0.4524 -0.6586
vn -0.3943 0.5282 -0.7520
vn -0.3333 -0.5116 -0.7919
vn 0.0135 0.1274 0.9918
vn 0.3973 -0.0457 0.9165
vn -0.5356 -0.0026 0.8445
vn -0.4668 0.0382 0.8835
vn -0.5362 -0.0163 0.8439
vn -0.4406 0.6077 -0.6608
vn -0.3579 0.3582 -0.8623
vn -0.3448 0.4537 -0.8218
vn -0.5857 -0.0428 -0.8094
vn -0.3474 -0.1832 -0.9196
vn -0.9436 -0.1021 -0.3150
vn -0.9753 -0.0942 -0.1998
vn -0.1988 0.0270 -0.9797
vn -0.1243 -0.0506 -0.9910
vn -0.0848 -0.0907 -0.9923
vn -0.5215 0.6970 -0.4921
vn -0.5422 0.6298 -0.5562
vn 0.7647 -0.0125 0.6443
vn 0.3577 -0.0107 0.9338
vn -0.6885 -0.0719 0.7216
vn -0.4570 0.0285 0.8890
vn -0.5602 0.5791 -0.5922
vn -0.2177 0.2148 -0.9521
vn -0.7852 0.0393 -0.6180
vn -0.7859 -0.1823 -0.5909
vn 0.7874 -0.1826 -0.5887
vn 0.9906 -0.1020 -0.0910
vn 0.8959 -0.2955 -0.3317
vn 0.9559 -0.2736 0.1065
vn 0.9284 -0.1610 0.3348
vn -0.3844 -0.0669 0.9207
vn -0.8589 -0.1103 0.5001
vn -0.4028 -0.0301 -0.9148
vn -0.3313 0.0200 -0.9433
vn -0.4862 -0.0921 -0.8690
vn -0.3204 -0.4708 -0.8220
vn -0.5385 -0.2310 -0.8103
vn 0.4267 -0.7090 -0.5615
vn 0.6957 -0.0324 0.7176
vn 0.2470 0.2973 0.9223
vn 0.0009 0.1097 0.9940
vn -0.8247 -0.0505 0.5632
vn -0.7900 -0.0253 0.6126
vn -0.8213 0.0008 0.5705
vn -0.8231 0.0029 0.5679
vn -0.8212 0.0006 0.5706
vn -0.2412 0.0801 -0.9672
vn -0.7302 -0.4954 -0.4706
vn -0.5479 -0.3649 -0.7527
vn -0.1800 -0.3293 -0.9269
vn -0.5379 -0.0560 0.8412
vn -0.3594 -0.2627 -0.8954
vn -0.2263 -0.2463 -0.9424
vn -0.2404 -0.2086 -0.9480
vn -0.3102 -0.1713 -0.9351
vn -0.0367 -0.1531 -0.9875
vn -0.5955 -0.4269 -0.6806
vn -0.2425 0.0674 -0.9678
vn 0.7403 0.2240 -0.6339
vn 0.9517 0.1639 -0.2596
vn -0.2183 0.2663 0.9388
vn -0.5696 -0.1057 -0.8151
vn -0.1298 -0.0910 -0.9874
vn 0.4191 -0.0620 -0.9058
vn 0.2600 -0.2979 -0.9185
vn 0.9059 0.0577 0.4196
vn 0.9274 0.2966 0.2278
vn 0.7375 0.6164 0.2761
vn -0.9015 -0.1551 0.4041
vn -0.8701 -0.1244 0.4770
vn -0.3586 0.0813 0.9300
vn -0.2923 0.1522 0.9441
vn -0.8918 0.0729 -0.4466
vn -0.6803 -0.2024 -0.7044
vn -0.7627 -0.3005 -0.5726
vn 0.0655 0.2362 -0.9695
vn 0.8514 0.4792 -0.2134
vn 0.5494 0.6322 0.5464
vn 0.5014 0.4296 0.7510
vn 0.7906 0.2716 0.5487
vn 0.4276 0.4304 -0.7949
vn 0.6157 0.7852 0.0657
vn -0.6835 0.2965 0.6671
vn -0.8949 -0.1223 0.4291
vn -0.8472 -0.0431 -0.5295
vn -0.6471 0.2864 -0.7065
vn -0.3628 0.3052 -0.8804
vn 0.4611 0.8767 0.1372
vn 0.0752 0.6974 0.7127
vn -0.2827 0.6863 0.6701
vn -0.9709 0.1302 0.2010
vn -0.9625 0.1534 -0.2237
vn -0.0192 0.6525 -0.7576
vn 0.5255 0.6223 -0.5801
vn 0.6022 0.6659 -0.4404
vn 0.5677 0.5975 -0.5663
vn 0.6306 0.7735 -0.0642
vn 0.7591 0.6510 0.0040
vn 0.4474 0.8241 0.3475
vn -0.6443 0.6278 0.4366
vn -0.7768 0.6261 0.0671
vn -0.9184 0.3761 0.1228
vn -0.9693 0.2090 -0.1296
vn -0.3330 0.6353 -0.6967
vn 0.5049 0.5412 0.6724
vn 0.7370 0.3827 0.5571
vn 0.8148 0.4252 0.3942
vn -0.7889 0.6076 -0.0914
vn 0.1024 0.5262 -0.8442
vn 0.9115 0.4076 0.0559
vn 0.8116 0.4666 0.3516
vn -0.1063 0.5137 0.8514
vn 0.4166 0.7342 0.5361
vn -0.7227 0.6628 0.1959
vn -0.2052 0.6611 -0.7217
vn 0.4863 0.4067 -0.7733
vn -0.8229 0.2972 -0.4843
vn -0.5943 0.5848 -0.5520
vn -0.2589 0.3470 -0.9014
vn 0.1949 0.9188 -0.3433
vn 0.8092 0.5873 0.0153
vn -0.2490 0.8549 0.4551
vn -0.0141 0.6581 0.7528
vn -0.7024 0.6145 0.3592
vn -0.5123 0.5803 0.6331
vn -0.7450 0.3696 0.5553
vn -0.5931 0.6481 0.4778
vn -0.8035 0.5212 -0.2877
vn -0.7250 0.3845 -0.5715
vn -0.5597 0.7045 -0.4363
vn -0.8964 0.2307 -0.3785
vn -0.4624 0.1512 -0.8737
vn -0.6300 0.7564 -0.1761
vn -0.9557 0.2720 -0.1123
vn -0.7003 0.5161 -0.4931
vn -0.0129 0.1313 0.9913
vn -0.3606 0.8558 0.3710
vn 0.0142 0.8496 0.5272
vn -0.0136 0.8398 0.5427
vn 0.9242 0.0083 0.3819
vn -0.5610 0.6989 0.4437
vn -0.2536 0.1440 0.9565
vn 0.3632 -0.1198 0.9240
vn -0.1281 0.9672 0.2192
vn -0.3187 0.9461 -0.0585
vn -0.7658 0.2582 0.5889
vn -0.8893 0.3167 0.3301
vn 0.8974 -0.1353 -0.4200
vn -0.9653 -0.0315 0.2593
vn -0.8371 -0.3789 0.3945
vn -0.9365 -0.2710 -0.2225
vn -0.9203 0.3910 -0.0165
vn -0.1529 0.3261 0.9329
vn -0.1294 0.2241 0.9659
vn 0.4352 0.8745 -0.2141
vn 0.7481 0.0733 0.6596
vn 0.1683 0.9845 0.0502
vn 0.1640 0.8937 0.4176
vn 0.6675 0.3698 0.6463
vn 0.2107 0.6235 0.7529
vn 0.5397 0.3345 0.7726
vn -0.6120 0.6143 0.4982
vn 0.5169 0.8402 -0.1638
vn -0.3052 0.2832 0.9092
vn -0.7457 0.4073 0.5273
vn 0.6902 -0.2364 -0.6839
vn 0.1347 0.9147 0.3811
vn -0.2475 0.8961 0.3684
vn -0.2950 0.8106 0.5060
vn 0.8267 0.1841 0.5317
vn 0.9445 -0.0546 0.3241
vn 0.9523 -0.2352 -0.1946
vn 0.7925 0.5576 0.2472
vn 0.1627 0.5230 0.8367
vn 0.9965 0.0418 -0.0725
vn 0.7598 0.6011 0.2478
vn 0.8853 0.1677 0.4337
vn 0.4028 -0.7400 0.5387
vn -0.0093 0.1239 0.9922
vn 0.7695 -0.3752 0.5168
vn 0.2558 0.8811 0.3978
vn -0.0350 -0.9987 0.0379
vn -0.5373 0.0850 0.8391
vn 0.1652 -0.6672 0.7263
vn 0.5561 0.4022 0.7273
vn 0.2786 0.7403 0.6119
vn 0.8013 0.3992 -0.4457
vn 0.8959 0.3843 -0.2227
vn 0.8240 0.4000 -0.4012
vn 0.0679 0.9685 -0.2398
vn -0.0792 0.3801 0.9216
vn 0.9614 0.1805 0.2078
vn 0.6386 0.3826 -0.6677
vn 0.0686 0.2482 0.9663
vn 0.0937 0.0734 0.9929
vn -0.0118 0.0192 0.9997
vn -0.0328 0.9966 -0.0755
vn 0.0109 0.9930 0.1179
vn 0.9772 -0.1468 -0.1535
vn 0.1098 -0.7681 0.6309
vn 0.1415 -0.7775 0.6127
vn 0.9861 0.1636 0.0293
vn 0.9814 0.0503 0.1854
vn -0.0234 -0.6271 0.7785
vn -0.0194 0.0215 0.9996
vn 0.7583 -0.5462 -0.3558
vn -0.0022 0.9964 -0.0851
vn -0.4952 0.6911 0.5264
vn -0.5336 0.4549 0.7130
vn 0.8446 -0.5333 0.0482
vn -0.2328 0.6950 0.6803
vn 0.5776 -0.5916 0.5624
vn 0.5812 -0.5914 0.5590
vn 0.5840 -0.5856 0.5621
vn 0.9737 0.1853 0.1328
vn -0.3166 -0.0023 0.9486
vn -0.9043 -0.4173 -0.0902
vn 0.6641 -0.2029 0.7196
vn -0.1096 -0.6206 0.7764
vn -0.1092 -0.6193 0.7775
vn -0.1094 -0.6183 0.7783
vn -0.5515 0.7409 0.3833
vn 0.6202 -0.1774 -0.7641
vn -0.4915 0.8080 0.3251
vn 0.6154 0.0551 0.7863
vn -0.5551 -0.4286 0.7129
vn -0.9567 0.2829 -0.0684
vn -0.9566 0.2832 -0.0683
vn -0.9566 0.2834 -0.0684
vn 0.2144 0.8289 -0.5167
vn 0.4282 -0.3375 -0.8383
vn -0.5376 -0.1335 0.8326
vn -0.8719 0.4405 -0.2137
vn 0.2538 0.9595 0.1227
vn 0.4232 -0.3186 -0.8482
vn -0.9899 0.1174 0.0798
vn 0.9437 0.3131 0.1071
vn -0.0588 -0.1678 0.9841
vn -0.4121 -0.7646 -0.4956
vn -0.7222 -0.6040 -0.3372
vn -0.8176 -0.4877 -0.3059
vn -0.8116 -0.4970 -0.3071
vn -0.7426 0.6243 0.2424
vn -0.2918 -0.8704 -0.3964
vn -0.9492 0.0056 0.3146
vn 0.8429 -0.1620 -0.5131
vn -0.4737 -0.8131 -0.3384
vn -0.4726 -0.8142 -0.3373
vn -0.4723 -0.8147 -0.3363
vn -0.6245 -0.0446 -0.7797
vn 0.6011 -0.2714 -0.7517
vn -0.6694 -0.3624 -0.6485
vn -0.3297 -0.6576 0.6774
vn 0.5706 0.8204 0.0365
vn -0.5457 -0.4994 -0.6730
vn -0.1436 -0.6093 -0.7798
vn -0.1327 -0.9353 -0.3280
vn -0.3751 0.3821 0.8446
vn -0.9727 -0.1308 -0.1917
vn -0.0606 0.0400 0.9974
vn -0.1229 -0.0108 0.9924
vn 0.7990 0.2024 -0.5663
vn -0.4558 0.8742 -0.1671
vn -0.9066 -0.0603 0.4177
vn -0.3294 -0.0963 0.9393
vn -0.8646 -0.1336 0.4844
vn -0.9950 -0.0509 0.0861
vn -0.2414 0.9468 -0.2126
vn -0.7288 -0.0673 -0.6815
vn -0.9197 0.1089 0.3773
vn -0.7086 0.2289 -0.6674
vn -0.7741 0.0868 -0.6271
vn -0.8080 0.0698 -0.5850
vn -0.1872 0.0172 -0.9822
vn -0.9272 0.3576 0.1115
vn 0.8385 -0.2536 0.4824
vn 0.8115 -0.1917 -0.5519
vn -0.5090 0.0237 -0.8604
vn 0.2293 -0.1101 0.9671
vn 0.4367 0.1222 0.8913
vn 0.3028 -0.3901 -0.8695
vn -0.5061 0.3048 -0.8068
vn -0.8737 -0.2223 -0.4327
vn -0.8914 -0.0652 -0.4486
vn 0.6621 -0.3199 0.6777
vn 0.6816 -0.2389 0.6916
vn 0.2699 0.8390 0.4725
vn 0.1980 0.6891 0.6971
vn 0.1242 0.8481 0.5150
vn 0.3874 0.8415 0.3765
vn 0.7260 0.6072 -0.3227
vn 0.7877 0.3786 -0.4859
vn -0.4827 0.7096 -0.5133
vn -0.3967 0.6593 -0.6387
vn -0.7366 0.4891 -0.4670
vn -0.6633 0.7478 0.0304
vn -0.8822 0.4700 -0.0297
vn -0.2415 0.1081 0.9644
vn 0.1347 0.9780 0.1592
vn 0.8598 0.0530 0.5078
vn -0.1309 -0.6490 0.7495
usemtl Default_OBJ
s 1
f 1/1/1 5/2/2 2/3/3
f 3/4/4 1/5/1 4/6/5
f 3/7/4 7/8/6 1/1/1
f 1/5/1 9/9/7 4/6/5
f 5/2/2 13/10/8 2/3/3
f 2/3/3 13/10/8 8/11/9
f 3/4/4 10/12/10 16/13/11
f 13/10/8 5/2/2 7/8/12
f 2/3/3 8/11/9 6/14/13
f 12/15/14 9/9/15 17/16/16
f 15/17/17 12/18/14 18/19/18
f 10/20/10 15/17/17 16/21/19
f 24/22/20 14/23/21 11/24/22
f 6/14/13 19/25/23 9/26/7
f 18/27/24 20/28/25 15/29/26
f 19/25/27 25/30/28 9/26/15
f 17/16/16 18/27/18 12/15/14
f 17/16/16 9/9/15 25/31/28
f 20/28/25 30/32/29 21/33/30
f 16/13/31 22/34/32 7/35/12
f 22/36/32 26/37/33 7/8/12
f 23/38/34 11/24/22 38/39/35
f 28/40/36 19/25/23 6/14/13
f 15/29/26 21/33/30 33/41/37
f 35/42/38 26/37/33 22/36/32
f 26/37/33 35/42/38 36/43/39
f 13/10/8 26/37/33 37/44/40
f 47/45/41 22/36/32 16/21/31
f 29/46/42 34/47/43 20/28/25
f 43/48/44 32/49/45 21/50/46
f 32/51/45 33/41/47 21/33/48
f 44/52/49 16/21/19 15/17/17
f 34/47/43 45/53/50 30/32/29
f 39/54/51 40/55/52 23/56/34
f 6/14/13 14/57/53 51/58/54
f 28/40/36 6/14/13 51/58/54
f 52/59/55 29/46/42 18/27/24
f 44/52/49 47/45/56 16/21/19
f 22/36/32 47/45/41 35/42/38
f 26/37/33 57/60/57 37/44/40
f 48/61/58 38/39/35 27/62/59
f 37/63/40 57/64/57 48/61/60
f 40/65/52 31/66/61 23/38/34
f 58/67/62 34/47/43 29/46/42
f 60/68/63 35/42/38 47/45/56
f 35/42/38 60/68/63 46/69/64
f 55/70/65 56/71/66 36/72/67
f 36/72/67 56/71/66 57/64/68
f 53/73/69 70/74/70 62/75/71
f 53/73/69 62/75/71 42/76/72
f 77/77/73 47/45/56 44/52/49
f 38/39/35 48/61/58 67/78/74
f 39/54/51 38/79/75 67/80/74
f 48/61/60 57/64/57 68/81/76
f 51/82/54 61/83/77 28/84/36
f 42/76/72 71/85/78 72/86/79
f 72/86/79 52/59/55 42/76/72
f 59/87/80 45/88/50 75/89/81
f 75/89/81 45/88/50 63/90/82
f 33/41/47 64/91/83 65/92/84
f 77/93/73 44/94/49 76/95/85
f 56/71/66 68/81/86 57/64/68
f 82/96/87 40/55/52 50/97/88
f 84/98/89 62/75/71 70/74/70
f 74/99/90 85/100/91 59/101/80
f 54/102/92 87/103/93 93/104/94
f 65/92/95 76/95/96 44/94/97
f 39/54/51 67/80/74 80/105/98
f 49/106/99 80/107/100 123/108/101
f 75/109/81 74/99/90 59/101/80
f 75/89/81 63/90/82 95/110/102
f 55/111/103 79/112/104 99/113/105
f 56/71/66 55/70/65 99/114/105
f 98/115/106 79/112/104 78/116/107
f 82/96/87 90/117/108 40/55/52
f 103/118/109 51/119/54 90/120/110
f 99/114/105 121/121/111 56/71/66
f 67/78/74 111/122/112 80/107/98
f 90/120/108 82/123/87 103/118/113
f 86/124/114 106/125/115 87/126/93
f 88/127/116 119/128/117 65/129/95
f 119/128/117 76/130/96 65/129/95
f 77/93/73 96/131/118 97/132/119
f 97/133/120 98/115/106 78/116/107
f 109/134/121 79/112/104 98/115/106
f 56/71/66 139/135/122 68/81/86
f 66/136/123 68/81/86 139/135/122
f 102/137/124 100/138/125 122/139/126
f 102/137/127 124/140/128 101/141/129
f 82/123/87 50/142/88 133/143/130
f 125/144/131 83/145/132 103/118/133
f 89/146/134 63/90/135 115/147/136
f 116/148/137 74/99/90 75/109/81
f 117/149/138 74/99/90 127/150/139
f 93/151/94 107/152/140 118/153/141
f 88/127/116 108/154/142 119/128/117
f 139/135/122 56/71/66 121/121/143
f 139/135/144 67/78/74 66/136/123
f 69/155/145 132/156/146 100/157/147
f 140/158/148 124/140/128 112/159/149
f 154/160/150 81/161/151 101/141/152
f 71/85/78 144/162/153 104/163/154
f 117/164/155 146/165/156 106/125/157
f 120/166/158 89/146/134 129/167/159
f 119/168/117 96/131/118 76/95/96
f 97/132/119 96/131/118 130/169/160
f 132/170/161 122/139/126 100/138/125
f 155/171/162 124/140/128 140/158/148
f 154/160/150 113/172/163 81/161/151
f 167/173/164 124/140/128 155/171/162
f 91/174/165 125/144/131 143/175/166
f 91/174/165 126/176/167 134/177/168
f 114/178/169 144/162/153 71/85/78
f 92/179/170 104/163/154 145/180/171
f 115/181/136 92/179/170 145/180/172
f 107/182/140 137/183/173 118/184/141
f 162/185/174 89/146/134 148/186/175
f 112/159/149 122/139/126 166/187/176
f 111/188/112 153/189/177 80/190/98
f 80/107/100 182/191/178 123/108/101
f 124/140/128 167/173/164 141/192/179
f 133/143/130 113/193/163 156/194/180
f 143/175/181 142/195/182 159/196/183
f 144/197/153 114/198/169 160/199/184
f 136/200/185 95/201/102 149/202/186
f 161/203/187 146/204/156 117/205/155
f 137/183/173 107/182/140 173/206/188
f 137/207/173 147/208/189 119/168/117
f 130/169/160 151/209/190 98/210/106
f 109/134/121 151/211/190 131/212/191
f 121/121/192 164/213/193 139/135/144
f 122/139/126 132/170/161 166/187/176
f 168/214/194 154/160/195 141/192/196
f 157/215/197 156/216/198 113/172/199
f 158/217/200 82/123/87 133/143/130
f 154/160/150 157/215/197 113/172/163
f 158/217/201 169/218/202 142/195/203
f 115/181/136 145/180/172 148/219/175
f 127/220/139 161/203/187 117/205/138
f 107/182/140 206/221/204 173/206/188
f 173/206/205 174/222/206 137/183/173
f 176/223/207 137/183/173 174/222/206
f 147/208/189 137/207/173 176/224/207
f 162/185/174 191/225/208 129/167/159
f 120/166/158 129/167/159 175/226/209
f 150/227/210 147/208/189 177/228/211
f 96/131/118 193/229/212 130/169/160
f 131/212/191 151/211/190 163/230/213
f 139/135/144 164/213/193 165/231/214
f 164/213/193 121/121/192 138/232/215
f 155/233/162 140/234/148 185/235/216
f 133/143/130 169/218/202 158/217/201
f 170/236/217 169/218/218 188/237/219
f 189/238/220 134/177/168 126/176/167
f 135/239/221 136/240/185 190/241/222
f 171/242/223 128/243/224 106/125/225
f 177/228/226 176/224/227 192/244/228
f 180/245/229 179/246/230 110/247/231
f 112/159/149 181/248/232 152/249/233
f 212/250/234 123/108/235 182/191/236
f 166/187/176 181/248/232 112/159/149
f 155/171/237 222/251/238 167/173/239
f 187/252/240 157/215/197 154/160/150
f 156/253/198 157/254/197 169/255/218
f 170/236/217 188/237/219 199/256/241
f 188/257/219 198/258/242 200/259/243
f 202/260/244 145/261/172 144/262/153
f 144/263/153 160/264/184 203/265/245
f 171/242/223 146/165/156 205/266/246
f 172/267/247 128/268/224 171/269/223
f 176/223/207 174/222/206 210/270/248
f 209/271/249 176/223/227 210/270/250
f 131/272/191 195/273/251 180/274/252
f 181/248/232 196/275/253 152/249/254
f 185/235/255 152/276/256 211/277/257
f 212/278/258 183/279/259 132/170/161
f 184/280/260 155/171/237 185/281/255
f 141/192/261 197/282/262 186/283/263
f 222/284/238 155/285/237 184/286/260
f 167/287/239 222/288/238 197/289/262
f 168/214/194 213/290/264 187/252/265
f 169/255/218 157/254/197 214/291/266
f 169/255/218 214/291/266 188/257/219
f 188/257/219 214/291/266 198/258/242
f 200/259/267 199/292/268 188/257/269
f 215/293/270 159/196/183 170/236/217
f 148/219/175 201/294/271 204/295/272
f 190/296/222 161/297/187 135/298/221
f 146/299/156 161/297/187 216/300/273
f 174/222/206 173/206/205 207/301/274
f 175/226/209 191/225/208 217/302/275
f 130/169/160 193/229/212 178/303/276
f 179/304/230 180/305/229 232/306/277
f 138/232/215 179/304/230 250/307/278
f 196/308/253 211/277/257 152/276/254
f 166/187/176 183/279/259 221/309/279
f 234/310/280 196/275/253 181/248/232
f 197/311/262 222/312/238 186/313/281
f 157/215/197 187/252/240 223/314/282
f 213/290/264 168/214/194 186/283/263
f 157/315/197 224/316/283 214/317/266
f 143/175/181 159/196/183 226/318/284
f 170/236/217 199/256/241 215/293/285
f 136/319/185 229/320/286 190/296/222
f 173/206/188 206/221/204 228/321/287
f 210/270/288 208/322/289 261/323/290
f 149/324/291 218/325/292 263/326/293
f 136/327/185 263/326/294 229/328/286
f 219/329/295 163/330/213 178/303/296
f 233/331/297 220/332/298 195/273/251
f 251/333/299 165/334/214 164/335/193
f 221/309/279 236/336/300 166/187/301
f 238/337/302 184/280/260 185/281/255
f 238/337/302 185/281/255 254/338/303
f 186/283/281 240/339/304 213/290/305
f 239/340/306 224/341/307 223/314/308
f 189/238/309 255/342/310 256/343/311
f 160/344/312 189/238/220 242/345/313
f 204/346/272 201/347/271 243/348/314
f 259/349/315 228/321/316 206/221/317
f 207/301/274 173/206/205 228/321/316
f 209/350/249 210/351/250 244/352/318
f 230/353/319 177/228/226 192/244/228
f 232/354/277 180/274/229 220/332/320
f 233/355/297 269/356/321 249/357/322
f 234/358/280 211/359/257 196/360/253
f 211/361/257 237/362/323 185/281/255
f 222/363/238 184/364/260 240/365/304
f 239/340/306 223/314/308 213/290/264
f 214/291/266 224/366/283 225/367/324
f 199/292/268 277/368/325 215/369/326
f 190/296/222 229/320/286 216/300/273
f 171/370/223 206/371/204 172/372/247
f 262/373/327 245/374/328 191/375/329
f 245/376/328 246/377/330 191/378/329
f 247/379/331 218/325/292 217/302/332
f 231/380/333 268/381/334 233/355/297
f 232/354/277 220/332/320 270/382/335
f 233/355/297 249/357/322 220/383/298
f 250/384/278 251/333/299 164/335/193
f 253/385/336 183/279/259 212/278/258
f 213/290/337 287/386/338 239/340/339
f 239/387/306 311/388/340 224/366/307
f 274/389/341 240/365/304 184/364/260
f 225/367/342 311/388/340 275/390/343
f 200/259/243 241/391/344 276/392/345
f 260/393/346 227/394/347 205/395/246
f 192/244/228 209/350/249 297/396/348
f 246/397/349 332/398/350 217/399/275
f 229/328/286 263/326/294 296/400/351
f 177/228/226 230/353/319 264/401/352
f 248/402/353 265/403/354 219/329/295
f 233/355/297 268/381/334 269/356/321
f 220/383/298 249/357/322 270/404/335
f 306/405/355 253/385/336 212/278/258
f 253/385/336 272/406/356 183/279/259
f 272/406/357 221/309/279 183/279/259
f 294/407/358 204/346/272 243/348/314
f 229/320/359 279/408/360 278/409/361
f 296/400/362 279/410/360 229/328/359
f 280/411/363 216/300/273 278/409/361
f 244/352/318 297/396/364 209/350/249
f 281/412/365 245/374/328 262/373/327
f 294/407/358 281/412/365 262/373/366
f 268/413/334 267/414/367 301/415/368
f 270/416/335 250/307/369 232/306/277
f 211/361/257 252/417/370 305/418/371
f 285/419/372 254/338/303 237/362/323
f 274/420/373 238/337/302 312/421/374
f 202/260/244 242/422/375 315/423/376
f 289/424/377 242/345/375 256/343/311
f 243/348/314 316/425/378 294/407/358
f 317/426/379 260/393/346 280/411/363
f 293/427/380 347/428/381 297/396/348
f 247/379/331 263/326/293 218/325/292
f 322/429/382 269/356/321 302/430/383
f 304/431/384 282/432/385 269/356/386
f 303/433/387 282/432/385 323/434/388
f 324/435/389 270/404/335 249/357/322
f 283/436/390 221/309/279 307/437/391
f 309/438/392 213/439/337 310/440/393
f 313/441/394 327/442/395 275/390/343
f 327/442/395 276/392/345 241/391/344
f 288/443/396 314/444/397 215/445/326
f 215/293/326 314/446/397 289/424/398
f 329/447/399 288/448/396 277/368/325
f 315/449/376 242/345/375 289/424/377
f 330/450/400 243/348/314 257/451/401
f 331/452/402 228/321/316 259/349/315
f 208/322/289 207/301/274 400/453/403
f 317/426/379 258/454/404 260/393/346
f 400/453/405 291/455/406 208/322/407
f 351/456/408 263/326/293 247/379/331
f 268/381/334 301/457/368 337/458/409
f 266/459/410 321/460/411 267/461/367
f 269/356/321 322/429/382 304/431/412
f 249/357/322 303/433/387 324/435/413
f 304/462/384 325/463/414 340/464/415
f 307/437/391 272/406/357 342/465/416
f 274/420/373 312/421/374 343/466/417
f 326/467/418 311/388/340 309/438/392
f 326/467/418 275/390/343 311/388/340
f 327/442/395 313/441/394 328/468/419
f 278/409/361 375/469/420 318/470/421
f 259/471/422 258/472/404 331/473/423
f 290/474/424 319/475/425 261/323/290
f 292/476/426 346/477/427 244/478/318
f 246/397/330 295/479/428 350/480/429
f 332/398/350 333/481/430 247/482/331
f 321/483/411 301/415/368 267/414/367
f 300/484/431 353/485/432 338/486/433
f 302/487/383 355/488/434 322/489/382
f 304/462/384 339/490/435 325/463/414
f 235/491/436 389/492/437 271/493/438
f 356/494/439 323/495/388 282/496/385
f 306/405/355 393/497/440 253/385/336
f 253/385/336 359/498/441 272/406/356
f 307/499/391 391/500/442 283/501/390
f 285/419/372 312/421/443 254/338/303
f 361/502/444 313/441/394 326/467/418
f 313/441/394 361/502/444 362/503/445
f 288/504/396 329/505/399 363/506/446
f 345/507/447 315/449/376 289/424/377
f 418/508/448 289/424/398 314/446/397
f 344/509/449 314/510/397 288/511/396
f 279/408/360 376/512/450 278/409/361
f 346/513/451 348/514/452 244/515/318
f 348/514/452 293/516/380 244/515/318
f 347/428/381 298/517/453 297/396/348
f 293/427/380 348/518/452 349/519/454
f 336/520/455 298/517/453 347/428/381
f 383/521/456 352/522/457 336/523/458
f 322/524/382 355/525/434 368/526/459
f 389/492/437 235/491/436 324/527/460
f 308/528/461 360/529/462 285/419/463
f 396/530/464 363/531/446 329/447/465
f 289/424/398 418/508/448 345/507/466
f 314/532/397 344/533/449 418/534/467
f 316/425/378 243/348/314 373/535/468
f 376/512/450 279/408/360 335/536/469
f 228/537/316 331/538/402 401/539/470
f 317/426/379 318/470/421 402/540/471
f 278/409/361 376/512/450 375/469/420
f 365/541/472 364/542/473 291/455/406
f 346/477/427 292/476/426 366/543/474
f 349/519/454 383/544/456 347/428/381
f 379/545/475 281/412/365 294/407/358
f 301/546/368 321/460/411 354/547/476
f 367/548/477 322/549/478 387/550/479
f 322/551/382 368/552/459 387/553/480
f 356/554/439 340/555/415 369/556/481
f 359/498/441 253/385/336 393/497/440
f 343/557/482 371/558/483 310/440/484
f 310/440/484 371/558/483 361/502/444
f 312/421/443 360/529/462 343/466/482
f 361/502/444 326/467/418 310/440/393
f 373/535/485 374/559/486 316/425/487
f 375/469/420 402/540/488 318/470/421
f 403/560/489 364/542/473 365/541/472
f 348/514/452 378/561/490 406/562/491
f 295/479/428 382/563/492 350/480/429
f 384/564/493 428/565/494 429/566/495
f 410/567/496 355/488/434 385/568/497
f 391/569/442 307/437/391 437/570/498
f 370/571/499 452/572/500 272/406/501
f 272/406/357 414/573/502 342/465/416
f 360/529/462 415/574/503 416/575/504
f 361/502/444 395/576/505 362/503/445
f 398/577/506 363/578/446 417/579/507
f 363/531/446 396/530/464 417/580/507
f 398/577/506 344/533/449 363/578/446
f 374/559/486 373/535/485 419/581/508
f 335/536/469 420/582/509 376/512/450
f 401/539/470 331/538/402 402/583/510
f 404/584/511 319/585/425 423/586/512
f 408/587/513 383/544/456 349/519/454
f 379/545/475 294/407/358 374/559/486
f 350/480/429 333/481/430 332/398/350
f 351/588/514 333/481/430 426/589/515
f 426/590/515 334/591/516 351/456/408
f 408/587/513 427/592/517 383/544/456
f 301/593/368 431/594/518 337/595/409
f 387/553/480 368/552/459 429/596/519
f 358/597/520 435/598/521 369/556/522
f 358/599/520 434/600/523 435/601/521
f 414/573/502 272/406/357 452/572/524
f 307/602/391 342/603/416 437/604/498
f 398/577/506 439/605/525 344/533/449
f 440/606/526 399/607/527 418/534/448
f 420/608/509 335/609/469 409/610/528
f 402/540/488 375/469/420 441/611/529
f 422/612/530 364/542/473 403/560/489
f 431/613/518 354/614/531 411/615/532
f 413/616/533 448/617/534 389/618/437
f 412/619/535 369/620/522 435/621/521
f 305/418/371 436/622/536 450/623/537
f 393/497/440 390/624/538 451/625/539
f 359/498/540 470/626/541 370/571/499
f 395/627/505 394/628/542 454/629/543
f 417/579/507 439/605/525 398/577/506
f 441/611/529 375/469/420 376/512/450
f 364/630/473 442/631/544 377/632/545
f 423/586/546 377/633/545 442/634/544
f 407/635/547 406/562/548 478/636/549
f 479/637/550 407/635/547 478/636/549
f 407/638/547 461/639/551 408/587/513
f 380/640/552 462/641/553 381/642/554
f 427/592/517 432/643/555 428/644/494
f 429/645/519 410/646/496 430/647/556
f 466/648/557 430/647/557 465/649/557
f 429/650/495 428/644/494 367/548/477
f 388/651/558 432/652/555 433/653/559
f 390/654/560 271/493/561 449/655/562
f 393/497/440 451/625/539 469/656/563
f 370/571/499 470/626/541 452/572/500
f 417/580/507 396/530/464 439/657/525
f 438/658/564 362/659/445 489/660/565
f 458/661/566 421/662/567 474/663/568
f 421/664/567 402/583/569 475/665/570
f 441/666/571 475/665/570 402/583/569
f 376/512/450 420/582/509 441/611/529
f 477/667/572 422/612/573 403/560/574
f 534/668/575 406/562/548 424/669/576
f 498/670/577 461/671/551 479/637/550
f 379/545/475 462/641/553 380/640/552
f 381/642/554 445/672/578 295/479/428
f 463/673/579 502/674/580 333/481/581
f 502/675/580 409/676/528 426/590/515
f 480/677/582 409/676/528 502/675/580
f 481/678/583 427/679/517 408/680/513
f 432/652/555 427/679/517 464/681/584
f 410/646/496 465/649/585 430/647/556
f 521/682/586 385/568/497 467/683/587
f 410/567/496 385/568/497 521/682/586
f 448/684/534 449/655/562 389/492/437
f 435/601/521 485/685/588 487/686/589
f 548/687/590 359/498/540 469/656/591
f 437/604/498 342/603/416 414/688/502
f 394/689/542 453/690/592 471/691/593
f 454/629/543 455/692/594 395/627/505
f 439/657/525 396/530/464 438/693/564
f 419/581/508 425/694/595 374/559/486
f 480/677/582 473/695/596 409/676/528
f 494/696/597 442/697/598 422/612/573
f 495/698/599 442/699/598 566/700/600
f 424/669/576 378/561/601 459/701/602
f 481/678/603 461/671/551 498/670/577
f 537/702/604 444/703/605 500/704/606
f 408/680/513 461/671/551 481/678/603
f 410/646/496 503/705/607 465/649/585
f 446/706/608 505/707/609 411/708/532
f 434/709/523 524/710/610 485/711/588
f 435/621/611 447/712/612 412/619/613
f 447/713/612 448/617/534 413/616/533
f 390/654/560 449/655/562 526/714/614
f 392/715/615 450/623/537 507/716/616
f 390/624/538 486/717/617 451/625/539
f 454/629/543 488/718/618 455/692/594
f 455/719/594 489/720/565 362/503/445
f 515/721/619 496/722/620 459/701/621
f 497/723/622 478/636/549 534/668/575
f 444/703/605 501/724/623 379/545/475
f 445/672/578 381/642/554 520/725/624
f 464/681/584 484/726/625 432/652/555
f 505/707/626 431/727/518 411/708/532
f 434/709/523 433/653/559 524/710/610
f 526/728/627 486/717/617 390/624/538
f 487/729/589 525/730/628 435/621/521
f 451/625/539 527/731/629 469/656/563
f 439/657/525 438/693/564 529/732/630
f 489/720/565 455/719/594 528/733/631
f 474/663/568 421/662/567 512/734/632
f 421/662/567 475/735/570 512/734/632
f 513/736/633 511/737/634 473/738/596
f 553/739/635 476/740/636 514/741/637
f 476/740/636 493/742/638 477/667/572
f 566/743/600 442/697/598 494/696/597
f 533/744/639 496/745/620 516/746/640
f 496/722/620 517/747/641 459/701/621
f 502/748/580 565/749/642 480/750/582
f 482/751/643 481/678/583 499/752/644
f 503/753/607 410/567/496 521/682/586
f 522/754/645 523/755/646 483/756/647
f 484/726/625 524/710/610 433/653/559
f 526/728/627 545/757/648 486/717/617
f 468/758/649 507/716/650 546/759/651
f 490/760/652 491/761/653 549/762/654
f 510/763/655 425/694/595 419/581/508
f 556/764/656 500/704/606 550/765/657
f 551/766/658 474/663/568 512/734/659
f 458/661/566 474/663/568 514/741/637
f 523/755/646 532/767/660 483/756/647
f 497/723/661 536/768/662 479/637/663
f 462/641/553 520/725/624 381/642/554
f 587/769/664 502/674/580 463/673/579
f 587/770/664 565/749/642 502/748/580
f 506/771/665 542/772/666 522/773/667
f 523/755/646 522/754/645 559/774/668
f 592/775/669 485/711/588 524/710/610
f 543/776/670 544/777/671 448/684/672
f 525/778/673 543/779/674 447/713/612
f 544/777/675 449/655/562 448/684/534
f 548/687/590 437/570/498 470/626/541
f 438/693/564 489/720/565 530/780/676
f 528/781/631 488/718/618 562/782/677
f 536/768/678 518/783/679 479/637/550
f 463/673/680 538/784/681 587/769/682
f 521/682/586 558/785/683 503/753/607
f 524/710/610 540/786/684 592/775/669
f 543/776/670 571/787/685 544/777/671
f 574/788/686 573/789/687 525/730/628
f 488/790/618 472/791/688 576/792/689
f 456/793/690 529/732/630 578/794/691
f 457/795/692 492/796/693 577/797/694
f 490/760/652 549/762/654 564/798/695
f 419/581/508 579/799/696 510/763/655
f 512/734/632 511/737/697 580/800/698
f 551/766/658 512/734/659 580/800/698
f 554/801/699 532/802/660 566/803/600
f 519/804/700 518/783/679 602/805/701
f 590/806/702 526/807/627 544/808/703
f 573/809/687 570/810/704 525/811/628
f 591/812/705 486/717/617 545/757/648
f 436/622/536 575/813/706 450/623/537
f 593/814/707 472/815/708 509/816/709
f 576/817/710 562/818/677 488/819/618
f 472/815/708 593/814/707 576/820/711
f 562/782/677 563/821/712 528/781/631
f 577/797/694 492/796/693 578/822/691
f 511/737/634 513/736/633 596/823/713
f 580/824/698 511/825/697 596/826/714
f 581/827/715 474/663/568 551/766/658
f 493/742/638 598/828/716 477/667/572
f 505/829/609 554/830/699 601/831/717
f 519/804/700 586/832/718 568/833/719
f 520/725/624 603/834/720 538/784/721
f 522/835/645 605/836/722 559/837/668
f 527/731/629 607/838/723 560/839/724
f 560/840/724 608/841/725 572/842/726
f 487/843/589 592/775/669 610/844/727
f 610/845/728 574/788/686 487/729/589
f 436/622/729 561/846/730 657/847/731
f 657/847/731 561/846/730 547/848/732
f 563/849/712 594/850/733 530/851/676
f 549/762/654 531/852/734 614/853/735
f 595/854/736 510/763/655 579/799/696
f 596/826/713 552/855/737 597/856/738
f 551/766/658 659/857/739 581/827/715
f 598/828/716 553/739/635 626/858/740
f 626/858/740 553/739/635 581/827/715
f 600/859/741 554/860/699 566/861/600
f 601/862/717 541/863/742 505/864/626
f 584/865/743 517/747/641 648/866/744
f 617/867/745 537/702/604 535/868/746
f 604/869/747 462/641/553 569/870/748
f 558/785/683 521/682/586 467/683/587
f 571/871/685 606/872/749 544/873/703
f 560/839/724 607/838/723 608/874/725
f 574/875/686 610/844/728 622/876/750
f 612/877/751 507/716/650 642/878/752
f 657/847/753 575/813/706 436/622/536
f 547/879/732 609/880/754 657/881/755
f 595/854/736 676/882/756 500/704/606
f 625/883/757 551/766/658 580/800/698
f 551/766/658 625/883/757 659/857/739
f 567/884/758 638/885/759 630/886/760
f 534/668/575 584/865/743 535/887/761
f 568/833/719 592/775/669 588/888/762
f 586/889/718 652/890/763 592/891/669
f 635/892/764 602/805/701 634/893/765
f 616/894/766 652/895/763 586/832/718
f 537/702/604 618/896/767 444/703/605
f 618/896/767 569/870/748 444/703/605
f 610/844/727 592/775/669 652/895/763
f 558/785/683 467/683/587 628/897/768
f 620/898/769 590/899/702 606/900/749
f 607/838/723 640/901/770 608/874/771
f 611/902/772 574/875/686 622/876/773
f 562/818/677 576/817/710 623/903/774
f 613/904/775 643/905/776 577/797/777
f 643/905/778 614/853/735 531/852/734
f 672/906/779 564/798/695 549/762/654
f 645/907/780 597/856/738 557/908/781
f 557/908/781 619/909/782 645/907/780
f 634/910/765 649/911/783 635/912/764
f 635/892/764 586/832/718 519/804/700
f 636/913/784 618/896/767 537/702/604
f 618/896/767 637/914/785 569/870/748
f 603/834/720 651/915/786 619/916/782
f 652/895/763 622/876/750 610/844/728
f 558/917/787 638/918/788 589/919/789
f 591/812/705 653/920/790 654/921/791
f 622/876/750 663/922/792 611/902/793
f 571/787/685 611/923/772 655/924/794
f 563/925/712 623/926/774 594/927/733
f 625/883/757 580/800/698 644/928/795
f 645/907/780 619/909/782 651/929/786
f 647/930/796 599/931/797 598/932/716
f 615/933/798 601/862/717 554/934/699
f 627/935/799 601/862/717 674/936/800
f 536/937/801 550/765/657 633/938/802
f 662/939/803 649/911/783 679/940/804
f 617/867/745 636/913/784 537/702/604
f 569/870/748 637/914/785 650/941/805
f 651/915/786 603/834/720 604/869/806
f 620/898/769 621/942/807 653/943/790
f 655/944/794 639/945/808 571/946/685
f 639/947/808 665/948/809 621/942/807
f 670/949/810 623/903/811 696/950/812
f 630/886/760 638/885/759 660/951/813
f 616/952/766 662/939/803 663/953/792
f 649/911/783 634/910/765 677/954/814
f 634/893/765 633/955/815 677/956/814
f 649/911/783 616/952/766 635/912/764
f 680/957/816 662/958/817 679/959/818
f 663/953/792 641/960/819 611/923/793
f 666/961/820 667/962/821 655/963/794
f 655/964/794 667/965/821 639/966/808
f 623/903/811 670/949/810 671/967/822
f 660/968/813 675/969/823 631/970/824
f 648/971/744 688/972/825 661/973/826
f 678/974/827 649/911/783 677/954/814
f 679/940/804 649/911/783 678/974/827
f 690/975/828 604/869/829 681/976/830
f 654/921/791 653/920/790 691/977/831
f 664/978/832 621/979/807 665/980/809
f 665/980/833 694/981/834 664/978/835
f 669/982/836 695/983/837 657/847/838
f 564/798/695 672/906/779 624/984/839
f 644/985/795 685/986/840 699/987/841
f 702/988/842 660/951/813 638/885/759
f 689/989/843 679/990/818 678/991/844
f 636/913/784 617/867/745 726/992/845
f 705/993/846 691/994/831 682/995/847
f 654/921/791 691/977/831 640/901/770
f 642/878/848 695/983/837 708/996/849
f 709/997/850 671/967/822 670/949/810
f 624/998/839 711/999/851 676/1000/756
f 684/1001/852 651/915/853 686/1002/854
f 645/907/855 684/1003/852 699/987/841
f 644/985/795 699/987/841 720/1004/856
f 721/1005/857 673/1006/858 625/883/757
f 700/1007/859 646/1008/860 673/1006/858
f 688/1009/825 632/1010/861 675/969/823
f 703/1011/862 662/958/817 680/957/816
f 705/993/846 715/1012/863 691/994/831
f 716/1013/864 705/993/846 664/978/865
f 715/1012/863 692/1014/866 640/1015/770
f 667/962/821 707/1016/867 665/948/809
f 707/1016/867 732/1017/868 665/948/869
f 694/1018/834 665/948/833 732/1017/870
f 669/982/836 692/1019/871 734/1020/872
f 671/967/822 709/997/850 717/1021/873
f 718/1022/874 683/1023/875 671/967/876
f 721/1024/857 644/985/795 720/1004/856
f 690/975/828 744/1025/877 686/1002/854
f 646/1008/860 722/1026/878 647/1027/796
f 688/1009/825 675/969/823 725/1028/879
f 714/1029/880 689/989/843 678/991/844
f 727/1030/881 680/957/816 689/1031/843
f 729/1032/882 666/961/820 662/958/817
f 666/961/820 729/1032/882 693/1033/883
f 707/1016/867 693/1033/883 731/1034/884
f 732/1017/885 706/1035/886 694/1018/887
f 716/1013/864 706/1036/886 743/1037/888
f 642/878/848 708/996/849 733/1038/889
f 658/1039/890 697/1040/891 698/1041/892
f 719/1042/893 672/906/779 614/853/735
f 677/954/814 676/1000/756 711/999/851
f 699/987/841 745/1043/894 736/1044/895
f 647/1027/796 737/1045/896 701/1046/897
f 724/1047/898 712/1048/899 674/936/800
f 702/1049/842 713/1050/900 675/1051/823
f 689/989/843 714/1029/880 738/1052/901
f 689/989/843 738/1052/901 727/1053/881
f 677/954/814 711/999/851 714/1054/902
f 705/993/846 730/1055/903 715/1012/863
f 730/1055/903 716/1013/864 741/1056/904
f 729/1032/905 731/1034/906 693/1033/907
f 733/1038/889 668/1057/908 642/878/909
f 734/1020/910 695/983/837 669/982/836
f 734/1058/872 692/1059/871 730/1060/903
f 643/905/776 698/1041/892 735/1061/911
f 614/853/735 735/1061/912 719/1042/893
f 684/1003/852 745/1043/894 699/987/841
f 736/1044/913 720/1004/856 699/987/841
f 722/1026/878 737/1045/896 647/1027/796
f 688/1009/825 725/1028/879 756/1062/914
f 748/1063/915 728/1064/916 704/1065/917
f 731/1034/906 729/1032/905 773/1066/918
f 732/1067/885 742/1068/919 706/1036/886
f 668/1057/908 733/1038/889 751/1069/920
f 672/906/779 719/1042/893 762/1070/921
f 747/1071/922 721/1005/857 720/1072/856
f 726/992/845 756/1062/914 757/1073/923
f 749/1074/924 728/1075/916 782/1076/925
f 757/1073/923 636/913/784 726/992/845
f 773/1066/918 729/1032/905 750/1077/926
f 760/1078/927 698/1041/928 697/1040/929
f 763/1079/930 710/1080/931 762/1070/921
f 686/1002/854 745/1081/894 684/1001/852
f 798/1082/932 752/1083/933 747/1084/934
f 754/1085/935 722/1026/878 766/1086/936
f 756/1062/914 725/1028/879 768/1087/937
f 723/1088/938 755/1089/939 702/1090/842
f 728/1075/916 796/1091/940 782/1076/941
f 733/1038/889 708/996/849 774/1092/942
f 718/1022/943 759/1093/944 758/1094/945
f 747/1084/922 764/1095/946 778/1096/947
f 673/1006/858 753/1097/948 765/1098/949
f 767/1099/950 754/1085/935 766/1086/936
f 737/1045/896 754/1085/935 767/1099/950
f 724/1100/898 767/1101/950 802/1102/951
f 769/1103/952 738/1052/901 763/1079/930
f 796/1091/953 783/1104/954 782/1076/955
f 739/1105/956 771/1106/957 681/976/830
f 771/1106/957 740/1107/958 681/976/830
f 743/1037/888 742/1068/919 741/1056/904
f 733/1038/889 774/1092/942 751/1069/920
f 761/1108/959 719/1042/893 735/1061/912
f 776/1109/960 745/1081/894 775/1110/961
f 747/1084/962 791/1111/963 808/1112/964
f 747/1084/962 808/1112/964 822/1113/965
f 744/1025/877 740/1107/958 790/1114/966
f 766/1086/936 722/1026/878 780/1115/967
f 723/1088/938 793/1116/968 755/1089/939
f 781/1117/969 756/1062/914 794/1118/970
f 769/1103/952 763/1079/930 795/1119/971
f 748/1120/915 770/1121/972 796/1091/940
f 757/1073/923 771/1106/957 739/1105/956
f 772/1122/973 782/1076/925 787/1123/974
f 788/1124/975 742/1068/919 787/1123/976
f 741/1056/904 742/1068/919 788/1124/975
f 734/1125/910 786/1126/977 774/1127/942
f 758/1094/945 760/1078/927 697/1040/891
f 790/1114/978 775/1110/961 744/1025/877
f 777/1128/979 776/1109/960 818/1129/980
f 768/1130/937 755/1089/939 793/1116/968
f 783/1104/954 816/1131/981 782/1076/955
f 816/1131/981 787/1123/976 782/1076/955
f 762/1070/921 795/1119/971 763/1079/930
f 804/1132/982 777/1133/979 805/1134/983
f 808/1135/964 807/1136/984 806/1137/985
f 799/1138/986 800/1139/987 765/1140/949
f 793/1116/968 723/1088/938 802/1102/951
f 795/1119/971 812/1141/988 769/1103/952
f 787/1123/976 816/1131/981 788/1124/975
f 817/1142/989 758/1094/945 759/1093/944
f 777/1128/979 843/1143/990 805/1144/983
f 797/1145/991 804/1146/982 820/1147/992
f 779/1148/993 824/1149/994 792/1150/995
f 753/1151/948 809/1152/996 799/1153/997
f 800/1154/987 801/1155/998 780/1156/967
f 810/1157/999 766/1158/936 801/1159/998
f 793/1116/968 836/1160/1000 768/1130/937
f 795/1119/971 825/1161/1001 812/1141/988
f 814/1162/1002 796/1163/953 813/1164/1003
f 826/1165/1004 783/1166/954 814/1167/1005
f 804/1132/982 805/1134/983 829/1168/1006
f 806/1137/985 821/1169/1007 808/1135/964
f 806/1170/1008 820/1147/992 804/1146/982
f 808/1112/964 832/1171/1009 822/1113/965
f 798/1082/932 822/1113/965 832/1171/1009
f 832/1172/1009 779/1148/993 798/1173/932
f 824/1149/994 809/1174/996 792/1150/995
f 834/1175/1010 799/1153/986 809/1152/996
f 836/1160/1000 802/1102/951 811/1176/1011
f 814/1167/1002 838/1177/1012 826/1165/1013
f 815/1178/1014 803/1179/1015 786/1126/977
f 815/1178/1014 827/1180/1016 840/1181/1017
f 785/1182/1018 788/1183/1019 827/1184/1020
f 758/1094/945 841/1185/1021 789/1186/1022
f 862/1187/1023 818/1129/980 819/1188/1024
f 821/1189/1007 830/1190/1025 845/1191/1026
f 799/1153/986 834/1175/1010 847/1192/1027
f 811/1176/1011 810/1157/999 849/1193/1028
f 837/1194/1029 814/1167/1002 813/1195/1003
f 838/1177/1012 837/1194/1029 839/1196/1030
f 827/1180/1020 816/1197/981 826/1165/1004
f 758/1094/945 817/1142/989 852/1198/1031
f 805/1134/983 844/1199/1032 863/1200/1033
f 846/1201/1034 832/1171/1009 808/1112/964
f 824/1149/994 823/1202/1035 855/1203/1036
f 857/1204/1037 824/1149/994 856/1205/1038
f 847/1192/1027 834/1175/1010 858/1206/1039
f 800/1207/987 847/1208/1027 858/1209/1039
f 800/1207/987 848/1210/1040 835/1211/1041
f 836/1160/1000 811/1176/1011 850/1212/1042
f 840/1181/1017 826/1165/1013 838/1177/1012
f 841/1185/1021 758/1094/945 852/1198/1031
f 842/1213/1043 819/1188/1024 790/1114/978
f 818/1129/980 862/1187/1023 853/1214/1044
f 804/1146/982 829/1215/1006 830/1216/1025
f 865/1217/1045 823/1202/1035 833/1218/1046
f 809/1174/996 857/1204/1037 834/1219/1010
f 858/1209/1039 867/1220/1047 800/1207/1048
f 867/1220/1049 848/1210/1040 800/1207/987
f 850/1212/1042 854/1221/1050 828/1222/1051
f 837/1223/1029 859/1224/1052 851/1225/1053
f 869/1226/1054 812/1141/988 825/1161/1001
f 869/1226/1054 770/1227/972 812/1141/988
f 840/1181/1055 861/1228/1056 815/1178/1014
f 870/1229/1057 841/1185/1058 852/1198/1059
f 854/1221/1060 868/1230/1061 819/1231/1024
f 833/1218/1046 879/1232/1062 864/1233/1063
f 855/1203/1064 874/1234/1065 856/1205/1038
f 819/1231/1024 868/1230/1061 872/1235/1066
f 789/1186/1022 869/1226/1067 825/1161/1001
f 871/1236/1068 877/1237/1069 819/1231/1024
f 878/1238/1070 886/1239/1071 863/1200/1072
f 873/1240/1073 887/1241/1074 821/1242/1007
f 832/1171/1009 846/1201/1034 879/1243/1062
f 864/1233/1063 865/1217/1045 833/1218/1046
f 865/1217/1075 874/1234/1065 855/1203/1064
f 881/1244/1076 867/1220/1047 858/1209/1039
f 859/1224/1077 882/1245/1078 851/1225/1079
f 869/1226/1067 841/1185/1021 859/1224/1052
f 883/1246/1080 862/1247/1023 877/1237/1081
f 886/1239/1071 873/1240/1073 829/1168/1082
f 886/1239/1071 887/1241/1074 873/1240/1073
f 864/1233/1063 888/1248/1083 880/1249/1084
f 880/1249/1084 889/1250/1085 864/1233/1063
f 857/1204/1037 899/1251/1086 834/1219/1010
f 867/1220/1047 881/1244/1076 890/1252/1087
f 875/1253/1088 867/1254/1089 890/1255/1090
f 882/1245/1078 859/1224/1077 841/1185/1091
f 906/1256/1092 862/1257/1023 883/1258/1080
f 884/1259/1093 897/1260/1094 853/1214/1044
f 863/1200/1072 886/1239/1071 829/1168/1006
f 864/1233/1063 889/1250/1085 865/1217/1045
f 874/1234/1065 895/1261/1095 857/1204/1037
f 890/1262/1096 891/1263/1097 875/1264/1098
f 891/1263/1097 896/1265/1099 875/1264/1098
f 883/1266/1080 877/1267/1081 891/1263/1100
f 874/1234/1065 865/1217/1075 895/1261/1095
f 890/1262/1096 900/1268/1101 891/1263/1097
f 870/1229/1057 882/1245/1102 841/1185/1058
f 900/1269/1101 906/1256/1092 883/1258/1080
f 878/1270/1070 902/1271/1103 893/1272/1104
f 904/1273/1105 889/1250/1085 880/1249/1084
f 899/1251/1086 857/1204/1037 895/1261/1095
f 883/1266/1080 891/1263/1100 900/1268/1101
f 897/1260/1094 884/1259/1093 922/1274/1106
f 907/1275/1107 892/1276/1108 885/1277/1109
f 894/1278/1110 898/1279/1111 909/1280/1112
f 866/1281/1113 899/1282/1086 911/1283/1114
f 911/1283/1114 881/1284/1076 866/1281/1113
f 865/1217/1045 905/1285/1115 895/1261/1116
f 881/1244/1076 912/1286/1117 890/1252/1087
f 900/1268/1101 890/1262/1096 913/1287/1118
f 901/1288/1119 906/1256/1092 900/1269/1101
f 897/1260/1094 922/1274/1106 907/1275/1107
f 907/1275/1107 885/1277/1109 897/1260/1094
f 915/1289/1120 892/1276/1108 907/1275/1107
f 898/1279/1111 893/1290/1104 908/1291/1121
f 909/1292/1122 903/1293/1123 894/1294/1124
f 913/1287/1118 890/1262/1096 912/1295/1117
f 901/1296/1119 922/1274/1106 884/1259/1093
f 914/1297/1125 902/1271/1103 892/1276/1108
f 898/1279/1111 916/1298/1126 909/1280/1112
f 918/1299/1127 899/1251/1086 895/1261/1095
f 899/1282/1086 918/1300/1127 911/1283/1114
f 911/1301/1114 918/1302/1127 919/1303/1128
f 913/1304/1118 901/1288/1119 900/1269/1101
f 901/1305/1119 920/1306/1129 922/1307/1106
f 907/1275/1107 924/1308/1130 923/1309/1131
f 909/1280/1112 916/1298/1126 926/1310/1132
f 904/1273/1105 910/1311/1133 927/1312/1134
f 918/1313/1127 930/1314/1135 919/1315/1128
f 919/1315/1128 930/1314/1135 921/1316/1136
f 921/1316/1136 912/1317/1117 919/1315/1128
f 924/1308/1130 907/1275/1107 922/1274/1106
f 914/1318/1125 931/1319/1137 925/1320/1138
f 908/1291/1139 925/1320/1138 932/1321/1140
f 908/1291/1141 933/1322/1142 926/1310/1143
f 929/1323/1144 941/1324/1145 930/1314/1146
f 920/1306/1129 913/1325/1118 921/1316/1136
f 930/1314/1135 936/1326/1147 921/1316/1136
f 922/1307/1106 920/1306/1129 924/1327/1130
f 931/1328/1137 923/1329/1131 937/1330/1148
f 935/1331/1149 928/1332/1150 933/1322/1151
f 930/1314/1146 941/1324/1145 946/1333/1152
f 920/1306/1129 921/1316/1136 936/1326/1147
f 924/1327/1130 937/1330/1148 923/1329/1131
f 931/1334/1137 915/1289/1120 923/1309/1131
f 944/1335/1153 925/1320/1138 931/1319/1137
f 933/1322/1142 938/1336/1154 935/1331/1155
f 934/1337/1156 935/1338/1149 939/1339/1157
f 929/1323/1144 942/1340/1158 941/1324/1145
f 944/1341/1153 937/1342/1148 947/1343/1159
f 945/1344/1160 932/1345/1140 944/1341/1153
f 936/1326/1161 943/1346/1162 924/1327/1130
f 944/1341/1153 953/1347/1163 945/1344/1160
f 952/1348/1164 938/1336/1165 945/1349/1160
f 939/1339/1157 948/1350/1166 934/1337/1167
f 948/1350/1166 949/1351/1168 934/1337/1169
f 949/1351/1170 940/1352/1171 934/1337/1156
f 950/1353/1172 947/1354/1173 946/1333/1174
f 947/1354/1173 950/1353/1172 951/1355/1175
f 948/1356/1166 939/1357/1157 952/1348/1164
f 940/1358/1171 949/1359/1170 942/1340/1158
f 947/1343/1176 953/1347/1163 944/1341/1153
f 949/1359/1168 948/1360/1166 954/1361/1177
f 951/1355/1175 950/1353/1172 949/1359/1178
f 954/1362/1177 948/1356/1166 952/1348/1164
f 949/1359/1168 954/1361/1177 951/1355/1179
f 21/33/30 30/32/29 43/1363/1180
f 19/1364/27 53/73/69 25/31/28
f 39/1365/51 49/106/99 50/142/88
f 47/1366/56 77/1367/73 60/1368/63
f 58/67/62 115/181/136 63/1369/82
f 74/1370/90 105/1371/1181 85/1372/91
f 116/1373/137 136/240/185 135/239/221
f 189/238/309 256/343/311 242/345/375
f 212/250/1182 271/493/561 306/1374/1183
f 275/390/343 327/442/1184 241/391/344
f 255/342/310 289/424/377 256/343/311
f 385/568/1185 355/488/434 302/487/383
f 325/1375/414 358/597/1186 340/555/415
f 362/503/445 328/468/419 313/441/394
f 336/523/458 347/1376/381 383/521/456
f 317/426/379 402/540/1187 331/452/423
f 387/550/479 429/650/1188 367/548/477
f 487/729/589 574/788/686 525/730/628
f 572/1377/726 608/1378/725 609/880/754
f 641/960/819 655/924/1189 611/923/793
f 627/1379/799 687/1380/1190 628/897/1191
f 706/1036/886 716/1013/864 664/978/865
f 745/1081/894 777/1128/979 746/1381/1192
f 772/1122/1193 787/1123/1194 773/1382/918
f 821/1383/1007 845/1384/1026 829/1385/1082
f 844/1199/1032 878/1238/1070 863/1200/1033
f 840/1386/1195 876/1387/1195 860/1388/1195
f 895/1261/1116 905/1285/1115 918/1299/1127
f 930/1314/1135 946/1333/1196 936/1326/1147
f 2/3/3 6/14/13 1/1/1
f 1/1/1 7/8/12 5/2/2
f 3/4/4 4/6/5 10/12/10
f 9/26/7 1/1/1 6/14/13
f 4/6/5 12/15/14 10/12/10
f 11/1389/1197 14/57/53 8/11/1198
f 12/15/14 4/6/5 9/9/15
f 8/11/1198 13/10/8 11/1389/1197
f 15/17/17 10/20/10 12/18/14
f 20/28/25 21/33/30 15/29/26
f 16/13/11 7/35/6 3/4/4
f 13/10/8 37/44/40 11/1389/1197
f 11/24/22 27/62/59 38/39/35
f 14/57/53 6/14/13 8/11/1198
f 18/27/24 29/46/42 20/28/25
f 27/62/59 11/24/22 37/63/40
f 49/106/99 69/155/145 113/193/163 50/142/88
f 20/28/25 34/47/1199 30/32/29
f 13/10/8 7/8/12 26/37/33
f 28/40/36 41/1390/1200 19/25/23
f 17/16/16 52/59/1201 18/27/18
f 25/31/28 42/76/72 17/16/16
f 35/42/38 46/69/64 36/43/39
f 23/56/34 38/79/75 39/54/51
f 39/54/51 50/97/88 40/55/52
f 24/1391/20 51/58/1202 14/57/21
f 53/1392/69 19/25/1203 41/1390/1200
f 33/41/37 44/94/97 15/29/26
f 55/111/103 36/43/1204 46/69/1205
f 26/1393/33 36/1394/39 57/1395/57
f 48/61/60 27/62/59 37/63/40
f 24/22/20 31/66/61 51/119/1202
f 41/1396/1200 70/1397/70 53/1398/69
f 17/16/16 42/76/72 52/59/1201
f 42/76/72 25/31/28 53/73/69
f 30/32/29 45/53/50 59/1399/80
f 30/1400/29 59/101/80 43/1401/1180
f 28/84/36 61/83/77 41/1396/1200
f 41/1396/1200 61/83/77 70/1397/70
f 29/46/42 52/59/55 58/67/62
f 63/1369/82 45/53/50 34/47/43
f 59/101/80 54/1402/92 43/1401/1180
f 43/1363/44 64/91/83 32/51/45
f 55/111/103 46/69/1205 78/116/107
f 33/41/37 65/92/95 44/94/97
f 58/67/62 63/1369/82 34/47/43
f 93/1403/94 43/1401/1180 54/1402/92
f 93/1403/94 64/1404/1206 43/1401/1180
f 33/41/47 32/51/45 64/91/83
f 46/69/1205 60/68/63 78/116/107
f 55/111/103 78/116/107 79/112/104
f 66/136/123 48/61/58 68/81/86
f 39/1365/51 80/107/100 49/106/99
f 51/1405/54 83/1406/132 61/1407/77
f 62/75/71 71/85/78 42/76/72
f 52/59/55 72/86/79 73/1408/1207
f 54/1402/92 85/100/1208 86/1409/1209
f 65/92/95 64/91/1206 88/1410/116
f 439/605/525 456/1411/690 397/1412/1210 344/533/449
f 31/66/61 40/65/52 90/120/1211
f 90/120/1211 51/119/1202 31/66/61
f 83/1413/132 91/1414/165 61/83/77
f 105/1371/1181 86/1415/1212 85/1372/91
f 86/124/1209 87/126/93 54/1416/92
f 60/68/63 97/133/120 78/116/107
f 48/61/58 66/136/123 67/78/74
f 49/106/99 123/108/235 69/155/145
f 69/155/145 100/157/147 81/1417/151
f 91/1414/165 70/1397/70 61/83/77
f 84/98/89 71/85/78 62/75/71
f 72/86/79 104/163/154 73/1408/1207
f 92/179/170 58/67/62 52/59/55
f 86/124/114 105/1418/1181 106/125/115
f 93/151/94 87/126/93 107/152/140
f 94/1419/1213 64/1404/1206 93/1403/94
f 108/1420/142 88/1410/116 64/91/1206
f 94/1421/1213 108/1420/142 64/91/1206
f 77/93/73 76/95/85 96/131/118
f 60/68/63 77/77/73 97/133/120
f 109/134/121 110/247/231 79/112/104
f 102/137/124 81/161/151 100/138/125
f 81/161/151 102/137/124 101/141/152
f 102/137/127 112/159/149 124/140/128
f 81/1417/151 113/193/163 69/155/145
f 103/118/109 83/145/132 51/119/54
f 84/98/89 114/178/169 71/85/78
f 72/86/79 71/85/78 104/163/154
f 92/179/170 52/59/55 73/1408/1207
f 92/179/170 115/181/136 58/67/62
f 95/1422/102 116/148/1214 75/109/81
f 93/151/94 118/153/141 94/1423/1213
f 95/110/102 63/90/82 120/166/1215
f 83/145/132 125/144/131 91/174/165
f 84/1424/89 70/1397/70 91/1414/165
f 104/163/154 92/179/170 73/1408/1207
f 117/149/138 105/1425/1181 74/99/90
f 105/1418/1181 117/164/138 106/125/115
f 106/125/115 107/152/140 87/126/93
f 118/1426/141 108/1427/142 94/1428/1213
f 120/166/158 63/90/135 89/146/134
f 97/133/120 130/1429/160 98/115/106
f 110/247/231 109/134/121 131/212/191
f 69/155/145 123/108/235 132/156/146
f 112/159/149 102/137/127 122/139/126
f 50/142/88 113/193/163 133/143/130
f 91/1414/165 134/1430/1216 84/1424/89
f 74/99/90 116/148/137 127/150/139
f 136/1431/185 116/1432/1214 95/1433/102
f 107/152/140 106/125/225 128/243/224
f 108/154/142 137/1434/173 119/128/117
f 179/246/230 99/113/105 79/112/104
f 179/246/230 79/112/104 110/247/231
f 139/135/144 165/231/214 67/78/74
f 138/232/215 121/121/111 99/114/105
f 101/141/129 124/140/128 141/192/179
f 125/144/1217 103/118/113 158/217/200
f 158/217/200 142/195/182 125/144/1217
f 143/175/166 126/176/167 91/174/165
f 114/1435/169 84/1424/89 134/1430/168
f 108/154/142 118/1436/141 137/1434/173
f 162/185/174 129/167/159 89/146/134
f 149/324/291 95/110/102 120/166/1215
f 96/131/118 119/168/117 147/208/189
f 98/115/106 151/211/190 109/134/121
f 179/304/230 138/232/215 99/114/105
f 111/122/112 67/78/74 165/231/214
f 112/159/149 152/249/233 140/158/148
f 143/175/181 125/144/1217 142/195/182
f 145/180/172 104/163/154 144/162/153
f 148/219/175 89/1437/134 115/181/136
f 127/220/139 116/1373/137 135/239/221
f 206/221/204 107/182/140 128/268/224
f 111/188/112 165/334/214 153/189/177
f 80/107/100 153/1438/177 182/191/178
f 141/192/179 154/160/1218 101/141/129
f 160/1439/312 114/1435/169 134/1430/168
f 145/180/172 201/294/271 148/219/175
f 171/242/223 106/125/157 146/165/156
f 172/267/247 206/221/204 128/268/224
f 150/227/210 96/131/118 147/208/189
f 96/131/118 150/227/210 193/229/212
f 130/169/160 178/303/276 151/209/190
f 131/212/191 180/245/252 110/247/231
f 168/214/194 141/192/261 186/283/263
f 133/143/130 156/194/180 169/218/202
f 170/236/217 142/195/182 169/218/218
f 159/196/183 142/195/182 170/236/217
f 161/203/187 127/220/139 135/239/221
f 149/324/291 120/166/1215 175/226/1219
f 177/228/226 147/208/1220 176/224/227
f 194/1440/1221 195/273/251 131/272/191
f 185/235/255 140/234/1222 152/276/256
f 212/250/234 132/156/146 123/108/235
f 166/187/176 132/170/161 183/279/259
f 166/187/176 234/310/280 181/248/232
f 141/192/261 167/173/239 197/282/262
f 187/252/265 154/160/195 168/214/194
f 126/176/167 143/175/166 189/238/220
f 189/238/220 160/344/312 134/177/168
f 176/224/227 209/350/249 192/244/228
f 175/226/209 129/167/159 191/225/208
f 131/272/191 163/1441/213 194/1440/1221
f 226/318/284 189/238/309 143/175/181
f 202/260/244 201/347/271 145/261/172
f 202/260/244 144/262/153 203/1442/245
f 210/270/288 174/222/1223 208/322/289
f 162/1443/174 148/1444/175 204/1445/272
f 149/324/291 175/226/1219 217/302/332
f 136/1446/185 149/1447/186 263/1448/294
f 178/303/276 163/330/213 151/209/190
f 250/307/278 164/213/193 138/232/215
f 153/189/177 165/334/214 251/333/299
f 234/310/280 166/187/176 236/336/300
f 157/215/197 223/314/282 224/341/283
f 200/259/243 198/258/242 225/367/342
f 205/395/246 227/394/347 171/269/223
f 191/225/208 162/185/174 204/1449/272
f 218/325/292 149/324/291 217/302/332
f 231/1450/333 194/1440/1221 163/1441/213
f 231/1450/333 233/331/297 195/273/251
f 220/332/298 180/274/1224 195/273/251
f 250/307/369 179/304/1225 232/306/277
f 235/491/436 153/1438/177 251/1451/299
f 223/314/308 187/252/265 213/290/264
f 186/283/281 222/251/238 240/339/304
f 225/367/342 241/391/344 200/259/243
f 200/259/267 277/368/325 199/292/268
f 226/318/284 255/342/310 189/238/309
f 226/1452/284 159/1453/1226 255/1454/310
f 203/1455/245 160/344/184 242/345/375
f 202/260/244 257/451/401 201/347/271
f 216/300/273 260/393/1227 146/299/156
f 204/346/272 262/373/366 191/375/208
f 191/375/208 246/397/349 217/399/275
f 193/229/212 248/402/353 178/303/276
f 163/330/213 219/329/295 231/1456/333
f 195/1457/251 194/1458/1221 231/1459/333
f 234/358/280 252/1460/370 211/359/257
f 235/491/436 182/191/178 153/1438/177
f 236/336/300 284/1461/1228 234/310/280
f 198/258/242 214/291/266 225/367/342
f 215/293/270 255/342/310 159/196/183
f 216/300/273 161/297/187 190/296/222
f 171/1462/223 227/1463/347 259/1464/1229
f 171/269/223 259/349/1229 206/221/204
f 260/393/1227 205/395/246 146/299/156
f 217/399/332 332/398/350 247/482/331
f 193/229/212 177/228/211 264/401/1230
f 219/329/295 178/303/296 248/402/353
f 266/1465/1231 231/1456/1232 219/329/1233
f 182/191/236 235/491/436 271/493/438
f 271/493/438 212/250/234 182/191/236
f 185/281/255 237/362/323 254/338/303
f 311/388/340 225/367/342 224/366/307
f 277/1466/325 200/1467/267 276/1468/345
f 243/348/314 201/347/271 257/451/401
f 278/409/361 216/300/273 229/320/359
f 259/349/422 227/394/347 258/454/404
f 230/353/1234 192/244/228 297/396/348
f 264/1469/1230 248/1470/353 193/1471/212
f 231/1456/333 266/1465/410 267/414/367
f 231/1456/333 267/414/367 268/413/334
f 236/336/300 221/309/279 283/436/390
f 237/362/323 273/1472/1235 285/419/372
f 213/439/305 240/365/304 274/389/341
f 239/387/306 287/1473/1236 311/388/340
f 274/420/373 184/280/260 238/337/302
f 241/391/344 225/367/342 275/390/343
f 215/369/326 277/368/325 288/448/396
f 202/1474/244 203/1455/245 242/345/375
f 262/373/366 204/346/272 294/407/358
f 280/411/363 260/393/1227 216/300/273
f 258/454/404 227/394/347 260/393/346
f 208/322/289 290/474/424 261/323/290
f 244/515/318 293/516/380 297/1475/364
f 248/402/353 264/401/1230 265/403/354
f 219/1476/1233 299/1477/1237 266/1478/1231
f 268/381/334 302/430/383 269/356/321
f 249/357/322 269/356/321 303/433/387
f 270/404/335 324/435/389 250/384/369
f 250/384/278 324/435/1238 251/333/299
f 234/1479/280 284/1480/1228 252/1481/370
f 272/406/357 307/437/391 221/309/279
f 286/1482/1239 285/419/463 273/1472/1235
f 274/389/341 310/440/484 213/439/305
f 255/342/310 215/293/270 289/424/377
f 290/474/1240 208/322/407 291/455/406
f 292/476/426 210/270/288 261/323/290
f 244/478/318 210/270/250 292/476/426
f 295/479/428 245/374/328 281/412/365
f 246/397/330 245/374/328 295/479/428
f 230/353/1234 297/396/348 298/517/453
f 298/517/453 320/1483/1241 230/353/1234
f 230/353/319 320/1483/1242 264/401/352
f 321/460/411 266/459/410 300/484/1243
f 303/433/387 269/356/386 282/432/385
f 235/491/436 251/1451/299 324/527/460
f 391/1484/1244 252/1481/1245 284/1480/1228
f 211/361/257 305/418/371 237/362/323
f 286/1482/1239 308/528/461 285/419/463
f 311/388/340 287/1473/338 309/438/392
f 312/421/443 238/337/302 254/338/303
f 327/442/395 328/468/419 276/392/345
f 276/1485/345 329/1486/399 277/1487/325
f 318/470/421 280/411/363 278/409/361
f 292/476/426 261/323/290 319/475/425
f 296/400/362 263/326/1246 334/591/516
f 296/1488/362 334/1489/516 335/609/469
f 298/517/453 336/520/455 320/1483/1241
f 300/484/1243 338/486/1247 321/460/411
f 340/464/415 282/1490/385 304/462/384
f 305/418/371 252/417/370 391/569/1248
f 273/1472/1235 341/1491/1249 286/1482/1239
f 283/1492/390 391/1484/1244 284/1480/1228
f 326/467/418 309/438/392 310/440/393
f 313/441/394 275/390/343 326/467/418
f 276/1493/345 328/1494/419 372/1495/1250
f 257/451/401 202/260/244 315/423/376
f 315/449/376 345/507/447 257/1496/401
f 296/1497/362 335/536/469 279/408/360
f 317/426/379 331/452/423 258/454/404
f 280/411/363 318/470/421 317/426/379
f 380/640/552 295/479/428 281/412/365
f 246/397/349 350/480/429 332/398/350
f 333/481/430 351/588/514 247/482/331
f 351/456/408 334/591/516 263/326/293
f 336/520/455 352/1498/1251 320/1483/1241
f 302/430/383 268/381/334 337/458/1252
f 338/486/1247 354/547/476 321/460/411
f 304/462/384 322/1499/478 339/490/435
f 340/1500/415 356/494/439 282/496/385
f 323/434/388 357/1501/1253 303/433/387
f 310/1502/484 274/420/341 343/466/482
f 285/419/372 360/529/462 312/421/443
f 329/447/399 276/392/345 372/1503/1250
f 291/455/406 364/542/473 290/474/1240
f 290/474/424 377/1504/545 319/475/425
f 366/543/474 292/476/426 319/475/425
f 347/428/381 293/427/380 349/519/454
f 383/521/456 428/565/494 352/522/457
f 322/1499/478 367/1505/477 339/490/435
f 303/433/387 357/1501/1253 324/435/413
f 356/1506/439 369/1507/481 323/1508/388
f 272/406/501 359/498/540 370/571/499
f 372/1503/1250 396/530/464 329/447/399
f 363/578/446 344/533/449 288/1509/396
f 330/450/400 257/451/401 373/535/468
f 243/348/314 330/450/400 373/535/468
f 316/425/378 374/559/486 294/407/358
f 400/453/403 207/301/274 228/321/316
f 428/565/494 384/564/493 352/522/457
f 337/1510/1252 385/568/1185 302/487/383
f 338/486/433 353/485/432 386/1511/1254
f 388/1512/558 358/597/520 325/1375/414
f 389/618/437 324/435/460 357/1501/1255
f 390/654/560 306/1374/1183 271/493/561
f 357/1513/1253 323/1508/388 369/1507/522
f 392/715/615 273/1472/1235 237/362/323
f 392/715/615 341/1491/1249 273/1472/1235
f 306/405/355 390/624/538 393/497/440
f 360/529/462 308/528/461 415/574/503
f 371/558/483 395/576/505 361/502/444
f 418/508/448 399/1514/527 345/507/466
f 345/507/447 373/1515/485 257/1496/401
f 401/1516/470 400/453/403 228/321/316
f 377/1504/545 290/474/1240 364/542/473
f 405/1517/1256 346/1518/1257 366/1519/1258
f 348/514/452 346/513/451 378/561/490
f 348/514/452 406/562/491 349/1520/454
f 380/640/552 381/642/554 295/479/428
f 446/1521/1259 354/547/476 338/486/1247
f 410/646/496 368/526/459 355/525/434
f 325/1375/414 339/1522/435 388/1512/558
f 340/555/415 358/597/1260 369/556/481
f 369/620/522 412/619/535 357/1523/1253
f 413/616/533 389/618/437 357/1501/1255
f 394/1524/542 343/466/482 360/529/462
f 362/503/445 372/1503/1250 328/468/419
f 404/1525/511 366/1526/474 319/1527/425
f 400/453/405 365/541/472 291/455/406
f 406/562/548 378/561/601 424/669/576
f 407/638/547 349/519/454 406/1528/548
f 408/587/513 349/519/454 407/638/547
f 374/559/486 444/703/605 379/545/475
f 425/694/595 444/703/605 374/559/486
f 379/545/475 380/640/552 281/412/365
f 426/590/515 409/676/528 334/591/516
f 427/592/517 428/644/494 383/544/456
f 430/647/556 384/1529/1261 429/645/519
f 301/593/368 354/1530/531 431/594/518
f 354/1531/531 446/706/608 411/708/532
f 368/526/459 410/646/496 429/645/519
f 388/1532/558 339/1533/435 432/643/555
f 357/1523/1255 412/619/613 413/1534/533
f 437/570/498 436/622/729 391/569/442
f 394/1524/542 360/529/462 416/575/504
f 371/1535/483 343/1536/482 394/628/542
f 372/1503/1250 362/503/445 438/693/564
f 396/530/464 372/1503/1250 438/693/564
f 418/534/467 344/533/449 397/1412/1210
f 421/664/567 400/1537/405 401/539/1262
f 423/586/546 319/585/425 377/633/545
f 443/1538/1263 404/1539/1264 423/1540/1265
f 400/453/405 458/661/566 365/541/472
f 295/479/428 445/672/578 382/563/492
f 337/1510/1252 431/1541/1266 385/568/1185
f 433/1542/559 358/597/520 388/1512/558
f 449/655/562 271/493/438 389/492/437
f 305/418/371 391/569/1248 436/622/536
f 416/1543/504 453/690/592 394/689/542
f 395/627/505 371/1535/483 394/628/542
f 395/576/505 455/719/594 362/503/445
f 456/1411/690 492/796/693 457/795/692 397/1412/1210
f 397/1412/1210 457/795/1267 418/534/467
f 421/662/567 458/661/566 400/453/405
f 421/664/567 401/539/1262 402/583/569
f 407/635/547 479/637/550 461/671/551
f 333/1544/430 502/675/580 426/590/515
f 431/1541/1266 467/683/1268 385/568/1185
f 433/653/559 434/709/523 358/1545/520
f 413/1534/533 412/619/613 447/712/612
f 237/362/323 305/418/371 450/623/537
f 469/656/563 359/498/441 393/497/440
f 454/629/543 394/628/542 471/1546/593
f 471/1547/593 472/1548/688 454/1549/543
f 440/606/526 418/534/448 457/795/692
f 409/676/528 473/695/1269 420/1550/509
f 365/541/472 458/661/566 476/740/636
f 365/541/472 476/740/636 403/560/489
f 422/612/530 442/697/544 364/542/473
f 495/1551/599 423/586/1270 442/634/598
f 459/701/1271 378/561/1272 460/1552/1273
f 444/703/605 425/694/595 500/704/606
f 382/563/492 333/481/430 350/480/429
f 463/673/680 333/481/430 382/563/492
f 481/678/583 482/751/643 427/679/517
f 367/548/477 428/644/494 432/643/555
f 427/679/517 482/751/643 464/681/584
f 432/643/555 339/1533/435 367/548/477
f 432/652/555 484/726/625 433/653/559
f 434/600/523 485/685/588 435/601/521
f 237/362/323 450/623/537 392/715/615
f 548/687/590 470/626/541 359/498/540
f 399/1514/527 490/1553/1274 345/507/466
f 440/606/526 491/761/1275 399/607/527
f 441/611/571 420/582/509 473/738/1269
f 476/740/636 477/667/1276 403/560/489
f 478/636/549 406/562/548 534/668/575
f 482/751/643 504/1554/1277 464/681/584
f 508/1555/1278 509/816/709 472/815/708
f 490/760/652 399/607/1279 491/761/653
f 373/535/485 345/1556/447 419/581/508
f 473/738/1269 511/737/697 441/611/571
f 476/740/636 458/661/566 514/741/637
f 553/739/635 493/742/638 476/740/636
f 422/1557/573 477/1558/572 494/1559/597
f 515/721/619 516/1560/1280 496/722/620
f 517/747/641 424/669/576 459/701/621
f 463/673/680 382/563/492 445/672/578
f 481/678/583 498/670/577 499/752/644
f 483/1561/1281 505/707/609 446/706/608
f 435/621/611 525/730/673 447/712/612
f 468/758/649 392/715/1282 507/716/650
f 451/625/539 486/717/617 527/731/629
f 452/1562/500 470/1563/541 437/1564/498
f 536/937/801 535/868/746 556/764/656 550/765/657
f 456/793/690 439/657/525 529/732/630
f 438/693/564 530/780/676 529/732/630
f 491/761/653 440/606/526 457/795/692
f 419/1565/508 345/507/466 490/1553/1274
f 457/795/692 531/852/734 491/761/653
f 510/763/655 500/704/606 425/694/595
f 473/1566/596 480/750/582 513/1567/633
f 511/737/697 512/734/632 475/735/570
f 478/636/549 497/723/622 479/637/550
f 518/783/679 498/670/577 479/637/550
f 519/804/700 499/752/644 498/670/577
f 462/641/553 379/545/475 501/724/623
f 445/672/578 538/784/681 463/673/680
f 565/749/642 552/855/737 480/750/582
f 504/1554/1277 484/726/625 464/681/584
f 540/786/684 504/1554/1277 482/751/643
f 505/707/626 541/1568/742 431/727/518
f 543/779/674 448/617/534 447/713/612
f 488/718/618 454/629/543 472/1569/688
f 528/781/631 455/692/594 488/718/618
f 552/855/737 513/1567/633 480/750/582
f 475/735/570 441/611/571 511/737/697
f 532/767/660 554/1570/699 483/756/647
f 516/746/640 555/1571/1283 533/744/639
f 497/723/661 534/668/575 535/887/761
f 519/804/700 498/670/577 518/783/679
f 556/764/656 537/702/604 500/704/606
f 538/784/721 445/672/578 520/725/624
f 587/770/664 557/908/781 565/749/642
f 482/751/643 499/752/644 540/786/684
f 542/772/1284 539/1572/1285 503/1573/1286
f 467/1574/1268 431/727/1266 541/1568/1287
f 503/1573/1286 558/917/787 542/772/1284
f 469/656/591 527/731/629 560/839/724
f 487/843/589 485/711/588 592/775/669
f 560/839/724 547/848/732 469/656/591
f 547/848/732 548/687/590 469/656/591
f 548/1575/590 561/1576/730 437/1577/498
f 456/793/690 578/794/691 492/1578/693
f 419/1565/508 490/1553/1274 564/1579/695
f 553/739/635 514/741/637 474/663/568
f 505/1580/609 483/1581/1281 554/1582/699
f 555/1571/1283 567/884/1288 533/744/639
f 501/724/623 569/870/748 462/641/553
f 588/888/762 540/786/684 499/752/644
f 524/710/610 484/726/625 504/1554/1277
f 544/777/675 526/714/614 449/655/562
f 525/811/673 570/810/1289 543/1583/674
f 486/1584/617 607/1585/723 527/1586/629
f 530/851/676 489/1587/1290 563/849/712
f 563/849/712 489/1587/565 528/1588/631
f 531/852/734 549/762/654 491/761/653
f 567/884/1291 555/1571/1292 582/1589/1293
f 517/747/641 584/865/743 424/669/576
f 499/752/644 519/804/700 568/833/719
f 535/887/761 536/768/662 497/723/661
f 536/768/678 585/1590/1294 518/783/679
f 499/752/644 568/833/719 588/888/762
f 540/786/684 524/710/610 504/1554/1277
f 589/919/789 522/773/645 542/772/1284
f 590/806/702 545/1591/648 526/807/627
f 543/776/670 570/1592/704 571/787/685
f 591/812/705 607/838/723 486/717/617
f 560/839/724 572/1593/726 547/848/732
f 507/716/616 450/623/537 575/813/706
f 436/1594/729 437/1577/498 561/1576/730
f 548/687/590 547/848/732 561/846/730
f 578/822/1295 529/1595/630 530/851/676
f 595/854/736 500/704/606 510/763/655
f 596/826/713 513/1567/633 552/855/737
f 565/749/642 557/908/781 597/856/738
f 474/663/568 581/827/715 553/739/635
f 493/742/638 553/739/635 598/828/716
f 599/931/797 494/1559/597 477/1558/572
f 517/747/641 496/722/620 583/1596/1296
f 496/722/620 533/1597/639 583/1596/1296
f 602/805/701 518/783/679 585/1590/1294
f 640/1015/770 692/1014/866 657/881/1297 608/1378/771
f 537/702/604 556/764/656 535/868/746
f 569/870/748 501/724/623 444/703/605
f 462/641/553 604/869/747 520/725/624
f 589/919/789 542/772/1284 558/917/787
f 522/835/645 589/1598/789 605/836/722
f 540/786/684 588/888/762 592/775/669
f 572/1377/726 609/880/754 547/879/732
f 570/810/704 573/809/687 574/875/686
f 642/878/848 507/716/616 575/813/706
f 507/716/650 612/877/751 546/759/651
f 594/850/733 578/822/1295 530/851/676
f 531/852/734 457/795/692 577/797/694
f 564/1579/695 579/1599/696 419/1565/508
f 597/856/738 552/855/1298 565/749/642
f 600/1600/741 615/933/798 554/934/699
f 631/970/824 583/1601/1296 533/1602/639
f 648/866/744 517/747/641 583/1596/1296
f 586/832/718 592/775/669 568/833/719
f 586/832/718 635/892/764 616/894/766
f 603/834/720 520/725/624 604/869/806
f 619/916/782 587/769/664 538/784/721
f 619/909/782 557/908/781 587/770/664
f 628/897/1191 467/683/1268 541/1603/1287
f 544/808/703 606/1604/749 590/806/702
f 545/757/648 590/1605/702 620/1606/769
f 620/1606/769 591/812/705 545/757/648
f 611/902/772 570/810/704 574/875/686
f 562/818/677 623/903/774 563/849/712
f 577/797/777 578/822/1295 613/904/775
f 676/882/756 550/765/657 500/704/606
f 599/931/797 477/1558/572 598/932/716
f 601/862/717 627/935/799 541/863/742
f 605/1607/722 567/884/758 629/1608/1299
f 533/1602/639 630/1609/1300 631/970/824
f 567/884/1288 630/886/1301 533/744/639
f 567/884/758 605/1607/722 638/885/759
f 583/1601/1296 631/970/824 632/1010/861
f 603/834/720 619/916/782 538/784/721
f 589/1598/789 638/1610/759 605/836/722
f 571/1611/685 639/1612/808 606/1613/749
f 607/838/723 591/812/705 654/921/791
f 570/1592/704 611/923/772 571/787/685
f 531/852/734 577/797/694 643/905/778
f 579/1599/696 564/1579/695 624/998/839
f 624/998/839 595/1614/736 579/1599/696
f 644/985/795 580/824/698 596/826/714
f 626/858/740 647/1027/796 598/828/716
f 646/1008/1302 626/858/740 581/827/715
f 628/897/1191 541/1603/1287 627/1379/799
f 535/887/746 584/865/743 617/1615/745
f 585/1616/1294 633/938/815 602/1617/701
f 519/804/700 602/805/701 635/892/764
f 604/869/829 569/870/748 650/941/805
f 558/785/787 628/897/1303 638/1618/788
f 653/920/790 591/812/705 620/1606/769
f 639/947/808 621/942/807 606/900/749
f 607/838/723 654/921/791 640/901/770
f 612/877/1304 642/878/909 656/1619/1305
f 576/817/710 696/950/1306 623/903/774
f 613/904/775 658/1039/890 643/905/776
f 645/907/780 596/826/713 597/856/738
f 685/986/840 644/985/795 596/826/714
f 581/827/715 659/857/739 646/1008/1302
f 660/968/813 631/970/824 630/1609/760
f 648/866/744 661/1620/826 584/865/743
f 585/1616/1294 536/937/678 633/938/815
f 649/911/783 662/939/803 616/952/766
f 663/922/792 622/876/750 652/895/763
f 620/898/769 606/900/749 621/942/807
f 664/978/832 682/995/847 621/979/807
f 608/1378/725 657/881/755 609/880/754
f 641/1621/819 666/961/1307 655/963/1189
f 594/850/733 613/904/775 578/822/1295
f 594/850/733 623/903/774 671/967/876
f 596/826/714 645/907/855 685/986/840
f 673/1006/858 659/857/739 625/883/757
f 626/858/740 646/1008/1302 647/1027/796
f 615/933/798 674/936/800 601/862/717
f 632/1010/861 631/970/824 675/969/823
f 661/1620/826 617/1615/745 584/865/743
f 663/922/792 652/895/763 616/894/766
f 633/938/815 550/765/657 676/882/756
f 634/893/765 602/805/701 633/955/815
f 604/869/829 650/941/805 681/976/830
f 682/1622/847 653/943/1308 621/942/807
f 656/1619/1305 642/878/909 668/1057/908
f 657/847/753 695/983/1309 575/813/706
f 669/1623/836 657/1624/838 692/1625/871
f 613/904/775 594/850/733 683/1023/875
f 658/1039/890 613/904/775 683/1023/875
f 614/853/735 672/906/779 549/762/654
f 645/907/855 651/929/853 684/1003/852
f 600/1600/741 599/1626/797 647/1027/796
f 674/1627/800 687/1380/1190 627/1379/799
f 628/897/1303 702/1090/842 638/1618/788
f 648/971/744 583/1628/1296 688/972/825
f 632/1629/861 688/972/825 583/1628/1296
f 651/915/853 604/869/829 690/975/828
f 682/995/847 691/994/1310 653/1630/1308
f 682/995/847 664/978/832 705/993/846
f 666/1631/820 693/1632/883 667/1633/821
f 665/948/809 639/947/808 667/962/821
f 642/878/848 575/813/706 695/983/837
f 683/1023/875 594/850/733 671/967/876
f 643/905/776 658/1039/890 698/1041/892
f 624/1634/839 676/882/756 595/854/736
f 699/987/841 685/986/840 645/907/855
f 600/1600/741 701/1046/897 615/933/798
f 628/897/1303 687/1380/1311 702/1090/842
f 641/960/819 663/953/792 662/939/1312
f 689/989/843 680/1635/816 679/990/818
f 651/915/853 690/975/828 686/1002/854
f 641/1621/819 662/958/1312 666/961/1307
f 664/1636/865 694/1018/887 706/1035/886
f 683/1023/875 697/1040/891 658/1039/890
f 624/984/839 672/906/779 710/1080/931
f 721/1005/857 625/883/757 644/928/795
f 673/1006/858 646/1008/1302 659/857/739
f 674/936/800 615/933/798 701/1046/897
f 712/1048/899 687/1637/1190 674/936/800
f 661/1620/826 726/1638/845 617/1615/745
f 677/954/814 714/1054/902 678/974/827
f 677/954/814 633/1639/815 676/1000/756
f 650/941/805 637/914/785 618/896/767
f 691/994/831 715/1012/863 640/1015/770
f 707/1016/867 667/962/821 693/1033/883
f 636/913/784 757/1073/923 739/1105/956 618/896/767
f 710/1080/931 711/1640/851 624/984/839
f 646/1008/860 700/1007/859 722/1026/878
f 701/1046/897 600/1600/741 647/1027/796
f 724/1047/898 674/936/800 701/1046/897
f 675/969/823 660/968/813 702/1641/842
f 688/1642/825 726/1643/845 661/1644/826
f 727/1030/881 704/1065/917 680/957/816
f 703/1011/1313 680/957/816 704/1065/917
f 618/896/767 739/1105/956 650/941/805
f 662/958/817 703/1011/862 729/1032/882
f 731/1034/884 732/1017/868 707/1016/867
f 718/1022/874 697/1040/891 683/1023/875
f 718/1022/943 671/967/822 717/1021/873
f 614/853/735 643/905/778 735/1061/912
f 723/1088/938 687/1380/1314 712/1645/899
f 702/1090/842 687/1380/1311 723/1088/938
f 737/1045/896 724/1047/898 701/1046/897
f 725/1028/879 675/969/823 713/1646/900
f 728/1064/916 703/1011/1313 704/1065/917
f 690/975/828 681/976/830 740/1107/958
f 750/1077/926 729/1032/905 703/1011/1315
f 730/1055/903 705/993/846 716/1013/864
f 730/1055/903 692/1014/866 715/1012/863
f 732/1067/885 731/1647/906 742/1068/919
f 706/1036/886 742/1068/919 743/1037/888
f 762/1070/921 710/1080/931 672/906/779
f 745/1648/894 746/1649/1192 736/1650/895
f 721/1005/857 753/1097/948 673/1006/858
f 723/1088/938 712/1645/899 802/1102/951
f 726/1651/845 688/1652/825 756/1653/914
f 714/1029/880 711/1640/851 710/1080/931
f 769/1103/952 748/1654/915 727/1053/881
f 704/1065/917 727/1030/881 748/1063/915
f 681/976/830 650/941/805 739/1105/956
f 708/996/849 695/983/837 734/1020/910
f 720/1655/856 736/1656/913 747/1084/922
f 747/1071/922 752/1657/933 721/1005/857
f 755/1658/939 713/1050/900 702/1049/842
f 713/1646/900 755/1659/939 725/1028/879
f 749/1660/924 703/1661/1313 728/1662/916
f 727/1053/881 738/1052/901 769/1103/952
f 763/1079/930 738/1052/901 714/1029/880
f 716/1013/864 743/1037/888 741/1056/904
f 773/1382/918 742/1068/919 731/1647/906
f 697/1040/891 718/1022/874 758/1094/945
f 718/1022/943 717/1021/873 759/1093/944
f 761/1108/959 735/1061/912 698/1041/928
f 736/1656/913 764/1095/946 747/1084/922
f 752/1657/933 753/1097/948 721/1005/857
f 673/1006/858 765/1098/949 700/1007/859
f 744/1025/877 690/975/828 740/1107/958
f 737/1045/896 722/1026/878 754/1085/935
f 737/1045/896 767/1099/950 724/1047/898
f 802/1102/951 712/1645/899 724/1100/898
f 750/1077/926 703/1011/1315 749/1663/1316
f 714/1029/880 710/1080/931 763/1079/930
f 748/1120/915 796/1091/940 728/1075/916
f 749/1663/1316 772/1664/1317 750/1077/926
f 730/1665/903 785/1666/1018 734/1667/872
f 775/1110/961 686/1002/854 744/1025/877
f 798/1082/932 779/1668/993 752/1083/933
f 700/1007/859 765/1098/949 780/1115/967
f 781/1117/969 757/1073/923 756/1062/914
f 748/1120/915 769/1669/952 770/1121/972
f 771/1106/957 784/1670/1318 740/1107/958
f 782/1671/925 772/1672/973 749/1673/924
f 750/1077/926 772/1664/1193 773/1066/918
f 786/1126/977 734/1125/910 785/1674/1319
f 773/1382/918 787/1123/976 742/1068/919
f 774/1092/942 708/996/849 734/1020/910
f 762/1070/921 719/1042/893 795/1119/971
f 747/1084/962 778/1096/1320 791/1111/963
f 747/1084/934 822/1113/965 798/1082/932
f 779/1668/993 792/1675/995 752/1083/933
f 722/1026/878 700/1007/859 780/1115/967
f 768/1087/937 725/1028/879 755/1659/939
f 796/1676/953 814/1167/1002 783/1166/954
f 785/1677/1018 730/1678/903 741/1679/904
f 698/1041/928 760/1078/927 789/1186/1022
f 775/1110/961 745/1081/894 686/1002/854
f 777/1128/979 745/1081/894 776/1109/960
f 797/1680/991 746/1381/1321 777/1128/979
f 792/1675/995 753/1681/948 752/1083/933
f 753/1097/948 799/1682/997 765/1098/949
f 780/1156/967 801/1155/998 766/1683/936
f 794/1118/1322 756/1062/914 768/1087/937
f 796/1163/953 770/1227/972 813/1164/1003
f 784/1670/1318 790/1114/978 740/1107/958
f 786/1684/977 803/1685/1015 774/1686/942
f 785/1677/1018 741/1679/904 788/1687/1019
f 789/1186/1022 761/1108/959 698/1041/928
f 804/1132/982 797/1688/991 777/1133/979
f 808/1135/964 791/1689/1323 807/1136/984
f 792/1690/995 809/1152/996 753/1151/948
f 800/1154/987 780/1156/967 765/1691/949
f 767/1101/950 766/1158/936 810/1157/999
f 811/1176/1011 802/1102/951 767/1101/950
f 768/1087/937 836/1692/1000 794/1118/1322
f 781/1117/969 771/1106/957 757/1073/923
f 785/1674/1319 815/1178/1014 786/1126/977
f 789/1186/1022 760/1078/927 758/1094/945
f 795/1119/971 719/1042/893 825/1161/1001
f 777/1128/979 818/1129/980 843/1143/990
f 819/1188/1024 776/1109/960 775/1110/961
f 779/1148/993 823/1202/1035 824/1149/994
f 799/1138/986 847/1693/1027 800/1139/987
f 800/1694/987 835/1695/1041 801/1696/998
f 794/1118/970 784/1670/1318 781/1117/969
f 771/1106/957 781/1117/969 784/1670/1318
f 770/1227/972 769/1103/952 812/1141/988
f 788/1697/1019 816/1197/981 827/1180/1020
f 719/1042/893 761/1108/959 825/1161/1001
f 819/1188/1024 775/1110/961 790/1114/978
f 818/1129/980 776/1109/960 819/1188/1024
f 806/1698/985 830/1190/1025 821/1189/1007
f 807/1136/984 831/1699/1324 806/1137/985
f 823/1202/1035 779/1148/993 833/1218/1046
f 784/1670/1318 828/1700/1051 790/1114/978
f 835/1211/1041 810/1701/999 801/1702/998
f 836/1160/1000 793/1116/968 802/1102/951
f 828/1700/1051 784/1670/1318 794/1118/1322
f 826/1165/1004 816/1197/981 783/1166/954
f 814/1167/1002 837/1194/1029 838/1177/1012
f 828/1700/1051 842/1213/1043 790/1114/978
f 844/1703/1032 805/1144/983 843/1143/990
f 830/1216/1025 806/1170/1325 804/1146/982
f 821/1242/1007 846/1201/1034 808/1112/964
f 832/1172/1009 833/1218/1046 779/1148/993
f 835/1704/1041 849/1193/1028 810/1157/999
f 811/1176/1011 767/1101/950 810/1157/999
f 794/1705/1322 836/1160/1000 850/1212/1042
f 794/1118/1322 850/1706/1042 828/1700/1051
f 851/1707/1053 839/1196/1030 837/1194/1029
f 815/1178/1014 785/1674/1319 827/1180/1016
f 818/1129/980 853/1214/1044 843/1143/990
f 843/1143/990 885/1277/1109 844/1703/1032
f 829/1168/1006 805/1134/983 863/1200/1072
f 857/1204/1037 809/1174/996 824/1149/994
f 835/1704/1041 854/1221/1060 849/1193/1028
f 859/1224/1052 837/1223/1029 813/1164/1003
f 840/1181/1017 827/1180/1016 826/1165/1013
f 861/1228/1056 803/1179/1015 815/1178/1014
f 825/1161/1001 761/1108/959 789/1186/1022
f 842/1708/1043 854/1221/1060 819/1231/1024
f 833/1218/1046 832/1172/1009 879/1232/1062
f 824/1709/994 855/1710/1064 856/1711/1038
f 835/1712/1041 848/1713/1326 868/1714/1061
f 850/1212/1042 849/1193/1028 854/1221/1050
f 850/1212/1042 811/1176/1011 849/1193/1028
f 869/1226/1054 813/1164/1003 770/1227/972
f 861/1228/1056 840/1181/1055 860/1715/1327
f 828/1222/1051 854/1221/1060 842/1708/1043
f 897/1260/1094 843/1143/990 853/1214/1044
f 829/1215/1006 845/1716/1026 830/1216/1025
f 821/1242/1007 887/1241/1074 846/1201/1034
f 865/1217/1045 855/1203/1036 823/1202/1035
f 834/1175/1010 866/1717/1113 881/1718/1076
f 813/1164/1003 869/1226/1067 859/1224/1052
f 838/1177/1012 839/1196/1030 876/1719/1328
f 838/1177/1012 876/1719/1328 840/1181/1017
f 877/1237/1069 862/1247/1023 819/1231/1024
f 897/1260/1094 885/1277/1109 843/1143/990
f 819/1231/1024 872/1235/1066 871/1236/1068
f 829/1168/1082 873/1240/1073 821/1242/1007
f 834/1175/1010 899/1720/1086 866/1717/1113
f 881/1718/1076 858/1206/1039 834/1175/1010
f 856/1205/1038 874/1234/1065 857/1204/1037
f 869/1226/1067 789/1186/1022 841/1185/1021
f 853/1721/1044 862/1257/1023 906/1256/1092
f 864/1233/1063 879/1232/1062 888/1248/1083
f 884/1722/1093 853/1721/1044 906/1256/1092
f 893/1723/1104 886/1239/1071 878/1238/1070
f 879/1243/1062 846/1201/1034 888/1724/1083
f 888/1724/1083 846/1201/1329 894/1725/1330
f 885/1277/1109 892/1276/1108 844/1703/1032
f 878/1270/1070 844/1703/1032 892/1276/1108
f 898/1726/1111 887/1241/1074 886/1239/1071
f 894/1725/1110 846/1201/1034 887/1241/1074
f 906/1256/1092 901/1288/1119 884/1722/1093
f 887/1241/1074 898/1726/1111 894/1725/1110
f 888/1248/1083 903/1293/1123 880/1249/1084
f 889/1250/1085 905/1285/1115 865/1217/1045
f 878/1270/1070 892/1276/1108 902/1271/1103
f 894/1294/1330 903/1293/1123 888/1248/1083
f 910/1311/1133 880/1249/1084 903/1293/1123
f 908/1291/1121 893/1290/1104 902/1727/1103
f 909/1280/1122 910/1728/1133 903/1729/1123
f 910/1311/1133 904/1273/1105 880/1249/1084
f 904/1273/1105 905/1285/1115 889/1250/1085
f 881/1730/1076 911/1301/1114 912/1731/1117
f 914/1318/1125 908/1291/1121 902/1727/1103
f 908/1291/1121 916/1298/1126 898/1279/1111
f 909/1280/1122 926/1310/1331 910/1728/1133
f 917/1732/1332 910/1728/1333 926/1310/1143
f 904/1273/1105 918/1299/1127 905/1285/1115
f 912/1731/1117 911/1301/1114 919/1303/1128
f 921/1733/1136 913/1287/1118 912/1295/1117
f 901/1305/1119 913/1325/1118 920/1306/1129
f 923/1309/1131 915/1289/1120 907/1275/1107
f 914/1297/1125 892/1276/1108 915/1289/1120
f 24/22/20 11/24/22 23/38/34 31/66/61
f 916/1298/1126 908/1291/1121 926/1310/1132
f 926/1310/1143 928/1332/1334 917/1732/1332
f 904/1273/1105 929/1734/1144 918/1299/1127
f 918/1313/1127 929/1323/1144 930/1314/1135
f 915/1289/1120 931/1334/1137 914/1297/1125
f 927/1735/1134 910/1728/1333 917/1732/1332
f 935/1338/1149 917/1736/1332 928/1737/1150
f 908/1291/1141 932/1321/1335 933/1322/1142
f 934/1337/1156 927/1312/1134 917/1736/1332
f 927/1312/1134 929/1734/1144 904/1273/1105
f 944/1335/1153 932/1321/1140 925/1320/1138
f 926/1310/1143 933/1322/1142 928/1332/1334
f 917/1736/1332 935/1338/1149 934/1337/1156
f 935/1331/1149 938/1336/1165 939/1357/1157
f 933/1322/1142 932/1321/1335 938/1336/1154
f 927/1312/1134 934/1337/1156 940/1352/1171
f 929/1734/1144 927/1312/1134 940/1352/1171
f 924/1327/1130 920/1306/1129 936/1326/1161
f 945/1349/1160 938/1336/1336 932/1321/1140
f 929/1323/1144 940/1358/1171 942/1340/1158
f 943/1346/1162 937/1330/1148 924/1327/1130
f 947/1354/1337 937/1330/1338 943/1346/1162
f 952/1348/1164 939/1357/1157 938/1336/1165
f 941/1324/1145 942/1340/1158 946/1333/1152
f 943/1346/1162 936/1326/1161 946/1333/1339
f 931/1328/1137 937/1330/1148 944/1738/1153
f 950/1353/1172 946/1333/1340 942/1340/1341
f 943/1346/1162 946/1333/1339 947/1354/1337
f 947/1354/1176 951/1355/1179 953/1739/1163
f 945/1344/1160 953/1347/1163 952/1740/1164
f 942/1340/1341 949/1359/1178 950/1353/1172
f 952/1741/1164 953/1739/1163 951/1355/1179
f 954/1361/1177 952/1741/1164 951/1355/1179
f 54/1402/92 59/101/1342 85/100/1208
f 103/1742/113 82/1743/87 158/1744/200
f 193/1745/212 150/1746/210 177/1747/211
f 174/222/1223 207/301/274 208/322/289
f 284/1480/1228 236/1748/300 283/1492/390
f 287/1473/338 213/439/337 309/438/392
f 335/609/469 334/1489/516 409/610/528
f 414/1749/502 452/1562/500 437/1564/498
f 472/815/708 471/1750/1343 508/1555/1278
f 532/1751/660 495/1752/1344 566/1753/600
f 584/865/743 534/668/575 424/669/576
f 566/743/600 494/696/597 599/1626/797
f 599/1626/797 600/1600/741 566/743/600
f 736/1754/913 955/1755/1345 764/1756/946
f 854/1221/1060 835/1704/1041 868/1230/1061
f 898/1726/1111 886/1239/1071 893/1723/1104
f 908/1757/1139 914/1758/1125 925/1759/1138
