# Blender 4.5.0
# www.blender.org
mtllib flashlight.mtl
o flashlight
v 0.000000 0.132121 -0.132121
v 0.000000 0.132121 0.331133
v 0.025776 0.129583 -0.132121
v 0.025776 0.129583 0.331133
v 0.050561 0.122064 -0.132121
v 0.050561 0.122064 0.331133
v 0.073403 0.109855 -0.132121
v 0.073403 0.109855 0.331133
v 0.093424 0.093424 -0.132121
v 0.093424 0.093424 0.331133
v 0.109855 0.073403 -0.132121
v 0.109855 0.073403 0.331133
v 0.122064 0.050561 -0.132121
v 0.122064 0.050561 0.331133
v 0.129583 0.025776 -0.132121
v 0.129583 0.025776 0.331133
v 0.132121 0.000000 -0.132121
v 0.132121 -0.000000 0.331133
v 0.129583 -0.025776 -0.132121
v 0.129583 -0.025776 0.331133
v 0.122064 -0.050561 -0.132121
v 0.122064 -0.050561 0.331133
v 0.109855 -0.073403 -0.132121
v 0.109855 -0.073403 0.331133
v 0.093424 -0.093424 -0.132121
v 0.093424 -0.093424 0.331133
v 0.073403 -0.109855 -0.132121
v 0.073403 -0.109855 0.331133
v 0.050561 -0.122064 -0.132121
v 0.050561 -0.122064 0.331133
v 0.025776 -0.129583 -0.132121
v 0.025776 -0.129583 0.331133
v 0.000000 -0.132121 -0.132121
v 0.000000 -0.132121 0.331133
v -0.025776 -0.129583 -0.132121
v -0.025776 -0.129583 0.331133
v -0.050561 -0.122064 -0.132121
v -0.050561 -0.122064 0.331133
v -0.073403 -0.109855 -0.132121
v -0.073403 -0.109855 0.331133
v -0.093424 -0.093424 -0.132121
v -0.093424 -0.093424 0.331133
v -0.109855 -0.073403 -0.132121
v -0.109855 -0.073403 0.331133
v -0.122064 -0.050561 -0.132121
v -0.122064 -0.050561 0.331133
v -0.129583 -0.025776 -0.132121
v -0.129583 -0.025776 0.331133
v -0.132121 0.000000 -0.132121
v -0.132121 -0.000000 0.331133
v -0.129583 0.025776 -0.132121
v -0.129583 0.025776 0.331133
v -0.122064 0.050561 -0.132121
v -0.122064 0.050561 0.331133
v -0.109855 0.073403 -0.132121
v -0.109855 0.073403 0.331133
v -0.093424 0.093424 -0.132121
v -0.093424 0.093424 0.331133
v -0.073403 0.109855 -0.132121
v -0.073403 0.109855 0.331133
v -0.050561 0.122064 -0.132121
v -0.050561 0.122064 0.331133
v -0.025776 0.129583 -0.132121
v -0.025776 0.129583 0.331133
v 0.012862 0.064663 0.645307
v 0.023866 0.119984 0.623629
v 0.016651 0.083709 0.642403
v 0.020679 0.103958 0.634468
v 0.000000 0.122335 0.623629
v 0.000000 0.065930 0.645307
v 0.000000 0.105995 0.634468
v 0.000000 0.085349 0.642403
v 0.025230 0.060911 0.645307
v 0.046816 0.113023 0.623629
v 0.032662 0.078852 0.642403
v 0.040562 0.097926 0.634468
v 0.036628 0.054818 0.645307
v 0.067966 0.101718 0.623629
v 0.047417 0.070965 0.642403
v 0.058888 0.088131 0.634468
v 0.046619 0.046619 0.645307
v 0.086504 0.086504 0.623629
v 0.060351 0.060351 0.642403
v 0.074950 0.074950 0.634468
v 0.054818 0.036629 0.645307
v 0.101718 0.067966 0.623629
v 0.070965 0.047417 0.642403
v 0.088131 0.058888 0.634468
v 0.060911 0.025230 0.645307
v 0.113023 0.046816 0.623629
v 0.078852 0.032662 0.642403
v 0.097926 0.040562 0.634468
v 0.064663 0.012862 0.645307
v 0.119984 0.023866 0.623629
v 0.083709 0.016651 0.642403
v 0.103958 0.020679 0.634468
v 0.065930 -0.000000 0.645307
v 0.122335 -0.000000 0.623629
v 0.085349 -0.000000 0.642403
v 0.105995 -0.000000 0.634468
v 0.064663 -0.012862 0.645307
v 0.119984 -0.023866 0.623629
v 0.083709 -0.016651 0.642403
v 0.103958 -0.020679 0.634468
v 0.060911 -0.025230 0.645307
v 0.113023 -0.046816 0.623629
v 0.078852 -0.032662 0.642403
v 0.097926 -0.040562 0.634468
v 0.054818 -0.036628 0.645307
v 0.101718 -0.067966 0.623629
v 0.070965 -0.047417 0.642403
v 0.088131 -0.058888 0.634468
v 0.046619 -0.046619 0.645307
v 0.086504 -0.086504 0.623629
v 0.060351 -0.060351 0.642403
v 0.074950 -0.074950 0.634468
v 0.036629 -0.054818 0.645307
v 0.067966 -0.101718 0.623629
v 0.047417 -0.070965 0.642403
v 0.058888 -0.088131 0.634468
v 0.025230 -0.060911 0.645307
v 0.046816 -0.113023 0.623629
v 0.032662 -0.078852 0.642403
v 0.040562 -0.097926 0.634468
v 0.012862 -0.064663 0.645307
v 0.023866 -0.119984 0.623629
v 0.016651 -0.083709 0.642403
v 0.020679 -0.103958 0.634468
v 0.000000 -0.065930 0.645307
v 0.000000 -0.122335 0.623629
v 0.000000 -0.085349 0.642403
v 0.000000 -0.105995 0.634468
v -0.012862 -0.064663 0.645307
v -0.023866 -0.119984 0.623629
v -0.016651 -0.083709 0.642403
v -0.020679 -0.103958 0.634468
v -0.025230 -0.060911 0.645307
v -0.046816 -0.113023 0.623629
v -0.032662 -0.078852 0.642403
v -0.040562 -0.097926 0.634468
v -0.036628 -0.054818 0.645307
v -0.067966 -0.101718 0.623629
v -0.047417 -0.070965 0.642403
v -0.058888 -0.088131 0.634468
v -0.046619 -0.046619 0.645307
v -0.086504 -0.086504 0.623629
v -0.060351 -0.060351 0.642403
v -0.074950 -0.074950 0.634468
v -0.054818 -0.036628 0.645307
v -0.101718 -0.067966 0.623629
v -0.070965 -0.047417 0.642403
v -0.088131 -0.058888 0.634468
v -0.060911 -0.025230 0.645307
v -0.113023 -0.046816 0.623629
v -0.078852 -0.032662 0.642403
v -0.097926 -0.040562 0.634468
v -0.064663 -0.012862 0.645307
v -0.119984 -0.023866 0.623629
v -0.083709 -0.016651 0.642403
v -0.103958 -0.020679 0.634468
v -0.065930 -0.000000 0.645307
v -0.122335 -0.000000 0.623629
v -0.085349 -0.000000 0.642403
v -0.105995 -0.000000 0.634468
v -0.064663 0.012862 0.645307
v -0.119984 0.023866 0.623629
v -0.083709 0.016651 0.642403
v -0.103958 0.020679 0.634468
v -0.060911 0.025230 0.645307
v -0.113023 0.046816 0.623629
v -0.078852 0.032662 0.642403
v -0.097926 0.040562 0.634468
v -0.054818 0.036628 0.645307
v -0.101718 0.067966 0.623629
v -0.070965 0.047417 0.642403
v -0.088131 0.058888 0.634468
v -0.046619 0.046619 0.645307
v -0.086504 0.086504 0.623629
v -0.060351 0.060351 0.642403
v -0.074950 0.074950 0.634468
v -0.036629 0.054818 0.645307
v -0.067966 0.101718 0.623629
v -0.047417 0.070965 0.642403
v -0.058888 0.088131 0.634468
v -0.025230 0.060911 0.645307
v -0.046816 0.113023 0.623629
v -0.032662 0.078852 0.642403
v -0.040562 0.097926 0.634468
v -0.012862 0.064663 0.645307
v -0.023866 0.119984 0.623629
v -0.016651 0.083709 0.642403
v -0.020679 0.103958 0.634468
v 0.024716 0.124254 0.619697
v 0.025776 0.129583 0.607486
v 0.025246 0.126918 0.616264
v 0.025634 0.128869 0.611795
v 0.000000 0.132121 0.607486
v 0.000000 0.126688 0.619697
v 0.000000 0.131394 0.611795
v 0.000000 0.129405 0.616264
v 0.048482 0.117045 0.619697
v 0.050561 0.122064 0.607486
v 0.049521 0.119554 0.616264
v 0.050282 0.121392 0.611795
v 0.070384 0.105337 0.619697
v 0.073403 0.109855 0.607486
v 0.071893 0.107596 0.616264
v 0.072998 0.109250 0.611795
v 0.089582 0.089582 0.619697
v 0.093424 0.093424 0.607486
v 0.091503 0.091503 0.616264
v 0.092909 0.092909 0.611795
v 0.105337 0.070384 0.619697
v 0.109855 0.073403 0.607486
v 0.107596 0.071893 0.616264
v 0.109250 0.072998 0.611795
v 0.117045 0.048481 0.619697
v 0.122064 0.050561 0.607486
v 0.119554 0.049521 0.616264
v 0.121392 0.050282 0.611795
v 0.124254 0.024716 0.619697
v 0.129583 0.025776 0.607486
v 0.126918 0.025246 0.616264
v 0.128869 0.025634 0.611795
v 0.126688 -0.000000 0.619697
v 0.132121 -0.000000 0.607486
v 0.129405 -0.000000 0.616264
v 0.131394 -0.000000 0.611795
v 0.124254 -0.024716 0.619697
v 0.129583 -0.025776 0.607486
v 0.126918 -0.025246 0.616264
v 0.128869 -0.025634 0.611795
v 0.117045 -0.048482 0.619697
v 0.122064 -0.050561 0.607486
v 0.119554 -0.049521 0.616264
v 0.121392 -0.050282 0.611795
v 0.105337 -0.070384 0.619697
v 0.109855 -0.073403 0.607486
v 0.107596 -0.071893 0.616264
v 0.109250 -0.072998 0.611795
v 0.089582 -0.089582 0.619697
v 0.093424 -0.093424 0.607486
v 0.091503 -0.091503 0.616264
v 0.092909 -0.092909 0.611795
v 0.070384 -0.105337 0.619697
v 0.073403 -0.109855 0.607486
v 0.071893 -0.107596 0.616264
v 0.072998 -0.109250 0.611795
v 0.048482 -0.117045 0.619697
v 0.050561 -0.122064 0.607486
v 0.049521 -0.119554 0.616264
v 0.050282 -0.121392 0.611795
v 0.024716 -0.124254 0.619697
v 0.025776 -0.129583 0.607486
v 0.025246 -0.126918 0.616264
v 0.025634 -0.128869 0.611795
v 0.000000 -0.126688 0.619697
v 0.000000 -0.132121 0.607486
v 0.000000 -0.129405 0.616264
v 0.000000 -0.131394 0.611795
v -0.024716 -0.124254 0.619697
v -0.025776 -0.129583 0.607486
v -0.025246 -0.126918 0.616264
v -0.025634 -0.128869 0.611795
v -0.048482 -0.117045 0.619697
v -0.050561 -0.122064 0.607486
v -0.049521 -0.119554 0.616264
v -0.050282 -0.121392 0.611795
v -0.070384 -0.105337 0.619697
v -0.073403 -0.109855 0.607486
v -0.071893 -0.107596 0.616264
v -0.072998 -0.109250 0.611795
v -0.089582 -0.089582 0.619697
v -0.093424 -0.093424 0.607486
v -0.091503 -0.091503 0.616264
v -0.092909 -0.092909 0.611795
v -0.105337 -0.070384 0.619697
v -0.109855 -0.073403 0.607486
v -0.107596 -0.071893 0.616264
v -0.109250 -0.072998 0.611795
v -0.117045 -0.048482 0.619697
v -0.122064 -0.050561 0.607486
v -0.119554 -0.049521 0.616264
v -0.121392 -0.050282 0.611795
v -0.124254 -0.024716 0.619697
v -0.129583 -0.025776 0.607486
v -0.126918 -0.025246 0.616264
v -0.128869 -0.025634 0.611795
v -0.126688 -0.000000 0.619697
v -0.132121 -0.000000 0.607486
v -0.129405 -0.000000 0.616264
v -0.131394 -0.000000 0.611795
v -0.124254 0.024716 0.619697
v -0.129583 0.025776 0.607486
v -0.126918 0.025246 0.616264
v -0.128869 0.025634 0.611795
v -0.117045 0.048481 0.619697
v -0.122064 0.050561 0.607486
v -0.119554 0.049521 0.616264
v -0.121392 0.050282 0.611795
v -0.105337 0.070384 0.619697
v -0.109855 0.073403 0.607486
v -0.107596 0.071893 0.616264
v -0.109250 0.072998 0.611795
v -0.089582 0.089582 0.619697
v -0.093424 0.093424 0.607486
v -0.091503 0.091503 0.616264
v -0.092909 0.092909 0.611795
v -0.070384 0.105337 0.619697
v -0.073403 0.109855 0.607486
v -0.071893 0.107596 0.616264
v -0.072998 0.109250 0.611795
v -0.048482 0.117045 0.619697
v -0.050561 0.122064 0.607486
v -0.049521 0.119554 0.616264
v -0.050282 0.121392 0.611795
v -0.024716 0.124254 0.619697
v -0.025776 0.129583 0.607486
v -0.025246 0.126918 0.616264
v -0.025634 0.128869 0.611795
v -0.000000 0.171758 -0.145334
v -0.000000 0.158482 -0.132121
v -0.000000 0.169979 -0.138728
v -0.000000 0.165120 -0.133892
v 0.030918 0.155437 -0.132121
v 0.033508 0.168458 -0.145334
v 0.032213 0.161947 -0.133892
v 0.033161 0.166713 -0.138728
v 0.060648 0.146418 -0.132121
v 0.065729 0.158684 -0.145334
v 0.063189 0.152551 -0.133892
v 0.065048 0.157040 -0.138728
v 0.088048 0.131773 -0.132121
v 0.095424 0.142811 -0.145334
v 0.091736 0.137292 -0.133892
v 0.094435 0.141333 -0.138728
v 0.112064 0.112064 -0.132121
v 0.121451 0.121451 -0.145334
v 0.116757 0.116757 -0.133892
v 0.120193 0.120193 -0.138728
v 0.131773 0.088048 -0.132121
v 0.142811 0.095424 -0.145334
v 0.137292 0.091736 -0.133892
v 0.141333 0.094435 -0.138728
v 0.146418 0.060648 -0.132121
v 0.158684 0.065729 -0.145334
v 0.152551 0.063189 -0.133892
v 0.157040 0.065048 -0.138728
v 0.155437 0.030918 -0.132121
v 0.168458 0.033508 -0.145334
v 0.161947 0.032213 -0.133892
v 0.166713 0.033161 -0.138728
v 0.158482 0.000000 -0.132121
v 0.171758 0.000000 -0.145334
v 0.165120 0.000000 -0.133892
v 0.169979 0.000000 -0.138728
v 0.155437 -0.030918 -0.132121
v 0.168458 -0.033508 -0.145334
v 0.161947 -0.032213 -0.133892
v 0.166713 -0.033161 -0.138728
v 0.146418 -0.060648 -0.132121
v 0.158684 -0.065729 -0.145334
v 0.152551 -0.063189 -0.133892
v 0.157040 -0.065048 -0.138728
v 0.131773 -0.088048 -0.132121
v 0.142811 -0.095424 -0.145334
v 0.137292 -0.091736 -0.133892
v 0.141333 -0.094435 -0.138728
v 0.112064 -0.112064 -0.132121
v 0.121451 -0.121451 -0.145334
v 0.116757 -0.116757 -0.133892
v 0.120193 -0.120193 -0.138728
v 0.088048 -0.131773 -0.132121
v 0.095424 -0.142811 -0.145334
v 0.091736 -0.137292 -0.133892
v 0.094435 -0.141333 -0.138728
v 0.060648 -0.146418 -0.132121
v 0.065729 -0.158684 -0.145334
v 0.063189 -0.152551 -0.133892
v 0.065048 -0.157040 -0.138728
v 0.030918 -0.155437 -0.132121
v 0.033508 -0.168458 -0.145334
v 0.032213 -0.161947 -0.133892
v 0.033161 -0.166713 -0.138728
v -0.000000 -0.158482 -0.132121
v -0.000000 -0.171758 -0.145334
v -0.000000 -0.165120 -0.133892
v -0.000000 -0.169979 -0.138728
v -0.030918 -0.155437 -0.132121
v -0.033508 -0.168458 -0.145334
v -0.032213 -0.161947 -0.133892
v -0.033161 -0.166713 -0.138728
v -0.060648 -0.146418 -0.132121
v -0.065729 -0.158684 -0.145334
v -0.063189 -0.152551 -0.133892
v -0.065048 -0.157040 -0.138728
v -0.088048 -0.131773 -0.132121
v -0.095424 -0.142811 -0.145334
v -0.091736 -0.137292 -0.133892
v -0.094435 -0.141333 -0.138728
v -0.112064 -0.112064 -0.132121
v -0.121451 -0.121451 -0.145334
v -0.116757 -0.116757 -0.133892
v -0.120193 -0.120193 -0.138728
v -0.131773 -0.088048 -0.132121
v -0.142811 -0.095424 -0.145334
v -0.137292 -0.091736 -0.133892
v -0.141333 -0.094435 -0.138728
v -0.146418 -0.060648 -0.132121
v -0.158684 -0.065729 -0.145334
v -0.152551 -0.063189 -0.133892
v -0.157040 -0.065048 -0.138728
v -0.155437 -0.030918 -0.132121
v -0.168458 -0.033508 -0.145334
v -0.161947 -0.032213 -0.133892
v -0.166713 -0.033161 -0.138728
v -0.158482 0.000000 -0.132121
v -0.171758 0.000000 -0.145334
v -0.165120 0.000000 -0.133892
v -0.169979 0.000000 -0.138728
v -0.155437 0.030918 -0.132121
v -0.168458 0.033508 -0.145334
v -0.161947 0.032213 -0.133892
v -0.166713 0.033161 -0.138728
v -0.146418 0.060648 -0.132121
v -0.158684 0.065729 -0.145334
v -0.152551 0.063189 -0.133892
v -0.157040 0.065048 -0.138728
v -0.131773 0.088048 -0.132121
v -0.142811 0.095424 -0.145334
v -0.137292 0.091736 -0.133892
v -0.141333 0.094435 -0.138728
v -0.112064 0.112064 -0.132121
v -0.121451 0.121451 -0.145334
v -0.116757 0.116757 -0.133892
v -0.120193 0.120193 -0.138728
v -0.088048 0.131773 -0.132121
v -0.095424 0.142811 -0.145334
v -0.091736 0.137292 -0.133892
v -0.094435 0.141333 -0.138728
v -0.060648 0.146418 -0.132121
v -0.065729 0.158684 -0.145334
v -0.063189 0.152551 -0.133892
v -0.065048 0.157040 -0.138728
v -0.030918 0.155437 -0.132121
v -0.033508 0.168458 -0.145334
v -0.032213 0.161947 -0.133892
v -0.033161 0.166713 -0.138728
v -0.000000 0.158482 -0.366465
v -0.000000 0.171758 -0.353253
v -0.000000 0.163562 -0.365459
v -0.000000 0.167869 -0.362595
v -0.000000 0.170747 -0.358309
v 0.033508 0.168458 -0.353253
v 0.030918 0.155437 -0.366465
v 0.033311 0.167466 -0.358309
v 0.032750 0.164644 -0.362595
v 0.031909 0.160420 -0.365459
v 0.065729 0.158684 -0.353253
v 0.060648 0.146418 -0.366465
v 0.065342 0.157750 -0.358309
v 0.064241 0.155091 -0.362595
v 0.062593 0.151112 -0.365459
v 0.095424 0.142811 -0.353253
v 0.088048 0.131773 -0.366465
v 0.094862 0.141971 -0.358309
v 0.093263 0.139578 -0.362595
v 0.090870 0.135997 -0.365459
v 0.121451 0.121451 -0.353253
v 0.112064 0.112064 -0.366465
v 0.120737 0.120737 -0.358309
v 0.118702 0.118702 -0.362595
v 0.115656 0.115656 -0.365459
v 0.142811 0.095424 -0.353253
v 0.131773 0.088048 -0.366465
v 0.141971 0.094862 -0.358309
v 0.139578 0.093263 -0.362595
v 0.135997 0.090870 -0.365459
v 0.158684 0.065729 -0.353253
v 0.146418 0.060648 -0.366465
v 0.157750 0.065342 -0.358309
v 0.155091 0.064241 -0.362595
v 0.151112 0.062593 -0.365459
v 0.168458 0.033508 -0.353253
v 0.155437 0.030918 -0.366465
v 0.167466 0.033311 -0.358309
v 0.164644 0.032750 -0.362595
v 0.160419 0.031909 -0.365459
v 0.171758 0.000000 -0.353253
v 0.158482 0.000000 -0.366465
v 0.170747 0.000000 -0.358309
v 0.167869 0.000000 -0.362595
v 0.163562 0.000000 -0.365459
v 0.168458 -0.033508 -0.353253
v 0.155437 -0.030918 -0.366465
v 0.167466 -0.033311 -0.358309
v 0.164644 -0.032750 -0.362595
v 0.160419 -0.031909 -0.365459
v 0.158684 -0.065729 -0.353253
v 0.146418 -0.060648 -0.366465
v 0.157750 -0.065342 -0.358309
v 0.155091 -0.064241 -0.362595
v 0.151112 -0.062593 -0.365459
v 0.142811 -0.095424 -0.353253
v 0.131773 -0.088048 -0.366465
v 0.141971 -0.094862 -0.358309
v 0.139578 -0.093263 -0.362595
v 0.135997 -0.090870 -0.365459
v 0.121451 -0.121451 -0.353253
v 0.112064 -0.112064 -0.366465
v 0.120737 -0.120737 -0.358309
v 0.118702 -0.118702 -0.362595
v 0.115656 -0.115656 -0.365459
v 0.095424 -0.142811 -0.353253
v 0.088048 -0.131773 -0.366465
v 0.094862 -0.141971 -0.358309
v 0.093263 -0.139578 -0.362595
v 0.090870 -0.135997 -0.365459
v 0.065729 -0.158684 -0.353253
v 0.060648 -0.146418 -0.366465
v 0.065342 -0.157750 -0.358309
v 0.064241 -0.155091 -0.362595
v 0.062593 -0.151112 -0.365459
v 0.033508 -0.168458 -0.353253
v 0.030918 -0.155437 -0.366465
v 0.033311 -0.167466 -0.358309
v 0.032750 -0.164644 -0.362595
v 0.031909 -0.160420 -0.365459
v -0.000000 -0.171758 -0.353253
v -0.000000 -0.158482 -0.366465
v -0.000000 -0.170747 -0.358309
v -0.000000 -0.167869 -0.362595
v -0.000000 -0.163562 -0.365459
v -0.033508 -0.168458 -0.353253
v -0.030918 -0.155437 -0.366465
v -0.033311 -0.167466 -0.358309
v -0.032750 -0.164644 -0.362595
v -0.031909 -0.160420 -0.365459
v -0.065729 -0.158684 -0.353253
v -0.060648 -0.146418 -0.366465
v -0.065342 -0.157750 -0.358309
v -0.064241 -0.155091 -0.362595
v -0.062593 -0.151112 -0.365459
v -0.095424 -0.142811 -0.353253
v -0.088048 -0.131773 -0.366465
v -0.094862 -0.141971 -0.358309
v -0.093263 -0.139578 -0.362595
v -0.090870 -0.135997 -0.365459
v -0.121451 -0.121451 -0.353253
v -0.112064 -0.112064 -0.366465
v -0.120737 -0.120737 -0.358309
v -0.118702 -0.118702 -0.362595
v -0.115656 -0.115656 -0.365459
v -0.142811 -0.095424 -0.353253
v -0.131773 -0.088048 -0.366465
v -0.141971 -0.094862 -0.358309
v -0.139578 -0.093263 -0.362595
v -0.135997 -0.090870 -0.365459
v -0.158684 -0.065729 -0.353253
v -0.146418 -0.060648 -0.366465
v -0.157750 -0.065342 -0.358309
v -0.155091 -0.064241 -0.362595
v -0.151112 -0.062593 -0.365459
v -0.168458 -0.033508 -0.353253
v -0.155437 -0.030918 -0.366465
v -0.167466 -0.033311 -0.358309
v -0.164644 -0.032750 -0.362595
v -0.160419 -0.031909 -0.365459
v -0.171758 0.000000 -0.353253
v -0.158482 0.000000 -0.366465
v -0.170747 0.000000 -0.358309
v -0.167869 0.000000 -0.362595
v -0.163562 0.000000 -0.365459
v -0.168458 0.033508 -0.353253
v -0.155437 0.030918 -0.366465
v -0.167466 0.033311 -0.358309
v -0.164644 0.032750 -0.362595
v -0.160419 0.031909 -0.365459
v -0.158684 0.065729 -0.353253
v -0.146418 0.060648 -0.366465
v -0.157750 0.065342 -0.358309
v -0.155091 0.064241 -0.362595
v -0.151112 0.062593 -0.365459
v -0.142811 0.095424 -0.353253
v -0.131773 0.088048 -0.366465
v -0.141971 0.094862 -0.358309
v -0.139578 0.093263 -0.362595
v -0.135997 0.090870 -0.365459
v -0.121451 0.121451 -0.353253
v -0.112064 0.112064 -0.366465
v -0.120737 0.120737 -0.358309
v -0.118702 0.118702 -0.362595
v -0.115656 0.115656 -0.365459
v -0.095424 0.142811 -0.353253
v -0.088048 0.131773 -0.366465
v -0.094862 0.141971 -0.358309
v -0.093263 0.139578 -0.362595
v -0.090870 0.135997 -0.365459
v -0.065729 0.158684 -0.353253
v -0.060648 0.146418 -0.366465
v -0.065342 0.157750 -0.358309
v -0.064241 0.155091 -0.362595
v -0.062593 0.151112 -0.365459
v -0.033508 0.168458 -0.353253
v -0.030918 0.155437 -0.366465
v -0.033311 0.167466 -0.358309
v -0.032750 0.164644 -0.362595
v -0.031909 0.160420 -0.365459
v 0.000000 0.037633 -0.203273
v 0.000000 0.052897 -0.212569
v 0.000000 0.042010 -0.203980
v 0.000000 0.046449 -0.205996
v 0.000000 0.050271 -0.209011
v 0.010320 0.051880 -0.212569
v 0.007342 0.036910 -0.203273
v 0.009807 0.049305 -0.209011
v 0.009062 0.045556 -0.205996
v 0.008196 0.041203 -0.203980
v 0.020243 0.048870 -0.212569
v 0.014401 0.034768 -0.203273
v 0.019238 0.046445 -0.209011
v 0.017775 0.042913 -0.205996
v 0.016077 0.038813 -0.203980
v 0.029388 0.043982 -0.212569
v 0.020908 0.031290 -0.203273
v 0.027929 0.041799 -0.209011
v 0.025805 0.038621 -0.205996
v 0.023340 0.034930 -0.203980
v 0.037404 0.037404 -0.212569
v 0.026610 0.026610 -0.203273
v 0.035547 0.035547 -0.209011
v 0.032844 0.032844 -0.205996
v 0.029706 0.029706 -0.203980
v 0.043982 0.029388 -0.212569
v 0.031290 0.020908 -0.203273
v 0.041799 0.027929 -0.209011
v 0.038621 0.025805 -0.205996
v 0.034930 0.023340 -0.203980
v 0.048870 0.020243 -0.212569
v 0.034768 0.014401 -0.203273
v 0.046445 0.019238 -0.209011
v 0.042913 0.017775 -0.205996
v 0.038813 0.016077 -0.203980
v 0.051880 0.010320 -0.212569
v 0.036910 0.007342 -0.203273
v 0.049305 0.009807 -0.209011
v 0.045556 0.009062 -0.205996
v 0.041203 0.008196 -0.203980
v 0.052897 -0.000000 -0.212569
v 0.037633 0.000000 -0.203273
v 0.050271 -0.000000 -0.209011
v 0.046449 0.000000 -0.205996
v 0.042011 0.000000 -0.203980
v 0.051880 -0.010320 -0.212569
v 0.036910 -0.007342 -0.203273
v 0.049305 -0.009807 -0.209011
v 0.045556 -0.009062 -0.205996
v 0.041203 -0.008196 -0.203980
v 0.048870 -0.020243 -0.212569
v 0.034768 -0.014401 -0.203273
v 0.046445 -0.019238 -0.209011
v 0.042913 -0.017775 -0.205996
v 0.038813 -0.016077 -0.203980
v 0.043982 -0.029388 -0.212569
v 0.031290 -0.020908 -0.203273
v 0.041799 -0.027929 -0.209011
v 0.038621 -0.025805 -0.205996
v 0.034930 -0.023340 -0.203980
v 0.037404 -0.037404 -0.212569
v 0.026610 -0.026610 -0.203273
v 0.035547 -0.035547 -0.209011
v 0.032844 -0.032844 -0.205996
v 0.029706 -0.029706 -0.203980
v 0.029388 -0.043982 -0.212569
v 0.020908 -0.031290 -0.203273
v 0.027929 -0.041799 -0.209011
v 0.025805 -0.038621 -0.205996
v 0.023340 -0.034930 -0.203980
v 0.020243 -0.048870 -0.212569
v 0.014401 -0.034768 -0.203273
v 0.019238 -0.046445 -0.209011
v 0.017775 -0.042913 -0.205996
v 0.016077 -0.038813 -0.203980
v 0.010320 -0.051880 -0.212569
v 0.007342 -0.036910 -0.203273
v 0.009807 -0.049305 -0.209011
v 0.009062 -0.045556 -0.205996
v 0.008196 -0.041203 -0.203980
v 0.000000 -0.052897 -0.212569
v 0.000000 -0.037633 -0.203273
v 0.000000 -0.050271 -0.209011
v 0.000000 -0.046449 -0.205996
v 0.000000 -0.042010 -0.203980
v -0.010320 -0.051880 -0.212569
v -0.007342 -0.036910 -0.203273
v -0.009807 -0.049305 -0.209011
v -0.009062 -0.045556 -0.205996
v -0.008196 -0.041203 -0.203980
v -0.020243 -0.048870 -0.212569
v -0.014401 -0.034768 -0.203273
v -0.019238 -0.046445 -0.209011
v -0.017775 -0.042913 -0.205996
v -0.016077 -0.038813 -0.203980
v -0.029388 -0.043982 -0.212569
v -0.020908 -0.031290 -0.203273
v -0.027929 -0.041799 -0.209011
v -0.025805 -0.038621 -0.205996
v -0.023340 -0.034930 -0.203980
v -0.037404 -0.037404 -0.212569
v -0.026610 -0.026610 -0.203273
v -0.035547 -0.035547 -0.209011
v -0.032844 -0.032844 -0.205996
v -0.029706 -0.029706 -0.203980
v -0.043982 -0.029388 -0.212569
v -0.031290 -0.020908 -0.203273
v -0.041799 -0.027929 -0.209011
v -0.038621 -0.025805 -0.205996
v -0.034930 -0.023340 -0.203980
v -0.048870 -0.020243 -0.212569
v -0.034768 -0.014401 -0.203273
v -0.046445 -0.019238 -0.209011
v -0.042913 -0.017775 -0.205996
v -0.038813 -0.016077 -0.203980
v -0.051880 -0.010320 -0.212569
v -0.036910 -0.007342 -0.203273
v -0.049305 -0.009807 -0.209011
v -0.045556 -0.009062 -0.205996
v -0.041203 -0.008196 -0.203980
v -0.052897 -0.000000 -0.212569
v -0.037633 -0.000000 -0.203273
v -0.050271 -0.000000 -0.209011
v -0.046448 -0.000000 -0.205996
v -0.042010 -0.000000 -0.203980
v -0.051880 0.010320 -0.212569
v -0.036910 0.007342 -0.203273
v -0.049305 0.009807 -0.209011
v -0.045556 0.009062 -0.205996
v -0.041203 0.008196 -0.203980
v -0.048870 0.020243 -0.212569
v -0.034768 0.014401 -0.203273
v -0.046445 0.019238 -0.209011
v -0.042913 0.017775 -0.205996
v -0.038813 0.016077 -0.203980
v -0.043982 0.029388 -0.212569
v -0.031290 0.020908 -0.203273
v -0.041799 0.027929 -0.209011
v -0.038621 0.025805 -0.205996
v -0.034930 0.023340 -0.203980
v -0.037404 0.037404 -0.212569
v -0.026610 0.026610 -0.203273
v -0.035547 0.035547 -0.209011
v -0.032844 0.032844 -0.205996
v -0.029706 0.029706 -0.203980
v -0.029388 0.043982 -0.212569
v -0.020908 0.031290 -0.203273
v -0.027929 0.041799 -0.209011
v -0.025805 0.038621 -0.205996
v -0.023340 0.034930 -0.203980
v -0.020243 0.048870 -0.212569
v -0.014401 0.034768 -0.203273
v -0.019238 0.046445 -0.209011
v -0.017775 0.042913 -0.205996
v -0.016077 0.038813 -0.203980
v -0.010320 0.051880 -0.212569
v -0.007342 0.036910 -0.203273
v -0.009807 0.049305 -0.209011
v -0.009062 0.045556 -0.205996
v -0.008196 0.041203 -0.203980
v 0.000000 0.125888 -0.354700
v -0.000000 0.145206 -0.366465
v 0.000000 0.129211 -0.359203
v 0.000000 0.134049 -0.363019
v -0.000000 0.139665 -0.365570
v 0.028328 0.142416 -0.366465
v 0.024560 0.123469 -0.354700
v 0.027247 0.136982 -0.365570
v 0.026152 0.131473 -0.363019
v 0.025208 0.126728 -0.359203
v 0.055568 0.134153 -0.366465
v 0.048175 0.116305 -0.354700
v 0.053448 0.129034 -0.365570
v 0.051298 0.123845 -0.363019
v 0.049447 0.119375 -0.359203
v 0.080672 0.120734 -0.366465
v 0.069940 0.104672 -0.354700
v 0.077594 0.116127 -0.365570
v 0.074473 0.111457 -0.363019
v 0.071786 0.107435 -0.359203
v 0.102676 0.102676 -0.366465
v 0.089016 0.089016 -0.354700
v 0.098758 0.098758 -0.365570
v 0.094787 0.094787 -0.363019
v 0.091366 0.091366 -0.359203
v 0.120734 0.080672 -0.366465
v 0.104672 0.069940 -0.354700
v 0.116127 0.077594 -0.365570
v 0.111457 0.074473 -0.363019
v 0.107435 0.071786 -0.359203
v 0.134153 0.055568 -0.366465
v 0.116305 0.048175 -0.354700
v 0.129034 0.053448 -0.365570
v 0.123845 0.051298 -0.363019
v 0.119375 0.049447 -0.359203
v 0.142416 0.028328 -0.366465
v 0.123469 0.024560 -0.354700
v 0.136982 0.027247 -0.365570
v 0.131473 0.026152 -0.363019
v 0.126728 0.025208 -0.359203
v 0.145206 0.000000 -0.366465
v 0.125888 0.000000 -0.354700
v 0.139665 0.000000 -0.365570
v 0.134049 0.000000 -0.363019
v 0.129211 0.000000 -0.359203
v 0.142416 -0.028328 -0.366465
v 0.123469 -0.024560 -0.354700
v 0.136982 -0.027247 -0.365570
v 0.131473 -0.026152 -0.363019
v 0.126728 -0.025208 -0.359203
v 0.134153 -0.055568 -0.366465
v 0.116305 -0.048175 -0.354700
v 0.129034 -0.053448 -0.365570
v 0.123845 -0.051298 -0.363019
v 0.119375 -0.049447 -0.359203
v 0.120734 -0.080672 -0.366465
v 0.104672 -0.069940 -0.354700
v 0.116127 -0.077594 -0.365570
v 0.111457 -0.074473 -0.363019
v 0.107435 -0.071786 -0.359203
v 0.102676 -0.102676 -0.366465
v 0.089016 -0.089016 -0.354700
v 0.098758 -0.098758 -0.365570
v 0.094787 -0.094787 -0.363019
v 0.091366 -0.091366 -0.359203
v 0.080672 -0.120734 -0.366465
v 0.069940 -0.104672 -0.354700
v 0.077594 -0.116127 -0.365570
v 0.074473 -0.111457 -0.363019
v 0.071786 -0.107435 -0.359203
v 0.055568 -0.134153 -0.366465
v 0.048175 -0.116305 -0.354700
v 0.053448 -0.129034 -0.365570
v 0.051298 -0.123845 -0.363019
v 0.049447 -0.119375 -0.359203
v 0.028328 -0.142416 -0.366465
v 0.024560 -0.123469 -0.354700
v 0.027247 -0.136982 -0.365570
v 0.026152 -0.131473 -0.363019
v 0.025208 -0.126728 -0.359203
v -0.000000 -0.145206 -0.366465
v 0.000000 -0.125888 -0.354700
v -0.000000 -0.139665 -0.365570
v 0.000000 -0.134049 -0.363019
v 0.000000 -0.129211 -0.359203
v -0.028328 -0.142416 -0.366465
v -0.024560 -0.123469 -0.354700
v -0.027247 -0.136982 -0.365570
v -0.026152 -0.131473 -0.363019
v -0.025208 -0.126728 -0.359203
v -0.055568 -0.134153 -0.366465
v -0.048175 -0.116305 -0.354700
v -0.053448 -0.129034 -0.365570
v -0.051298 -0.123845 -0.363019
v -0.049447 -0.119375 -0.359203
v -0.080672 -0.120734 -0.366465
v -0.069940 -0.104672 -0.354700
v -0.077594 -0.116127 -0.365570
v -0.074473 -0.111457 -0.363019
v -0.071786 -0.107435 -0.359203
v -0.102676 -0.102676 -0.366465
v -0.089016 -0.089016 -0.354700
v -0.098758 -0.098758 -0.365570
v -0.094787 -0.094787 -0.363019
v -0.091366 -0.091366 -0.359203
v -0.120734 -0.080672 -0.366465
v -0.104672 -0.069940 -0.354700
v -0.116127 -0.077594 -0.365570
v -0.111457 -0.074473 -0.363019
v -0.107435 -0.071786 -0.359203
v -0.134153 -0.055568 -0.366465
v -0.116305 -0.048175 -0.354700
v -0.129034 -0.053448 -0.365570
v -0.123845 -0.051298 -0.363019
v -0.119375 -0.049447 -0.359203
v -0.142416 -0.028328 -0.366465
v -0.123469 -0.024560 -0.354700
v -0.136982 -0.027247 -0.365570
v -0.131473 -0.026152 -0.363019
v -0.126728 -0.025208 -0.359203
v -0.145206 0.000000 -0.366465
v -0.125888 0.000000 -0.354700
v -0.139665 0.000000 -0.365570
v -0.134049 0.000000 -0.363019
v -0.129211 0.000000 -0.359203
v -0.142416 0.028328 -0.366465
v -0.123469 0.024560 -0.354700
v -0.136982 0.027247 -0.365570
v -0.131473 0.026152 -0.363019
v -0.126728 0.025208 -0.359203
v -0.134153 0.055568 -0.366465
v -0.116305 0.048175 -0.354700
v -0.129034 0.053448 -0.365570
v -0.123845 0.051298 -0.363019
v -0.119375 0.049447 -0.359203
v -0.120734 0.080672 -0.366465
v -0.104672 0.069940 -0.354700
v -0.116127 0.077594 -0.365570
v -0.111457 0.074473 -0.363019
v -0.107435 0.071786 -0.359203
v -0.102676 0.102676 -0.366465
v -0.089016 0.089016 -0.354700
v -0.098758 0.098758 -0.365570
v -0.094787 0.094787 -0.363019
v -0.091366 0.091366 -0.359203
v -0.080672 0.120734 -0.366465
v -0.069940 0.104672 -0.354700
v -0.077594 0.116127 -0.365570
v -0.074473 0.111457 -0.363019
v -0.071786 0.107435 -0.359203
v -0.055568 0.134153 -0.366465
v -0.048175 0.116305 -0.354700
v -0.053448 0.129034 -0.365570
v -0.051298 0.123845 -0.363019
v -0.049447 0.119375 -0.359203
v -0.028328 0.142416 -0.366465
v -0.024560 0.123469 -0.354700
v -0.027247 0.136982 -0.365570
v -0.026152 0.131473 -0.363019
v -0.025208 0.126728 -0.359203
v -0.031731 0.137153 0.238803
v -0.031731 0.137153 0.119351
v 0.031731 0.137153 0.238803
v 0.031731 0.137153 0.119351
v -0.046131 0.137153 0.265907
v -0.046131 0.137153 0.092247
v 0.046131 0.137153 0.092247
v 0.046131 0.137153 0.265907
v -0.031731 0.132449 0.238803
v -0.031731 0.132449 0.119351
v 0.031731 0.132449 0.238803
v 0.031731 0.132449 0.119351
v -0.031731 0.140053 0.238803
v -0.031731 0.140053 0.119351
v 0.031731 0.140053 0.119351
v 0.031731 0.140053 0.238803
v -0.031731 0.132449 0.233115
v -0.031731 0.132449 0.227427
v -0.031731 0.132449 0.221738
v -0.031731 0.132449 0.216050
v -0.031731 0.132449 0.210362
v -0.031731 0.132449 0.204674
v -0.031731 0.132449 0.198986
v -0.031731 0.132449 0.193297
v -0.031731 0.132449 0.187609
v -0.031731 0.132449 0.181921
v -0.031731 0.132449 0.176233
v -0.031731 0.132449 0.170545
v -0.031731 0.132449 0.164856
v -0.031731 0.132449 0.159168
v -0.031731 0.132449 0.153480
v -0.031731 0.132449 0.147792
v -0.031731 0.132449 0.142103
v -0.031731 0.132449 0.136415
v -0.031731 0.132449 0.130727
v -0.031731 0.132449 0.125039
v 0.031731 0.132449 0.125039
v 0.031731 0.132449 0.130727
v 0.031731 0.132449 0.136415
v 0.031731 0.132449 0.142103
v 0.031731 0.132449 0.147792
v 0.031731 0.132449 0.153480
v 0.031731 0.132449 0.159168
v 0.031731 0.132449 0.164856
v 0.031731 0.132449 0.170545
v 0.031731 0.132449 0.176233
v 0.031731 0.132449 0.181921
v 0.031731 0.132449 0.187609
v 0.031731 0.132449 0.193297
v 0.031731 0.132449 0.198986
v 0.031731 0.132449 0.204674
v 0.031731 0.132449 0.210362
v 0.031731 0.132449 0.216050
v 0.031731 0.132449 0.221738
v 0.031731 0.132449 0.227427
v 0.031731 0.132449 0.233115
v -0.031731 0.140053 0.233115
v -0.031731 0.140053 0.227427
v -0.031731 0.140053 0.221738
v -0.031731 0.140053 0.216050
v -0.031731 0.140053 0.210362
v -0.031731 0.140053 0.204674
v -0.031731 0.140053 0.198986
v -0.031731 0.140053 0.193297
v -0.031731 0.140053 0.187609
v -0.031731 0.140053 0.181921
v -0.031731 0.140053 0.176233
v -0.031731 0.140053 0.170545
v -0.031731 0.140053 0.164856
v -0.031731 0.140053 0.159168
v -0.031731 0.140053 0.153480
v -0.031731 0.140053 0.147792
v -0.031731 0.140053 0.142103
v -0.031731 0.140053 0.136415
v -0.031731 0.140053 0.130727
v -0.031731 0.140053 0.125039
v 0.031731 0.140053 0.125039
v 0.031731 0.140053 0.130727
v 0.031731 0.140053 0.136415
v 0.031731 0.140053 0.142103
v 0.031731 0.140053 0.147792
v 0.031731 0.140053 0.153480
v 0.031731 0.140053 0.159168
v 0.031731 0.140053 0.164856
v 0.031731 0.140053 0.170545
v 0.031731 0.140053 0.176233
v 0.031731 0.140053 0.181921
v 0.031731 0.140053 0.187609
v 0.031731 0.140053 0.193297
v 0.031731 0.140053 0.198986
v 0.031731 0.140053 0.204674
v 0.031731 0.140053 0.210362
v 0.031731 0.140053 0.216050
v 0.031731 0.140053 0.221738
v 0.031731 0.140053 0.227427
v 0.031731 0.140053 0.233115
v -0.031731 0.141954 0.125039
v -0.031731 0.141954 0.119351
v 0.031731 0.141954 0.119351
v 0.031731 0.141954 0.233115
v 0.031731 0.141954 0.238803
v -0.031731 0.141954 0.238803
v -0.031731 0.141954 0.233115
v -0.031731 0.141954 0.227427
v -0.031731 0.141954 0.221738
v -0.031731 0.141954 0.216050
v -0.031731 0.141954 0.210362
v -0.031731 0.141954 0.204674
v -0.031731 0.141954 0.198986
v -0.031731 0.141954 0.193297
v -0.031731 0.141954 0.187609
v -0.031731 0.141954 0.181921
v -0.031731 0.141954 0.176233
v -0.031731 0.141954 0.170545
v -0.031731 0.141954 0.164856
v -0.031731 0.141954 0.159168
v -0.031731 0.141954 0.153480
v -0.031731 0.141954 0.147792
v -0.031731 0.141954 0.142103
v -0.031731 0.141954 0.136415
v -0.031731 0.141954 0.130727
v 0.031731 0.141954 0.125039
v 0.031731 0.141954 0.130727
v 0.031731 0.141954 0.136415
v 0.031731 0.141954 0.142103
v 0.031731 0.141954 0.147792
v 0.031731 0.141954 0.153480
v 0.031731 0.141954 0.159168
v 0.031731 0.141954 0.164856
v 0.031731 0.141954 0.170545
v 0.031731 0.141954 0.176233
v 0.031731 0.141954 0.181921
v 0.031731 0.141954 0.187609
v 0.031731 0.141954 0.193297
v 0.031731 0.141954 0.198986
v 0.031731 0.141954 0.204674
v 0.031731 0.141954 0.210362
v 0.031731 0.141954 0.216050
v 0.031731 0.141954 0.221738
v 0.031731 0.141954 0.227427
v -0.031731 0.132449 0.167700
v 0.031731 0.132449 0.167700
v -0.031731 0.140053 0.167700
v 0.031731 0.140053 0.167700
v -0.031731 0.141954 0.167700
v 0.031731 0.141954 0.167700
v -0.031731 0.132449 0.156324
v 0.031731 0.132449 0.156324
v -0.031731 0.140053 0.156324
v 0.031731 0.140053 0.156324
v -0.031731 0.141954 0.156324
v 0.031731 0.141954 0.156324
v -0.031731 0.159062 0.164856
v -0.031731 0.159062 0.159168
v 0.031731 0.159062 0.159168
v 0.031731 0.159062 0.164856
v -0.031731 0.160963 0.164856
v 0.031731 0.160963 0.159168
v -0.031731 0.160963 0.159168
v 0.031731 0.160963 0.164856
v 0.031731 0.156991 0.156324
v 0.031731 0.157875 0.156395
v 0.031731 0.158714 0.156606
v 0.031731 0.159468 0.156944
v 0.031731 0.160097 0.157395
v 0.031731 0.160570 0.157934
v 0.031731 0.160864 0.158535
v -0.031731 0.156991 0.156324
v -0.031731 0.160864 0.158535
v -0.031731 0.160570 0.157934
v -0.031731 0.160097 0.157395
v -0.031731 0.159468 0.156944
v -0.031731 0.158714 0.156606
v -0.031731 0.157875 0.156395
v -0.031731 0.156991 0.167700
v -0.031731 0.157875 0.167629
v -0.031731 0.158714 0.167419
v -0.031731 0.159468 0.167080
v -0.031731 0.160097 0.166630
v -0.031731 0.160570 0.166090
v -0.031731 0.160864 0.165489
v 0.031731 0.156991 0.167700
v 0.031731 0.160864 0.165489
v 0.031731 0.160570 0.166090
v 0.031731 0.160097 0.166630
v 0.031731 0.159468 0.167080
v 0.031731 0.158714 0.167419
v 0.031731 0.157875 0.167629
v -0.046131 0.121230 0.265907
v -0.046131 0.121230 0.092247
v -0.025776 0.127404 0.092247
v 0.000000 0.129943 0.092247
v 0.046131 0.121230 0.092247
v 0.025776 0.127404 0.092247
v 0.046131 0.121230 0.265907
v 0.000000 0.129943 0.265907
v 0.025776 0.127404 0.265907
v -0.025776 0.127404 0.265907
vn -0.0000 1.0000 -0.0000
vn 0.1951 0.9808 -0.0000
vn 0.3827 0.9239 -0.0000
vn 0.5556 0.8315 -0.0000
vn 0.7071 0.7071 -0.0000
vn 0.8315 0.5556 -0.0000
vn 0.9239 0.3827 -0.0000
vn 0.9808 0.1951 -0.0000
vn 1.0000 -0.0000 -0.0000
vn 0.9808 -0.1951 -0.0000
vn 0.9239 -0.3827 -0.0000
vn 0.8315 -0.5556 -0.0000
vn 0.7071 -0.7071 -0.0000
vn 0.5556 -0.8315 -0.0000
vn 0.3827 -0.9239 -0.0000
vn 0.1951 -0.9808 -0.0000
vn -0.0000 -1.0000 -0.0000
vn -0.1951 -0.9808 -0.0000
vn -0.3827 -0.9239 -0.0000
vn -0.5556 -0.8315 -0.0000
vn -0.7071 -0.7071 -0.0000
vn -0.8315 -0.5556 -0.0000
vn -0.9239 -0.3827 -0.0000
vn -0.9808 -0.1951 -0.0000
vn -1.0000 -0.0000 -0.0000
vn -0.9808 0.1951 -0.0000
vn -0.9239 0.3827 -0.0000
vn -0.8315 0.5556 -0.0000
vn -0.7071 0.7071 -0.0000
vn -0.5556 0.8315 -0.0000
vn -0.3827 0.9239 -0.0000
vn -0.1951 0.9808 -0.0000
vn 0.1202 0.6043 0.7876
vn -0.0000 0.6161 0.7876
vn -0.0000 0.4639 0.8859
vn 0.0905 0.4549 0.8859
vn -0.0000 0.2612 0.9653
vn 0.0510 0.2562 0.9653
vn -0.0000 0.0788 0.9969
vn 0.0154 0.0773 0.9969
vn 0.2358 0.5692 0.7876
vn 0.1775 0.4285 0.8859
vn 0.1000 0.2413 0.9653
vn 0.0301 0.0728 0.9969
vn 0.3423 0.5123 0.7876
vn 0.2577 0.3857 0.8859
vn 0.1451 0.2172 0.9653
vn 0.0438 0.0655 0.9969
vn 0.4357 0.4357 0.7876
vn 0.3280 0.3280 0.8859
vn 0.1847 0.1847 0.9653
vn 0.0557 0.0557 0.9969
vn 0.5123 0.3423 0.7876
vn 0.3857 0.2577 0.8859
vn 0.2172 0.1451 0.9653
vn 0.0655 0.0438 0.9969
vn 0.5692 0.2358 0.7876
vn 0.4285 0.1775 0.8859
vn 0.2413 0.1000 0.9653
vn 0.0728 0.0301 0.9969
vn 0.6043 0.1202 0.7876
vn 0.4549 0.0905 0.8859
vn 0.2562 0.0510 0.9653
vn 0.0773 0.0154 0.9969
vn 0.6161 -0.0000 0.7876
vn 0.4638 -0.0000 0.8859
vn 0.2612 -0.0000 0.9653
vn 0.0788 -0.0000 0.9969
vn 0.6043 -0.1202 0.7876
vn 0.4549 -0.0905 0.8859
vn 0.2562 -0.0510 0.9653
vn 0.0773 -0.0154 0.9969
vn 0.5692 -0.2358 0.7876
vn 0.4285 -0.1775 0.8859
vn 0.2413 -0.1000 0.9653
vn 0.0728 -0.0301 0.9969
vn 0.5123 -0.3423 0.7876
vn 0.3857 -0.2577 0.8859
vn 0.2172 -0.1451 0.9653
vn 0.0655 -0.0438 0.9969
vn 0.4357 -0.4357 0.7876
vn 0.3280 -0.3280 0.8859
vn 0.1847 -0.1847 0.9653
vn 0.0557 -0.0557 0.9969
vn 0.3423 -0.5123 0.7876
vn 0.2577 -0.3857 0.8859
vn 0.1451 -0.2172 0.9653
vn 0.0438 -0.0655 0.9969
vn 0.2358 -0.5692 0.7876
vn 0.1775 -0.4285 0.8859
vn 0.1000 -0.2413 0.9653
vn 0.0301 -0.0728 0.9969
vn 0.1202 -0.6043 0.7876
vn 0.0905 -0.4549 0.8859
vn 0.0510 -0.2562 0.9653
vn 0.0154 -0.0773 0.9969
vn -0.0000 -0.6161 0.7876
vn -0.0000 -0.4639 0.8859
vn -0.0000 -0.2612 0.9653
vn -0.0000 -0.0788 0.9969
vn -0.1202 -0.6043 0.7876
vn -0.0905 -0.4549 0.8859
vn -0.0510 -0.2562 0.9653
vn -0.0154 -0.0773 0.9969
vn -0.2358 -0.5692 0.7876
vn -0.1775 -0.4285 0.8859
vn -0.1000 -0.2413 0.9653
vn -0.0301 -0.0728 0.9969
vn -0.3423 -0.5123 0.7876
vn -0.2577 -0.3857 0.8859
vn -0.1451 -0.2172 0.9653
vn -0.0438 -0.0655 0.9969
vn -0.4357 -0.4357 0.7876
vn -0.3280 -0.3280 0.8859
vn -0.1847 -0.1847 0.9653
vn -0.0557 -0.0557 0.9969
vn -0.5123 -0.3423 0.7876
vn -0.3857 -0.2577 0.8859
vn -0.2172 -0.1451 0.9653
vn -0.0655 -0.0438 0.9969
vn -0.5692 -0.2358 0.7876
vn -0.4285 -0.1775 0.8859
vn -0.2413 -0.1000 0.9653
vn -0.0728 -0.0301 0.9969
vn -0.6043 -0.1202 0.7876
vn -0.4549 -0.0905 0.8859
vn -0.2562 -0.0510 0.9653
vn -0.0773 -0.0154 0.9969
vn -0.6161 -0.0000 0.7876
vn -0.4639 -0.0000 0.8859
vn -0.2612 -0.0000 0.9653
vn -0.0788 -0.0000 0.9969
vn -0.6043 0.1202 0.7876
vn -0.4549 0.0905 0.8859
vn -0.2562 0.0510 0.9653
vn -0.0773 0.0154 0.9969
vn -0.5692 0.2358 0.7876
vn -0.4285 0.1775 0.8859
vn -0.2413 0.1000 0.9653
vn -0.0728 0.0301 0.9969
vn -0.5123 0.3423 0.7876
vn -0.3857 0.2577 0.8859
vn -0.2172 0.1451 0.9653
vn -0.0655 0.0438 0.9969
vn -0.4357 0.4357 0.7876
vn -0.3280 0.3280 0.8859
vn -0.1847 0.1847 0.9653
vn -0.0557 0.0557 0.9969
vn -0.3423 0.5123 0.7876
vn -0.2577 0.3857 0.8859
vn -0.1451 0.2172 0.9653
vn -0.0438 0.0655 0.9969
vn -0.2358 0.5692 0.7876
vn -0.1775 0.4285 0.8859
vn -0.1000 0.2413 0.9653
vn -0.0301 0.0728 0.9969
vn -0.1202 0.6043 0.7876
vn -0.0905 0.4549 0.8859
vn -0.0510 0.2562 0.9653
vn -0.0154 0.0773 0.9969
vn 0.1944 0.9774 0.0831
vn -0.0000 0.9965 0.0831
vn -0.0000 0.9580 0.2867
vn 0.1869 0.9396 0.2867
vn -0.0000 0.8577 0.5142
vn 0.1673 0.8412 0.5142
vn -0.0000 0.7322 0.6811
vn 0.1428 0.7181 0.6811
vn 0.3814 0.9207 0.0831
vn 0.3666 0.8851 0.2867
vn 0.3282 0.7924 0.5142
vn 0.2802 0.6764 0.6811
vn 0.5536 0.8286 0.0831
vn 0.5322 0.7966 0.2867
vn 0.4765 0.7131 0.5142
vn 0.4068 0.6088 0.6811
vn 0.7047 0.7047 0.0831
vn 0.6774 0.6774 0.2867
vn 0.6065 0.6065 0.5142
vn 0.5177 0.5177 0.6811
vn 0.8286 0.5536 0.0831
vn 0.7966 0.5322 0.2867
vn 0.7131 0.4765 0.5142
vn 0.6088 0.4068 0.6811
vn 0.9207 0.3814 0.0832
vn 0.8851 0.3666 0.2867
vn 0.7924 0.3282 0.5142
vn 0.6765 0.2802 0.6811
vn 0.9774 0.1944 0.0832
vn 0.9396 0.1869 0.2867
vn 0.8412 0.1673 0.5142
vn 0.7181 0.1428 0.6811
vn 0.9965 -0.0000 0.0831
vn 0.9580 -0.0000 0.2867
vn 0.8577 -0.0000 0.5142
vn 0.7322 -0.0000 0.6811
vn 0.9774 -0.1944 0.0831
vn 0.9396 -0.1869 0.2867
vn 0.8412 -0.1673 0.5142
vn 0.7181 -0.1428 0.6811
vn 0.9207 -0.3814 0.0831
vn 0.8851 -0.3666 0.2867
vn 0.7924 -0.3282 0.5142
vn 0.6764 -0.2802 0.6811
vn 0.8286 -0.5536 0.0831
vn 0.7966 -0.5322 0.2867
vn 0.7131 -0.4765 0.5142
vn 0.6088 -0.4068 0.6811
vn 0.7047 -0.7047 0.0831
vn 0.6774 -0.6774 0.2867
vn 0.6065 -0.6065 0.5142
vn 0.5177 -0.5177 0.6811
vn 0.5536 -0.8286 0.0831
vn 0.5322 -0.7966 0.2867
vn 0.4765 -0.7131 0.5142
vn 0.4068 -0.6088 0.6811
vn 0.3814 -0.9207 0.0831
vn 0.3666 -0.8851 0.2867
vn 0.3282 -0.7924 0.5142
vn 0.2802 -0.6764 0.6811
vn 0.1944 -0.9774 0.0831
vn 0.1869 -0.9396 0.2867
vn 0.1673 -0.8412 0.5142
vn 0.1428 -0.7181 0.6811
vn -0.0000 -0.9965 0.0831
vn -0.0000 -0.9580 0.2867
vn -0.0000 -0.8577 0.5142
vn -0.0000 -0.7322 0.6811
vn -0.1944 -0.9774 0.0831
vn -0.1869 -0.9396 0.2867
vn -0.1673 -0.8412 0.5142
vn -0.1428 -0.7181 0.6811
vn -0.3814 -0.9207 0.0831
vn -0.3666 -0.8851 0.2867
vn -0.3282 -0.7924 0.5142
vn -0.2802 -0.6764 0.6811
vn -0.5536 -0.8286 0.0831
vn -0.5322 -0.7966 0.2867
vn -0.4765 -0.7131 0.5142
vn -0.4068 -0.6088 0.6811
vn -0.7047 -0.7047 0.0831
vn -0.6774 -0.6774 0.2867
vn -0.6065 -0.6065 0.5142
vn -0.5177 -0.5177 0.6811
vn -0.8286 -0.5536 0.0831
vn -0.7966 -0.5322 0.2867
vn -0.7131 -0.4765 0.5142
vn -0.6088 -0.4068 0.6811
vn -0.9207 -0.3814 0.0831
vn -0.8851 -0.3666 0.2867
vn -0.7924 -0.3282 0.5142
vn -0.6764 -0.2802 0.6811
vn -0.9774 -0.1944 0.0831
vn -0.9396 -0.1869 0.2867
vn -0.8412 -0.1673 0.5142
vn -0.7181 -0.1428 0.6811
vn -0.9965 -0.0000 0.0831
vn -0.9580 -0.0000 0.2867
vn -0.8577 -0.0000 0.5142
vn -0.7322 -0.0000 0.6811
vn -0.9774 0.1944 0.0832
vn -0.9396 0.1869 0.2867
vn -0.8412 0.1673 0.5142
vn -0.7181 0.1428 0.6811
vn -0.9207 0.3814 0.0832
vn -0.8851 0.3666 0.2867
vn -0.7924 0.3282 0.5142
vn -0.6764 0.2802 0.6811
vn -0.8286 0.5536 0.0831
vn -0.7966 0.5322 0.2867
vn -0.7131 0.4765 0.5142
vn -0.6088 0.4068 0.6811
vn -0.7047 0.7047 0.0831
vn -0.6774 0.6774 0.2867
vn -0.6065 0.6065 0.5142
vn -0.5177 0.5177 0.6811
vn -0.5536 0.8286 0.0831
vn -0.5322 0.7966 0.2867
vn -0.4765 0.7131 0.5142
vn -0.4068 0.6088 0.6811
vn -0.3814 0.9207 0.0831
vn -0.3666 0.8851 0.2867
vn -0.3282 0.7924 0.5142
vn -0.2802 0.6764 0.6811
vn -0.1944 0.9774 0.0831
vn -0.1869 0.9396 0.2867
vn -0.1673 0.8412 0.5142
vn -0.1428 0.7181 0.6811
vn -0.0000 0.1379 0.9904
vn 0.0269 0.1352 0.9904
vn 0.0503 0.2527 0.9662
vn -0.0000 0.2577 0.9662
vn -0.0000 0.7054 0.7088
vn 0.1376 0.6918 0.7088
vn 0.1695 0.8524 0.4947
vn -0.0000 0.8691 0.4947
vn 0.1934 0.9725 0.1301
vn -0.0000 0.9915 0.1301
vn 0.0528 0.1274 0.9904
vn 0.0986 0.2380 0.9662
vn 0.2699 0.6517 0.7088
vn 0.3326 0.8029 0.4947
vn 0.3794 0.9160 0.1301
vn 0.0766 0.1147 0.9904
vn 0.1431 0.2142 0.9662
vn 0.3919 0.5865 0.7088
vn 0.4828 0.7226 0.4947
vn 0.5509 0.8244 0.1301
vn 0.0975 0.0975 0.9904
vn 0.1822 0.1822 0.9662
vn 0.4988 0.4988 0.7088
vn 0.6145 0.6145 0.4947
vn 0.7011 0.7011 0.1301
vn 0.1147 0.0766 0.9904
vn 0.2142 0.1431 0.9662
vn 0.5865 0.3919 0.7088
vn 0.7226 0.4828 0.4947
vn 0.8244 0.5509 0.1301
vn 0.1274 0.0528 0.9904
vn 0.2380 0.0986 0.9662
vn 0.6517 0.2699 0.7088
vn 0.8029 0.3326 0.4947
vn 0.9160 0.3794 0.1301
vn 0.1352 0.0269 0.9904
vn 0.2527 0.0503 0.9662
vn 0.6918 0.1376 0.7088
vn 0.8524 0.1695 0.4947
vn 0.9725 0.1934 0.1301
vn 0.1379 -0.0000 0.9904
vn 0.2577 -0.0000 0.9662
vn 0.7054 -0.0000 0.7088
vn 0.8691 -0.0000 0.4947
vn 0.9915 -0.0000 0.1301
vn 0.1352 -0.0269 0.9904
vn 0.2527 -0.0503 0.9662
vn 0.6918 -0.1376 0.7088
vn 0.8524 -0.1695 0.4947
vn 0.9725 -0.1934 0.1301
vn 0.1274 -0.0528 0.9904
vn 0.2380 -0.0986 0.9662
vn 0.6517 -0.2699 0.7088
vn 0.8029 -0.3326 0.4947
vn 0.9160 -0.3794 0.1301
vn 0.1147 -0.0766 0.9904
vn 0.2142 -0.1431 0.9662
vn 0.5865 -0.3919 0.7088
vn 0.7226 -0.4828 0.4947
vn 0.8244 -0.5509 0.1301
vn 0.0975 -0.0975 0.9904
vn 0.1822 -0.1822 0.9662
vn 0.4988 -0.4988 0.7088
vn 0.6145 -0.6145 0.4947
vn 0.7011 -0.7011 0.1301
vn 0.0766 -0.1147 0.9904
vn 0.1431 -0.2142 0.9662
vn 0.3919 -0.5865 0.7088
vn 0.4828 -0.7226 0.4947
vn 0.5509 -0.8244 0.1301
vn 0.0528 -0.1274 0.9904
vn 0.0986 -0.2380 0.9662
vn 0.2699 -0.6517 0.7088
vn 0.3326 -0.8029 0.4947
vn 0.3794 -0.9160 0.1301
vn 0.0269 -0.1352 0.9904
vn 0.0503 -0.2527 0.9662
vn 0.1376 -0.6918 0.7088
vn 0.1695 -0.8524 0.4947
vn 0.1934 -0.9725 0.1301
vn -0.0000 -0.1379 0.9904
vn -0.0000 -0.2577 0.9662
vn -0.0000 -0.7054 0.7088
vn -0.0000 -0.8691 0.4947
vn -0.0000 -0.9915 0.1301
vn -0.0269 -0.1352 0.9904
vn -0.0503 -0.2527 0.9662
vn -0.1376 -0.6918 0.7088
vn -0.1695 -0.8524 0.4947
vn -0.1934 -0.9725 0.1301
vn -0.0528 -0.1274 0.9904
vn -0.0986 -0.2380 0.9662
vn -0.2699 -0.6517 0.7088
vn -0.3326 -0.8029 0.4947
vn -0.3794 -0.9160 0.1301
vn -0.0766 -0.1147 0.9904
vn -0.1431 -0.2142 0.9662
vn -0.3919 -0.5865 0.7088
vn -0.4828 -0.7226 0.4947
vn -0.5509 -0.8244 0.1301
vn -0.0975 -0.0975 0.9904
vn -0.1822 -0.1822 0.9662
vn -0.4988 -0.4988 0.7088
vn -0.6145 -0.6145 0.4947
vn -0.7011 -0.7011 0.1301
vn -0.1147 -0.0766 0.9904
vn -0.2142 -0.1431 0.9662
vn -0.5865 -0.3919 0.7088
vn -0.7226 -0.4828 0.4947
vn -0.8244 -0.5509 0.1301
vn -0.1274 -0.0528 0.9904
vn -0.2380 -0.0986 0.9662
vn -0.6517 -0.2699 0.7088
vn -0.8029 -0.3326 0.4947
vn -0.9160 -0.3794 0.1301
vn -0.1352 -0.0269 0.9904
vn -0.2527 -0.0503 0.9662
vn -0.6918 -0.1376 0.7088
vn -0.8524 -0.1695 0.4947
vn -0.9725 -0.1934 0.1301
vn -0.1379 -0.0000 0.9904
vn -0.2577 -0.0000 0.9662
vn -0.7054 -0.0000 0.7088
vn -0.8691 -0.0000 0.4947
vn -0.9915 -0.0000 0.1301
vn -0.1352 0.0269 0.9904
vn -0.2527 0.0503 0.9662
vn -0.6918 0.1376 0.7088
vn -0.8524 0.1695 0.4947
vn -0.9725 0.1934 0.1301
vn -0.1274 0.0528 0.9904
vn -0.2380 0.0986 0.9662
vn -0.6517 0.2699 0.7088
vn -0.8029 0.3326 0.4947
vn -0.9160 0.3794 0.1301
vn -0.1147 0.0766 0.9904
vn -0.2142 0.1431 0.9662
vn -0.5865 0.3919 0.7088
vn -0.7226 0.4828 0.4947
vn -0.8244 0.5509 0.1301
vn -0.0975 0.0975 0.9904
vn -0.1822 0.1822 0.9662
vn -0.4988 0.4988 0.7088
vn -0.6145 0.6145 0.4947
vn -0.7011 0.7011 0.1301
vn -0.0766 0.1147 0.9904
vn -0.1431 0.2142 0.9662
vn -0.3919 0.5865 0.7088
vn -0.4828 0.7226 0.4947
vn -0.5509 0.8244 0.1301
vn -0.0528 0.1274 0.9904
vn -0.0986 0.2380 0.9662
vn -0.2699 0.6517 0.7088
vn -0.3326 0.8029 0.4947
vn -0.3794 0.9160 0.1301
vn -0.0269 0.1352 0.9904
vn -0.0503 0.2527 0.9662
vn -0.1376 0.6918 0.7088
vn -0.1695 0.8524 0.4947
vn -0.1934 0.9725 0.1301
vn -0.0000 -0.0000 1.0000
vn -0.0000 0.9952 -0.0979
vn 0.1942 0.9761 -0.0979
vn 0.1805 0.9073 -0.3799
vn -0.0000 0.9250 -0.3799
vn 0.1388 0.6979 -0.7026
vn -0.0000 0.7115 -0.7026
vn 0.0764 0.3840 -0.9202
vn -0.0000 0.3915 -0.9202
vn 0.0202 0.1016 -0.9946
vn -0.0000 0.1036 -0.9946
vn 0.3808 0.9194 -0.0979
vn 0.3540 0.8546 -0.3799
vn 0.2723 0.6574 -0.7026
vn 0.1498 0.3617 -0.9202
vn 0.0396 0.0957 -0.9946
vn 0.5529 0.8275 -0.0979
vn 0.5139 0.7691 -0.3799
vn 0.3953 0.5916 -0.7026
vn 0.2175 0.3255 -0.9202
vn 0.0575 0.0861 -0.9946
vn 0.7037 0.7037 -0.0979
vn 0.6541 0.6541 -0.3799
vn 0.5031 0.5031 -0.7026
vn 0.2768 0.2768 -0.9202
vn 0.0732 0.0732 -0.9946
vn 0.8275 0.5529 -0.0979
vn 0.7691 0.5139 -0.3799
vn 0.5916 0.3953 -0.7026
vn 0.3255 0.2175 -0.9202
vn 0.0861 0.0575 -0.9946
vn 0.9194 0.3808 -0.0979
vn 0.8546 0.3540 -0.3799
vn 0.6574 0.2723 -0.7026
vn 0.3617 0.1498 -0.9202
vn 0.0957 0.0396 -0.9946
vn 0.9761 0.1942 -0.0979
vn 0.9073 0.1805 -0.3799
vn 0.6979 0.1388 -0.7026
vn 0.3840 0.0764 -0.9202
vn 0.1016 0.0202 -0.9946
vn 0.9952 -0.0000 -0.0979
vn 0.9250 -0.0000 -0.3799
vn 0.7115 -0.0000 -0.7026
vn 0.3915 -0.0000 -0.9202
vn 0.1036 -0.0000 -0.9946
vn 0.9761 -0.1942 -0.0979
vn 0.9073 -0.1805 -0.3799
vn 0.6979 -0.1388 -0.7026
vn 0.3840 -0.0764 -0.9202
vn 0.1016 -0.0202 -0.9946
vn 0.9194 -0.3808 -0.0979
vn 0.8546 -0.3540 -0.3799
vn 0.6574 -0.2723 -0.7026
vn 0.3617 -0.1498 -0.9202
vn 0.0957 -0.0396 -0.9946
vn 0.8275 -0.5529 -0.0979
vn 0.7691 -0.5139 -0.3799
vn 0.5916 -0.3953 -0.7026
vn 0.3255 -0.2175 -0.9202
vn 0.0861 -0.0575 -0.9946
vn 0.7037 -0.7037 -0.0979
vn 0.6541 -0.6541 -0.3799
vn 0.5031 -0.5031 -0.7026
vn 0.2768 -0.2768 -0.9202
vn 0.0732 -0.0732 -0.9946
vn 0.5529 -0.8275 -0.0979
vn 0.5139 -0.7691 -0.3799
vn 0.3953 -0.5916 -0.7026
vn 0.2175 -0.3255 -0.9202
vn 0.0575 -0.0861 -0.9946
vn 0.3808 -0.9194 -0.0979
vn 0.3540 -0.8546 -0.3799
vn 0.2723 -0.6574 -0.7026
vn 0.1498 -0.3617 -0.9202
vn 0.0396 -0.0957 -0.9946
vn 0.1942 -0.9761 -0.0979
vn 0.1805 -0.9073 -0.3799
vn 0.1388 -0.6979 -0.7026
vn 0.0764 -0.3840 -0.9202
vn 0.0202 -0.1016 -0.9946
vn -0.0000 -0.9952 -0.0979
vn -0.0000 -0.9250 -0.3799
vn -0.0000 -0.7115 -0.7026
vn -0.0000 -0.3915 -0.9202
vn -0.0000 -0.1036 -0.9946
vn -0.1942 -0.9761 -0.0979
vn -0.1805 -0.9073 -0.3799
vn -0.1388 -0.6979 -0.7026
vn -0.0764 -0.3840 -0.9202
vn -0.0202 -0.1016 -0.9946
vn -0.3808 -0.9194 -0.0979
vn -0.3540 -0.8546 -0.3799
vn -0.2723 -0.6574 -0.7026
vn -0.1498 -0.3617 -0.9202
vn -0.0396 -0.0957 -0.9946
vn -0.5529 -0.8275 -0.0979
vn -0.5139 -0.7691 -0.3799
vn -0.3953 -0.5916 -0.7026
vn -0.2175 -0.3255 -0.9202
vn -0.0575 -0.0861 -0.9946
vn -0.7037 -0.7037 -0.0979
vn -0.6541 -0.6541 -0.3799
vn -0.5031 -0.5031 -0.7026
vn -0.2768 -0.2768 -0.9202
vn -0.0732 -0.0732 -0.9946
vn -0.8275 -0.5529 -0.0979
vn -0.7691 -0.5139 -0.3799
vn -0.5916 -0.3953 -0.7026
vn -0.3255 -0.2175 -0.9202
vn -0.0861 -0.0575 -0.9946
vn -0.9194 -0.3808 -0.0979
vn -0.8546 -0.3540 -0.3799
vn -0.6574 -0.2723 -0.7026
vn -0.3617 -0.1498 -0.9202
vn -0.0957 -0.0396 -0.9946
vn -0.9761 -0.1942 -0.0979
vn -0.9073 -0.1805 -0.3799
vn -0.6979 -0.1388 -0.7026
vn -0.3840 -0.0764 -0.9202
vn -0.1016 -0.0202 -0.9946
vn -0.9952 -0.0000 -0.0979
vn -0.9250 -0.0000 -0.3799
vn -0.7115 -0.0000 -0.7026
vn -0.3915 -0.0000 -0.9202
vn -0.1036 -0.0000 -0.9946
vn -0.9761 0.1942 -0.0979
vn -0.9073 0.1805 -0.3799
vn -0.6979 0.1388 -0.7026
vn -0.3840 0.0764 -0.9202
vn -0.1016 0.0202 -0.9946
vn -0.9194 0.3808 -0.0979
vn -0.8546 0.3540 -0.3799
vn -0.6574 0.2723 -0.7026
vn -0.3617 0.1498 -0.9202
vn -0.0957 0.0396 -0.9946
vn -0.8275 0.5529 -0.0979
vn -0.7691 0.5139 -0.3799
vn -0.5916 0.3953 -0.7026
vn -0.3255 0.2175 -0.9202
vn -0.0861 0.0575 -0.9946
vn -0.7037 0.7037 -0.0979
vn -0.6541 0.6541 -0.3799
vn -0.5031 0.5031 -0.7026
vn -0.2768 0.2768 -0.9202
vn -0.0732 0.0732 -0.9946
vn -0.5529 0.8275 -0.0979
vn -0.5139 0.7691 -0.3799
vn -0.3953 0.5916 -0.7026
vn -0.2175 0.3255 -0.9202
vn -0.0575 0.0861 -0.9946
vn -0.3808 0.9194 -0.0979
vn -0.3540 0.8546 -0.3799
vn -0.2723 0.6574 -0.7026
vn -0.1498 0.3617 -0.9202
vn -0.0396 0.0957 -0.9946
vn -0.1942 0.9761 -0.0979
vn -0.1805 0.9073 -0.3799
vn -0.1388 0.6979 -0.7026
vn -0.0764 0.3840 -0.9202
vn -0.0202 0.1016 -0.9946
vn -0.0000 -0.8512 -0.5248
vn -0.1661 -0.8349 -0.5248
vn -0.1409 -0.7085 -0.6915
vn -0.0000 -0.7224 -0.6915
vn -0.1025 -0.5155 -0.8507
vn -0.0000 -0.5256 -0.8507
vn -0.0579 -0.2909 -0.9550
vn -0.0000 -0.2966 -0.9550
vn -0.0166 -0.0834 -0.9964
vn -0.0000 -0.0850 -0.9964
vn -0.3258 -0.7864 -0.5248
vn -0.2764 -0.6674 -0.6915
vn -0.2012 -0.4856 -0.8507
vn -0.1135 -0.2740 -0.9550
vn -0.0325 -0.0785 -0.9964
vn -0.4729 -0.7078 -0.5248
vn -0.4013 -0.6006 -0.6915
vn -0.2920 -0.4371 -0.8507
vn -0.1648 -0.2466 -0.9550
vn -0.0472 -0.0707 -0.9964
vn -0.6019 -0.6019 -0.5248
vn -0.5108 -0.5108 -0.6915
vn -0.3717 -0.3717 -0.8507
vn -0.2097 -0.2097 -0.9550
vn -0.0601 -0.0601 -0.9964
vn -0.7078 -0.4729 -0.5248
vn -0.6006 -0.4013 -0.6915
vn -0.4371 -0.2920 -0.8507
vn -0.2466 -0.1648 -0.9550
vn -0.0707 -0.0472 -0.9964
vn -0.7864 -0.3258 -0.5248
vn -0.6674 -0.2764 -0.6915
vn -0.4856 -0.2012 -0.8507
vn -0.2740 -0.1135 -0.9550
vn -0.0785 -0.0325 -0.9964
vn -0.8349 -0.1661 -0.5248
vn -0.7085 -0.1409 -0.6915
vn -0.5155 -0.1025 -0.8507
vn -0.2909 -0.0579 -0.9550
vn -0.0834 -0.0166 -0.9964
vn -0.8512 -0.0000 -0.5248
vn -0.7224 -0.0000 -0.6915
vn -0.5256 -0.0000 -0.8507
vn -0.2966 -0.0000 -0.9550
vn -0.0850 -0.0000 -0.9964
vn -0.8349 0.1661 -0.5248
vn -0.7085 0.1409 -0.6915
vn -0.5155 0.1025 -0.8507
vn -0.2909 0.0579 -0.9550
vn -0.0834 0.0166 -0.9964
vn -0.7864 0.3258 -0.5248
vn -0.6674 0.2764 -0.6915
vn -0.4856 0.2012 -0.8507
vn -0.2740 0.1135 -0.9550
vn -0.0785 0.0325 -0.9964
vn -0.7078 0.4729 -0.5248
vn -0.6006 0.4013 -0.6915
vn -0.4371 0.2920 -0.8507
vn -0.2466 0.1648 -0.9550
vn -0.0707 0.0472 -0.9964
vn -0.6019 0.6019 -0.5248
vn -0.5108 0.5108 -0.6915
vn -0.3717 0.3717 -0.8507
vn -0.2097 0.2097 -0.9550
vn -0.0601 0.0601 -0.9964
vn -0.4729 0.7078 -0.5248
vn -0.4013 0.6006 -0.6915
vn -0.2920 0.4371 -0.8507
vn -0.1648 0.2466 -0.9550
vn -0.0472 0.0707 -0.9964
vn -0.3258 0.7864 -0.5248
vn -0.2764 0.6674 -0.6915
vn -0.2012 0.4856 -0.8507
vn -0.1135 0.2740 -0.9550
vn -0.0325 0.0785 -0.9964
vn -0.1661 0.8349 -0.5248
vn -0.1409 0.7085 -0.6915
vn -0.1025 0.5155 -0.8507
vn -0.0579 0.2909 -0.9550
vn -0.0166 0.0834 -0.9964
vn -0.0000 0.8512 -0.5248
vn -0.0000 0.7224 -0.6915
vn -0.0000 0.5256 -0.8507
vn -0.0000 0.2966 -0.9550
vn -0.0000 0.0850 -0.9964
vn 0.1661 0.8349 -0.5248
vn 0.1409 0.7085 -0.6915
vn 0.1025 0.5155 -0.8507
vn 0.0579 0.2909 -0.9550
vn 0.0166 0.0834 -0.9964
vn 0.3258 0.7864 -0.5248
vn 0.2764 0.6674 -0.6915
vn 0.2012 0.4856 -0.8507
vn 0.1135 0.2740 -0.9550
vn 0.0325 0.0785 -0.9964
vn 0.4729 0.7078 -0.5248
vn 0.4013 0.6006 -0.6915
vn 0.2920 0.4371 -0.8507
vn 0.1648 0.2466 -0.9550
vn 0.0472 0.0707 -0.9964
vn 0.6019 0.6019 -0.5248
vn 0.5108 0.5108 -0.6915
vn 0.3717 0.3717 -0.8507
vn 0.2097 0.2097 -0.9550
vn 0.0601 0.0601 -0.9964
vn 0.7078 0.4729 -0.5248
vn 0.6006 0.4013 -0.6915
vn 0.4371 0.2920 -0.8507
vn 0.2466 0.1648 -0.9550
vn 0.0707 0.0472 -0.9964
vn 0.7864 0.3258 -0.5248
vn 0.6674 0.2764 -0.6915
vn 0.4856 0.2012 -0.8507
vn 0.2740 0.1135 -0.9550
vn 0.0785 0.0325 -0.9964
vn 0.8349 0.1661 -0.5248
vn 0.7085 0.1409 -0.6915
vn 0.5155 0.1025 -0.8507
vn 0.2909 0.0579 -0.9550
vn 0.0834 0.0166 -0.9964
vn 0.8512 -0.0000 -0.5248
vn 0.7224 -0.0000 -0.6915
vn 0.5256 -0.0000 -0.8507
vn 0.2966 -0.0000 -0.9550
vn 0.0850 -0.0000 -0.9964
vn 0.8349 -0.1661 -0.5248
vn 0.7085 -0.1409 -0.6915
vn 0.5155 -0.1025 -0.8507
vn 0.2909 -0.0579 -0.9550
vn 0.0834 -0.0166 -0.9964
vn 0.7864 -0.3258 -0.5248
vn 0.6674 -0.2764 -0.6915
vn 0.4856 -0.2012 -0.8507
vn 0.2740 -0.1135 -0.9550
vn 0.0785 -0.0325 -0.9964
vn 0.7078 -0.4729 -0.5248
vn 0.6006 -0.4013 -0.6915
vn 0.4371 -0.2920 -0.8507
vn 0.2466 -0.1648 -0.9550
vn 0.0707 -0.0472 -0.9964
vn 0.6019 -0.6019 -0.5248
vn 0.5108 -0.5108 -0.6915
vn 0.3717 -0.3717 -0.8507
vn 0.2097 -0.2097 -0.9550
vn 0.0601 -0.0601 -0.9964
vn 0.4729 -0.7078 -0.5248
vn 0.4013 -0.6006 -0.6915
vn 0.2920 -0.4371 -0.8507
vn 0.1648 -0.2466 -0.9550
vn 0.0472 -0.0707 -0.9964
vn 0.3258 -0.7864 -0.5248
vn 0.2764 -0.6674 -0.6915
vn 0.2012 -0.4856 -0.8507
vn 0.1135 -0.2740 -0.9550
vn 0.0325 -0.0785 -0.9964
vn 0.1661 -0.8349 -0.5248
vn 0.1409 -0.7085 -0.6915
vn 0.1025 -0.5155 -0.8507
vn 0.0579 -0.2909 -0.9550
vn 0.0166 -0.0834 -0.9964
vn -0.0000 -0.0751 -0.9972
vn -0.0146 -0.0736 -0.9972
vn -0.0549 -0.2760 -0.9596
vn -0.0000 -0.2814 -0.9596
vn -0.1004 -0.5048 -0.8574
vn -0.0000 -0.5147 -0.8574
vn -0.1394 -0.7006 -0.6998
vn -0.0000 -0.7143 -0.6998
vn -0.1570 -0.7891 -0.5938
vn -0.0000 -0.8046 -0.5938
vn -0.0287 -0.0694 -0.9972
vn -0.1077 -0.2600 -0.9596
vn -0.1970 -0.4755 -0.8574
vn -0.2734 -0.6599 -0.6998
vn -0.3079 -0.7434 -0.5938
vn -0.0417 -0.0624 -0.9972
vn -0.1563 -0.2340 -0.9596
vn -0.2859 -0.4279 -0.8574
vn -0.3969 -0.5939 -0.6998
vn -0.4470 -0.6690 -0.5938
vn -0.0531 -0.0531 -0.9972
vn -0.1990 -0.1990 -0.9596
vn -0.3639 -0.3639 -0.8574
vn -0.5051 -0.5051 -0.6998
vn -0.5689 -0.5689 -0.5938
vn -0.0624 -0.0417 -0.9972
vn -0.2340 -0.1563 -0.9596
vn -0.4279 -0.2859 -0.8574
vn -0.5939 -0.3969 -0.6998
vn -0.6690 -0.4470 -0.5938
vn -0.0694 -0.0287 -0.9972
vn -0.2600 -0.1077 -0.9596
vn -0.4755 -0.1970 -0.8574
vn -0.6599 -0.2734 -0.6998
vn -0.7434 -0.3079 -0.5938
vn -0.0736 -0.0146 -0.9972
vn -0.2760 -0.0549 -0.9596
vn -0.5048 -0.1004 -0.8574
vn -0.7006 -0.1394 -0.6998
vn -0.7891 -0.1570 -0.5938
vn -0.0751 -0.0000 -0.9972
vn -0.2814 -0.0000 -0.9596
vn -0.5147 -0.0000 -0.8574
vn -0.7143 -0.0000 -0.6998
vn -0.8046 -0.0000 -0.5938
vn -0.0736 0.0146 -0.9972
vn -0.2760 0.0549 -0.9596
vn -0.5048 0.1004 -0.8574
vn -0.7006 0.1394 -0.6998
vn -0.7891 0.1570 -0.5938
vn -0.0694 0.0287 -0.9972
vn -0.2600 0.1077 -0.9596
vn -0.4755 0.1970 -0.8574
vn -0.6599 0.2734 -0.6998
vn -0.7434 0.3079 -0.5938
vn -0.0624 0.0417 -0.9972
vn -0.2340 0.1563 -0.9596
vn -0.4279 0.2859 -0.8574
vn -0.5939 0.3969 -0.6998
vn -0.6690 0.4470 -0.5938
vn -0.0531 0.0531 -0.9972
vn -0.1990 0.1990 -0.9596
vn -0.3639 0.3639 -0.8574
vn -0.5051 0.5051 -0.6998
vn -0.5689 0.5689 -0.5938
vn -0.0417 0.0624 -0.9972
vn -0.1563 0.2340 -0.9596
vn -0.2859 0.4279 -0.8574
vn -0.3969 0.5939 -0.6998
vn -0.4470 0.6690 -0.5938
vn -0.0287 0.0694 -0.9972
vn -0.1077 0.2600 -0.9596
vn -0.1970 0.4755 -0.8574
vn -0.2734 0.6599 -0.6998
vn -0.3079 0.7434 -0.5938
vn -0.0146 0.0736 -0.9972
vn -0.0549 0.2760 -0.9596
vn -0.1004 0.5048 -0.8574
vn -0.1394 0.7006 -0.6998
vn -0.1570 0.7891 -0.5938
vn -0.0000 0.0751 -0.9972
vn -0.0000 0.2814 -0.9596
vn -0.0000 0.5147 -0.8574
vn -0.0000 0.7143 -0.6998
vn -0.0000 0.8046 -0.5938
vn 0.0146 0.0736 -0.9972
vn 0.0549 0.2760 -0.9596
vn 0.1004 0.5048 -0.8574
vn 0.1394 0.7006 -0.6998
vn 0.1570 0.7891 -0.5938
vn 0.0287 0.0694 -0.9972
vn 0.1077 0.2600 -0.9596
vn 0.1970 0.4755 -0.8574
vn 0.2734 0.6599 -0.6998
vn 0.3079 0.7434 -0.5938
vn 0.0417 0.0624 -0.9972
vn 0.1563 0.2340 -0.9596
vn 0.2859 0.4279 -0.8574
vn 0.3969 0.5939 -0.6998
vn 0.4470 0.6690 -0.5938
vn 0.0531 0.0531 -0.9972
vn 0.1990 0.1990 -0.9596
vn 0.3639 0.3639 -0.8574
vn 0.5051 0.5051 -0.6998
vn 0.5689 0.5689 -0.5938
vn 0.0624 0.0417 -0.9972
vn 0.2340 0.1563 -0.9596
vn 0.4279 0.2859 -0.8574
vn 0.5939 0.3969 -0.6998
vn 0.6690 0.4470 -0.5938
vn 0.0694 0.0287 -0.9972
vn 0.2600 0.1077 -0.9596
vn 0.4755 0.1970 -0.8574
vn 0.6599 0.2734 -0.6998
vn 0.7434 0.3079 -0.5938
vn 0.0736 0.0146 -0.9972
vn 0.2760 0.0549 -0.9596
vn 0.5048 0.1004 -0.8574
vn 0.7006 0.1394 -0.6998
vn 0.7891 0.1570 -0.5938
vn 0.0751 -0.0000 -0.9972
vn 0.2814 -0.0000 -0.9596
vn 0.5147 -0.0000 -0.8574
vn 0.7143 -0.0000 -0.6998
vn 0.8046 -0.0000 -0.5938
vn 0.0736 -0.0146 -0.9972
vn 0.2760 -0.0549 -0.9596
vn 0.5048 -0.1004 -0.8574
vn 0.7006 -0.1394 -0.6998
vn 0.7891 -0.1570 -0.5938
vn 0.0694 -0.0287 -0.9972
vn 0.2600 -0.1077 -0.9596
vn 0.4755 -0.1970 -0.8574
vn 0.6599 -0.2734 -0.6998
vn 0.7434 -0.3079 -0.5938
vn 0.0624 -0.0417 -0.9972
vn 0.2340 -0.1563 -0.9596
vn 0.4279 -0.2859 -0.8574
vn 0.5939 -0.3969 -0.6998
vn 0.6690 -0.4470 -0.5938
vn 0.0531 -0.0531 -0.9972
vn 0.1990 -0.1990 -0.9596
vn 0.3639 -0.3639 -0.8574
vn 0.5051 -0.5051 -0.6998
vn 0.5689 -0.5689 -0.5938
vn 0.0417 -0.0624 -0.9972
vn 0.1563 -0.2340 -0.9596
vn 0.2859 -0.4279 -0.8574
vn 0.3969 -0.5939 -0.6998
vn 0.4470 -0.6690 -0.5938
vn 0.0287 -0.0694 -0.9972
vn 0.1077 -0.2600 -0.9596
vn 0.1970 -0.4755 -0.8574
vn 0.2734 -0.6599 -0.6998
vn 0.3079 -0.7434 -0.5938
vn 0.0146 -0.0736 -0.9972
vn 0.0549 -0.2760 -0.9596
vn 0.1004 -0.5048 -0.8574
vn 0.1394 -0.7006 -0.6998
vn 0.1570 -0.7891 -0.5938
vn -0.0000 -0.8896 -0.4568
vn -0.1735 -0.8725 -0.4568
vn 0.1735 -0.8725 -0.4568
vn -0.3404 -0.8218 -0.4568
vn -0.4942 -0.7396 -0.4568
vn -0.6290 -0.6290 -0.4568
vn -0.7396 -0.4942 -0.4568
vn -0.8218 -0.3404 -0.4568
vn -0.8725 -0.1735 -0.4568
vn -0.8896 -0.0000 -0.4568
vn -0.8725 0.1735 -0.4568
vn -0.8218 0.3404 -0.4568
vn -0.7396 0.4942 -0.4568
vn -0.6290 0.6290 -0.4568
vn -0.4942 0.7396 -0.4568
vn -0.3404 0.8218 -0.4568
vn -0.1735 0.8725 -0.4568
vn -0.0000 0.8896 -0.4568
vn 0.1735 0.8725 -0.4568
vn 0.3404 0.8218 -0.4568
vn 0.4942 0.7396 -0.4568
vn 0.6290 0.6290 -0.4568
vn 0.7396 0.4942 -0.4568
vn 0.8218 0.3404 -0.4568
vn 0.8725 0.1735 -0.4568
vn 0.8896 -0.0000 -0.4568
vn 0.8725 -0.1735 -0.4568
vn 0.8218 -0.3404 -0.4568
vn 0.7396 -0.4942 -0.4568
vn 0.6290 -0.6290 -0.4568
vn 0.4942 -0.7396 -0.4568
vn 0.3404 -0.8218 -0.4568
vn -0.0000 -0.0000 -1.0000
vn -0.0000 0.9878 -0.1555
vn -0.0000 0.9537 -0.3006
vn -0.0000 0.8323 -0.5543
vn -0.0000 0.6713 -0.7412
vn -0.0000 0.4986 -0.8668
vn -0.0000 0.3279 -0.9447
vn -0.0000 0.1622 -0.9867
vn -0.0000 0.0402 -0.9992
vn -0.0000 0.0402 0.9992
vn -0.0000 0.1623 0.9867
vn -0.0000 0.3279 0.9447
vn -0.0000 0.4986 0.8668
vn -0.0000 0.6713 0.7412
vn -0.0000 0.8323 0.5543
vn -0.0000 0.9537 0.3006
vn -0.0000 0.9878 0.1555
vn -0.2903 -0.9569 -0.0000
vn 0.2903 -0.9569 -0.0000
vt 1.000000 0.500000
vt 1.000000 1.000000
vt 0.968750 1.000000
vt 0.968750 0.500000
vt 0.937500 1.000000
vt 0.937500 0.500000
vt 0.906250 1.000000
vt 0.906250 0.500000
vt 0.875000 1.000000
vt 0.875000 0.500000
vt 0.843750 1.000000
vt 0.843750 0.500000
vt 0.812500 1.000000
vt 0.812500 0.500000
vt 0.781250 1.000000
vt 0.781250 0.500000
vt 0.750000 1.000000
vt 0.750000 0.500000
vt 0.718750 1.000000
vt 0.718750 0.500000
vt 0.687500 1.000000
vt 0.687500 0.500000
vt 0.656250 1.000000
vt 0.656250 0.500000
vt 0.625000 1.000000
vt 0.625000 0.500000
vt 0.593750 1.000000
vt 0.593750 0.500000
vt 0.562500 1.000000
vt 0.562500 0.500000
vt 0.531250 1.000000
vt 0.531250 0.500000
vt 0.500000 1.000000
vt 0.500000 0.500000
vt 0.468750 1.000000
vt 0.468750 0.500000
vt 0.437500 1.000000
vt 0.437500 0.500000
vt 0.406250 1.000000
vt 0.406250 0.500000
vt 0.375000 1.000000
vt 0.375000 0.500000
vt 0.343750 1.000000
vt 0.343750 0.500000
vt 0.312500 1.000000
vt 0.312500 0.500000
vt 0.281250 1.000000
vt 0.281250 0.500000
vt 0.250000 1.000000
vt 0.250000 0.500000
vt 0.218750 1.000000
vt 0.218750 0.500000
vt 0.187500 1.000000
vt 0.187500 0.500000
vt 0.156250 1.000000
vt 0.156250 0.500000
vt 0.125000 1.000000
vt 0.125000 0.500000
vt 0.093750 1.000000
vt 0.093750 0.500000
vt 0.062500 1.000000
vt 0.062500 0.500000
vt 0.031250 1.000000
vt 0.031250 0.500000
vt 0.000000 1.000000
vt 0.000000 0.500000
vt 0.293354 0.467953
vt 0.250000 0.472223
vt 0.250000 0.446070
vt 0.288251 0.442302
vt 0.250000 0.405037
vt 0.280246 0.402058
vt 0.250000 0.369762
vt 0.273364 0.367461
vt 0.335041 0.455307
vt 0.325033 0.431145
vt 0.309330 0.393236
vt 0.295831 0.360645
vt 0.373461 0.434772
vt 0.358930 0.413026
vt 0.336134 0.378909
vt 0.316536 0.349578
vt 0.407135 0.407135
vt 0.388642 0.388642
vt 0.359628 0.359628
vt 0.334684 0.334684
vt 0.434772 0.373460
vt 0.413026 0.358930
vt 0.378909 0.336134
vt 0.349578 0.316536
vt 0.455307 0.335041
vt 0.431145 0.325033
vt 0.393236 0.309330
vt 0.360645 0.295831
vt 0.467953 0.293354
vt 0.442302 0.288251
vt 0.402058 0.280246
vt 0.367461 0.273364
vt 0.472223 0.250000
vt 0.446070 0.250000
vt 0.405037 0.250000
vt 0.369762 0.250000
vt 0.467953 0.206646
vt 0.442302 0.211749
vt 0.402058 0.219754
vt 0.367461 0.226636
vt 0.455307 0.164959
vt 0.431145 0.174967
vt 0.393236 0.190670
vt 0.360645 0.204169
vt 0.434772 0.126540
vt 0.413026 0.141070
vt 0.378909 0.163866
vt 0.349578 0.183464
vt 0.407135 0.092865
vt 0.388642 0.111358
vt 0.359628 0.140372
vt 0.334684 0.165316
vt 0.373461 0.065228
vt 0.358930 0.086974
vt 0.336134 0.121091
vt 0.316536 0.150422
vt 0.335041 0.044693
vt 0.325033 0.068855
vt 0.309330 0.106764
vt 0.295831 0.139355
vt 0.293354 0.032047
vt 0.288251 0.057698
vt 0.280246 0.097942
vt 0.273364 0.132539
vt 0.250000 0.027777
vt 0.250000 0.053930
vt 0.250000 0.094963
vt 0.250000 0.130238
vt 0.206646 0.032047
vt 0.211749 0.057698
vt 0.219754 0.097942
vt 0.226636 0.132539
vt 0.164959 0.044693
vt 0.174967 0.068855
vt 0.190670 0.106764
vt 0.204169 0.139355
vt 0.126539 0.065228
vt 0.141070 0.086974
vt 0.163866 0.121091
vt 0.183464 0.150422
vt 0.092865 0.092865
vt 0.111358 0.111358
vt 0.140372 0.140372
vt 0.165316 0.165316
vt 0.065228 0.126539
vt 0.086974 0.141070
vt 0.121091 0.163866
vt 0.150422 0.183464
vt 0.044693 0.164959
vt 0.068855 0.174967
vt 0.106764 0.190670
vt 0.139355 0.204169
vt 0.032047 0.206646
vt 0.057698 0.211749
vt 0.097942 0.219754
vt 0.132539 0.226636
vt 0.027777 0.250000
vt 0.053930 0.250000
vt 0.094963 0.250000
vt 0.130238 0.250000
vt 0.032047 0.293354
vt 0.057698 0.288251
vt 0.097942 0.280246
vt 0.132539 0.273364
vt 0.044693 0.335041
vt 0.068855 0.325033
vt 0.106764 0.309330
vt 0.139355 0.295831
vt 0.065228 0.373460
vt 0.086974 0.358930
vt 0.121091 0.336134
vt 0.150422 0.316536
vt 0.092865 0.407135
vt 0.111358 0.388642
vt 0.140372 0.359628
vt 0.165316 0.334684
vt 0.126539 0.434772
vt 0.141070 0.413026
vt 0.163866 0.378909
vt 0.183464 0.349578
vt 0.164959 0.455307
vt 0.174967 0.431145
vt 0.190670 0.393236
vt 0.204169 0.360645
vt 0.206646 0.467953
vt 0.211749 0.442302
vt 0.219754 0.402058
vt 0.226636 0.367460
vt 0.968750 1.000000
vt 0.999914 1.000000
vt 0.296819 0.485376
vt 0.250000 0.489987
vt 0.250000 0.485946
vt 0.296031 0.481412
vt 0.250000 0.480131
vt 0.294896 0.475709
vt 0.937500 1.000000
vt 0.937500 1.000000
vt 0.341839 0.471719
vt 0.340292 0.467985
vt 0.338067 0.462613
vt 0.906250 1.000000
vt 0.383330 0.449542
vt 0.381084 0.446182
vt 0.377854 0.441347
vt 0.875000 1.000000
vt 0.875000 1.000000
vt 0.419697 0.419697
vt 0.416839 0.416839
vt 0.412727 0.412727
vt 0.843750 1.000000
vt 0.449542 0.383330
vt 0.446182 0.381084
vt 0.441347 0.377854
vt 0.812500 1.000000
vt 0.471719 0.341839
vt 0.467985 0.340292
vt 0.462613 0.338067
vt 0.781250 1.000000
vt 0.485376 0.296819
vt 0.481412 0.296031
vt 0.475709 0.294896
vt 0.489987 0.250000
vt 0.485946 0.250000
vt 0.480131 0.250000
vt 0.718750 1.000000
vt 0.485376 0.203181
vt 0.481412 0.203969
vt 0.475709 0.205104
vt 0.687500 1.000000
vt 0.471719 0.158161
vt 0.467985 0.159708
vt 0.462613 0.161933
vt 0.656250 1.000000
vt 0.449542 0.116670
vt 0.446181 0.118916
vt 0.441347 0.122146
vt 0.625000 1.000000
vt 0.419697 0.080303
vt 0.416839 0.083161
vt 0.412727 0.087273
vt 0.593750 1.000000
vt 0.383330 0.050458
vt 0.381084 0.053819
vt 0.377854 0.058653
vt 0.562500 1.000000
vt 0.341839 0.028281
vt 0.340292 0.032015
vt 0.338067 0.037387
vt 0.531250 1.000000
vt 0.296819 0.014624
vt 0.296031 0.018588
vt 0.294896 0.024291
vt 0.500000 1.000000
vt 0.250000 0.010013
vt 0.250000 0.014055
vt 0.250000 0.019869
vt 0.468750 1.000000
vt 0.203181 0.014624
vt 0.203969 0.018588
vt 0.205104 0.024291
vt 0.437500 1.000000
vt 0.158161 0.028281
vt 0.159708 0.032015
vt 0.161933 0.037387
vt 0.406250 1.000000
vt 0.116670 0.050458
vt 0.118916 0.053819
vt 0.122146 0.058653
vt 0.375000 1.000000
vt 0.375000 1.000000
vt 0.080303 0.080303
vt 0.083161 0.083161
vt 0.087273 0.087273
vt 0.343750 1.000000
vt 0.343750 1.000000
vt 0.050458 0.116670
vt 0.053819 0.118916
vt 0.058653 0.122146
vt 0.312500 1.000000
vt 0.028281 0.158161
vt 0.032015 0.159708
vt 0.037387 0.161933
vt 0.014624 0.203181
vt 0.018588 0.203969
vt 0.024291 0.205104
vt 0.010013 0.250000
vt 0.014054 0.250000
vt 0.019869 0.250000
vt 0.218750 1.000000
vt 0.014624 0.296819
vt 0.018588 0.296031
vt 0.024291 0.294896
vt 0.028281 0.341839
vt 0.032015 0.340292
vt 0.037387 0.338067
vt 0.156250 1.000000
vt 0.050458 0.383330
vt 0.053818 0.381084
vt 0.058653 0.377854
vt 0.080303 0.419697
vt 0.083161 0.416839
vt 0.087273 0.412727
vt 0.093750 1.000000
vt 0.116670 0.449542
vt 0.118916 0.446182
vt 0.122146 0.441347
vt 0.158161 0.471719
vt 0.159708 0.467985
vt 0.161933 0.462613
vt 0.031250 1.000000
vt 0.203181 0.485376
vt 0.203969 0.481412
vt 0.205104 0.475709
vt 0.000086 1.000000
vt 0.968750 0.500000
vt 0.968750 0.500000
vt 0.999838 0.500000
vt 1.000000 0.500000
vt 0.937500 0.500000
vt 0.937500 0.500000
vt 0.937500 0.500000
vt 0.875000 0.500000
vt 0.875000 0.500000
vt 0.843750 0.500000
vt 0.843750 0.500000
vt 0.812500 0.500000
vt 0.812500 0.500000
vt 0.812500 0.500000
vt 0.781250 0.500000
vt 0.781250 0.500000
vt 0.781250 0.500000
vt 0.781250 0.500000
vt 0.750000 0.500000
vt 0.718750 0.500000
vt 0.718750 0.500000
vt 0.687500 0.500000
vt 0.687500 0.500000
vt 0.656250 0.500000
vt 0.656250 0.500000
vt 0.625000 0.500000
vt 0.625000 0.500000
vt 0.625000 0.500000
vt 0.593750 0.500000
vt 0.593750 0.500000
vt 0.562500 0.500000
vt 0.531250 0.500000
vt 0.500000 0.500000
vt 0.468750 0.500000
vt 0.437500 0.500000
vt 0.406250 0.500000
vt 0.406250 0.500000
vt 0.375000 0.500000
vt 0.375000 0.500000
vt 0.343750 0.500000
vt 0.343750 0.500000
vt 0.312500 0.500000
vt 0.312500 0.500000
vt 0.281250 0.500000
vt 0.250000 0.500000
vt 0.250000 0.500000
vt 0.218750 0.500000
vt 0.218750 0.500000
vt 0.187500 0.500000
vt 0.187500 0.500000
vt 0.187500 0.500000
vt 0.156250 0.500000
vt 0.156250 0.500000
vt 0.156250 0.500000
vt 0.125000 0.500000
vt 0.125000 0.500000
vt 0.093750 0.500000
vt 0.093750 0.500000
vt 0.062500 0.500000
vt 0.031250 0.500000
vt 0.000162 0.500000
vt 0.999908 0.500000
vt 0.968750 0.500000
vt 0.999646 0.500000
vt 0.750000 0.489948
vt 0.796811 0.485337
vt 0.794588 0.474157
vt 0.750000 0.478548
vt 0.793202 0.467194
vt 0.750000 0.471449
vt 0.937500 0.500000
vt 0.841824 0.471683
vt 0.837462 0.461151
vt 0.834745 0.454592
vt 0.906250 0.500000
vt 0.906250 0.500000
vt 0.883308 0.449509
vt 0.876975 0.440031
vt 0.873030 0.434128
vt 0.875000 0.500000
vt 0.919669 0.419669
vt 0.911608 0.411608
vt 0.906588 0.406588
vt 0.843750 0.500000
vt 0.949509 0.383308
vt 0.940031 0.376975
vt 0.934128 0.373030
vt 0.971683 0.341824
vt 0.961151 0.337462
vt 0.954592 0.334745
vt 0.985337 0.296811
vt 0.974157 0.294588
vt 0.967194 0.293203
vt 0.750000 0.500000
vt 0.750000 0.500000
vt 0.989948 0.250000
vt 0.978548 0.250000
vt 0.971449 0.250000
vt 0.718750 0.500000
vt 0.985337 0.203189
vt 0.974157 0.205412
vt 0.967194 0.206797
vt 0.687500 0.500000
vt 0.971683 0.158176
vt 0.961151 0.162538
vt 0.954592 0.165255
vt 0.656250 0.500000
vt 0.656250 0.500000
vt 0.949509 0.116692
vt 0.940031 0.123025
vt 0.934128 0.126969
vt 0.625000 0.500000
vt 0.625000 0.500000
vt 0.919669 0.080331
vt 0.911608 0.088392
vt 0.906588 0.093412
vt 0.593750 0.500000
vt 0.593750 0.500000
vt 0.883308 0.050491
vt 0.876975 0.059969
vt 0.873030 0.065872
vt 0.562500 0.500000
vt 0.562500 0.500000
vt 0.841824 0.028317
vt 0.837462 0.038849
vt 0.834745 0.045408
vt 0.531250 0.500000
vt 0.531250 0.500000
vt 0.796812 0.014663
vt 0.794588 0.025843
vt 0.793203 0.032806
vt 0.750000 0.010052
vt 0.750000 0.021452
vt 0.750000 0.028551
vt 0.468750 0.500000
vt 0.468750 0.500000
vt 0.703188 0.014663
vt 0.705413 0.025843
vt 0.706797 0.032806
vt 0.437500 0.500000
vt 0.658176 0.028317
vt 0.662538 0.038849
vt 0.665255 0.045408
vt 0.406250 0.500000
vt 0.616692 0.050491
vt 0.623025 0.059969
vt 0.626969 0.065872
vt 0.375000 0.500000
vt 0.375000 0.500000
vt 0.375000 0.500000
vt 0.580331 0.080331
vt 0.588392 0.088392
vt 0.593412 0.093412
vt 0.550491 0.116692
vt 0.559969 0.123025
vt 0.565872 0.126969
vt 0.312500 0.500000
vt 0.528317 0.158176
vt 0.538849 0.162538
vt 0.545408 0.165255
vt 0.281250 0.500000
vt 0.514663 0.203189
vt 0.525843 0.205412
vt 0.532806 0.206797
vt 0.510052 0.250000
vt 0.521452 0.250000
vt 0.528551 0.250000
vt 0.218750 0.500000
vt 0.218750 0.500000
vt 0.514663 0.296811
vt 0.525843 0.294588
vt 0.532806 0.293203
vt 0.187500 0.500000
vt 0.528317 0.341824
vt 0.538849 0.337462
vt 0.545408 0.334745
vt 0.156250 0.500000
vt 0.550491 0.383308
vt 0.559969 0.376975
vt 0.565872 0.373031
vt 0.125000 0.500000
vt 0.580331 0.419669
vt 0.588392 0.411608
vt 0.593412 0.406588
vt 0.616692 0.449509
vt 0.623025 0.440031
vt 0.626969 0.434128
vt 0.658176 0.471683
vt 0.662538 0.461151
vt 0.665255 0.454592
vt 0.703188 0.485337
vt 0.705413 0.474157
vt 0.706797 0.467194
vt 0.000092 0.500000
vt 0.000354 0.500000
vt 0.750000 0.434347
vt 0.785964 0.430805
vt 0.785960 0.430784
vt 0.750000 0.434326
vt 0.785952 0.430745
vt 0.750000 0.434286
vt 0.781396 0.407840
vt 0.750000 0.410932
vt 0.778125 0.391392
vt 0.750000 0.394162
vt 0.820547 0.420315
vt 0.820538 0.420295
vt 0.820523 0.420258
vt 0.811586 0.398682
vt 0.805168 0.383188
vt 0.852418 0.403279
vt 0.852406 0.403261
vt 0.852384 0.403228
vt 0.839410 0.383811
vt 0.830092 0.369866
vt 0.880353 0.380353
vt 0.880338 0.380338
vt 0.880310 0.380310
vt 0.863797 0.363796
vt 0.851938 0.351938
vt 0.903279 0.352418
vt 0.903261 0.352406
vt 0.903228 0.352384
vt 0.883810 0.339409
vt 0.869866 0.330092
vt 0.920315 0.320547
vt 0.920295 0.320538
vt 0.920258 0.320523
vt 0.898682 0.311586
vt 0.883188 0.305168
vt 0.930805 0.285964
vt 0.930784 0.285960
vt 0.930745 0.285952
vt 0.907840 0.281396
vt 0.891392 0.278125
vt 0.934347 0.250000
vt 0.934326 0.250000
vt 0.934286 0.250000
vt 0.910932 0.250000
vt 0.894162 0.250000
vt 0.930805 0.214036
vt 0.930784 0.214040
vt 0.930745 0.214048
vt 0.907840 0.218604
vt 0.891392 0.221875
vt 0.920315 0.179453
vt 0.920295 0.179462
vt 0.920258 0.179477
vt 0.898682 0.188414
vt 0.883188 0.194832
vt 0.903279 0.147582
vt 0.903261 0.147594
vt 0.903228 0.147616
vt 0.883810 0.160591
vt 0.869866 0.169908
vt 0.880353 0.119647
vt 0.880338 0.119662
vt 0.880310 0.119690
vt 0.863796 0.136204
vt 0.851938 0.148062
vt 0.852418 0.096721
vt 0.852406 0.096739
vt 0.852384 0.096772
vt 0.839409 0.116190
vt 0.830092 0.130134
vt 0.820547 0.079685
vt 0.820539 0.079705
vt 0.820523 0.079742
vt 0.811586 0.101318
vt 0.805168 0.116812
vt 0.785965 0.069195
vt 0.785960 0.069216
vt 0.785953 0.069255
vt 0.781396 0.092160
vt 0.778125 0.108608
vt 0.750000 0.065653
vt 0.750000 0.065674
vt 0.750000 0.065714
vt 0.750000 0.089068
vt 0.750000 0.105838
vt 0.714036 0.069195
vt 0.714040 0.069216
vt 0.714048 0.069255
vt 0.718604 0.092160
vt 0.721875 0.108608
vt 0.679453 0.079685
vt 0.679461 0.079705
vt 0.679477 0.079742
vt 0.688414 0.101318
vt 0.694832 0.116812
vt 0.647582 0.096721
vt 0.647594 0.096739
vt 0.647616 0.096772
vt 0.660591 0.116190
vt 0.669908 0.130134
vt 0.619647 0.119647
vt 0.619662 0.119662
vt 0.619690 0.119690
vt 0.636204 0.136204
vt 0.648062 0.148062
vt 0.596721 0.147582
vt 0.596739 0.147594
vt 0.596772 0.147616
vt 0.616190 0.160591
vt 0.630134 0.169908
vt 0.579685 0.179453
vt 0.579705 0.179462
vt 0.579742 0.179477
vt 0.601318 0.188414
vt 0.616812 0.194832
vt 0.569195 0.214036
vt 0.569216 0.214040
vt 0.569255 0.214048
vt 0.592160 0.218604
vt 0.608608 0.221875
vt 0.565653 0.250000
vt 0.565674 0.250000
vt 0.565714 0.250000
vt 0.589068 0.250000
vt 0.605838 0.250000
vt 0.569195 0.285964
vt 0.569216 0.285960
vt 0.569255 0.285952
vt 0.592160 0.281396
vt 0.608608 0.278125
vt 0.579685 0.320547
vt 0.579705 0.320538
vt 0.579742 0.320523
vt 0.601318 0.311586
vt 0.616812 0.305168
vt 0.596721 0.352418
vt 0.596739 0.352406
vt 0.596772 0.352384
vt 0.616190 0.339409
vt 0.630134 0.330092
vt 0.619647 0.380353
vt 0.619662 0.380338
vt 0.619690 0.380310
vt 0.636204 0.363796
vt 0.648062 0.351938
vt 0.647582 0.403279
vt 0.647594 0.403261
vt 0.647616 0.403228
vt 0.660591 0.383810
vt 0.669908 0.369866
vt 0.679453 0.420315
vt 0.679462 0.420295
vt 0.679477 0.420258
vt 0.688414 0.398682
vt 0.694832 0.383188
vt 0.714036 0.430805
vt 0.714040 0.430784
vt 0.714048 0.430745
vt 0.718604 0.407840
vt 0.721875 0.391392
vt 0.750000 0.452898
vt 0.789583 0.449000
vt 0.788073 0.441407
vt 0.750000 0.445156
vt 0.785965 0.430805
vt 0.750000 0.434347
vt 0.785967 0.430816
vt 0.750000 0.434359
vt 0.785964 0.430805
vt 0.750000 0.434347
vt 0.827646 0.437454
vt 0.824683 0.430301
vt 0.820547 0.420315
vt 0.820551 0.420325
vt 0.820547 0.420315
vt 0.862724 0.418704
vt 0.858423 0.412267
vt 0.852418 0.403279
vt 0.852424 0.403289
vt 0.852418 0.403279
vt 0.893471 0.393471
vt 0.887997 0.387997
vt 0.880353 0.380353
vt 0.880361 0.380361
vt 0.880353 0.380353
vt 0.918704 0.362724
vt 0.912267 0.358423
vt 0.903279 0.352418
vt 0.903289 0.352424
vt 0.937453 0.327646
vt 0.930301 0.324683
vt 0.920315 0.320547
vt 0.920325 0.320551
vt 0.949000 0.289584
vt 0.941407 0.288073
vt 0.930816 0.285967
vt 0.930805 0.285964
vt 0.952898 0.250000
vt 0.945156 0.250000
vt 0.934347 0.250000
vt 0.934359 0.250000
vt 0.934347 0.250000
vt 0.948999 0.210417
vt 0.941406 0.211927
vt 0.930805 0.214036
vt 0.930816 0.214033
vt 0.930805 0.214036
vt 0.937454 0.172354
vt 0.930301 0.175317
vt 0.920315 0.179453
vt 0.920325 0.179449
vt 0.920315 0.179453
vt 0.918704 0.137276
vt 0.912267 0.141577
vt 0.903289 0.147576
vt 0.903279 0.147582
vt 0.893471 0.106529
vt 0.887996 0.112003
vt 0.880353 0.119647
vt 0.880361 0.119639
vt 0.880353 0.119647
vt 0.862724 0.081296
vt 0.858423 0.087733
vt 0.852418 0.096721
vt 0.852424 0.096711
vt 0.852418 0.096721
vt 0.827646 0.062546
vt 0.824683 0.069699
vt 0.820547 0.079685
vt 0.820551 0.079675
vt 0.820547 0.079685
vt 0.789584 0.051000
vt 0.788073 0.058593
vt 0.785965 0.069195
vt 0.785967 0.069184
vt 0.750000 0.047102
vt 0.750000 0.054843
vt 0.750000 0.065653
vt 0.750000 0.065641
vt 0.750000 0.065653
vt 0.710417 0.051000
vt 0.711927 0.058593
vt 0.714036 0.069195
vt 0.714034 0.069184
vt 0.714036 0.069195
vt 0.672354 0.062546
vt 0.675317 0.069699
vt 0.679453 0.079685
vt 0.679449 0.079675
vt 0.679453 0.079685
vt 0.637276 0.081296
vt 0.641577 0.087733
vt 0.647582 0.096721
vt 0.647576 0.096711
vt 0.647582 0.096721
vt 0.606529 0.106529
vt 0.612004 0.112004
vt 0.619647 0.119647
vt 0.619639 0.119639
vt 0.619647 0.119647
vt 0.581296 0.137276
vt 0.587733 0.141577
vt 0.596721 0.147582
vt 0.596711 0.147576
vt 0.596721 0.147582
vt 0.562546 0.172354
vt 0.569699 0.175317
vt 0.579685 0.179453
vt 0.579675 0.179449
vt 0.579685 0.179453
vt 0.551000 0.210417
vt 0.558593 0.211927
vt 0.569195 0.214036
vt 0.569184 0.214033
vt 0.569195 0.214036
vt 0.547102 0.250000
vt 0.554844 0.250000
vt 0.565641 0.250000
vt 0.565653 0.250000
vt 0.551000 0.289584
vt 0.558593 0.288073
vt 0.569195 0.285964
vt 0.569184 0.285967
vt 0.569195 0.285964
vt 0.562546 0.327646
vt 0.569699 0.324683
vt 0.579685 0.320547
vt 0.579675 0.320551
vt 0.579685 0.320547
vt 0.581296 0.362724
vt 0.587733 0.358423
vt 0.596721 0.352418
vt 0.596711 0.352424
vt 0.596721 0.352418
vt 0.606529 0.393471
vt 0.612004 0.387997
vt 0.619647 0.380353
vt 0.619639 0.380361
vt 0.637276 0.418704
vt 0.641577 0.412267
vt 0.647582 0.403279
vt 0.647576 0.403289
vt 0.647582 0.403279
vt 0.672354 0.437454
vt 0.675317 0.430301
vt 0.679453 0.420315
vt 0.679449 0.420325
vt 0.679453 0.420315
vt 0.710416 0.449000
vt 0.711927 0.441407
vt 0.714036 0.430805
vt 0.714034 0.430816
vt 0.714036 0.430805
vt 0.474689 0.000000
vt 0.625000 0.000000
vt 0.625000 0.250000
vt 0.474689 0.250000
vt 0.474689 0.500000
vt 0.532975 0.444844
vt 0.556939 0.375000
vt 0.532975 0.305156
vt 0.625000 0.750000
vt 0.474689 0.750000
vt 0.474689 1.000000
vt 0.532975 0.944844
vt 0.556939 0.875000
vt 0.532975 0.805156
vt 0.835981 0.710981
vt 0.835982 0.539019
vt 0.875000 0.750000
vt 0.664019 0.539019
vt 0.664019 0.710982
vt 0.664019 0.637283
vt 0.835981 0.637283
vt 0.664019 0.547207
vt 0.835981 0.702793
vt 0.835981 0.702793
vt 0.835982 0.547207
vt 0.835982 0.547207
vt 0.835982 0.555396
vt 0.835982 0.555396
vt 0.835982 0.563585
vt 0.835982 0.563585
vt 0.835982 0.571773
vt 0.835982 0.571773
vt 0.835982 0.579962
vt 0.835982 0.579962
vt 0.835982 0.588151
vt 0.835981 0.592245
vt 0.835981 0.596339
vt 0.835981 0.604528
vt 0.835981 0.604528
vt 0.835981 0.608623
vt 0.835981 0.612717
vt 0.835981 0.620906
vt 0.835981 0.620906
vt 0.835981 0.629094
vt 0.835981 0.637283
vt 0.835981 0.645472
vt 0.835981 0.653660
vt 0.835981 0.653660
vt 0.835981 0.661849
vt 0.835981 0.670038
vt 0.835981 0.678227
vt 0.835981 0.686415
vt 0.835981 0.694604
vt 0.664019 0.702793
vt 0.664019 0.702793
vt 0.664019 0.694604
vt 0.664019 0.686415
vt 0.664019 0.678227
vt 0.664019 0.678227
vt 0.664018 0.670038
vt 0.664019 0.661849
vt 0.664019 0.653661
vt 0.664019 0.645472
vt 0.664019 0.645472
vt 0.664019 0.629094
vt 0.664019 0.629094
vt 0.664019 0.620906
vt 0.664019 0.612717
vt 0.664019 0.612717
vt 0.664019 0.608623
vt 0.664019 0.604528
vt 0.664019 0.608623
vt 0.664019 0.596340
vt 0.664019 0.596339
vt 0.664019 0.592245
vt 0.664019 0.588151
vt 0.664019 0.592245
vt 0.664019 0.579962
vt 0.664019 0.571773
vt 0.664019 0.563585
vt 0.664019 0.555396
vt 0.664019 0.595428
vt 0.835982 0.595428
vt 0.664019 0.594563
vt 0.835981 0.594563
vt 0.664019 0.593787
vt 0.835982 0.593787
vt 0.664019 0.592457
vt 0.835982 0.592457
vt 0.664019 0.592332
vt 0.835981 0.592331
vt 0.664019 0.592266
vt 0.835982 0.592266
vt 0.664019 0.592245
vt 0.835981 0.592245
vt 0.835981 0.608623
vt 0.664019 0.608602
vt 0.835981 0.608602
vt 0.664019 0.608536
vt 0.835981 0.608536
vt 0.664019 0.608411
vt 0.835982 0.608411
vt 0.664019 0.607081
vt 0.835981 0.607081
vt 0.664019 0.606305
vt 0.835982 0.606305
vt 0.664018 0.605439
vt 0.835981 0.605439
vt 1.000000 0.611247
vt 0.968750 0.611247
vt 0.968750 0.798682
vt 1.000000 0.798682
vt 0.943085 0.611247
vt 0.943085 0.798682
vt 0.056915 0.798682
vt 0.056915 0.611247
vt 0.031250 0.611247
vt 0.031250 0.798682
vt 0.000000 0.611247
vt 0.000000 0.798682
vt 0.000000 0.000000
s 1
usemtl red
f 1/1/1 2/2/1 4/3/2 3/4/2
f 3/4/2 4/3/2 6/5/3 5/6/3
f 5/6/3 6/5/3 8/7/4 7/8/4
f 7/8/4 8/7/4 10/9/5 9/10/5
f 9/10/5 10/9/5 12/11/6 11/12/6
f 11/12/6 12/11/6 14/13/7 13/14/7
f 13/14/7 14/13/7 16/15/8 15/16/8
f 15/16/8 16/15/8 18/17/9 17/18/9
f 17/18/9 18/17/9 20/19/10 19/20/10
f 19/20/10 20/19/10 22/21/11 21/22/11
f 21/22/11 22/21/11 24/23/12 23/24/12
f 23/24/12 24/23/12 26/25/13 25/26/13
f 25/26/13 26/25/13 28/27/14 27/28/14
f 27/28/14 28/27/14 30/29/15 29/30/15
f 29/30/15 30/29/15 32/31/16 31/32/16
f 31/32/16 32/31/16 34/33/17 33/34/17
f 33/34/17 34/33/17 36/35/18 35/36/18
f 35/36/18 36/35/18 38/37/19 37/38/19
f 37/38/19 38/37/19 40/39/20 39/40/20
f 39/40/20 40/39/20 42/41/21 41/42/21
f 41/42/21 42/41/21 44/43/22 43/44/22
f 43/44/22 44/43/22 46/45/23 45/46/23
f 45/46/23 46/45/23 48/47/24 47/48/24
f 47/48/24 48/47/24 50/49/25 49/50/25
f 49/50/25 50/49/25 52/51/26 51/52/26
f 51/52/26 52/51/26 54/53/27 53/54/27
f 53/54/27 54/53/27 56/55/28 55/56/28
f 55/56/28 56/55/28 58/57/29 57/58/29
f 57/58/29 58/57/29 60/59/30 59/60/30
f 59/60/30 60/59/30 62/61/31 61/62/31
f 61/62/31 62/61/31 64/63/32 63/64/32
f 63/64/32 64/63/32 2/65/1 1/66/1
f 66/67/33 69/68/34 71/69/35 68/70/36
f 68/70/36 71/69/35 72/71/37 67/72/38
f 67/72/38 72/71/37 70/73/39 65/74/40
f 74/75/41 66/67/33 68/70/36 76/76/42
f 76/76/42 68/70/36 67/72/38 75/77/43
f 75/77/43 67/72/38 65/74/40 73/78/44
f 78/79/45 74/75/41 76/76/42 80/80/46
f 80/80/46 76/76/42 75/77/43 79/81/47
f 79/81/47 75/77/43 73/78/44 77/82/48
f 82/83/49 78/79/45 80/80/46 84/84/50
f 84/84/50 80/80/46 79/81/47 83/85/51
f 83/85/51 79/81/47 77/82/48 81/86/52
f 86/87/53 82/83/49 84/84/50 88/88/54
f 88/88/54 84/84/50 83/85/51 87/89/55
f 87/89/55 83/85/51 81/86/52 85/90/56
f 90/91/57 86/87/53 88/88/54 92/92/58
f 92/92/58 88/88/54 87/89/55 91/93/59
f 91/93/59 87/89/55 85/90/56 89/94/60
f 94/95/61 90/91/57 92/92/58 96/96/62
f 96/96/62 92/92/58 91/93/59 95/97/63
f 95/97/63 91/93/59 89/94/60 93/98/64
f 98/99/65 94/95/61 96/96/62 100/100/66
f 100/100/66 96/96/62 95/97/63 99/101/67
f 99/101/67 95/97/63 93/98/64 97/102/68
f 102/103/69 98/99/65 100/100/66 104/104/70
f 104/104/70 100/100/66 99/101/67 103/105/71
f 103/105/71 99/101/67 97/102/68 101/106/72
f 106/107/73 102/103/69 104/104/70 108/108/74
f 108/108/74 104/104/70 103/105/71 107/109/75
f 107/109/75 103/105/71 101/106/72 105/110/76
f 110/111/77 106/107/73 108/108/74 112/112/78
f 112/112/78 108/108/74 107/109/75 111/113/79
f 111/113/79 107/109/75 105/110/76 109/114/80
f 114/115/81 110/111/77 112/112/78 116/116/82
f 116/116/82 112/112/78 111/113/79 115/117/83
f 115/117/83 111/113/79 109/114/80 113/118/84
f 118/119/85 114/115/81 116/116/82 120/120/86
f 120/120/86 116/116/82 115/117/83 119/121/87
f 119/121/87 115/117/83 113/118/84 117/122/88
f 122/123/89 118/119/85 120/120/86 124/124/90
f 124/124/90 120/120/86 119/121/87 123/125/91
f 123/125/91 119/121/87 117/122/88 121/126/92
f 126/127/93 122/123/89 124/124/90 128/128/94
f 128/128/94 124/124/90 123/125/91 127/129/95
f 127/129/95 123/125/91 121/126/92 125/130/96
f 130/131/97 126/127/93 128/128/94 132/132/98
f 132/132/98 128/128/94 127/129/95 131/133/99
f 131/133/99 127/129/95 125/130/96 129/134/100
f 134/135/101 130/131/97 132/132/98 136/136/102
f 136/136/102 132/132/98 131/133/99 135/137/103
f 135/137/103 131/133/99 129/134/100 133/138/104
f 138/139/105 134/135/101 136/136/102 140/140/106
f 140/140/106 136/136/102 135/137/103 139/141/107
f 139/141/107 135/137/103 133/138/104 137/142/108
f 142/143/109 138/139/105 140/140/106 144/144/110
f 144/144/110 140/140/106 139/141/107 143/145/111
f 143/145/111 139/141/107 137/142/108 141/146/112
f 146/147/113 142/143/109 144/144/110 148/148/114
f 148/148/114 144/144/110 143/145/111 147/149/115
f 147/149/115 143/145/111 141/146/112 145/150/116
f 150/151/117 146/147/113 148/148/114 152/152/118
f 152/152/118 148/148/114 147/149/115 151/153/119
f 151/153/119 147/149/115 145/150/116 149/154/120
f 154/155/121 150/151/117 152/152/118 156/156/122
f 156/156/122 152/152/118 151/153/119 155/157/123
f 155/157/123 151/153/119 149/154/120 153/158/124
f 158/159/125 154/155/121 156/156/122 160/160/126
f 160/160/126 156/156/122 155/157/123 159/161/127
f 159/161/127 155/157/123 153/158/124 157/162/128
f 162/163/129 158/159/125 160/160/126 164/164/130
f 164/164/130 160/160/126 159/161/127 163/165/131
f 163/165/131 159/161/127 157/162/128 161/166/132
f 166/167/133 162/163/129 164/164/130 168/168/134
f 168/168/134 164/164/130 163/165/131 167/169/135
f 167/169/135 163/165/131 161/166/132 165/170/136
f 170/171/137 166/167/133 168/168/134 172/172/138
f 172/172/138 168/168/134 167/169/135 171/173/139
f 171/173/139 167/169/135 165/170/136 169/174/140
f 174/175/141 170/171/137 172/172/138 176/176/142
f 176/176/142 172/172/138 171/173/139 175/177/143
f 175/177/143 171/173/139 169/174/140 173/178/144
f 178/179/145 174/175/141 176/176/142 180/180/146
f 180/180/146 176/176/142 175/177/143 179/181/147
f 179/181/147 175/177/143 173/178/144 177/182/148
f 182/183/149 178/179/145 180/180/146 184/184/150
f 184/184/150 180/180/146 179/181/147 183/185/151
f 183/185/151 179/181/147 177/182/148 181/186/152
f 186/187/153 182/183/149 184/184/150 188/188/154
f 188/188/154 184/184/150 183/185/151 187/189/155
f 187/189/155 183/185/151 181/186/152 185/190/156
f 190/191/157 186/187/153 188/188/154 192/192/158
f 192/192/158 188/188/154 187/189/155 191/193/159
f 191/193/159 187/189/155 185/190/156 189/194/160
f 69/68/34 190/191/157 192/192/158 71/69/35
f 71/69/35 192/192/158 191/193/159 72/71/37
f 72/71/37 191/193/159 189/194/160 70/73/39
f 65/74/40 70/73/39 189/194/160 185/190/156 181/186/152 177/182/148 173/178/144 169/174/140 165/170/136 161/166/132 157/162/128 153/158/124 149/154/120 145/150/116 141/146/112 137/142/108 133/138/104 129/134/100 125/130/96 121/126/92 117/122/88 113/118/84 109/114/80 105/110/76 101/106/72 97/102/68 93/98/64 89/94/60 85/90/56 81/86/52 77/82/48 73/78/44
f 194/195/161 197/2/162 199/196/163 196/3/164
f 196/197/164 199/198/163 200/199/165 195/200/166
f 195/200/166 200/199/165 198/201/167 193/202/168
f 202/203/169 194/195/161 196/3/164 204/204/170
f 204/205/170 196/197/164 195/200/166 203/206/171
f 203/206/171 195/200/166 193/202/168 201/207/172
f 206/208/173 202/203/169 204/204/170 208/7/174
f 208/209/174 204/205/170 203/206/171 207/210/175
f 207/210/175 203/206/171 201/207/172 205/211/176
f 210/212/177 206/208/173 208/7/174 212/213/178
f 212/214/178 208/209/174 207/210/175 211/215/179
f 211/215/179 207/210/175 205/211/176 209/216/180
f 214/217/181 210/212/177 212/213/178 216/11/182
f 216/218/182 212/214/178 211/215/179 215/219/183
f 215/219/183 211/215/179 209/216/180 213/220/184
f 218/221/185 214/217/181 216/11/182 220/13/186
f 220/222/186 216/218/182 215/219/183 219/223/187
f 219/223/187 215/219/183 213/220/184 217/224/188
f 222/15/189 218/221/185 220/13/186 224/225/190
f 224/226/190 220/222/186 219/223/187 223/227/191
f 223/227/191 219/223/187 217/224/188 221/228/192
f 226/17/193 222/15/189 224/225/190 228/17/194
f 228/229/194 224/226/190 223/227/191 227/230/195
f 227/230/195 223/227/191 221/228/192 225/231/196
f 230/232/197 226/17/193 228/17/194 232/19/198
f 232/233/198 228/229/194 227/230/195 231/234/199
f 231/234/199 227/230/195 225/231/196 229/235/200
f 234/236/201 230/232/197 232/19/198 236/21/202
f 236/237/202 232/233/198 231/234/199 235/238/203
f 235/238/203 231/234/199 229/235/200 233/239/204
f 238/240/205 234/236/201 236/21/202 240/240/206
f 240/241/206 236/237/202 235/238/203 239/242/207
f 239/242/207 235/238/203 233/239/204 237/243/208
f 242/244/209 238/240/205 240/240/206 244/25/210
f 244/245/210 240/241/206 239/242/207 243/246/211
f 243/246/211 239/242/207 237/243/208 241/247/212
f 246/248/213 242/244/209 244/25/210 248/248/214
f 248/249/214 244/245/210 243/246/211 247/250/215
f 247/250/215 243/246/211 241/247/212 245/251/216
f 250/29/217 246/248/213 248/248/214 252/252/218
f 252/253/218 248/249/214 247/250/215 251/254/219
f 251/254/219 247/250/215 245/251/216 249/255/220
f 254/31/221 250/29/217 252/252/218 256/256/222
f 256/257/222 252/253/218 251/254/219 255/258/223
f 255/258/223 251/254/219 249/255/220 253/259/224
f 258/33/225 254/31/221 256/256/222 260/260/226
f 260/261/226 256/257/222 255/258/223 259/262/227
f 259/262/227 255/258/223 253/259/224 257/263/228
f 262/264/229 258/33/225 260/260/226 264/35/230
f 264/265/230 260/261/226 259/262/227 263/266/231
f 263/266/231 259/262/227 257/263/228 261/267/232
f 266/37/233 262/264/229 264/35/230 268/268/234
f 268/269/234 264/265/230 263/266/231 267/270/235
f 267/270/235 263/266/231 261/267/232 265/271/236
f 270/272/237 266/37/233 268/268/234 272/39/238
f 272/273/238 268/269/234 267/270/235 271/274/239
f 271/274/239 267/270/235 265/271/236 269/275/240
f 274/276/241 270/272/237 272/39/238 276/277/242
f 276/278/242 272/273/238 271/274/239 275/279/243
f 275/279/243 271/274/239 269/275/240 273/280/244
f 278/281/245 274/276/241 276/277/242 280/282/246
f 280/283/246 276/278/242 275/279/243 279/284/247
f 279/284/247 275/279/243 273/280/244 277/285/248
f 282/45/249 278/281/245 280/282/246 284/286/250
f 284/287/250 280/283/246 279/284/247 283/288/251
f 283/288/251 279/284/247 277/285/248 281/289/252
f 286/47/253 282/45/249 284/286/250 288/47/254
f 288/290/254 284/287/250 283/288/251 287/291/255
f 287/291/255 283/288/251 281/289/252 285/292/256
f 290/49/257 286/47/253 288/47/254 292/49/258
f 292/293/258 288/290/254 287/291/255 291/294/259
f 291/294/259 287/291/255 285/292/256 289/295/260
f 294/296/261 290/49/257 292/49/258 296/51/262
f 296/297/262 292/293/258 291/294/259 295/298/263
f 295/298/263 291/294/259 289/295/260 293/299/264
f 298/53/265 294/296/261 296/51/262 300/53/266
f 300/300/266 296/297/262 295/298/263 299/301/267
f 299/301/267 295/298/263 293/299/264 297/302/268
f 302/303/269 298/53/265 300/53/266 304/55/270
f 304/304/270 300/300/266 299/301/267 303/305/271
f 303/305/271 299/301/267 297/302/268 301/306/272
f 306/57/273 302/303/269 304/55/270 308/57/274
f 308/307/274 304/304/270 303/305/271 307/308/275
f 307/308/275 303/305/271 301/306/272 305/309/276
f 310/310/277 306/57/273 308/57/274 312/59/278
f 312/311/278 308/307/274 307/308/275 311/312/279
f 311/312/279 307/308/275 305/309/276 309/313/280
f 314/61/281 310/310/277 312/59/278 316/61/282
f 316/314/282 312/311/278 311/312/279 315/315/283
f 315/315/283 311/312/279 309/313/280 313/316/284
f 318/63/285 314/61/281 316/61/282 320/317/286
f 320/318/286 316/314/282 315/315/283 319/319/287
f 319/319/287 315/315/283 313/316/284 317/320/288
f 197/65/162 318/63/285 320/317/286 199/321/163
f 199/198/163 320/318/286 319/319/287 200/199/165
f 200/199/165 319/319/287 317/320/288 198/201/167
f 69/68/34 66/67/33 193/202/168 198/201/167
f 6/5/3 4/3/2 194/195/161 202/203/169
f 4/3/2 2/2/1 197/2/162 194/195/161
f 66/67/33 74/75/41 201/207/172 193/202/168
f 190/191/157 69/68/34 198/201/167 317/320/288
f 2/65/1 64/63/32 318/63/285 197/65/162
f 8/7/4 6/5/3 202/203/169 206/208/173
f 74/75/41 78/79/45 205/211/176 201/207/172
f 10/9/5 8/7/4 206/208/173 210/212/177
f 78/79/45 82/83/49 209/216/180 205/211/176
f 12/11/6 10/9/5 210/212/177 214/217/181
f 82/83/49 86/87/53 213/220/184 209/216/180
f 14/13/7 12/11/6 214/217/181 218/221/185
f 86/87/53 90/91/57 217/224/188 213/220/184
f 16/15/8 14/13/7 218/221/185 222/15/189
f 90/91/57 94/95/61 221/228/192 217/224/188
f 18/17/9 16/15/8 222/15/189 226/17/193
f 94/95/61 98/99/65 225/231/196 221/228/192
f 20/19/10 18/17/9 226/17/193 230/232/197
f 98/99/65 102/103/69 229/235/200 225/231/196
f 22/21/11 20/19/10 230/232/197 234/236/201
f 102/103/69 106/107/73 233/239/204 229/235/200
f 24/23/12 22/21/11 234/236/201 238/240/205
f 106/107/73 110/111/77 237/243/208 233/239/204
f 26/25/13 24/23/12 238/240/205 242/244/209
f 110/111/77 114/115/81 241/247/212 237/243/208
f 28/27/14 26/25/13 242/244/209 246/248/213
f 114/115/81 118/119/85 245/251/216 241/247/212
f 30/29/15 28/27/14 246/248/213 250/29/217
f 118/119/85 122/123/89 249/255/220 245/251/216
f 32/31/16 30/29/15 250/29/217 254/31/221
f 122/123/89 126/127/93 253/259/224 249/255/220
f 34/33/17 32/31/16 254/31/221 258/33/225
f 126/127/93 130/131/97 257/263/228 253/259/224
f 36/35/18 34/33/17 258/33/225 262/264/229
f 130/131/97 134/135/101 261/267/232 257/263/228
f 38/37/19 36/35/18 262/264/229 266/37/233
f 134/135/101 138/139/105 265/271/236 261/267/232
f 40/39/20 38/37/19 266/37/233 270/272/237
f 138/139/105 142/143/109 269/275/240 265/271/236
f 42/41/21 40/39/20 270/272/237 274/276/241
f 142/143/109 146/147/113 273/280/244 269/275/240
f 44/43/22 42/41/21 274/276/241 278/281/245
f 146/147/113 150/151/117 277/285/248 273/280/244
f 46/45/23 44/43/22 278/281/245 282/45/249
f 150/151/117 154/155/121 281/289/252 277/285/248
f 48/47/24 46/45/23 282/45/249 286/47/253
f 154/155/121 158/159/125 285/292/256 281/289/252
f 50/49/25 48/47/24 286/47/253 290/49/257
f 158/159/125 162/163/129 289/295/260 285/292/256
f 52/51/26 50/49/25 290/49/257 294/296/261
f 162/163/129 166/167/133 293/299/264 289/295/260
f 54/53/27 52/51/26 294/296/261 298/53/265
f 166/167/133 170/171/137 297/302/268 293/299/264
f 56/55/28 54/53/27 298/53/265 302/303/269
f 170/171/137 174/175/141 301/306/272 297/302/268
f 58/57/29 56/55/28 302/303/269 306/57/273
f 174/175/141 178/179/145 305/309/276 301/306/272
f 60/59/30 58/57/29 306/57/273 310/310/277
f 178/179/145 182/183/149 309/313/280 305/309/276
f 62/61/31 60/59/30 310/310/277 314/61/281
f 182/183/149 186/187/153 313/316/284 309/313/280
f 64/63/32 62/61/31 314/61/281 318/63/285
f 186/187/153 190/191/157 317/320/288 313/316/284
usemtl black
f 322/1/289 325/4/290 327/322/291 324/1/292
f 324/1/293 327/322/294 328/323/295 323/324/296
f 323/324/296 328/323/295 326/322/297 321/325/298
f 325/4/290 329/326/299 331/327/300 327/322/291
f 327/322/294 331/327/301 332/328/302 328/323/295
f 328/323/295 332/328/302 330/6/303 326/322/297
f 329/326/299 333/8/304 335/8/305 331/327/300
f 331/327/301 335/8/306 336/8/307 332/328/302
f 332/328/302 336/8/307 334/8/308 330/6/303
f 333/8/304 337/329/309 339/330/310 335/8/305
f 335/8/306 339/330/311 340/330/312 336/8/307
f 336/8/307 340/330/312 338/329/313 334/8/308
f 337/329/309 341/331/314 343/12/315 339/330/310
f 339/330/311 343/12/316 344/12/317 340/330/312
f 340/330/312 344/12/317 342/332/318 338/329/313
f 341/331/314 345/333/319 347/14/320 343/12/315
f 343/12/316 347/14/321 348/334/322 344/12/317
f 344/12/317 348/334/322 346/335/323 342/332/318
f 345/333/319 349/336/324 351/337/325 347/14/320
f 347/14/321 351/337/326 352/338/327 348/334/322
f 348/334/322 352/338/327 350/339/328 346/335/323
f 349/336/324 353/18/329 355/18/330 351/337/325
f 351/337/326 355/18/331 356/340/332 352/338/327
f 352/338/327 356/340/332 354/18/333 350/339/328
f 353/18/329 357/20/334 359/341/335 355/18/330
f 355/18/331 359/341/336 360/20/337 356/340/332
f 356/340/332 360/20/337 358/342/338 354/18/333
f 357/20/334 361/343/339 363/22/340 359/341/335
f 359/341/336 363/22/341 364/344/342 360/20/337
f 360/20/337 364/344/342 362/344/343 358/342/338
f 361/343/339 365/24/344 367/24/345 363/22/340
f 363/22/341 367/24/346 368/345/347 364/344/342
f 364/344/342 368/345/347 366/346/348 362/344/343
f 365/24/344 369/26/349 371/347/350 367/24/345
f 367/24/346 371/347/351 372/348/352 368/345/347
f 368/345/347 372/348/352 370/349/353 366/346/348
f 369/26/349 373/28/354 375/28/355 371/347/350
f 371/347/351 375/28/356 376/350/357 372/348/352
f 372/348/352 376/350/357 374/351/358 370/349/353
f 373/28/354 377/30/359 379/30/360 375/28/355
f 375/28/356 379/30/361 380/352/362 376/350/357
f 376/350/357 380/352/362 378/30/363 374/351/358
f 377/30/359 381/353/364 383/32/365 379/30/360
f 379/30/361 383/32/366 384/353/367 380/352/362
f 380/352/362 384/353/367 382/32/368 378/30/363
f 381/353/364 385/34/369 387/34/370 383/32/365
f 383/32/366 387/34/371 388/354/372 384/353/367
f 384/353/367 388/354/372 386/34/373 382/32/368
f 385/34/369 389/355/374 391/36/375 387/34/370
f 387/34/371 391/36/376 392/355/377 388/354/372
f 388/354/372 392/355/377 390/36/378 386/34/373
f 389/355/374 393/38/379 395/38/380 391/36/375
f 391/36/376 395/38/381 396/356/382 392/355/377
f 392/355/377 396/356/382 394/38/383 390/36/378
f 393/38/379 397/357/384 399/40/385 395/38/380
f 395/38/381 399/40/386 400/358/387 396/356/382
f 396/356/382 400/358/387 398/40/388 394/38/383
f 397/357/384 401/359/389 403/42/390 399/40/385
f 399/40/386 403/42/391 404/360/392 400/358/387
f 400/358/387 404/360/392 402/359/393 398/40/388
f 401/359/389 405/361/394 407/361/395 403/42/390
f 403/42/391 407/361/396 408/361/397 404/360/392
f 404/360/392 408/361/397 406/362/398 402/359/393
f 405/361/394 409/363/399 411/46/400 407/361/395
f 407/361/396 411/46/401 412/46/402 408/361/397
f 408/361/397 412/46/402 410/364/403 406/362/398
f 409/363/399 413/48/404 415/48/405 411/46/400
f 411/46/401 415/48/406 416/365/407 412/46/402
f 412/46/402 416/365/407 414/48/408 410/364/403
f 413/48/404 417/366/409 419/50/410 415/48/405
f 415/48/406 419/50/411 420/367/412 416/365/407
f 416/365/407 420/367/412 418/366/413 414/48/408
f 417/366/409 421/368/414 423/368/415 419/50/410
f 419/50/411 423/368/416 424/369/417 420/367/412
f 420/367/412 424/369/417 422/368/418 418/366/413
f 421/368/414 425/370/419 427/371/420 423/368/415
f 423/368/416 427/371/421 428/372/422 424/369/417
f 424/369/417 428/372/422 426/371/423 422/368/418
f 425/370/419 429/56/424 431/373/425 427/371/420
f 427/371/421 431/373/426 432/374/427 428/372/422
f 428/372/422 432/374/427 430/375/428 426/371/423
f 429/56/424 433/58/429 435/376/430 431/373/425
f 431/373/426 435/376/431 436/377/432 432/374/427
f 432/374/427 436/377/432 434/58/433 430/375/428
f 433/58/429 437/378/434 439/60/435 435/376/430
f 435/376/431 439/60/436 440/379/437 436/377/432
f 436/377/432 440/379/437 438/379/438 434/58/433
f 437/378/434 441/62/439 443/62/440 439/60/435
f 439/60/436 443/62/441 444/380/442 440/379/437
f 440/379/437 444/380/442 442/62/443 438/379/438
f 441/62/439 445/64/444 447/64/445 443/62/440
f 443/62/441 447/64/446 448/381/447 444/380/442
f 444/380/442 448/381/447 446/64/448 442/62/443
f 445/64/444 322/66/289 324/66/292 447/64/445
f 447/64/446 324/66/293 323/382/296 448/381/447
f 448/381/447 323/382/296 321/66/298 446/64/448
f 63/64/449 1/66/449 322/66/289 445/64/444
f 1/1/449 3/4/449 325/4/290 322/1/289
f 3/4/449 5/6/449 329/326/299 325/4/290
f 5/6/449 7/8/449 333/8/304 329/326/299
f 7/8/449 9/10/449 337/329/309 333/8/304
f 9/10/449 11/12/449 341/331/314 337/329/309
f 11/12/449 13/14/449 345/333/319 341/331/314
f 13/14/449 15/16/449 349/336/324 345/333/319
f 15/16/449 17/18/449 353/18/329 349/336/324
f 17/18/449 19/20/449 357/20/334 353/18/329
f 19/20/449 21/22/449 361/343/339 357/20/334
f 21/22/449 23/24/449 365/24/344 361/343/339
f 23/24/449 25/26/449 369/26/349 365/24/344
f 25/26/449 27/28/449 373/28/354 369/26/349
f 27/28/449 29/30/449 377/30/359 373/28/354
f 29/30/449 31/32/449 381/353/364 377/30/359
f 31/32/449 33/34/449 385/34/369 381/353/364
f 33/34/449 35/36/449 389/355/374 385/34/369
f 35/36/449 37/38/449 393/38/379 389/355/374
f 37/38/449 39/40/449 397/357/384 393/38/379
f 39/40/449 41/42/449 401/359/389 397/357/384
f 41/42/449 43/44/449 405/361/394 401/359/389
f 43/44/449 45/46/449 409/363/399 405/361/394
f 45/46/449 47/48/449 413/48/404 409/363/399
f 47/48/449 49/50/449 417/366/409 413/48/404
f 49/50/449 51/52/449 421/368/414 417/366/409
f 51/52/449 53/54/449 425/370/419 421/368/414
f 53/54/449 55/56/449 429/56/424 425/370/419
f 55/56/449 57/58/449 433/58/429 429/56/424
f 57/58/449 59/60/449 437/378/434 433/58/429
f 59/60/449 61/62/449 441/62/439 437/378/434
f 61/62/449 63/64/449 445/64/444 441/62/439
f 450/1/450 454/322/451 456/322/452 453/383/453
f 453/383/453 456/322/452 457/384/454 452/385/455
f 452/386/455 457/387/454 458/388/456 451/389/457
f 451/389/457 458/388/456 455/390/458 449/391/459
f 454/322/451 459/6/460 461/392/461 456/322/452
f 456/322/452 461/392/461 462/392/462 457/384/454
f 457/387/454 462/393/462 463/394/463 458/388/456
f 458/388/456 463/394/463 460/395/464 455/390/458
f 459/6/460 464/396/465 466/396/466 461/392/461
f 461/392/461 466/396/466 467/397/467 462/392/462
f 462/393/462 467/398/467 468/399/468 463/394/463
f 463/394/463 468/399/468 465/400/469 460/395/464
f 464/396/465 469/401/470 471/10/471 466/396/466
f 466/396/466 471/10/471 472/329/472 467/397/467
f 467/398/467 472/402/472 473/403/473 468/399/468
f 468/399/468 473/403/473 470/404/474 465/400/469
f 469/401/470 474/405/475 476/331/476 471/10/471
f 471/10/471 476/331/476 477/331/477 472/329/472
f 472/402/472 477/406/477 478/407/478 473/403/473
f 473/403/473 478/407/478 475/408/479 470/404/474
f 474/405/475 479/14/480 481/14/481 476/331/476
f 476/331/476 481/14/481 482/14/482 477/331/477
f 477/406/477 482/409/482 483/410/483 478/407/478
f 478/407/478 483/410/483 480/411/484 475/408/479
f 479/14/480 484/337/485 486/16/486 481/14/481
f 481/14/481 486/16/486 487/336/487 482/14/482
f 482/409/482 487/412/487 488/413/488 483/410/483
f 483/410/483 488/413/488 485/414/489 480/411/484
f 484/337/485 489/415/490 491/416/491 486/16/486
f 486/16/486 491/416/491 492/18/492 487/336/487
f 487/412/487 492/417/492 493/418/493 488/413/488
f 488/413/488 493/418/493 490/419/494 485/414/489
f 489/415/490 494/20/495 496/420/496 491/416/491
f 491/416/491 496/420/496 497/20/497 492/18/492
f 492/417/492 497/421/497 498/422/498 493/418/493
f 493/418/493 498/422/498 495/423/499 490/419/494
f 494/20/495 499/22/500 501/424/501 496/420/496
f 496/420/496 501/424/501 502/344/502 497/20/497
f 497/421/497 502/425/502 503/426/503 498/422/498
f 498/422/498 503/426/503 500/427/504 495/423/499
f 499/22/500 504/24/505 506/428/506 501/424/501
f 501/424/501 506/428/506 507/429/507 502/344/502
f 502/425/502 507/430/507 508/431/508 503/426/503
f 503/426/503 508/431/508 505/432/509 500/427/504
f 504/24/505 509/26/510 511/433/511 506/428/506
f 506/428/506 511/433/511 512/434/512 507/429/507
f 507/430/507 512/435/512 513/436/513 508/431/508
f 508/431/508 513/436/513 510/437/514 505/432/509
f 509/26/510 514/28/515 516/438/516 511/433/511
f 511/433/511 516/438/516 517/439/517 512/434/512
f 512/435/512 517/440/517 518/441/518 513/436/513
f 513/436/513 518/441/518 515/442/519 510/437/514
f 514/28/515 519/30/520 521/443/521 516/438/516
f 516/438/516 521/443/521 522/444/522 517/439/517
f 517/440/517 522/445/522 523/446/523 518/441/518
f 518/441/518 523/446/523 520/447/524 515/442/519
f 519/30/520 524/448/525 526/449/526 521/443/521
f 521/443/521 526/449/526 527/353/527 522/444/522
f 522/445/522 527/450/527 528/451/528 523/446/523
f 523/446/523 528/451/528 525/452/529 520/447/524
f 524/448/525 529/34/530 531/34/531 526/449/526
f 526/449/526 531/34/531 532/34/532 527/353/527
f 527/450/527 532/453/532 533/454/533 528/451/528
f 528/451/528 533/454/533 530/455/534 525/452/529
f 529/34/530 534/36/535 536/456/536 531/34/531
f 531/34/531 536/456/536 537/457/537 532/34/532
f 532/453/532 537/458/537 538/459/538 533/454/533
f 533/454/533 538/459/538 535/460/539 530/455/534
f 534/36/535 539/461/540 541/356/541 536/456/536
f 536/456/536 541/356/541 542/38/542 537/457/537
f 537/458/537 542/462/542 543/463/543 538/459/538
f 538/459/538 543/463/543 540/464/544 535/460/539
f 539/461/540 544/40/545 546/465/546 541/356/541
f 541/356/541 546/465/546 547/40/547 542/38/542
f 542/462/542 547/466/547 548/467/548 543/463/543
f 543/463/543 548/467/548 545/468/549 540/464/544
f 544/40/545 549/469/550 551/470/551 546/465/546
f 546/465/546 551/470/551 552/471/552 547/40/547
f 547/466/547 552/472/552 553/473/553 548/467/548
f 548/467/548 553/473/553 550/474/554 545/468/549
f 549/469/550 554/44/555 556/361/556 551/470/551
f 551/470/551 556/361/556 557/44/557 552/471/552
f 552/472/552 557/475/557 558/476/558 553/473/553
f 553/473/553 558/476/558 555/477/559 550/474/554
f 554/44/555 559/478/560 561/478/561 556/361/556
f 556/361/556 561/478/561 562/364/562 557/44/557
f 557/475/557 562/479/562 563/480/563 558/476/558
f 558/476/558 563/480/563 560/481/564 555/477/559
f 559/478/560 564/48/565 566/482/566 561/478/561
f 561/478/561 566/482/566 567/48/567 562/364/562
f 562/479/562 567/483/567 568/484/568 563/480/563
f 563/480/563 568/484/568 565/485/569 560/481/564
f 564/48/565 569/50/570 571/367/571 566/482/566
f 566/482/566 571/367/571 572/50/572 567/48/567
f 567/483/567 572/486/572 573/487/573 568/484/568
f 568/484/568 573/487/573 570/488/574 565/485/569
f 569/50/570 574/368/575 576/489/576 571/367/571
f 571/367/571 576/489/576 577/490/577 572/50/572
f 572/486/572 577/491/577 578/492/578 573/487/573
f 573/487/573 578/492/578 575/493/579 570/488/574
f 574/368/575 579/494/580 581/371/581 576/489/576
f 576/489/576 581/371/581 582/371/582 577/490/577
f 577/491/577 582/495/582 583/496/583 578/492/578
f 578/492/578 583/496/583 580/497/584 575/493/579
f 579/494/580 584/373/585 586/498/586 581/371/581
f 581/371/581 586/498/586 587/374/587 582/371/582
f 582/495/582 587/499/587 588/500/588 583/496/583
f 583/496/583 588/500/588 585/501/589 580/497/584
f 584/373/585 589/58/590 591/502/591 586/498/586
f 586/498/586 591/502/591 592/58/592 587/374/587
f 587/499/587 592/503/592 593/504/593 588/500/588
f 588/500/588 593/504/593 590/505/594 585/501/589
f 589/58/590 594/378/595 596/60/596 591/502/591
f 591/502/591 596/60/596 597/60/597 592/58/592
f 592/503/592 597/506/597 598/507/598 593/504/593
f 593/504/593 598/507/598 595/508/599 590/505/594
f 594/378/595 599/62/600 601/62/601 596/60/596
f 596/60/596 601/62/601 602/62/602 597/60/597
f 597/506/597 602/509/602 603/510/603 598/507/598
f 598/507/598 603/510/603 600/511/604 595/508/599
f 599/62/600 604/64/605 606/381/606 601/62/601
f 601/62/601 606/381/606 607/64/607 602/62/602
f 602/509/602 607/512/607 608/513/608 603/510/603
f 603/510/603 608/513/608 605/514/609 600/511/604
f 604/64/605 450/66/450 453/515/453 606/381/606
f 606/381/606 453/515/453 452/516/455 607/64/607
f 607/512/607 452/386/455 451/389/457 608/513/608
f 608/513/608 451/389/457 449/391/459 605/514/609
f 446/64/448 321/66/298 450/66/450 604/64/605
f 321/325/298 326/322/297 454/322/451 450/1/450
f 326/322/297 330/6/303 459/6/460 454/322/451
f 330/6/303 334/8/308 464/396/465 459/6/460
f 334/8/308 338/329/313 469/401/470 464/396/465
f 338/329/313 342/332/318 474/405/475 469/401/470
f 342/332/318 346/335/323 479/14/480 474/405/475
f 346/335/323 350/339/328 484/337/485 479/14/480
f 350/339/328 354/18/333 489/415/490 484/337/485
f 354/18/333 358/342/338 494/20/495 489/415/490
f 358/342/338 362/344/343 499/22/500 494/20/495
f 362/344/343 366/346/348 504/24/505 499/22/500
f 366/346/348 370/349/353 509/26/510 504/24/505
f 370/349/353 374/351/358 514/28/515 509/26/510
f 374/351/358 378/30/363 519/30/520 514/28/515
f 378/30/363 382/32/368 524/448/525 519/30/520
f 382/32/368 386/34/373 529/34/530 524/448/525
f 386/34/373 390/36/378 534/36/535 529/34/530
f 390/36/378 394/38/383 539/461/540 534/36/535
f 394/38/383 398/40/388 544/40/545 539/461/540
f 398/40/388 402/359/393 549/469/550 544/40/545
f 402/359/393 406/362/398 554/44/555 549/469/550
f 406/362/398 410/364/403 559/478/560 554/44/555
f 410/364/403 414/48/408 564/48/565 559/478/560
f 414/48/408 418/366/413 569/50/570 564/48/565
f 418/366/413 422/368/418 574/368/575 569/50/570
f 422/368/418 426/371/423 579/494/580 574/368/575
f 426/371/423 430/375/428 584/373/585 579/494/580
f 430/375/428 434/58/433 589/58/590 584/373/585
f 434/58/433 438/379/438 594/378/595 589/58/590
f 438/379/438 442/62/443 599/62/600 594/378/595
f 442/62/443 446/64/448 604/64/605 599/62/600
f 610/517/610 614/518/611 616/519/612 613/520/613
f 613/520/613 616/519/612 617/521/614 612/522/615
f 612/522/615 617/521/614 618/523/616 611/524/617
f 611/524/617 618/523/616 615/525/618 609/526/619
f 614/518/611 619/527/620 621/528/621 616/519/612
f 616/519/612 621/528/621 622/529/622 617/521/614
f 617/521/614 622/529/622 623/530/623 618/523/616
f 618/523/616 623/530/623 620/531/624 615/525/618
f 619/527/620 624/532/625 626/533/626 621/528/621
f 621/528/621 626/533/626 627/534/627 622/529/622
f 622/529/622 627/534/627 628/535/628 623/530/623
f 623/530/623 628/535/628 625/536/629 620/531/624
f 624/532/625 629/537/630 631/538/631 626/533/626
f 626/533/626 631/538/631 632/539/632 627/534/627
f 627/534/627 632/539/632 633/540/633 628/535/628
f 628/535/628 633/540/633 630/541/634 625/536/629
f 629/537/630 634/542/635 636/543/636 631/538/631
f 631/538/631 636/543/636 637/544/637 632/539/632
f 632/539/632 637/544/637 638/545/638 633/540/633
f 633/540/633 638/545/638 635/546/639 630/541/634
f 634/542/635 639/547/640 641/548/641 636/543/636
f 636/543/636 641/548/641 642/549/642 637/544/637
f 637/544/637 642/549/642 643/550/643 638/545/638
f 638/545/638 643/550/643 640/551/644 635/546/639
f 639/547/640 644/552/645 646/553/646 641/548/641
f 641/548/641 646/553/646 647/554/647 642/549/642
f 642/549/642 647/554/647 648/555/648 643/550/643
f 643/550/643 648/555/648 645/556/649 640/551/644
f 644/552/645 649/557/650 651/558/651 646/553/646
f 646/553/646 651/558/651 652/559/652 647/554/647
f 647/554/647 652/559/652 653/560/653 648/555/648
f 648/555/648 653/560/653 650/561/654 645/556/649
f 649/557/650 654/562/655 656/563/656 651/558/651
f 651/558/651 656/563/656 657/564/657 652/559/652
f 652/559/652 657/564/657 658/565/658 653/560/653
f 653/560/653 658/565/658 655/566/659 650/561/654
f 654/562/655 659/567/660 661/568/661 656/563/656
f 656/563/656 661/568/661 662/569/662 657/564/657
f 657/564/657 662/569/662 663/570/663 658/565/658
f 658/565/658 663/570/663 660/571/664 655/566/659
f 659/567/660 664/572/665 666/573/666 661/568/661
f 661/568/661 666/573/666 667/574/667 662/569/662
f 662/569/662 667/574/667 668/575/668 663/570/663
f 663/570/663 668/575/668 665/576/669 660/571/664
f 664/572/665 669/577/670 671/578/671 666/573/666
f 666/573/666 671/578/671 672/579/672 667/574/667
f 667/574/667 672/579/672 673/580/673 668/575/668
f 668/575/668 673/580/673 670/581/674 665/576/669
f 669/577/670 674/582/675 676/583/676 671/578/671
f 671/578/671 676/583/676 677/584/677 672/579/672
f 672/579/672 677/584/677 678/585/678 673/580/673
f 673/580/673 678/585/678 675/586/679 670/581/674
f 674/582/675 679/587/680 681/588/681 676/583/676
f 676/583/676 681/588/681 682/589/682 677/584/677
f 677/584/677 682/589/682 683/590/683 678/585/678
f 678/585/678 683/590/683 680/591/684 675/586/679
f 679/587/680 684/592/685 686/593/686 681/588/681
f 681/588/681 686/593/686 687/594/687 682/589/682
f 682/589/682 687/594/687 688/595/688 683/590/683
f 683/590/683 688/595/688 685/596/689 680/591/684
f 684/592/685 689/597/690 691/598/691 686/593/686
f 686/593/686 691/598/691 692/599/692 687/594/687
f 687/594/687 692/599/692 693/600/693 688/595/688
f 688/595/688 693/600/693 690/601/694 685/596/689
f 689/597/690 694/602/695 696/603/696 691/598/691
f 691/598/691 696/603/696 697/604/697 692/599/692
f 692/599/692 697/604/697 698/605/698 693/600/693
f 693/600/693 698/605/698 695/606/699 690/601/694
f 694/602/695 699/607/700 701/608/701 696/603/696
f 696/603/696 701/608/701 702/609/702 697/604/697
f 697/604/697 702/609/702 703/610/703 698/605/698
f 698/605/698 703/610/703 700/611/704 695/606/699
f 699/607/700 704/612/705 706/613/706 701/608/701
f 701/608/701 706/613/706 707/614/707 702/609/702
f 702/609/702 707/614/707 708/615/708 703/610/703
f 703/610/703 708/615/708 705/616/709 700/611/704
f 704/612/705 709/617/710 711/618/711 706/613/706
f 706/613/706 711/618/711 712/619/712 707/614/707
f 707/614/707 712/619/712 713/620/713 708/615/708
f 708/615/708 713/620/713 710/621/714 705/616/709
f 709/617/710 714/622/715 716/623/716 711/618/711
f 711/618/711 716/623/716 717/624/717 712/619/712
f 712/619/712 717/624/717 718/625/718 713/620/713
f 713/620/713 718/625/718 715/626/719 710/621/714
f 714/622/715 719/627/720 721/628/721 716/623/716
f 716/623/716 721/628/721 722/629/722 717/624/717
f 717/624/717 722/629/722 723/630/723 718/625/718
f 718/625/718 723/630/723 720/631/724 715/626/719
f 719/627/720 724/632/725 726/633/726 721/628/721
f 721/628/721 726/633/726 727/634/727 722/629/722
f 722/629/722 727/634/727 728/635/728 723/630/723
f 723/630/723 728/635/728 725/636/729 720/631/724
f 724/632/725 729/637/730 731/638/731 726/633/726
f 726/633/726 731/638/731 732/639/732 727/634/727
f 727/634/727 732/639/732 733/640/733 728/635/728
f 728/635/728 733/640/733 730/641/734 725/636/729
f 729/637/730 734/642/735 736/643/736 731/638/731
f 731/638/731 736/643/736 737/644/737 732/639/732
f 732/639/732 737/644/737 738/645/738 733/640/733
f 733/640/733 738/645/738 735/646/739 730/641/734
f 734/642/735 739/647/740 741/648/741 736/643/736
f 736/643/736 741/648/741 742/649/742 737/644/737
f 737/644/737 742/649/742 743/650/743 738/645/738
f 738/645/738 743/650/743 740/651/744 735/646/739
f 739/647/740 744/652/745 746/653/746 741/648/741
f 741/648/741 746/653/746 747/654/747 742/649/742
f 742/649/742 747/654/747 748/655/748 743/650/743
f 743/650/743 748/655/748 745/656/749 740/651/744
f 744/652/745 749/657/750 751/658/751 746/653/746
f 746/653/746 751/658/751 752/659/752 747/654/747
f 747/654/747 752/659/752 753/660/753 748/655/748
f 748/655/748 753/660/753 750/661/754 745/656/749
f 749/657/750 754/662/755 756/663/756 751/658/751
f 751/658/751 756/663/756 757/664/757 752/659/752
f 752/659/752 757/664/757 758/665/758 753/660/753
f 753/660/753 758/665/758 755/666/759 750/661/754
f 754/662/755 759/667/760 761/668/761 756/663/756
f 756/663/756 761/668/761 762/669/762 757/664/757
f 757/664/757 762/669/762 763/670/763 758/665/758
f 758/665/758 763/670/763 760/671/764 755/666/759
f 759/667/760 764/672/765 766/673/766 761/668/761
f 761/668/761 766/673/766 767/674/767 762/669/762
f 762/669/762 767/674/767 768/675/768 763/670/763
f 763/670/763 768/675/768 765/676/769 760/671/764
f 764/672/765 610/517/610 613/520/613 766/673/766
f 766/673/766 613/520/613 612/522/615 767/674/767
f 767/674/767 612/522/615 611/524/617 768/675/768
f 768/675/768 611/524/617 609/526/619 765/676/769
f 609/526/619 615/525/618 620/531/624 625/536/629 630/541/634 635/546/639 640/551/644 645/556/649 650/561/654 655/566/659 660/571/664 665/576/669 670/581/674 675/586/679 680/591/684 685/596/689 690/601/694 695/606/699 700/611/704 705/616/709 710/621/714 715/626/719 720/631/724 725/636/729 730/641/734 735/646/739 740/651/744 745/656/749 750/661/754 755/666/759 760/671/764 765/676/769
f 770/677/770 774/678/771 776/679/772 773/680/773
f 773/680/773 776/679/772 777/681/774 772/682/775
f 772/682/775 777/681/774 778/683/776 771/684/777
f 771/684/777 778/683/776 775/685/778 769/686/779
f 774/678/771 779/687/780 781/688/781 776/679/772
f 776/679/772 781/688/781 782/689/782 777/681/774
f 777/681/774 782/689/782 783/690/783 778/683/776
f 778/683/776 783/690/783 780/691/784 775/685/778
f 779/687/780 784/692/785 786/693/786 781/688/781
f 781/688/781 786/693/786 787/694/787 782/689/782
f 782/689/782 787/694/787 788/695/788 783/690/783
f 783/690/783 788/695/788 785/696/789 780/691/784
f 784/692/785 789/697/790 791/698/791 786/693/786
f 786/693/786 791/698/791 792/699/792 787/694/787
f 787/694/787 792/699/792 793/700/793 788/695/788
f 788/695/788 793/700/793 790/701/794 785/696/789
f 789/697/790 794/702/795 796/703/796 791/698/791
f 791/698/791 796/703/796 797/704/797 792/699/792
f 792/699/792 797/704/797 798/705/798 793/700/793
f 793/700/793 798/705/798 795/542/799 790/701/794
f 794/702/795 799/706/800 801/707/801 796/703/796
f 796/703/796 801/707/801 802/708/802 797/704/797
f 797/704/797 802/708/802 803/709/803 798/705/798
f 798/705/798 803/709/803 800/547/804 795/542/799
f 799/706/800 804/710/805 806/711/806 801/707/801
f 801/707/801 806/711/806 807/552/807 802/708/802
f 802/708/802 807/552/807 808/712/808 803/709/803
f 803/709/803 808/712/808 805/713/809 800/547/804
f 804/710/805 809/714/810 811/715/811 806/711/806
f 806/711/806 811/715/811 812/716/812 807/552/807
f 807/552/807 812/716/812 813/717/813 808/712/808
f 808/712/808 813/717/813 810/718/814 805/713/809
f 809/714/810 814/719/815 816/720/816 811/715/811
f 811/715/811 816/720/816 817/721/817 812/716/812
f 812/716/812 817/721/817 818/722/818 813/717/813
f 813/717/813 818/722/818 815/723/819 810/718/814
f 814/719/815 819/724/820 821/725/821 816/720/816
f 816/720/816 821/725/821 822/726/822 817/721/817
f 817/721/817 822/726/822 823/727/823 818/722/818
f 818/722/818 823/727/823 820/728/824 815/723/819
f 819/724/820 824/729/825 826/730/826 821/725/821
f 821/725/821 826/730/826 827/572/827 822/726/822
f 822/726/822 827/572/827 828/731/828 823/727/823
f 823/727/823 828/731/828 825/732/829 820/728/824
f 824/729/825 829/733/830 831/734/831 826/730/826
f 826/730/826 831/734/831 832/735/832 827/572/827
f 827/572/827 832/735/832 833/736/833 828/731/828
f 828/731/828 833/736/833 830/737/834 825/732/829
f 829/733/830 834/738/835 836/739/836 831/734/831
f 831/734/831 836/739/836 837/740/837 832/735/832
f 832/735/832 837/740/837 838/741/838 833/736/833
f 833/736/833 838/741/838 835/742/839 830/737/834
f 834/738/835 839/743/840 841/744/841 836/739/836
f 836/739/836 841/744/841 842/745/842 837/740/837
f 837/740/837 842/745/842 843/746/843 838/741/838
f 838/741/838 843/746/843 840/747/844 835/742/839
f 839/743/840 844/748/845 846/749/846 841/744/841
f 841/744/841 846/749/846 847/750/847 842/745/842
f 842/745/842 847/750/847 848/751/848 843/746/843
f 843/746/843 848/751/848 845/750/849 840/747/844
f 844/748/845 849/752/850 851/753/851 846/749/846
f 846/749/846 851/753/851 852/754/852 847/750/847
f 847/750/847 852/754/852 853/755/853 848/751/848
f 848/751/848 853/755/853 850/756/854 845/750/849
f 849/752/850 854/757/855 856/758/856 851/753/851
f 851/753/851 856/758/856 857/759/857 852/754/852
f 852/754/852 857/759/857 858/760/858 853/755/853
f 853/755/853 858/760/858 855/761/859 850/756/854
f 854/757/855 859/762/860 861/763/861 856/758/856
f 856/758/856 861/763/861 862/764/862 857/759/857
f 857/759/857 862/764/862 863/765/863 858/760/858
f 858/760/858 863/765/863 860/766/864 855/761/859
f 859/762/860 864/767/865 866/768/866 861/763/861
f 861/763/861 866/768/866 867/769/867 862/764/862
f 862/764/862 867/769/867 868/770/868 863/765/863
f 863/765/863 868/770/868 865/771/869 860/766/864
f 864/767/865 869/772/870 871/773/871 866/768/866
f 866/768/866 871/773/871 872/774/872 867/769/867
f 867/769/867 872/774/872 873/775/873 868/770/868
f 868/770/868 873/775/873 870/776/874 865/771/869
f 869/772/870 874/777/875 876/778/876 871/773/871
f 871/773/871 876/778/876 877/779/877 872/774/872
f 872/774/872 877/779/877 878/780/878 873/775/873
f 873/775/873 878/780/878 875/781/879 870/776/874
f 874/777/875 879/782/880 881/783/881 876/778/876
f 876/778/876 881/783/881 882/784/882 877/779/877
f 877/779/877 882/784/882 883/785/883 878/780/878
f 878/780/878 883/785/883 880/786/884 875/781/879
f 879/782/880 884/787/885 886/788/886 881/783/881
f 881/783/881 886/788/886 887/789/887 882/784/882
f 882/784/882 887/789/887 888/790/888 883/785/883
f 883/785/883 888/790/888 885/791/889 880/786/884
f 884/787/885 889/792/890 891/793/891 886/788/886
f 886/788/886 891/793/891 892/637/892 887/789/887
f 887/789/887 892/637/892 893/794/893 888/790/888
f 888/790/888 893/794/893 890/795/894 885/791/889
f 889/792/890 894/796/895 896/797/896 891/793/891
f 891/793/891 896/797/896 897/798/897 892/637/892
f 892/637/892 897/798/897 898/799/898 893/794/893
f 893/794/893 898/799/898 895/800/899 890/795/894
f 894/796/895 899/801/900 901/802/901 896/797/896
f 896/797/896 901/802/901 902/803/902 897/798/897
f 897/798/897 902/803/902 903/804/903 898/799/898
f 898/799/898 903/804/903 900/805/904 895/800/899
f 899/801/900 904/806/905 906/807/906 901/802/901
f 901/802/901 906/807/906 907/808/907 902/803/902
f 902/803/902 907/808/907 908/809/908 903/804/903
f 903/804/903 908/809/908 905/810/909 900/805/904
f 904/806/905 909/811/910 911/812/911 906/807/906
f 906/807/906 911/812/911 912/813/912 907/808/907
f 907/808/907 912/813/912 913/814/913 908/809/908
f 908/809/908 913/814/913 910/657/914 905/810/909
f 909/811/910 914/815/915 916/816/916 911/812/911
f 911/812/911 916/816/916 917/817/917 912/813/912
f 912/813/912 917/817/917 918/818/918 913/814/913
f 913/814/913 918/818/918 915/819/919 910/657/914
f 914/815/915 919/820/920 921/821/921 916/816/916
f 916/816/916 921/821/921 922/822/922 917/817/917
f 917/817/917 922/822/922 923/823/923 918/818/918
f 918/818/918 923/823/923 920/824/924 915/819/919
f 919/820/920 924/825/925 926/826/926 921/821/921
f 921/821/921 926/826/926 927/827/927 922/822/922
f 922/822/922 927/827/927 928/828/928 923/823/923
f 923/823/923 928/828/928 925/829/929 920/824/924
f 924/825/925 770/677/770 773/680/773 926/826/926
f 926/826/926 773/680/773 772/682/775 927/827/927
f 927/827/927 772/682/775 771/684/777 928/828/928
f 928/828/928 771/684/777 769/686/779 925/829/929
f 769/686/930 775/685/931 614/518/611 610/517/610
f 770/677/770 924/825/925 605/514/609 449/391/459
f 774/678/771 770/677/770 449/391/459 455/390/458
f 925/829/932 769/686/930 610/517/610 764/672/765
f 775/685/931 780/691/933 619/527/620 614/518/611
f 779/687/780 774/678/771 455/390/458 460/395/464
f 780/691/933 785/696/934 624/532/625 619/527/620
f 784/692/785 779/687/780 460/395/464 465/400/469
f 785/696/934 790/701/935 629/537/630 624/532/625
f 789/697/790 784/692/785 465/400/469 470/404/474
f 790/701/935 795/542/936 634/542/635 629/537/630
f 794/702/795 789/697/790 470/404/474 475/408/479
f 795/542/936 800/547/937 639/547/640 634/542/635
f 799/706/800 794/702/795 475/408/479 480/411/484
f 800/547/937 805/713/938 644/552/645 639/547/640
f 804/710/805 799/706/800 480/411/484 485/414/489
f 805/713/938 810/718/939 649/557/650 644/552/645
f 809/714/810 804/710/805 485/414/489 490/419/494
f 810/718/939 815/723/940 654/562/655 649/557/650
f 814/719/815 809/714/810 490/419/494 495/423/499
f 815/723/940 820/728/941 659/567/660 654/562/655
f 819/724/820 814/719/815 495/423/499 500/427/504
f 820/728/941 825/732/942 664/572/665 659/567/660
f 824/729/825 819/724/820 500/427/504 505/432/509
f 825/732/942 830/737/943 669/577/670 664/572/665
f 829/733/830 824/729/825 505/432/509 510/437/514
f 830/737/943 835/742/944 674/582/675 669/577/670
f 834/738/835 829/733/830 510/437/514 515/442/519
f 835/742/944 840/747/945 679/587/680 674/582/675
f 839/743/840 834/738/835 515/442/519 520/447/524
f 840/747/945 845/750/946 684/592/685 679/587/680
f 844/748/845 839/743/840 520/447/524 525/452/529
f 845/750/946 850/756/947 689/597/690 684/592/685
f 849/752/850 844/748/845 525/452/529 530/455/534
f 850/756/947 855/761/948 694/602/695 689/597/690
f 854/757/855 849/752/850 530/455/534 535/460/539
f 855/761/948 860/766/949 699/607/700 694/602/695
f 859/762/860 854/757/855 535/460/539 540/464/544
f 860/766/949 865/771/950 704/612/705 699/607/700
f 864/767/865 859/762/860 540/464/544 545/468/549
f 865/771/950 870/776/951 709/617/710 704/612/705
f 869/772/870 864/767/865 545/468/549 550/474/554
f 870/776/951 875/781/952 714/622/715 709/617/710
f 874/777/875 869/772/870 550/474/554 555/477/559
f 875/781/952 880/786/953 719/627/720 714/622/715
f 879/782/880 874/777/875 555/477/559 560/481/564
f 880/786/953 885/791/954 724/632/725 719/627/720
f 884/787/885 879/782/880 560/481/564 565/485/569
f 885/791/954 890/795/955 729/637/730 724/632/725
f 889/792/890 884/787/885 565/485/569 570/488/574
f 890/795/955 895/800/956 734/642/735 729/637/730
f 894/796/895 889/792/890 570/488/574 575/493/579
f 895/800/956 900/805/957 739/647/740 734/642/735
f 899/801/900 894/796/895 575/493/579 580/497/584
f 900/805/957 905/810/958 744/652/745 739/647/740
f 904/806/905 899/801/900 580/497/584 585/501/589
f 905/810/958 910/657/959 749/657/750 744/652/745
f 909/811/910 904/806/905 585/501/589 590/505/594
f 910/657/959 915/819/960 754/662/755 749/657/750
f 914/815/915 909/811/910 590/505/594 595/508/599
f 915/819/960 920/824/961 759/667/760 754/662/755
f 919/820/920 914/815/915 595/508/599 600/511/604
f 920/824/961 925/829/932 764/672/765 759/667/760
f 924/825/925 919/820/920 600/511/604 605/514/609
f 1117/830/25 933/831/25 934/832/25 1118/833/25
f 1118/833/962 934/832/962 935/26/962 1121/834/962 1122/835/962 1120/836/962 1119/837/962
f 1121/834/9 935/26/9 936/838/9 1123/839/9
f 1123/839/449 936/838/449 933/25/449 1117/840/449 1126/841/449 1124/842/449 1125/843/449
f 929/844/1 930/845/1 934/10/1 933/846/1
f 930/845/1 932/847/1 935/26/1 934/10/1
f 932/847/1 931/848/1 936/838/1 935/26/1
f 931/848/1 929/844/1 933/846/1 936/838/1
f 937/844/449 939/848/449 944/848/449 941/844/449
f 1016/849/962 993/850/962 1039/850/962 1061/849/962
f 940/847/962 938/845/962 942/845/962 943/847/962
f 965/851/9 940/847/9 943/847/9 1005/851/9
f 945/852/25 937/844/25 941/844/25 985/853/25
f 938/845/25 964/854/25 1004/855/25 942/845/25
f 964/854/25 963/856/25 1003/857/25 1004/855/25
f 963/856/25 962/858/25 1002/859/25 1003/857/25
f 962/858/25 961/860/25 1001/861/25 1002/859/25
f 961/860/25 960/862/25 1000/863/25 1001/861/25
f 960/862/25 959/864/25 999/864/25 1000/863/25
f 1075/865/25 958/866/25 998/866/25 1077/865/25
f 958/866/25 957/867/25 997/868/25 998/866/25
f 1069/869/25 956/870/25 996/870/25 1071/869/25
f 956/870/25 955/871/25 995/872/25 996/870/25
f 955/871/25 954/873/25 994/873/25 995/872/25
f 954/873/25 953/874/25 993/850/25 994/873/25
f 953/874/25 952/875/25 992/875/25 993/850/25
f 952/875/25 951/876/25 991/877/25 992/875/25
f 951/876/25 950/878/25 990/878/25 991/877/25
f 950/878/25 949/879/25 989/879/25 990/878/25
f 949/879/25 948/880/25 988/880/25 989/879/25
f 948/880/25 947/881/25 987/881/25 988/880/25
f 947/881/25 946/882/25 986/882/25 987/881/25
f 946/882/25 945/852/25 985/853/25 986/882/25
f 939/848/9 984/883/9 1024/884/9 944/848/9
f 984/883/9 983/885/9 1023/885/9 1024/884/9
f 983/885/9 982/886/9 1022/886/9 1023/885/9
f 982/886/9 981/887/9 1021/888/9 1022/886/9
f 981/887/9 980/889/9 1020/889/9 1021/888/9
f 980/889/9 979/890/9 1019/890/9 1020/889/9
f 979/890/9 978/891/9 1018/891/9 1019/890/9
f 978/891/9 977/892/9 1017/893/9 1018/891/9
f 977/892/9 976/849/9 1016/849/9 1017/893/9
f 976/849/9 975/894/9 1015/895/9 1016/849/9
f 975/894/9 974/896/9 1014/896/9 1015/895/9
f 974/896/9 973/897/9 1013/898/9 1014/896/9
f 1070/899/9 972/900/9 1012/900/9 1072/901/9
f 972/900/9 971/902/9 1011/903/9 1012/900/9
f 1076/904/9 970/905/9 1010/905/9 1078/906/9
f 970/905/9 969/907/9 1009/907/9 1010/905/9
f 969/907/9 968/908/9 1008/908/9 1009/907/9
f 968/908/9 967/909/9 1007/909/9 1008/908/9
f 967/909/9 966/910/9 1006/910/9 1007/909/9
f 966/910/9 965/851/9 1005/851/9 1006/910/9
f 995/872/25 994/873/25 1040/873/25 1041/872/25
f 1005/851/1 1004/855/1 1003/857/1 1006/910/1
f 994/873/449 1015/895/449 1060/895/449 1040/873/449
f 1007/909/1 1002/859/1 1001/861/1 1008/908/1
f 1021/888/9 1020/889/9 1065/889/9 1066/888/9
f 1009/907/1 1000/863/1 999/864/1 1010/905/1
f 941/844/449 944/848/449 1029/848/449 1030/844/449
f 1007/909/9 1006/910/9 1051/910/9 1052/909/9
f 1013/898/1 996/870/1 995/872/1 1014/896/1
f 1014/896/962 995/872/962 1041/872/962 1059/896/962
f 1015/895/1 994/873/1 993/850/1 1016/849/1
f 993/850/25 992/875/25 1038/875/25 1039/850/25
f 1017/893/1 992/875/1 991/877/1 1018/891/1
f 944/848/9 1024/884/9 1028/884/9 1029/848/9
f 1019/890/1 990/878/1 989/879/1 1020/889/1
f 996/870/449 1013/898/449 1058/898/449 1042/870/449
f 1021/888/1 988/880/1 987/881/1 1022/886/1
f 1019/890/9 1018/891/9 1063/891/9 1064/890/9
f 1023/885/1 986/882/1 985/853/1 1024/884/1
f 1028/884/1 1031/853/1 1030/844/1 1029/848/1
f 1027/847/1 1026/845/1 1025/855/1 1050/851/1
f 1051/910/1 1049/857/1 1048/859/1 1052/909/1
f 1053/908/1 1047/861/1 1046/863/1 1054/907/1
f 997/868/449 1012/900/449 1084/900/449 1081/868/449
f 1074/901/1 1073/869/1 1042/870/1 1058/898/1
f 1059/896/1 1041/872/1 1040/873/1 1060/895/1
f 1061/849/1 1039/850/1 1038/875/1 1062/893/1
f 1063/891/1 1037/877/1 1036/878/1 1064/890/1
f 1065/889/1 1035/879/1 1034/880/1 1066/888/1
f 1067/886/1 1033/881/1 1032/882/1 1068/885/1
f 1009/907/9 1008/908/9 1053/908/9 1054/907/9
f 1023/885/9 1022/886/9 1067/886/9 1068/885/9
f 992/875/449 1017/893/449 1062/893/449 1038/875/449
f 1071/869/25 996/870/25 1042/870/25 1073/869/25
f 1018/891/962 991/877/962 1037/877/962 1063/891/962
f 1078/906/9 1010/905/9 1055/905/9 1080/906/9
f 1004/855/449 1005/851/449 1050/851/449 1025/855/449
f 985/853/25 941/844/25 1030/844/25 1031/853/25
f 990/878/449 1019/890/449 1064/890/449 1036/878/449
f 1006/910/962 1003/857/962 1049/857/962 1051/910/962
f 1077/865/25 998/866/25 1044/866/25 1079/865/25
f 1020/889/962 989/879/962 1035/879/962 1065/889/962
f 1072/901/9 1012/900/9 1057/900/9 1074/901/9
f 1002/859/449 1007/909/449 1052/909/449 1048/859/449
f 987/881/25 986/882/25 1032/882/25 1033/881/25
f 988/880/449 1021/888/449 1066/888/449 1034/880/449
f 1008/908/962 1001/861/962 1047/861/962 1053/908/962
f 1001/861/25 1000/863/25 1046/863/25 1047/861/25
f 1022/886/962 987/881/962 1033/881/962 1067/886/962
f 1015/895/9 1014/896/9 1059/896/9 1060/895/9
f 1000/863/449 1009/907/449 1054/907/449 1046/863/449
f 989/879/25 988/880/25 1034/880/25 1035/879/25
f 986/882/449 1023/885/449 1068/885/449 1032/882/449
f 1010/905/962 999/864/962 1045/864/962 1055/905/962
f 1003/857/25 1002/859/25 1048/859/25 1049/857/25
f 1024/884/962 985/853/962 1031/853/962 1028/884/962
f 1017/893/9 1016/849/9 1061/849/9 1062/893/9
f 998/866/449 1011/903/449 1056/903/449 1044/866/449
f 942/845/25 1004/855/25 1025/855/25 1026/845/25
f 991/877/25 990/878/25 1036/878/25 1037/877/25
f 1012/900/962 997/868/962 1043/868/962 1057/900/962
f 1005/851/9 943/847/9 1027/847/9 1050/851/9
f 943/847/962 942/845/962 1026/845/962 1027/847/962
f 1013/898/9 1072/901/9 1074/901/9 1058/898/9
f 997/868/25 1071/869/25 1073/869/25 1043/868/25
f 1057/900/962 1043/868/962 1085/868/962 1088/900/962
f 973/897/9 1070/899/9 1072/901/9 1013/898/9
f 957/867/25 1069/869/25 1071/869/25 997/868/25
f 999/864/25 1077/865/25 1079/865/25 1045/864/25
f 1011/903/9 1078/906/9 1080/906/9 1056/903/9
f 1055/905/1 1045/864/1 1079/865/1 1080/906/1
f 971/902/9 1076/904/9 1078/906/9 1011/903/9
f 959/864/25 1075/865/25 1077/865/25 999/864/25
f 1083/903/962 1082/866/962 1087/866/962 1086/903/962
f 998/866/25 997/868/25 1081/868/25 1082/866/25
f 1012/900/9 1011/903/9 1083/903/9 1084/900/9
f 1044/866/449 1056/903/449 1086/903/449 1087/866/449
f 1011/903/962 998/866/962 1082/866/962 1083/903/962
f 1086/903/1 1087/866/1 1085/868/1 1088/900/1
f 1082/866/25 1081/868/25 1085/868/25 1087/866/25
f 1081/868/449 1084/900/449 1088/900/449 1085/868/449
f 1084/900/9 1083/903/9 1086/903/9 1088/900/9
f 1087/866/963 1086/903/963 1095/911/964 1097/912/964
f 1097/912/964 1095/911/964 1094/913/965 1098/914/965
f 1098/914/965 1094/913/965 1093/915/966 1099/916/966
f 1099/916/966 1093/915/966 1092/917/967 1100/918/967
f 1100/918/967 1092/917/967 1091/919/968 1101/920/968
f 1101/920/968 1091/919/968 1090/921/969 1102/922/969
f 1102/922/969 1090/921/969 1089/923/970 1096/924/970
f 1094/913/9 1095/911/9 1086/903/9 1056/903/9 1080/906/9 1089/923/9 1090/921/9 1091/919/9 1092/917/9 1093/915/9
f 1080/906/962 1079/865/962 1096/924/970 1089/923/970
f 1079/865/25 1044/866/25 1087/866/25 1097/912/25 1098/914/25 1099/916/25 1100/918/25 1101/920/25 1102/922/25 1096/924/25
f 1103/925/971 1110/899/971 1116/926/972 1104/927/972
f 1104/927/972 1116/926/972 1115/928/973 1105/929/973
f 1105/929/973 1115/928/973 1114/930/974 1106/931/974
f 1106/931/974 1114/930/974 1113/932/975 1107/933/975
f 1107/933/975 1113/932/975 1112/934/976 1108/935/976
f 1108/935/976 1112/934/976 1111/936/977 1109/937/977
f 1109/937/977 1111/936/977 1088/900/978 1085/868/978
f 1085/868/25 1043/868/25 1073/869/25 1103/925/25 1104/927/25 1105/929/25 1106/931/25 1107/933/25 1108/935/25 1109/937/25
f 1073/869/449 1074/901/449 1110/899/971 1103/925/971
f 1110/899/9 1074/901/9 1057/900/9 1088/900/9 1111/936/9 1112/934/9 1113/932/9 1114/930/9 1115/928/9 1116/926/9
f 1120/938/17 1122/939/18 1125/940/18 1124/941/17
f 1125/940/18 1122/939/18 1121/942/979 1123/943/979
f 1117/944/980 1118/945/980 1119/946/16 1126/947/16
f 1119/946/16 1120/948/17 1124/949/17 1126/947/16
usemtl glass
f 780/950/449 775/950/449 769/950/449 925/950/449 920/950/449 915/950/449 910/950/449 905/950/449 900/950/449 895/950/449 890/950/449 885/950/449 880/950/449 875/950/449 870/950/449 865/950/449 860/950/449 855/950/449 850/950/449 845/950/449 840/950/449 835/950/449 830/950/449 825/950/449 820/950/449 815/950/449 810/950/449 805/950/449 800/950/449 795/950/449 790/950/449 785/950/449
