# Blender 3.4.1
# www.blender.org
mtllib SurgeryLamp.mtl
o SurgeryLamp
v 0.000000 5.403706 -0.404976
v 0.079007 5.403706 -0.397194
v 0.154978 5.403706 -0.374149
v 0.224993 5.403706 -0.336725
v 0.286361 5.403706 -0.286361
v 0.336725 5.403706 -0.224993
v 0.374149 5.403706 -0.154978
v 0.397194 5.403706 -0.079007
v 0.404976 5.403706 0.000000
v 0.397194 5.403706 0.079007
v 0.374149 5.403706 0.154978
v 0.336725 5.403706 0.224993
v 0.286361 5.403706 0.286361
v 0.224993 5.403706 0.336725
v 0.154978 5.403706 0.374149
v 0.079007 5.403706 0.397194
v 0.000000 5.403706 0.404976
v -0.079007 5.403706 0.397194
v -0.154978 5.403706 0.374149
v -0.224993 5.403706 0.336725
v -0.286361 5.403706 0.286361
v -0.336725 5.403706 0.224993
v -0.374149 5.403706 0.154978
v -0.397194 5.403706 0.079007
v -0.404976 5.403706 0.000000
v -0.397194 5.403706 -0.079007
v -0.374149 5.403706 -0.154978
v -0.336725 5.403706 -0.224993
v -0.286361 5.403706 -0.286361
v -0.224993 5.403706 -0.336725
v -0.154978 5.403706 -0.374149
v -0.079007 5.403706 -0.397194
v 0.000000 5.012689 -0.360904
v 0.000000 5.056548 -0.404976
v 0.070409 5.012689 -0.353970
v 0.079007 5.056548 -0.397194
v 0.138112 5.012689 -0.333432
v 0.154978 5.056548 -0.374149
v 0.200508 5.012689 -0.300081
v 0.224993 5.056548 -0.336725
v 0.255198 5.012689 -0.255198
v 0.286361 5.056548 -0.286361
v 0.300081 5.012689 -0.200508
v 0.336725 5.056548 -0.224993
v 0.333432 5.012689 -0.138112
v 0.374149 5.056548 -0.154978
v 0.353970 5.012689 -0.070409
v 0.397194 5.056548 -0.079007
v 0.360904 5.012689 0.000000
v 0.404976 5.056548 0.000000
v 0.353970 5.012689 0.070409
v 0.397194 5.056548 0.079007
v 0.333432 5.012689 0.138112
v 0.374149 5.056548 0.154978
v 0.300081 5.012689 0.200508
v 0.336725 5.056548 0.224993
v 0.255198 5.012689 0.255198
v 0.286361 5.056548 0.286361
v 0.200508 5.012689 0.300081
v 0.224993 5.056548 0.336725
v 0.138112 5.012689 0.333432
v 0.154978 5.056548 0.374149
v 0.070409 5.012689 0.353970
v 0.079007 5.056548 0.397194
v -0.000000 5.012689 0.360904
v 0.000000 5.056548 0.404976
v -0.070409 5.012689 0.353970
v -0.079007 5.056548 0.397194
v -0.138112 5.012689 0.333432
v -0.154978 5.056548 0.374149
v -0.200508 5.012689 0.300081
v -0.224993 5.056548 0.336725
v -0.255198 5.012689 0.255198
v -0.286361 5.056548 0.286361
v -0.300081 5.012689 0.200508
v -0.336725 5.056548 0.224993
v -0.333432 5.012689 0.138112
v -0.374149 5.056548 0.154978
v -0.353970 5.012689 0.070409
v -0.397194 5.056548 0.079007
v -0.360904 5.012689 -0.000000
v -0.404976 5.056548 0.000000
v -0.353970 5.012689 -0.070409
v -0.397194 5.056548 -0.079007
v -0.333432 5.012689 -0.138112
v -0.374149 5.056548 -0.154978
v -0.300081 5.012689 -0.200508
v -0.336725 5.056548 -0.224993
v -0.255198 5.012689 -0.255198
v -0.286361 5.056548 -0.286361
v -0.200508 5.012689 -0.300081
v -0.224993 5.056548 -0.336725
v -0.138112 5.012689 -0.333432
v -0.154978 5.056548 -0.374149
v -0.070409 5.012689 -0.353970
v -0.079007 5.056548 -0.397194
v 0.000000 5.025238 -0.100000
v 0.038268 5.025238 -0.092388
v 0.070711 5.025238 -0.070711
v 0.092388 5.025238 -0.038268
v 0.100000 5.025238 0.000000
v 0.092388 5.025238 0.038268
v 0.070711 5.025238 0.070711
v 0.038268 5.025238 0.092388
v 0.000000 5.025238 0.100000
v -0.038268 5.025238 0.092388
v -0.070711 5.025238 0.070711
v -0.092388 5.025238 0.038268
v -0.100000 5.025238 0.000000
v -0.092388 5.025238 -0.038268
v -0.070711 5.025238 -0.070711
v -0.038268 5.025238 -0.092388
v -0.000000 4.825238 -0.094425
v 0.000000 4.830706 -0.100000
v 0.036135 4.825238 -0.087237
v 0.038268 4.830706 -0.092388
v 0.066768 4.825238 -0.066768
v 0.070711 4.830706 -0.070711
v 0.087237 4.825238 -0.036135
v 0.092388 4.830706 -0.038268
v 0.094425 4.825238 -0.000000
v 0.100000 4.830706 0.000000
v 0.087237 4.825238 0.036135
v 0.092388 4.830706 0.038268
v 0.066768 4.825238 0.066768
v 0.070711 4.830706 0.070711
v 0.036135 4.825238 0.087237
v 0.038268 4.830706 0.092388
v 0.000000 4.825238 0.094425
v 0.000000 4.830706 0.100000
v -0.036135 4.825238 0.087237
v -0.038268 4.830706 0.092388
v -0.066768 4.825238 0.066768
v -0.070711 4.830706 0.070711
v -0.087237 4.825238 0.036135
v -0.092388 4.830706 0.038268
v -0.094425 4.825238 0.000000
v -0.100000 4.830706 0.000000
v -0.087237 4.825238 -0.036135
v -0.092388 4.830706 -0.038268
v -0.066768 4.825238 -0.066768
v -0.070711 4.830706 -0.070711
v -0.036135 4.825238 -0.087237
v -0.038268 4.830706 -0.092388
v 0.000000 4.825238 -0.100000
v 0.038268 4.825238 -0.092388
v 0.070711 4.825238 -0.070711
v 0.092388 4.825238 -0.038268
v 0.100000 4.825238 0.000000
v 0.092388 4.825238 0.038268
v 0.070711 4.825238 0.070711
v 0.038268 4.825238 0.092388
v 0.000000 4.825238 0.100000
v -0.038268 4.825238 0.092388
v -0.070711 4.825238 0.070711
v -0.092388 4.825238 0.038268
v -0.100000 4.825238 0.000000
v -0.092388 4.825238 -0.038268
v -0.070711 4.825238 -0.070711
v -0.038268 4.825238 -0.092388
v -0.000000 4.625237 -0.094425
v 0.000000 4.630706 -0.100000
v 0.036135 4.625237 -0.087237
v 0.038268 4.630706 -0.092388
v 0.066768 4.625237 -0.066768
v 0.070711 4.630706 -0.070711
v 0.087237 4.625237 -0.036135
v 0.092388 4.630706 -0.038268
v 0.094425 4.625237 -0.000000
v 0.100000 4.630706 0.000000
v 0.087237 4.625237 0.036135
v 0.092388 4.630706 0.038268
v 0.066768 4.625237 0.066768
v 0.070711 4.630706 0.070711
v 0.036135 4.625237 0.087237
v 0.038268 4.630706 0.092388
v 0.000000 4.625237 0.094425
v 0.000000 4.630706 0.100000
v -0.036135 4.625237 0.087237
v -0.038268 4.630706 0.092388
v -0.066768 4.625237 0.066768
v -0.070711 4.630706 0.070711
v -0.087237 4.625237 0.036135
v -0.092388 4.630706 0.038268
v -0.094425 4.625237 0.000000
v -0.100000 4.630706 0.000000
v -0.087237 4.625237 -0.036135
v -0.092388 4.630706 -0.038268
v -0.066768 4.625237 -0.066768
v -0.070711 4.630706 -0.070711
v -0.036135 4.625237 -0.087237
v -0.038268 4.630706 -0.092388
v 0.000000 4.625237 -0.100000
v 0.038268 4.625237 -0.092388
v 0.070711 4.625237 -0.070711
v 0.092388 4.625237 -0.038268
v 0.100000 4.625237 0.000000
v 0.092388 4.625237 0.038268
v 0.070711 4.625237 0.070711
v 0.038268 4.625237 0.092388
v 0.000000 4.625237 0.100000
v -0.038268 4.625237 0.092388
v -0.070711 4.625237 0.070711
v -0.092388 4.625237 0.038268
v -0.100000 4.625237 0.000000
v -0.092388 4.625237 -0.038268
v -0.070711 4.625237 -0.070711
v -0.038268 4.625237 -0.092388
v -0.000000 4.425238 -0.094425
v 0.000000 4.430706 -0.100000
v 0.036135 4.425238 -0.087237
v 0.038268 4.430706 -0.092388
v 0.066768 4.425238 -0.066768
v 0.070711 4.430706 -0.070711
v 0.087237 4.425238 -0.036135
v 0.092388 4.430706 -0.038268
v 0.094425 4.425238 -0.000000
v 0.100000 4.430706 0.000000
v 0.087237 4.425238 0.036135
v 0.092388 4.430706 0.038268
v 0.066768 4.425238 0.066768
v 0.070711 4.430706 0.070711
v 0.036135 4.425238 0.087237
v 0.038268 4.430706 0.092388
v 0.000000 4.425238 0.094425
v 0.000000 4.430706 0.100000
v -0.036135 4.425238 0.087237
v -0.038268 4.430706 0.092388
v -0.066768 4.425238 0.066768
v -0.070711 4.430706 0.070711
v -0.087237 4.425238 0.036135
v -0.092388 4.430706 0.038268
v -0.094425 4.425238 0.000000
v -0.100000 4.430706 0.000000
v -0.087237 4.425238 -0.036135
v -0.092388 4.430706 -0.038268
v -0.066768 4.425238 -0.066768
v -0.070711 4.430706 -0.070711
v -0.036135 4.425238 -0.087237
v -0.038268 4.430706 -0.092388
v -0.037500 4.952971 0.021651
v -0.021651 4.971272 0.012500
v -0.000000 4.977972 0.000000
v 0.021651 4.971272 -0.012500
v 0.037500 4.952971 -0.021651
v 0.043301 4.927971 -0.025000
v 0.037500 4.902971 -0.021651
v 0.021651 4.884670 -0.012500
v 0.000000 4.877971 -0.000000
v -0.021651 4.884670 0.012500
v -0.037500 4.902971 0.021651
v -0.043301 4.927971 0.025000
v -0.835654 4.952971 -1.360793
v -0.819805 4.971272 -1.369944
v -0.798154 4.977972 -1.382444
v -0.776504 4.971272 -1.394944
v -0.760654 4.952971 -1.404094
v -0.754853 4.927971 -1.407444
v -0.760654 4.902971 -1.404094
v -0.776504 4.884670 -1.394944
v -0.798154 4.877971 -1.382444
v -0.819805 4.884670 -1.369944
v -0.835654 4.902971 -1.360793
v -0.841456 4.927971 -1.357444
v -0.821520 4.750791 -1.331912
v -0.795250 4.750791 -1.324873
v -0.768980 4.750791 -1.331912
v -0.749749 4.750791 -1.351143
v -0.742710 4.750791 -1.377413
v -0.749749 4.750791 -1.403683
v -0.768980 4.750791 -1.422914
v -0.795250 4.750791 -1.429953
v -0.821520 4.750791 -1.422914
v -0.840750 4.750791 -1.403683
v -0.847789 4.750791 -1.377413
v -0.840750 4.750791 -1.351143
v -0.821520 4.988857 -1.331912
v -0.840750 4.988857 -1.351143
v -0.795250 4.988857 -1.324873
v -0.768980 4.988857 -1.331912
v -0.749749 4.988857 -1.351143
v -0.742710 4.988857 -1.377413
v -0.749749 4.988857 -1.403683
v -0.768980 4.988857 -1.422914
v -0.795250 4.988857 -1.429953
v -0.821520 4.988857 -1.422914
v -0.840750 4.988857 -1.403683
v -0.847789 4.988857 -1.377413
v -0.824120 4.988857 -1.327408
v -0.824120 5.013852 -1.327408
v -0.845255 5.013852 -1.348542
v -0.845255 4.988857 -1.348542
v -0.795250 4.988857 -1.319672
v -0.795250 5.013852 -1.319672
v -0.766379 4.988857 -1.327408
v -0.766379 5.013852 -1.327408
v -0.745245 4.988857 -1.348542
v -0.745245 5.013852 -1.348542
v -0.737509 4.988857 -1.377413
v -0.737509 5.013852 -1.377413
v -0.745245 4.988857 -1.406283
v -0.745245 5.013852 -1.406283
v -0.766379 4.988857 -1.427418
v -0.766379 5.013852 -1.427418
v -0.795250 4.988857 -1.435154
v -0.795250 5.013852 -1.435154
v -0.824120 4.988857 -1.427418
v -0.824120 5.013852 -1.427418
v -0.845255 4.988857 -1.406283
v -0.845255 5.013852 -1.406283
v -0.852991 4.988857 -1.377413
v -0.852991 5.013852 -1.377413
v -0.819269 4.580682 -1.335811
v -0.795250 4.580682 -1.329375
v -0.771231 4.580682 -1.335811
v -0.753648 4.580682 -1.353394
v -0.747212 4.580682 -1.377413
v -0.753648 4.580682 -1.401432
v -0.771231 4.580682 -1.419015
v -0.795250 4.580682 -1.425451
v -0.819269 4.580682 -1.419015
v -0.836852 4.580682 -1.401432
v -0.843288 4.580682 -1.377413
v -0.836852 4.580682 -1.353394
v -0.819269 4.762332 -1.335811
v -0.795250 4.762332 -1.329375
v -0.771231 4.762332 -1.335811
v -0.753648 4.762332 -1.353394
v -0.747212 4.762332 -1.377413
v -0.753648 4.762332 -1.401432
v -0.771231 4.762332 -1.419015
v -0.795250 4.762332 -1.425451
v -0.819269 4.762332 -1.419015
v -0.836852 4.762332 -1.401432
v -0.843288 4.762332 -1.377413
v -0.836852 4.762332 -1.353394
v -0.822827 4.546299 -1.287368
v -0.830336 4.517716 -1.300985
v -0.844892 4.502169 -1.325585
v -0.703480 4.546299 -1.356273
v -0.711518 4.517716 -1.369585
v -0.725544 4.502169 -1.394490
v -0.503033 3.818452 -0.733468
v -0.494994 3.847034 -0.720157
v -0.480968 3.862581 -0.695251
v -0.383686 3.818452 -0.802373
v -0.376177 3.847034 -0.788756
v -0.361621 3.862581 -0.764157
v -0.843632 4.578226 -1.290509
v -0.851555 4.603305 -1.302246
v -0.695797 4.578226 -1.375861
v -0.702001 4.603305 -1.388591
v -0.842558 4.550336 -1.290192
v -0.696061 4.550336 -1.374773
v -0.848643 4.527156 -1.301315
v -0.702651 4.527156 -1.385604
v -0.860486 4.514481 -1.321244
v -0.713988 4.514481 -1.405825
v -0.875099 4.515292 -1.345011
v -0.727264 4.515292 -1.430364
v -0.888498 4.529418 -1.366235
v -0.738945 4.529418 -1.452579
v -0.896842 4.553487 -1.378896
v -0.745738 4.553487 -1.466136
v -0.897760 4.581380 -1.379298
v -0.745627 4.581380 -1.467132
v -0.891094 4.605567 -1.367348
v -0.738611 4.605567 -1.455384
v -0.878825 4.619249 -1.346503
v -0.726693 4.619249 -1.434337
v -0.864364 4.618443 -1.322643
v -0.713260 4.618443 -1.409883
v -0.460775 3.811264 -0.623605
v -0.467568 3.835333 -0.637162
v -0.309670 3.811264 -0.710845
v -0.318014 3.835333 -0.723507
v -0.460886 3.783370 -0.622610
v -0.308753 3.783370 -0.710443
v -0.467902 3.759183 -0.634357
v -0.315419 3.759183 -0.722393
v -0.479820 3.745502 -0.655405
v -0.327687 3.745502 -0.743239
v -0.493253 3.746308 -0.679858
v -0.342148 3.746308 -0.767099
v -0.504512 3.761445 -0.701150
v -0.354958 3.761445 -0.787495
v -0.510715 3.786525 -0.713880
v -0.362881 3.786525 -0.799233
v -0.510452 3.814414 -0.714969
v -0.363955 3.814414 -0.799549
v -0.503862 3.837595 -0.704137
v -0.357870 3.837595 -0.788426
v -0.492524 3.850270 -0.683917
v -0.346027 3.850270 -0.768497
v -0.479248 3.849459 -0.659378
v -0.331414 3.849459 -0.744730
v -0.444263 3.935076 -0.895897
v -0.504442 4.051404 -0.989991
v -0.562801 4.166383 -1.086694
v -0.618394 4.279310 -1.187364
v -0.672168 4.390887 -1.290642
v -0.436929 3.958814 -0.882754
v -0.497084 4.070595 -0.977096
v -0.554805 4.182375 -1.072844
v -0.608865 4.294156 -1.170706
v -0.660490 4.405936 -1.269973
v -0.424869 3.973864 -0.862306
v -0.487423 4.085441 -0.960514
v -0.546809 4.198368 -1.058994
v -0.601376 4.313347 -1.157887
v -0.652774 4.429675 -1.257050
v -0.553738 3.935076 -0.832691
v -0.605137 4.051404 -0.931855
v -0.659704 4.166383 -1.030747
v -0.719090 4.279310 -1.129227
v -0.781644 4.390887 -1.227436
v -0.546023 3.958814 -0.819768
v -0.597648 4.070595 -0.919036
v -0.651708 4.182375 -1.016897
v -0.709428 4.294156 -1.112645
v -0.769584 4.405936 -1.206988
v -0.534344 3.973864 -0.799100
v -0.588118 4.085441 -0.902378
v -0.643712 4.198368 -1.003047
v -0.702071 4.313347 -1.099750
v -0.762250 4.429675 -1.193844
v -0.820111 4.572984 -1.281788
v -0.818559 4.584090 -1.287313
v -0.820619 4.580838 -1.284768
v -0.858613 4.495978 -1.348477
v -0.860610 4.499988 -1.360149
v -0.861631 4.498814 -1.355803
v -0.881466 4.522527 -1.378252
v -0.875550 4.520528 -1.383976
v -0.878888 4.521113 -1.381373
v -0.891254 4.550977 -1.393497
v -0.885780 4.550260 -1.399909
v -0.888989 4.550469 -1.397104
v -0.892220 4.584105 -1.394052
v -0.886771 4.584879 -1.400481
v -0.889972 4.584653 -1.397671
v -0.884217 4.612920 -1.379809
v -0.878390 4.615007 -1.385582
v -0.881702 4.614396 -1.382964
v -0.869644 4.629257 -1.354950
v -0.863161 4.632100 -1.359587
v -0.866665 4.631267 -1.357302
v -0.852596 4.628293 -1.326540
v -0.845356 4.631109 -1.329891
v -0.849082 4.630284 -1.327982
v -0.829716 4.612195 -1.304590
v -0.837631 4.610197 -1.302328
v -0.833640 4.611610 -1.303000
v -0.705567 4.584090 -1.352549
v -0.700006 4.572984 -1.351131
v -0.702332 4.580837 -1.353061
v -0.747618 4.499988 -1.425384
v -0.738508 4.495978 -1.417819
v -0.743344 4.498814 -1.424096
v -0.760783 4.520528 -1.450236
v -0.752869 4.522527 -1.452498
v -0.756860 4.521113 -1.451826
v -0.769466 4.550260 -1.467063
v -0.761177 4.550977 -1.468597
v -0.765433 4.550469 -1.468439
v -0.769467 4.584879 -1.468206
v -0.761175 4.584105 -1.469712
v -0.765432 4.584653 -1.469574
v -0.760754 4.615007 -1.453499
v -0.752841 4.612920 -1.455659
v -0.756831 4.614396 -1.455059
v -0.745857 4.632100 -1.427313
v -0.738599 4.629257 -1.430609
v -0.742125 4.631267 -1.429205
v -0.729042 4.631109 -1.397045
v -0.722519 4.628293 -1.401639
v -0.725526 4.630284 -1.399318
v -0.709034 4.610197 -1.376573
v -0.714950 4.612195 -1.370850
v -0.711611 4.611610 -1.373453
v -0.445336 3.813774 -0.621144
v -0.437046 3.814491 -0.622679
v -0.441080 3.814281 -0.621303
v -0.445338 3.780645 -0.620030
v -0.437046 3.779871 -0.621535
v -0.441080 3.780098 -0.620167
v -0.453672 3.751830 -0.634082
v -0.445758 3.749744 -0.636242
v -0.449682 3.750355 -0.634683
v -0.467914 3.735494 -0.659132
v -0.460656 3.732651 -0.662429
v -0.464388 3.733484 -0.660536
v -0.483994 3.736457 -0.688102
v -0.477471 3.733642 -0.692697
v -0.480987 3.734466 -0.690424
v -0.497479 3.754554 -0.713168
v -0.491563 3.752555 -0.718892
v -0.494901 3.753141 -0.716288
v -0.506507 3.791767 -0.738611
v -0.500946 3.780660 -0.737192
v -0.504180 3.783913 -0.736681
v -0.458895 3.864763 -0.664357
v -0.468004 3.868772 -0.671922
v -0.463168 3.865937 -0.665646
v -0.445729 3.844223 -0.639505
v -0.453644 3.842224 -0.637244
v -0.449653 3.843637 -0.637916
v -0.320733 3.814491 -0.689833
v -0.315259 3.813774 -0.696244
v -0.317524 3.814281 -0.692638
v -0.319742 3.779871 -0.689261
v -0.314293 3.780645 -0.695689
v -0.316540 3.780098 -0.692070
v -0.328123 3.749744 -0.704159
v -0.322295 3.751830 -0.709933
v -0.324810 3.750355 -0.706777
v -0.343352 3.732651 -0.730155
v -0.336868 3.735494 -0.734792
v -0.339848 3.733484 -0.732440
v -0.361157 3.733642 -0.759850
v -0.353917 3.736457 -0.763202
v -0.357431 3.734466 -0.761759
v -0.376797 3.752555 -0.785152
v -0.368882 3.754554 -0.787414
v -0.372873 3.753141 -0.786741
v -0.387954 3.780660 -0.802428
v -0.386402 3.791767 -0.807954
v -0.385894 3.783913 -0.804973
v -0.345903 3.864763 -0.729593
v -0.347899 3.868772 -0.741265
v -0.344882 3.865937 -0.733939
v -0.325047 3.842224 -0.711489
v -0.330963 3.844223 -0.705766
v -0.327625 3.843637 -0.708369
v -0.555239 3.914454 -0.834350
v -0.551795 3.908519 -0.837065
v -0.554409 3.910257 -0.835343
v -0.607764 4.037594 -0.936089
v -0.604793 4.032838 -0.939785
v -0.607269 4.034231 -0.937776
v -0.663953 4.157885 -1.038106
v -0.661682 4.154675 -1.043124
v -0.663952 4.155616 -1.040727
v -0.726132 4.274329 -1.141107
v -0.724681 4.272614 -1.147437
v -0.726711 4.273116 -1.144656
v -0.791571 4.388071 -1.252370
v -0.792363 4.388700 -1.245060
v -0.793408 4.388255 -1.249302
v -0.449022 3.908519 -0.896401
v -0.444949 3.914454 -0.898026
v -0.446224 3.910257 -0.897804
v -0.511481 4.032838 -0.993658
v -0.506795 4.037594 -0.994383
v -0.508503 4.034231 -0.994798
v -0.572531 4.154675 -1.094595
v -0.567050 4.157885 -1.094054
v -0.569320 4.155616 -1.095363
v -0.631369 4.272614 -1.201311
v -0.625162 4.274329 -1.199402
v -0.627946 4.273116 -1.201679
v -0.682072 4.388700 -1.308736
v -0.688798 4.388071 -1.311705
v -0.685223 4.388255 -1.311763
v -0.654718 4.456232 -1.252676
v -0.651273 4.450297 -1.255391
v -0.652103 4.454494 -1.254398
v -0.601720 4.331913 -1.149956
v -0.598749 4.327156 -1.153653
v -0.599244 4.330520 -1.151966
v -0.544831 4.210075 -1.046618
v -0.542560 4.206866 -1.051635
v -0.542560 4.209135 -1.049014
v -0.481832 4.092137 -0.942304
v -0.480381 4.090422 -0.948634
v -0.479802 4.091634 -0.945085
v -0.414150 3.976051 -0.844682
v -0.414942 3.976680 -0.837372
v -0.413104 3.976496 -0.840440
v -0.517714 3.976680 -0.778036
v -0.524441 3.976051 -0.781005
v -0.521290 3.976496 -0.777979
v -0.575143 4.092137 -0.888431
v -0.581351 4.090421 -0.890339
v -0.578567 4.091634 -0.888063
v -0.633982 4.210075 -0.995146
v -0.639463 4.206866 -0.995688
v -0.637193 4.209135 -0.994378
v -0.695031 4.331913 -1.096083
v -0.699718 4.327156 -1.095358
v -0.698010 4.330520 -1.094944
v -0.761564 4.450297 -1.191715
v -0.757490 4.456232 -1.193340
v -0.760289 4.454494 -1.191937
v 0.014486 3.016910 -0.932651
v 0.009987 3.012259 -0.931000
v 0.056544 3.540337 -0.850361
v 0.060223 3.535686 -0.853432
v -0.811263 3.012259 -0.456851
v -0.814942 3.016910 -0.453780
v -0.769205 3.535686 -0.374561
v -0.764706 3.540337 -0.376212
v 0.019467 2.962408 -0.946623
v 0.028481 2.971724 -0.949931
v 0.071696 3.554821 -0.856160
v 0.079067 3.545505 -0.862312
v -0.829533 2.962408 -0.456453
v -0.836904 2.971724 -0.450300
v -0.777304 3.554821 -0.365989
v -0.786318 3.545505 -0.362682
v 0.001400 3.015287 -0.945873
v 0.005899 3.019938 -0.947524
v 0.047957 3.543365 -0.865234
v 0.051636 3.538714 -0.868305
v -0.819850 3.015287 -0.471725
v -0.823530 3.019938 -0.468654
v -0.773293 3.543365 -0.391085
v -0.777792 3.538714 -0.389435
v -0.011919 2.973476 -1.000985
v -0.002905 2.982792 -1.004292
v 0.040310 3.565889 -0.910522
v 0.047681 3.556573 -0.916674
v -0.860919 2.973476 -0.510815
v -0.868290 2.982792 -0.504662
v -0.808690 3.565889 -0.420351
v -0.817704 3.556573 -0.417044
v -0.094487 3.025530 -1.006398
v -0.087659 3.032588 -1.008904
v -0.049774 3.532698 -0.928952
v -0.044190 3.525640 -0.933613
v -0.824323 3.025530 -0.585028
v -0.829906 3.032588 -0.580367
v -0.779609 3.532698 -0.507581
v -0.786437 3.525640 -0.505076
v -0.564830 3.365963 -0.687886
v -0.579560 3.198886 -0.713399
v -0.315203 3.368354 -0.831521
v -0.562517 3.368354 -0.688735
v -0.328041 3.198886 -0.858614
v -0.313311 3.365963 -0.833101
v -0.577668 3.196494 -0.714978
v -0.330355 3.196494 -0.857765
v -0.558112 3.358365 -0.684722
v -0.571726 3.203940 -0.708303
v -0.315777 3.360575 -0.824184
v -0.555875 3.360575 -0.685563
v -0.327545 3.203940 -0.849281
v -0.313931 3.358365 -0.825700
v -0.569879 3.201730 -0.709819
v -0.329782 3.201730 -0.848440
v -0.922127 3.274177 -0.400335
v -0.907365 3.274177 -0.396380
v -0.892602 3.274177 -0.400335
v -0.881796 3.274177 -0.411142
v -0.877840 3.274177 -0.425904
v -0.881796 3.274177 -0.440667
v -0.892602 3.274177 -0.451473
v -0.907365 3.274177 -0.455429
v -0.922127 3.274177 -0.451473
v -0.932934 3.274177 -0.440667
v -0.936889 3.274177 -0.425904
v -0.932934 3.274177 -0.411142
v -0.922071 3.665440 -0.400368
v -0.907332 3.664670 -0.396398
v -0.892602 3.663618 -0.400335
v -0.881828 3.662566 -0.411123
v -0.877896 3.661796 -0.425872
v -0.881861 3.661514 -0.440629
v -0.892659 3.661796 -0.451441
v -0.907397 3.662566 -0.455410
v -0.922127 3.663618 -0.451473
v -0.932901 3.664670 -0.440685
v -0.936833 3.665440 -0.425937
v -0.932869 3.665722 -0.411180
v -0.916037 3.712520 -0.403851
v -0.901660 3.709454 -0.399674
v -0.887423 3.705265 -0.403326
v -0.877142 3.701076 -0.413829
v -0.873571 3.698009 -0.428369
v -0.877667 3.696887 -0.443050
v -0.888333 3.698009 -0.453938
v -0.902711 3.701076 -0.458116
v -0.916947 3.705265 -0.454464
v -0.927229 3.709454 -0.443960
v -0.930800 3.712520 -0.429420
v -0.926703 3.713642 -0.414739
v -0.898238 3.756946 -0.414128
v -0.885030 3.750982 -0.409275
v -0.872391 3.742835 -0.412004
v -0.863708 3.734687 -0.421585
v -0.861307 3.728723 -0.435450
v -0.865831 3.726540 -0.449884
v -0.876069 3.728723 -0.461019
v -0.889277 3.734687 -0.465872
v -0.901916 3.742834 -0.463142
v -0.910599 3.750982 -0.453561
v -0.913000 3.756946 -0.439697
v -0.908476 3.759129 -0.425263
v -0.870165 3.792642 -0.430335
v -0.858927 3.784192 -0.424345
v -0.848979 3.772650 -0.425521
v -0.842987 3.761108 -0.433549
v -0.842555 3.752658 -0.446276
v -0.847801 3.749566 -0.460294
v -0.857318 3.752658 -0.471845
v -0.868556 3.761108 -0.477835
v -0.878504 3.772650 -0.476659
v -0.884496 3.784192 -0.468632
v -0.884927 3.792642 -0.455905
v -0.879682 3.795734 -0.441887
v -0.834295 3.815877 -0.451045
v -0.825749 3.805698 -0.443501
v -0.819478 3.791793 -0.442554
v -0.817163 3.777888 -0.448458
v -0.819423 3.767709 -0.459631
v -0.825654 3.763983 -0.473080
v -0.834185 3.767708 -0.485200
v -0.842732 3.777888 -0.492745
v -0.849002 3.791793 -0.493692
v -0.851318 3.805698 -0.487788
v -0.849057 3.815877 -0.476614
v -0.842826 3.819603 -0.463166
v -0.796069 3.823863 -0.473115
v -0.789857 3.813096 -0.464223
v -0.786775 3.798389 -0.461435
v -0.787649 3.783682 -0.465498
v -0.792244 3.772915 -0.475323
v -0.799330 3.768975 -0.488278
v -0.807007 3.772915 -0.500892
v -0.813218 3.783682 -0.509784
v -0.816300 3.798389 -0.512573
v -0.815426 3.813096 -0.508510
v -0.810831 3.823863 -0.498684
v -0.803746 3.827803 -0.485729
v -0.011695 3.823863 -0.925973
v -0.007100 3.813096 -0.916148
v -0.006226 3.798389 -0.912085
v -0.009308 3.783682 -0.914873
v -0.015520 3.772915 -0.923765
v -0.023197 3.768975 -0.936379
v -0.030282 3.772915 -0.949334
v -0.034877 3.783682 -0.959160
v -0.035751 3.798389 -0.963223
v -0.032669 3.813096 -0.960435
v -0.026457 3.823863 -0.951542
v -0.018780 3.827803 -0.938929
v 0.026531 3.815877 -0.948043
v 0.028791 3.805698 -0.936870
v 0.026476 3.791793 -0.930965
v 0.020205 3.777888 -0.931913
v 0.011659 3.767709 -0.939457
v 0.003128 3.763983 -0.951577
v -0.003103 3.767708 -0.965026
v -0.005364 3.777888 -0.976199
v -0.003049 3.791793 -0.982104
v 0.003222 3.805698 -0.981156
v 0.011768 3.815877 -0.973612
v 0.020300 3.819603 -0.961492
v 0.062401 3.792642 -0.968753
v 0.061970 3.784192 -0.956025
v 0.055977 3.772650 -0.947998
v 0.046029 3.761108 -0.946822
v 0.034791 3.752658 -0.952812
v 0.025274 3.749566 -0.964364
v 0.020029 3.752658 -0.978381
v 0.020460 3.761108 -0.991109
v 0.026453 3.772650 -0.999136
v 0.036401 3.784192 -1.000312
v 0.047639 3.792642 -0.994322
v 0.057156 3.795734 -0.982770
v 0.090474 3.756946 -0.984961
v 0.088073 3.750982 -0.971096
v 0.079390 3.742835 -0.961515
v 0.066751 3.734687 -0.958786
v 0.053543 3.728723 -0.963639
v 0.043305 3.726540 -0.974774
v 0.038781 3.728723 -0.989208
v 0.041182 3.734687 -1.003072
v 0.049865 3.742834 -1.012653
v 0.062504 3.750982 -1.015383
v 0.075712 3.756946 -1.010530
v 0.085949 3.759129 -0.999395
v 0.108273 3.712520 -0.995237
v 0.104702 3.709454 -0.980697
v 0.094421 3.705265 -0.970194
v 0.080184 3.701076 -0.966541
v 0.065807 3.698009 -0.970719
v 0.055141 3.696887 -0.981607
v 0.051044 3.698009 -0.996288
v 0.054615 3.701076 -1.010828
v 0.064897 3.705265 -1.021332
v 0.079133 3.709454 -1.024984
v 0.093511 3.712520 -1.020806
v 0.104177 3.713642 -1.009918
v 0.114307 3.665440 -0.998721
v 0.110375 3.664670 -0.983972
v 0.099601 3.663618 -0.973184
v 0.084871 3.662566 -0.969247
v 0.070132 3.661796 -0.973217
v 0.059334 3.661514 -0.984028
v 0.055370 3.661796 -0.998786
v 0.059302 3.662566 -1.013534
v 0.070076 3.663618 -1.024322
v 0.084806 3.664670 -1.028259
v 0.099544 3.665440 -1.024290
v 0.110342 3.665722 -1.013478
v 0.114363 3.274177 -0.998753
v 0.110407 3.274177 -0.983991
v 0.099601 3.274177 -0.973184
v 0.084838 3.274177 -0.969229
v 0.070076 3.274177 -0.973184
v 0.059269 3.274177 -0.983991
v 0.055314 3.274177 -0.998753
v 0.059269 3.274177 -1.013515
v 0.070076 3.274177 -1.024322
v 0.084838 3.274177 -1.028278
v 0.099601 3.274177 -1.024322
v 0.110407 3.274177 -1.013515
v 0.008672 3.267269 -1.022521
v 0.010905 3.244818 -1.018654
v 0.017264 3.225785 -1.007640
v 0.026780 3.213068 -0.991157
v 0.038006 3.208602 -0.971714
v 0.049231 3.213068 -0.952271
v 0.058747 3.225785 -0.935788
v 0.065106 3.244818 -0.924775
v 0.067339 3.267269 -0.920907
v 0.065106 3.289720 -0.924775
v 0.058747 3.308753 -0.935788
v 0.049231 3.321470 -0.952271
v 0.038006 3.325936 -0.971714
v 0.026780 3.321470 -0.991157
v 0.017264 3.308753 -1.007640
v 0.010905 3.289720 -1.018654
v 0.143353 3.267269 -1.062685
v 0.086342 3.267269 -1.078556
v 0.135069 3.267269 -1.072978
v 0.124082 3.267269 -1.080235
v 0.111470 3.267269 -1.083746
v 0.098465 3.267269 -1.083168
v 0.144347 3.257277 -1.060964
v 0.088943 3.241108 -1.074049
v 0.136559 3.252281 -1.070396
v 0.126021 3.247773 -1.076877
v 0.113764 3.244196 -1.079772
v 0.100988 3.241900 -1.078798
v 0.147177 3.248806 -1.056063
v 0.096353 3.218931 -1.061216
v 0.140804 3.239574 -1.063044
v 0.131543 3.231246 -1.067313
v 0.120299 3.224637 -1.068453
v 0.108173 3.220393 -1.066353
v 0.151412 3.243146 -1.048727
v 0.107441 3.204113 -1.042010
v 0.147158 3.231084 -1.052040
v 0.139807 3.220203 -1.053000
v 0.130079 3.211567 -1.051514
v 0.118927 3.206023 -1.047727
v 0.156408 3.241159 -1.040074
v 0.120521 3.198909 -1.019355
v 0.154652 3.228103 -1.039060
v 0.149554 3.216325 -1.036117
v 0.141615 3.206978 -1.031533
v 0.131611 3.200977 -1.025757
v 0.161404 3.243146 -1.031421
v 0.133601 3.204113 -0.996699
v 0.162146 3.231084 -1.026080
v 0.159302 3.220203 -1.019233
v 0.153151 3.211567 -1.011552
v 0.144295 3.206023 -1.003787
v 0.165639 3.248806 -1.024085
v 0.144690 3.218931 -0.977493
v 0.168499 3.239574 -1.015076
v 0.167565 3.231246 -1.004920
v 0.162931 3.224637 -0.994613
v 0.155049 3.220393 -0.985162
v 0.168469 3.257277 -1.019183
v 0.152099 3.241108 -0.964660
v 0.172744 3.252281 -1.007723
v 0.173087 3.247773 -0.995357
v 0.169466 3.244196 -0.983294
v 0.162234 3.241900 -0.972717
v 0.169463 3.267269 -1.017462
v 0.154701 3.267269 -0.960154
v 0.174234 3.267269 -1.005141
v 0.175026 3.267269 -0.991998
v 0.171760 3.267269 -0.979320
v 0.164757 3.267269 -0.968347
v 0.168469 3.277260 -1.019183
v 0.152099 3.293429 -0.964660
v 0.172744 3.282257 -1.007723
v 0.173087 3.286764 -0.995357
v 0.169466 3.290341 -0.983294
v 0.162234 3.292637 -0.972717
v 0.165639 3.285731 -1.024085
v 0.144690 3.315606 -0.977493
v 0.168499 3.294963 -1.015076
v 0.167565 3.303291 -1.004920
v 0.162931 3.309901 -0.994613
v 0.155049 3.314144 -0.985162
v 0.161404 3.291391 -1.031421
v 0.133601 3.330425 -0.996699
v 0.162146 3.303453 -1.026080
v 0.159302 3.314334 -1.019233
v 0.153151 3.322970 -1.011552
v 0.144295 3.328514 -1.003787
v 0.156408 3.293378 -1.040074
v 0.120521 3.335628 -1.019355
v 0.154652 3.306434 -1.039060
v 0.149554 3.318212 -1.036117
v 0.141615 3.327559 -1.031533
v 0.131611 3.333560 -1.025757
v 0.151412 3.291391 -1.048727
v 0.107441 3.330425 -1.042010
v 0.147158 3.303453 -1.052040
v 0.139807 3.314334 -1.053000
v 0.130079 3.322970 -1.051514
v 0.118927 3.328514 -1.047727
v 0.147177 3.285731 -1.056063
v 0.096353 3.315606 -1.061216
v 0.140804 3.294963 -1.063044
v 0.131543 3.303291 -1.067313
v 0.120299 3.309901 -1.068453
v 0.108173 3.314144 -1.066353
v 0.144347 3.277260 -1.060964
v 0.088943 3.293429 -1.074049
v 0.136559 3.282257 -1.070396
v 0.126021 3.286764 -1.076877
v 0.113764 3.290341 -1.079772
v 0.100988 3.292637 -1.078798
v 0.003826 3.267269 -1.030915
v 0.006427 3.241108 -1.026409
v 0.013837 3.218931 -1.013576
v 0.024925 3.204113 -0.994369
v 0.038006 3.198909 -0.971714
v 0.051086 3.204113 -0.949059
v 0.062174 3.218931 -0.929853
v 0.069584 3.241108 -0.917019
v 0.072185 3.267269 -0.912513
v 0.069584 3.293429 -0.917019
v 0.062174 3.315606 -0.929853
v 0.051086 3.330425 -0.949059
v 0.038006 3.335628 -0.971714
v 0.024925 3.330425 -0.994369
v 0.013837 3.315606 -1.013576
v 0.006427 3.293429 -1.026409
v 0.023604 3.267269 -0.980437
v 0.024165 3.261622 -0.979464
v 0.025765 3.256835 -0.976694
v 0.028158 3.253637 -0.972549
v 0.030981 3.252514 -0.967659
v 0.033805 3.253637 -0.962769
v 0.036198 3.256835 -0.958623
v 0.037797 3.261622 -0.955853
v 0.038359 3.267269 -0.954881
v 0.037797 3.272915 -0.955853
v 0.036198 3.277702 -0.958623
v 0.033805 3.280900 -0.962769
v 0.030981 3.282024 -0.967659
v 0.028158 3.280900 -0.972549
v 0.025765 3.277702 -0.976694
v 0.024165 3.272915 -0.979464
v 0.001648 3.267269 -1.018466
v 0.003881 3.244818 -1.014598
v 0.010239 3.225785 -1.003585
v 0.019756 3.213068 -0.987102
v 0.030981 3.208602 -0.967659
v 0.042207 3.213068 -0.948216
v 0.051723 3.225785 -0.931733
v 0.058082 3.244818 -0.920719
v 0.060315 3.267269 -0.916852
v 0.058082 3.289720 -0.920719
v 0.051723 3.308753 -0.931733
v 0.042207 3.321470 -0.948216
v 0.030981 3.325936 -0.967659
v 0.019756 3.321470 -0.987102
v 0.010239 3.308753 -1.003585
v 0.003881 3.289720 -1.014598
v 0.011825 3.267269 -0.973637
v 0.012387 3.261622 -0.972664
v 0.013986 3.256835 -0.969894
v 0.016380 3.253637 -0.965748
v 0.019203 3.252514 -0.960859
v 0.022026 3.253637 -0.955969
v 0.024420 3.256835 -0.951823
v 0.026019 3.261622 -0.949053
v 0.026580 3.267269 -0.948080
v 0.026019 3.272915 -0.949053
v 0.024420 3.277702 -0.951823
v 0.022026 3.280900 -0.955969
v 0.019203 3.282024 -0.960859
v 0.016380 3.280900 -0.965748
v 0.013986 3.277702 -0.969894
v 0.012387 3.272915 -0.972664
v -0.889865 3.267269 -0.503750
v -0.887632 3.244818 -0.499883
v -0.881274 3.225785 -0.488869
v -0.871757 3.213068 -0.472386
v -0.860532 3.208602 -0.452943
v -0.849306 3.213068 -0.433500
v -0.839790 3.225785 -0.417017
v -0.833431 3.244818 -0.406004
v -0.831198 3.267269 -0.402136
v -0.833431 3.289720 -0.406004
v -0.839790 3.308753 -0.417017
v -0.849306 3.321470 -0.433500
v -0.860532 3.325936 -0.452943
v -0.871757 3.321470 -0.472386
v -0.881274 3.308753 -0.488869
v -0.887632 3.289720 -0.499883
v -0.991989 3.267269 -0.407195
v -0.977228 3.267269 -0.464504
v -0.996761 3.267269 -0.419516
v -0.997552 3.267269 -0.432659
v -0.994287 3.267269 -0.445338
v -0.987283 3.267269 -0.456311
v -0.990995 3.257277 -0.405474
v -0.974626 3.241108 -0.459998
v -0.995270 3.252281 -0.416934
v -0.995613 3.247773 -0.429301
v -0.991992 3.244196 -0.441363
v -0.984760 3.241900 -0.451940
v -0.988165 3.248806 -0.400572
v -0.967217 3.218931 -0.447164
v -0.991025 3.239574 -0.409582
v -0.990092 3.231246 -0.419737
v -0.985457 3.224637 -0.430045
v -0.977575 3.220393 -0.439496
v -0.983930 3.243146 -0.393237
v -0.956128 3.204113 -0.427958
v -0.984672 3.231084 -0.398578
v -0.981828 3.220203 -0.405424
v -0.975677 3.211567 -0.413106
v -0.966822 3.206023 -0.420870
v -0.978934 3.241159 -0.384584
v -0.943048 3.198909 -0.405303
v -0.977178 3.228103 -0.385598
v -0.972081 3.216325 -0.388541
v -0.964141 3.206978 -0.393124
v -0.954137 3.200977 -0.398900
v -0.973938 3.243146 -0.375931
v -0.929968 3.204113 -0.382647
v -0.969684 3.231084 -0.372618
v -0.962333 3.220203 -0.371657
v -0.952605 3.211567 -0.373143
v -0.941453 3.206023 -0.376930
v -0.969703 3.248806 -0.368595
v -0.918879 3.218931 -0.363441
v -0.963331 3.239574 -0.361614
v -0.954069 3.231246 -0.357344
v -0.942825 3.224637 -0.356204
v -0.930700 3.220393 -0.358305
v -0.966873 3.257277 -0.363693
v -0.911470 3.241108 -0.350608
v -0.959086 3.252281 -0.354261
v -0.948548 3.247773 -0.347781
v -0.936291 3.244196 -0.344886
v -0.923514 3.241900 -0.345860
v -0.965880 3.267269 -0.361972
v -0.908868 3.267269 -0.346102
v -0.957595 3.267269 -0.351679
v -0.946609 3.267269 -0.344422
v -0.933996 3.267269 -0.340911
v -0.920991 3.267269 -0.341490
v -0.966873 3.277260 -0.363693
v -0.911470 3.293429 -0.350608
v -0.959086 3.282257 -0.354261
v -0.948548 3.286764 -0.347781
v -0.936291 3.290341 -0.344886
v -0.923514 3.292637 -0.345860
v -0.969703 3.285731 -0.368595
v -0.918879 3.315606 -0.363441
v -0.963331 3.294963 -0.361614
v -0.954069 3.303291 -0.357344
v -0.942825 3.309901 -0.356204
v -0.930700 3.314144 -0.358305
v -0.973938 3.291391 -0.375931
v -0.929968 3.330425 -0.382647
v -0.969684 3.303453 -0.372618
v -0.962333 3.314334 -0.371657
v -0.952605 3.322970 -0.373143
v -0.941453 3.328514 -0.376930
v -0.978934 3.293378 -0.384584
v -0.943048 3.335628 -0.405303
v -0.977178 3.306434 -0.385598
v -0.972081 3.318212 -0.388541
v -0.964141 3.327559 -0.393124
v -0.954137 3.333560 -0.398900
v -0.983930 3.291391 -0.393237
v -0.956128 3.330425 -0.427958
v -0.984672 3.303453 -0.398578
v -0.981828 3.314334 -0.405424
v -0.975677 3.322970 -0.413106
v -0.966822 3.328514 -0.420870
v -0.988165 3.285731 -0.400572
v -0.967216 3.315606 -0.447164
v -0.991025 3.294963 -0.409582
v -0.990092 3.303291 -0.419737
v -0.985457 3.309901 -0.430045
v -0.977575 3.314144 -0.439496
v -0.990995 3.277260 -0.405474
v -0.974626 3.293429 -0.459998
v -0.995270 3.282257 -0.416934
v -0.995613 3.286764 -0.429301
v -0.991992 3.290341 -0.441363
v -0.984760 3.292637 -0.451940
v -0.894712 3.267269 -0.512145
v -0.892110 3.241108 -0.507638
v -0.884701 3.218931 -0.494805
v -0.873612 3.204113 -0.475599
v -0.860532 3.198909 -0.452943
v -0.847452 3.204113 -0.430288
v -0.836363 3.218931 -0.411082
v -0.828954 3.241108 -0.398249
v -0.826352 3.267269 -0.393742
v -0.828954 3.293429 -0.398249
v -0.836363 3.315606 -0.411082
v -0.847452 3.330425 -0.430288
v -0.860532 3.335628 -0.452943
v -0.873612 3.330425 -0.475599
v -0.884701 3.315606 -0.494805
v -0.892110 3.293429 -0.507638
v -0.860885 3.267269 -0.469777
v -0.860324 3.261622 -0.468804
v -0.858724 3.256835 -0.466034
v -0.856331 3.253637 -0.461889
v -0.853508 3.252514 -0.456999
v -0.850685 3.253637 -0.452109
v -0.848291 3.256835 -0.447963
v -0.846692 3.261622 -0.445193
v -0.846130 3.267269 -0.444221
v -0.846692 3.272915 -0.445193
v -0.848291 3.277702 -0.447963
v -0.850685 3.280900 -0.452109
v -0.853508 3.282024 -0.456999
v -0.856331 3.280900 -0.461889
v -0.858724 3.277702 -0.466034
v -0.860324 3.272915 -0.468804
v -0.882841 3.267269 -0.507806
v -0.880608 3.244818 -0.503938
v -0.874250 3.225785 -0.492925
v -0.864733 3.213068 -0.476442
v -0.853508 3.208602 -0.456999
v -0.842282 3.213068 -0.437556
v -0.832766 3.225785 -0.421073
v -0.826407 3.244818 -0.410059
v -0.824174 3.267269 -0.406192
v -0.826407 3.289720 -0.410059
v -0.832766 3.308753 -0.421073
v -0.842282 3.321470 -0.437556
v -0.853508 3.325936 -0.456999
v -0.864733 3.321470 -0.476442
v -0.874250 3.308753 -0.492925
v -0.880608 3.289720 -0.503938
v -0.849107 3.267269 -0.476577
v -0.848545 3.261622 -0.475604
v -0.846946 3.256835 -0.472835
v -0.844553 3.253637 -0.468689
v -0.841729 3.252514 -0.463799
v -0.838906 3.253637 -0.458909
v -0.836513 3.256835 -0.454764
v -0.834913 3.261622 -0.451994
v -0.834352 3.267269 -0.451021
v -0.834913 3.272915 -0.451994
v -0.836513 3.277702 -0.454764
v -0.838906 3.280900 -0.458909
v -0.841729 3.282024 -0.463799
v -0.844553 3.280900 -0.468689
v -0.846946 3.277702 -0.472835
v -0.848545 3.272915 -0.475604
v -0.030619 4.552971 -0.030619
v -0.017678 4.571272 -0.017678
v -0.000000 4.577971 -0.000000
v 0.017678 4.571272 0.017678
v 0.030619 4.552971 0.030619
v 0.035355 4.527971 0.035355
v 0.030619 4.502971 0.030619
v 0.017678 4.484670 0.017678
v 0.000000 4.477971 0.000000
v -0.017678 4.484670 -0.017678
v -0.030619 4.502971 -0.030619
v -0.035355 4.527971 -0.035355
v 1.522762 4.552971 -1.584001
v 1.535703 4.571272 -1.571060
v 1.553380 4.577971 -1.553382
v 1.571058 4.571272 -1.535704
v 1.583999 4.552971 -1.522763
v 1.588736 4.527971 -1.518027
v 1.583999 4.502971 -1.522763
v 1.571058 4.484670 -1.535704
v 1.553380 4.477971 -1.553382
v 1.535703 4.484670 -1.571060
v 1.522762 4.502971 -1.584001
v 1.518025 4.527971 -1.588737
v 1.498523 4.350791 -1.562873
v 1.498523 4.350791 -1.535676
v 1.512122 4.350791 -1.512123
v 1.535675 4.350791 -1.498525
v 1.562871 4.350791 -1.498525
v 1.586424 4.350791 -1.512123
v 1.600022 4.350791 -1.535676
v 1.600022 4.350791 -1.562873
v 1.586424 4.350791 -1.586426
v 1.562871 4.350791 -1.600024
v 1.535675 4.350791 -1.600024
v 1.512122 4.350791 -1.586426
v 1.498523 4.588857 -1.562873
v 1.512122 4.588857 -1.586426
v 1.498523 4.588857 -1.535676
v 1.512122 4.588857 -1.512123
v 1.535675 4.588857 -1.498525
v 1.562871 4.588857 -1.498525
v 1.586424 4.588857 -1.512123
v 1.600022 4.588857 -1.535676
v 1.600022 4.588857 -1.562873
v 1.586424 4.588857 -1.586426
v 1.562871 4.588857 -1.600024
v 1.535675 4.588857 -1.600024
v 1.493499 4.588857 -1.564219
v 1.493499 4.613852 -1.564219
v 1.508444 4.613852 -1.590103
v 1.508444 4.588857 -1.590103
v 1.493499 4.588857 -1.534330
v 1.493499 4.613852 -1.534330
v 1.508444 4.588857 -1.508445
v 1.508444 4.613852 -1.508445
v 1.534328 4.588857 -1.493501
v 1.534328 4.613852 -1.493501
v 1.564217 4.588857 -1.493501
v 1.564217 4.613852 -1.493501
v 1.590102 4.588857 -1.508445
v 1.590102 4.613852 -1.508445
v 1.605047 4.588857 -1.534330
v 1.605047 4.613852 -1.534330
v 1.605047 4.588857 -1.564219
v 1.605047 4.613852 -1.564219
v 1.590102 4.588857 -1.590104
v 1.590102 4.613852 -1.590104
v 1.564217 4.588857 -1.605048
v 1.564217 4.613852 -1.605048
v 1.534328 4.588857 -1.605048
v 1.534328 4.613852 -1.605048
v 1.502872 4.180682 -1.561707
v 1.502872 4.180682 -1.536841
v 1.515305 4.180682 -1.515306
v 1.536840 4.180682 -1.502874
v 1.561706 4.180682 -1.502873
v 1.583241 4.180682 -1.515306
v 1.595674 4.180682 -1.536841
v 1.595674 4.180682 -1.561707
v 1.583241 4.180682 -1.583242
v 1.561706 4.180682 -1.595675
v 1.536840 4.180682 -1.595675
v 1.515305 4.180682 -1.583242
v 1.502872 4.362332 -1.561707
v 1.502872 4.362332 -1.536841
v 1.515305 4.362332 -1.515306
v 1.536840 4.362332 -1.502874
v 1.561706 4.362332 -1.502873
v 1.583241 4.362332 -1.515306
v 1.595674 4.362332 -1.536841
v 1.595674 4.362332 -1.561707
v 1.583241 4.362332 -1.583242
v 1.561706 4.362332 -1.595675
v 1.536840 4.362332 -1.595675
v 1.515305 4.362332 -1.583242
v 0.640144 3.227486 -1.330989
v 0.670232 3.270001 -1.405041
v 0.665642 3.172267 -1.350577
v 0.697353 3.211267 -1.425876
v 0.696615 3.117992 -1.363920
v 0.730296 3.153539 -1.440067
v 0.732531 3.065590 -1.370789
v 0.768499 3.097803 -1.447374
v 0.772777 3.015959 -1.371067
v 0.811306 3.045013 -1.447669
v 0.816664 2.969947 -1.364748
v 0.857985 2.996073 -1.440949
v 0.863441 2.928342 -1.351942
v 0.907739 2.951820 -1.427328
v 0.912307 2.891855 -1.332867
v 0.959715 2.913011 -1.407039
v 0.962427 2.861111 -1.307850
v 1.013025 2.880310 -1.380429
v 1.012943 2.836635 -1.277318
v 1.066755 2.854277 -1.347955
v 1.062991 2.818847 -1.241794
v 1.119988 2.835357 -1.310170
v 1.111713 2.808051 -1.201887
v 1.171811 2.823874 -1.267723
v 1.158277 2.804432 -1.158277
v 1.221339 2.820024 -1.221339
v 1.201887 2.808051 -1.111713
v 1.267723 2.823874 -1.171811
v 1.241794 2.818847 -1.062991
v 1.310170 2.835357 -1.119988
v 1.277318 2.836635 -1.012943
v 1.347955 2.854277 -1.066755
v 1.307850 2.861111 -0.962427
v 1.380429 2.880310 -1.013025
v 1.332867 2.891855 -0.912307
v 1.407039 2.913011 -0.959715
v 1.351942 2.928342 -0.863441
v 1.427328 2.951820 -0.907739
v 1.364748 2.969947 -0.816664
v 1.440949 2.996073 -0.857985
v 1.371067 3.015959 -0.772777
v 1.447669 3.045013 -0.811306
v 1.370789 3.065591 -0.732531
v 1.447374 3.097803 -0.768499
v 1.363920 3.117992 -0.696615
v 1.440067 3.153539 -0.730296
v 1.350577 3.172267 -0.665642
v 1.425876 3.211267 -0.697353
v 1.330989 3.227486 -0.640144
v 1.405041 3.270001 -0.670232
v 1.305490 3.282706 -0.620555
v 1.377920 3.328735 -0.649397
v 1.274518 3.336981 -0.607213
v 1.344976 3.386464 -0.635205
v 1.238601 3.389382 -0.600344
v 1.306774 3.442200 -0.627899
v 1.198355 3.439013 -0.600066
v 1.263967 3.494990 -0.627604
v 1.154468 3.485026 -0.606384
v 1.217287 3.543930 -0.634324
v 1.107692 3.526631 -0.619190
v 1.167533 3.588183 -0.647945
v 1.058825 3.563118 -0.638265
v 1.115557 3.626992 -0.668234
v 1.008705 3.593862 -0.663283
v 1.062248 3.659693 -0.694843
v 0.958189 3.618338 -0.693814
v 1.008517 3.685726 -0.727318
v 0.908142 3.636126 -0.729338
v 0.955285 3.704646 -0.765102
v 0.859419 3.646922 -0.769246
v 0.903461 3.716129 -0.807550
v 0.812855 3.650541 -0.812855
v 0.853934 3.719978 -0.853934
v 0.769246 3.646922 -0.859419
v 0.807550 3.716129 -0.903462
v 0.729338 3.636126 -0.908142
v 0.765102 3.704646 -0.955285
v 0.693814 3.618338 -0.958189
v 0.727318 3.685726 -1.008517
v 0.663283 3.593862 -1.008705
v 0.694843 3.659693 -1.062248
v 0.638265 3.563118 -1.058825
v 0.668234 3.626992 -1.115557
v 0.619190 3.526631 -1.107692
v 0.647945 3.588183 -1.167533
v 0.606384 3.485025 -1.154468
v 0.634324 3.543930 -1.217287
v 0.600066 3.439013 -1.198355
v 0.627604 3.494990 -1.263967
v 0.600344 3.389382 -1.238601
v 0.627899 3.442200 -1.306774
v 0.607213 3.336981 -1.274518
v 0.635205 3.386464 -1.344976
v 0.620555 3.282706 -1.305490
v 0.649397 3.328735 -1.377920
v 0.654264 3.239016 -1.345109
v 0.710735 3.129521 -1.378040
v 0.786898 3.027489 -1.385187
v 0.976548 2.872640 -1.321971
v 1.077111 2.830377 -1.255915
v 1.216007 2.819581 -1.125834
v 1.291439 2.848165 -1.027064
v 1.321971 2.872640 -0.976548
v 1.366063 2.939871 -0.877562
v 1.378869 2.981477 -0.830785
v 1.384910 3.077120 -0.746652
v 1.319611 3.294236 -0.634676
v 1.288638 3.348511 -0.621333
v 1.252722 3.400912 -0.614464
v 0.972310 3.629867 -0.707935
v 0.922263 3.647655 -0.743459
v 0.873540 3.658451 -0.783367
v 0.826976 3.662070 -0.826976
v 0.743459 3.647655 -0.922263
v 0.707935 3.629867 -0.972310
v 0.634676 3.294236 -1.319611
v 0.662774 3.239016 -1.336600
v 0.687644 3.185157 -1.355706
v 0.717854 3.132219 -1.368720
v 0.752885 3.081108 -1.375420
v 0.792140 3.032700 -1.375691
v 0.834946 2.987821 -1.369528
v 0.880570 2.947241 -1.357037
v 0.928233 2.911653 -1.338432
v 0.977118 2.881666 -1.314031
v 1.026389 2.857793 -1.284252
v 1.075204 2.840443 -1.249603
v 1.122726 2.829913 -1.210678
v 1.168144 2.826383 -1.168144
v 1.210678 2.829913 -1.122726
v 1.249603 2.840443 -1.075204
v 1.284252 2.857793 -1.026389
v 1.314031 2.881666 -0.977118
v 1.338432 2.911653 -0.928233
v 1.357038 2.947241 -0.880570
v 1.369528 2.987821 -0.834946
v 1.375691 3.032700 -0.792140
v 1.375420 3.081108 -0.752885
v 1.368720 3.132219 -0.717854
v 1.355706 3.185157 -0.687644
v 1.336600 3.239016 -0.662774
v 1.311730 3.292875 -0.643668
v 1.281520 3.345813 -0.630654
v 1.246489 3.396924 -0.623954
v 1.207234 3.445332 -0.623683
v 1.164428 3.490211 -0.629846
v 1.118804 3.530791 -0.642337
v 1.071141 3.566380 -0.660942
v 1.022256 3.596366 -0.685343
v 0.972984 3.620239 -0.715122
v 0.924170 3.637589 -0.749771
v 0.876648 3.648118 -0.788696
v 0.831230 3.651649 -0.831230
v 0.788696 3.648118 -0.876648
v 0.749771 3.637589 -0.924170
v 0.715122 3.620239 -0.972985
v 0.685343 3.596366 -1.022256
v 0.660942 3.566380 -1.071141
v 0.642337 3.530791 -1.118804
v 0.629846 3.490211 -1.164428
v 0.623683 3.445332 -1.207234
v 0.623954 3.396924 -1.246489
v 0.630654 3.345813 -1.281520
v 0.643668 3.292875 -1.311730
v 0.679763 3.183796 -1.364698
v 0.746652 3.077120 -1.384910
v 0.830785 2.981477 -1.378869
v 0.877562 2.939871 -1.366063
v 0.926428 2.903384 -1.346988
v 1.027064 2.848165 -1.291439
v 1.125834 2.819581 -1.216007
v 1.172398 2.815962 -1.172398
v 1.255915 2.830377 -1.077111
v 1.346988 2.903384 -0.926428
v 1.385187 3.027489 -0.786898
v 1.378040 3.129521 -0.710735
v 1.364698 3.183796 -0.679763
v 1.345109 3.239016 -0.654264
v 1.212476 3.450543 -0.614187
v 1.168589 3.496555 -0.620505
v 1.121812 3.538161 -0.633311
v 1.072946 3.574647 -0.652386
v 1.022826 3.605392 -0.677403
v 0.783367 3.658451 -0.873540
v 0.677403 3.605392 -1.022826
v 0.652386 3.574647 -1.072946
v 0.633311 3.538161 -1.121812
v 0.620505 3.496555 -1.168589
v 0.614187 3.450543 -1.212476
v 0.614464 3.400912 -1.252722
v 0.621333 3.348510 -1.288638
v 0.855605 3.180439 -1.000286
v 0.860945 3.168875 -1.004389
v 0.867431 3.157508 -1.007183
v 0.874953 3.146534 -1.008622
v 0.883382 3.136140 -1.008680
v 0.892573 3.126504 -1.007357
v 0.902369 3.117790 -1.004675
v 0.912603 3.110149 -1.000680
v 0.923100 3.103710 -0.995441
v 0.933679 3.098585 -0.989047
v 0.944161 3.094859 -0.981607
v 0.954364 3.092598 -0.973249
v 0.964116 3.091840 -0.964116
v 0.973249 3.092598 -0.954364
v 0.981607 3.094859 -0.944160
v 0.989047 3.098585 -0.933679
v 0.995440 3.103710 -0.923100
v 1.000680 3.110149 -0.912603
v 1.004675 3.117791 -0.902369
v 1.007357 3.126504 -0.892573
v 1.008680 3.136140 -0.883382
v 1.008622 3.146534 -0.874953
v 1.007183 3.157508 -0.867431
v 1.004389 3.168875 -0.860945
v 1.000287 3.180439 -0.855605
v 0.994946 3.192004 -0.851503
v 0.988460 3.203371 -0.848708
v 0.980938 3.214345 -0.847270
v 0.972510 3.224739 -0.847211
v 0.963318 3.234375 -0.848535
v 0.953522 3.243088 -0.851217
v 0.943288 3.250730 -0.855211
v 0.932792 3.257168 -0.860451
v 0.922212 3.262294 -0.866845
v 0.911731 3.266019 -0.874285
v 0.901527 3.268281 -0.882643
v 0.891775 3.269038 -0.891775
v 0.882642 3.268281 -0.901527
v 0.874285 3.266019 -0.911731
v 0.866845 3.262294 -0.922212
v 0.860451 3.257169 -0.932791
v 0.855211 3.250730 -0.943288
v 0.851217 3.243088 -0.953522
v 0.848535 3.234375 -0.963318
v 0.847211 3.224739 -0.972509
v 0.847270 3.214345 -0.980938
v 0.848708 3.203370 -0.988460
v 0.851503 3.192004 -0.994946
v 0.718239 3.158230 -1.213709
v 0.699794 3.198174 -1.199539
v 0.740645 3.118968 -1.223361
v 0.766626 3.081062 -1.228330
v 0.795739 3.045160 -1.228531
v 0.827486 3.011875 -1.223960
v 0.861324 2.981779 -1.214696
v 0.896673 2.955385 -1.200898
v 0.932929 2.933145 -1.182801
v 0.969471 2.915440 -1.160715
v 1.005674 2.902573 -1.135018
v 1.040919 2.894763 -1.106149
v 1.074603 2.892145 -1.074603
v 1.106149 2.894763 -1.040919
v 1.135018 2.902573 -1.005674
v 1.160715 2.915440 -0.969471
v 1.182801 2.933145 -0.932929
v 1.200898 2.955385 -0.896673
v 1.214696 2.981779 -0.861324
v 1.223960 3.011876 -0.827486
v 1.228531 3.045160 -0.795739
v 1.228330 3.081062 -0.766626
v 1.223361 3.118968 -0.740644
v 1.213709 3.158230 -0.718239
v 1.199539 3.198175 -0.699794
v 1.181094 3.238120 -0.685625
v 1.158689 3.277381 -0.675973
v 1.132708 3.315287 -0.671004
v 1.103595 3.351190 -0.670803
v 1.071848 3.384474 -0.675373
v 1.038010 3.414570 -0.684637
v 1.002661 3.440964 -0.698436
v 0.966405 3.463204 -0.716533
v 0.929863 3.480909 -0.738619
v 0.893659 3.493777 -0.764316
v 0.858414 3.501586 -0.793185
v 0.824731 3.504204 -0.824731
v 0.793185 3.501586 -0.858414
v 0.764316 3.493777 -0.893659
v 0.738619 3.480909 -0.929863
v 0.716533 3.463204 -0.966405
v 0.698436 3.440964 -1.002661
v 0.684637 3.414570 -1.038010
v 0.675373 3.384474 -1.071848
v 0.670803 3.351190 -1.103595
v 0.671004 3.315287 -1.132708
v 0.675973 3.277381 -1.158689
v 0.685625 3.238119 -1.181094
v 0.654031 3.224844 -1.310631
v 0.657126 3.234404 -1.330952
v 0.651913 3.226632 -1.317126
v 0.653046 3.230131 -1.324564
v 0.681996 3.180545 -1.350058
v 0.678265 3.172362 -1.329248
v 0.677831 3.176456 -1.343605
v 0.676465 3.173461 -1.335988
v 0.712206 3.127607 -1.363072
v 0.707702 3.120778 -1.341930
v 0.707937 3.123700 -1.356574
v 0.706289 3.121200 -1.348835
v 0.747237 3.076497 -1.369772
v 0.741838 3.070974 -1.348458
v 0.742849 3.072764 -1.363251
v 0.740873 3.070743 -1.355450
v 0.786492 3.028088 -1.370043
v 0.780089 3.023803 -1.348722
v 0.781969 3.024521 -1.363521
v 0.779625 3.022953 -1.355717
v 0.829298 2.983210 -1.363880
v 0.821801 2.980072 -1.342717
v 0.824628 2.979796 -1.357380
v 0.821884 2.978648 -1.349633
v 0.874922 2.942629 -1.351389
v 0.866259 2.940528 -1.330546
v 0.870096 2.939355 -1.344932
v 0.866925 2.938586 -1.337302
v 0.922585 2.907041 -1.332784
v 0.912703 2.905850 -1.312416
v 0.917596 2.903889 -1.326390
v 0.913979 2.903453 -1.318935
v 0.971470 2.877054 -1.308383
v 0.960339 2.876630 -1.288639
v 0.966314 2.874005 -1.302073
v 0.962239 2.873849 -1.294846
v 1.020741 2.853181 -1.278604
v 1.008351 2.853367 -1.259621
v 1.015416 2.850214 -1.272395
v 1.010881 2.850282 -1.265447
v 1.069556 2.835832 -1.243955
v 1.055917 2.836462 -1.225858
v 1.064064 2.832923 -1.237865
v 1.059071 2.833154 -1.231241
v 1.117078 2.825302 -1.205030
v 1.102225 2.826200 -1.187928
v 1.111423 2.822430 -1.199074
v 1.105986 2.822759 -1.192814
v 1.162495 2.821772 -1.162495
v 1.146481 2.822761 -1.146481
v 1.156685 2.818912 -1.156685
v 1.150823 2.819273 -1.150823
v 1.205030 2.825302 -1.117078
v 1.187928 2.826200 -1.102225
v 1.199074 2.822430 -1.111423
v 1.192814 2.822759 -1.105986
v 1.243955 2.835832 -1.069556
v 1.225858 2.836462 -1.055917
v 1.237865 2.832923 -1.064063
v 1.231241 2.833154 -1.059071
v 1.278604 2.853181 -1.020741
v 1.259621 2.853367 -1.008351
v 1.272395 2.850214 -1.015416
v 1.265447 2.850282 -1.010881
v 1.308383 2.877054 -0.971470
v 1.288639 2.876630 -0.960339
v 1.302073 2.874005 -0.966313
v 1.294846 2.873849 -0.962239
v 1.332784 2.907041 -0.922585
v 1.312416 2.905850 -0.912703
v 1.326390 2.903889 -0.917596
v 1.318935 2.903453 -0.913979
v 1.351389 2.942629 -0.874922
v 1.330546 2.940528 -0.866259
v 1.344932 2.939355 -0.870096
v 1.337302 2.938586 -0.866925
v 1.363880 2.983210 -0.829297
v 1.342717 2.980072 -0.821801
v 1.357380 2.979796 -0.824628
v 1.349633 2.978648 -0.821884
v 1.370043 3.028088 -0.786492
v 1.348722 3.023803 -0.780089
v 1.363521 3.024521 -0.781969
v 1.355717 3.022953 -0.779625
v 1.369772 3.076497 -0.747237
v 1.348458 3.070974 -0.741838
v 1.363251 3.072764 -0.742849
v 1.355450 3.070743 -0.740873
v 1.363072 3.127607 -0.712206
v 1.341930 3.120778 -0.707702
v 1.356574 3.123700 -0.707937
v 1.348835 3.121200 -0.706289
v 1.350058 3.180545 -0.681996
v 1.329248 3.172362 -0.678265
v 1.343605 3.176456 -0.677831
v 1.335988 3.173461 -0.676465
v 1.330952 3.234404 -0.657126
v 1.310631 3.224844 -0.654031
v 1.324564 3.230131 -0.653046
v 1.317126 3.226632 -0.651913
v 1.306082 3.288264 -0.638020
v 1.286396 3.277327 -0.635413
v 1.299779 3.283806 -0.634006
v 1.292574 3.279803 -0.633052
v 1.275872 3.341202 -0.625006
v 1.256959 3.328912 -0.622732
v 1.269673 3.336562 -0.621036
v 1.262751 3.332064 -0.620204
v 1.240841 3.392312 -0.618306
v 1.222823 3.378716 -0.616203
v 1.234761 3.387498 -0.614359
v 1.228167 3.382521 -0.613590
v 1.201586 3.440721 -0.618035
v 1.184572 3.425887 -0.615939
v 1.195641 3.435741 -0.614089
v 1.189414 3.430311 -0.613322
v 1.158780 3.485599 -0.624198
v 1.142860 3.469618 -0.621944
v 1.152982 3.480465 -0.620231
v 1.147155 3.474616 -0.619406
v 1.113156 3.526180 -0.636689
v 1.098402 3.509161 -0.634116
v 1.107514 3.520907 -0.632679
v 1.102114 3.514678 -0.631737
v 1.065493 3.561768 -0.655294
v 1.051958 3.543839 -0.652245
v 1.060015 3.556373 -0.651220
v 1.055060 3.549811 -0.650104
v 1.016608 3.591755 -0.679695
v 1.004323 3.573060 -0.676023
v 1.011297 3.586257 -0.675538
v 1.006800 3.579414 -0.674193
v 0.967336 3.615627 -0.709474
v 0.956311 3.596322 -0.705041
v 0.962194 3.610048 -0.705215
v 0.958158 3.602982 -0.703592
v 0.918522 3.632977 -0.744123
v 0.908744 3.613228 -0.738804
v 0.913547 3.627338 -0.739745
v 0.909968 3.620110 -0.737798
v 0.870999 3.643507 -0.783047
v 0.862437 3.623488 -0.776733
v 0.866187 3.637832 -0.778536
v 0.863053 3.630505 -0.776225
v 0.825582 3.647037 -0.825582
v 0.818181 3.626929 -0.818181
v 0.820925 3.641351 -0.820925
v 0.818216 3.633990 -0.818216
v 0.783047 3.643507 -0.870999
v 0.776733 3.623488 -0.862437
v 0.778536 3.637832 -0.866187
v 0.776225 3.630505 -0.863053
v 0.744123 3.632977 -0.918522
v 0.738804 3.613228 -0.908744
v 0.739745 3.627338 -0.913547
v 0.737798 3.620110 -0.909968
v 0.709474 3.615627 -0.967336
v 0.705041 3.596322 -0.956311
v 0.705215 3.610048 -0.962194
v 0.703592 3.602982 -0.958158
v 0.679695 3.591755 -1.016608
v 0.676022 3.573060 -1.004323
v 0.675537 3.586257 -1.011297
v 0.674193 3.579414 -1.006800
v 0.655294 3.561768 -1.065493
v 0.652245 3.543839 -1.051958
v 0.651220 3.556373 -1.060015
v 0.650104 3.549811 -1.055060
v 0.636689 3.526180 -1.113156
v 0.634116 3.509161 -1.098402
v 0.632679 3.520907 -1.107514
v 0.631737 3.514678 -1.102114
v 0.624198 3.485599 -1.158780
v 0.621944 3.469618 -1.142861
v 0.620231 3.480465 -1.152982
v 0.619406 3.474616 -1.147155
v 0.618035 3.440721 -1.201586
v 0.615939 3.425887 -1.184572
v 0.614089 3.435740 -1.195641
v 0.613322 3.430311 -1.189414
v 0.618306 3.392312 -1.240841
v 0.616203 3.378716 -1.222823
v 0.614359 3.387498 -1.234761
v 0.613590 3.382521 -1.228167
v 0.625006 3.341201 -1.275872
v 0.622732 3.328911 -1.256959
v 0.621036 3.336562 -1.269673
v 0.620204 3.332064 -1.262751
v 0.638020 3.288264 -1.306082
v 0.635413 3.277327 -1.286396
v 0.634006 3.283806 -1.299779
v 0.633051 3.279803 -1.292574
v 0.623716 3.227486 -1.347416
v 0.624526 3.232683 -1.359335
v 0.621653 3.229008 -1.353208
v 0.651647 3.173949 -1.380170
v 0.650427 3.169641 -1.367936
v 0.648654 3.170535 -1.373950
v 0.684591 3.116220 -1.394362
v 0.682873 3.112784 -1.381913
v 0.681451 3.113061 -1.388079
v 0.722793 3.060484 -1.401668
v 0.720497 3.057891 -1.389109
v 0.719484 3.057572 -1.395353
v 0.765600 3.007694 -1.401963
v 0.762657 3.005899 -1.389400
v 0.762102 3.005016 -1.395648
v 0.812280 2.958755 -1.395243
v 0.808631 2.957699 -1.382781
v 0.808575 2.956293 -1.388957
v 0.862033 2.914501 -1.381622
v 0.857633 2.914115 -1.369366
v 0.858108 2.912236 -1.375396
v 0.914010 2.875692 -1.361333
v 0.908823 2.875893 -1.349384
v 0.909854 2.873599 -1.355197
v 0.967319 2.842992 -1.334724
v 0.961327 2.843687 -1.323177
v 0.962928 2.841043 -1.328705
v 1.021050 2.816959 -1.302249
v 1.014245 2.818047 -1.291193
v 1.016420 2.815125 -1.296374
v 1.074282 2.798039 -1.264465
v 1.066673 2.799413 -1.253980
v 1.069417 2.796289 -1.258757
v 1.126105 2.786556 -1.222017
v 1.117712 2.788104 -1.212174
v 1.121011 2.784857 -1.216498
v 1.175633 2.782706 -1.175633
v 1.166491 2.784312 -1.166491
v 1.170319 2.781024 -1.170319
v 1.222017 2.786556 -1.126105
v 1.212174 2.788104 -1.117712
v 1.216498 2.784857 -1.121011
v 1.264465 2.798039 -1.074282
v 1.253980 2.799413 -1.066673
v 1.258758 2.796289 -1.069417
v 1.302249 2.816959 -1.021050
v 1.291193 2.818047 -1.014245
v 1.296375 2.815125 -1.016420
v 1.334724 2.842992 -0.967319
v 1.323177 2.843687 -0.961327
v 1.328705 2.841043 -0.962928
v 1.361333 2.875692 -0.914010
v 1.349384 2.875893 -0.908823
v 1.355197 2.873599 -0.909854
v 1.381622 2.914501 -0.862034
v 1.369366 2.914115 -0.857633
v 1.375396 2.912236 -0.858108
v 1.395243 2.958755 -0.812280
v 1.382781 2.957699 -0.808631
v 1.388957 2.956293 -0.808575
v 1.401963 3.007695 -0.765600
v 1.389400 3.005899 -0.762657
v 1.395648 3.005016 -0.762102
v 1.401668 3.060484 -0.722793
v 1.389109 3.057891 -0.720497
v 1.395353 3.057572 -0.719484
v 1.394362 3.116220 -0.684591
v 1.381913 3.112785 -0.682873
v 1.388079 3.113062 -0.681451
v 1.380170 3.173949 -0.651647
v 1.367936 3.169641 -0.650427
v 1.373950 3.170535 -0.648654
v 1.359335 3.232683 -0.624526
v 1.347416 3.227486 -0.623716
v 1.353208 3.229008 -0.621653
v 1.332214 3.291417 -0.603691
v 1.320705 3.285332 -0.603197
v 1.326207 3.287482 -0.600910
v 1.299271 3.349145 -0.589500
v 1.288260 3.342188 -0.589219
v 1.293409 3.344955 -0.586781
v 1.261068 3.404881 -0.582193
v 1.250635 3.397082 -0.582023
v 1.255376 3.400445 -0.579507
v 1.218261 3.457671 -0.581898
v 1.208475 3.449073 -0.581733
v 1.212759 3.453001 -0.579213
v 1.171581 3.506611 -0.588618
v 1.162501 3.497273 -0.588351
v 1.166286 3.501724 -0.585904
v 1.121828 3.550865 -0.602239
v 1.113500 3.540858 -0.601766
v 1.116752 3.545781 -0.599465
v 1.069852 3.589674 -0.622528
v 1.062309 3.579080 -0.621748
v 1.065006 3.584418 -0.619664
v 1.016542 3.622374 -0.649138
v 1.009806 3.611286 -0.647956
v 1.011933 3.616974 -0.646155
v 0.962812 3.648407 -0.681612
v 0.956887 3.636926 -0.679939
v 0.958440 3.642892 -0.678486
v 0.909579 3.667327 -0.719397
v 0.904460 3.655560 -0.717152
v 0.905443 3.661728 -0.716103
v 0.857756 3.678810 -0.761844
v 0.853420 3.666869 -0.758958
v 0.853850 3.673160 -0.758363
v 0.808228 3.682660 -0.808228
v 0.804641 3.670660 -0.804641
v 0.804541 3.676993 -0.804541
v 0.761844 3.678810 -0.857756
v 0.758958 3.666869 -0.853420
v 0.758362 3.673160 -0.853850
v 0.719397 3.667327 -0.909579
v 0.717152 3.655560 -0.904460
v 0.716103 3.661728 -0.905444
v 0.681612 3.648407 -0.962812
v 0.679939 3.636926 -0.956887
v 0.678486 3.642892 -0.958440
v 0.649138 3.622374 -1.016542
v 0.647956 3.611286 -1.009806
v 0.646155 3.616974 -1.011933
v 0.622528 3.589674 -1.069852
v 0.621748 3.579080 -1.062309
v 0.619664 3.584418 -1.065006
v 0.602239 3.550864 -1.121828
v 0.601766 3.540858 -1.113500
v 0.599465 3.545781 -1.116752
v 0.588618 3.506611 -1.171581
v 0.588351 3.497273 -1.162501
v 0.585904 3.501724 -1.166286
v 0.581898 3.457671 -1.218261
v 0.581732 3.449073 -1.208475
v 0.579213 3.453001 -1.212759
v 0.582193 3.404881 -1.261068
v 0.582023 3.397082 -1.250635
v 0.579507 3.400445 -1.255376
v 0.589500 3.349145 -1.299271
v 0.589219 3.342188 -1.288260
v 0.586781 3.344955 -1.293409
v 0.603691 3.291417 -1.332214
v 0.603197 3.285332 -1.320705
v 0.600910 3.287482 -1.326207
v 0.843474 3.152711 -0.944497
v 0.847203 3.144637 -0.947361
v 0.851732 3.136700 -0.949313
v 0.856984 3.129037 -0.950317
v 0.862869 3.121780 -0.950358
v 0.869287 3.115051 -0.949434
v 0.876127 3.108967 -0.947561
v 0.883273 3.103631 -0.944772
v 0.890602 3.099136 -0.941114
v 0.897989 3.095557 -0.936649
v 0.905308 3.092956 -0.931454
v 0.912432 3.091377 -0.925618
v 0.919241 3.090848 -0.919242
v 0.925618 3.091377 -0.912432
v 0.931454 3.092956 -0.905307
v 0.936649 3.095557 -0.897989
v 0.941113 3.099136 -0.890602
v 0.944772 3.103631 -0.883273
v 0.947561 3.108967 -0.876127
v 0.949434 3.115051 -0.869287
v 0.950358 3.121779 -0.862869
v 0.950317 3.129037 -0.856984
v 0.949313 3.136700 -0.851732
v 0.947362 3.144637 -0.847203
v 0.944497 3.152711 -0.843474
v 0.940768 3.160786 -0.840610
v 0.936239 3.168723 -0.838659
v 0.930987 3.176386 -0.837654
v 0.925102 3.183643 -0.837614
v 0.918684 3.190372 -0.838538
v 0.911844 3.196455 -0.840410
v 0.904698 3.201791 -0.843200
v 0.897369 3.206287 -0.846858
v 0.889983 3.209866 -0.851323
v 0.882664 3.212467 -0.856517
v 0.875539 3.214046 -0.862353
v 0.868730 3.214575 -0.868730
v 0.862353 3.214046 -0.875539
v 0.856517 3.212467 -0.882664
v 0.851323 3.209866 -0.889982
v 0.846858 3.206287 -0.897369
v 0.843200 3.201791 -0.904698
v 0.840410 3.196455 -0.911844
v 0.838538 3.190372 -0.918684
v 0.837614 3.183643 -0.925102
v 0.837654 3.176386 -0.930987
v 0.838659 3.168723 -0.936239
v 0.840610 3.160786 -0.940769
v 0.827686 3.152711 -0.960285
v 0.828567 3.158364 -0.973249
v 0.825901 3.153142 -0.963124
v 0.825442 3.154367 -0.966585
v 0.826378 3.156201 -0.970140
v 0.833907 3.146799 -0.977351
v 0.832581 3.142113 -0.964045
v 0.831684 3.144710 -0.974216
v 0.830651 3.143085 -0.970586
v 0.830966 3.142173 -0.967015
v 0.840394 3.135432 -0.980146
v 0.838525 3.131695 -0.966606
v 0.838130 3.133415 -0.976993
v 0.836979 3.131996 -0.973313
v 0.837118 3.131392 -0.969665
v 0.847916 3.124458 -0.981584
v 0.845419 3.121637 -0.967924
v 0.845604 3.122510 -0.978422
v 0.844317 3.121291 -0.974716
v 0.844252 3.120984 -0.971030
v 0.856344 3.114064 -0.981642
v 0.853143 3.112112 -0.967978
v 0.853978 3.112183 -0.978480
v 0.852539 3.111151 -0.974773
v 0.852246 3.111126 -0.971085
v 0.865535 3.104428 -0.980319
v 0.861567 3.103280 -0.966765
v 0.863111 3.102608 -0.977165
v 0.861506 3.101750 -0.973482
v 0.860964 3.101987 -0.969830
v 0.875332 3.095714 -0.977637
v 0.870546 3.095294 -0.964307
v 0.872845 3.093950 -0.974500
v 0.871063 3.093250 -0.970865
v 0.870255 3.093722 -0.967286
v 0.885566 3.088073 -0.973642
v 0.879925 3.088291 -0.960645
v 0.883014 3.086357 -0.970531
v 0.881046 3.085796 -0.966968
v 0.879961 3.086475 -0.963497
v 0.896062 3.081635 -0.968403
v 0.889545 3.082390 -0.955844
v 0.893444 3.079959 -0.965325
v 0.891286 3.079515 -0.961857
v 0.889917 3.080368 -0.958528
v 0.906641 3.076509 -0.962009
v 0.899240 3.077693 -0.949984
v 0.903956 3.074866 -0.958971
v 0.901606 3.074514 -0.955620
v 0.899950 3.075507 -0.952464
v 0.917123 3.072783 -0.954569
v 0.908846 3.074278 -0.943165
v 0.914371 3.071164 -0.951579
v 0.911831 3.070880 -0.948362
v 0.909892 3.071974 -0.945407
v 0.927327 3.070522 -0.946211
v 0.918198 3.072206 -0.935505
v 0.924510 3.068918 -0.943274
v 0.921786 3.068674 -0.940208
v 0.919569 3.069829 -0.937480
v 0.937079 3.069764 -0.937079
v 0.927135 3.071512 -0.927135
v 0.934199 3.068165 -0.934200
v 0.931299 3.067935 -0.931299
v 0.928818 3.069110 -0.928818
v 0.946212 3.070522 -0.927327
v 0.935506 3.072206 -0.918198
v 0.943274 3.068918 -0.924510
v 0.940208 3.068674 -0.921786
v 0.937480 3.069829 -0.919569
v 0.954569 3.072783 -0.917123
v 0.943165 3.074278 -0.908846
v 0.951579 3.071164 -0.914371
v 0.948362 3.070880 -0.911831
v 0.945407 3.071974 -0.909891
v 0.962009 3.076509 -0.906641
v 0.949984 3.077693 -0.899240
v 0.958971 3.074866 -0.903956
v 0.955620 3.074514 -0.901606
v 0.952464 3.075507 -0.899950
v 0.968403 3.081634 -0.896062
v 0.955844 3.082390 -0.889545
v 0.965325 3.079959 -0.893444
v 0.961857 3.079515 -0.891286
v 0.958528 3.080368 -0.889917
v 0.973642 3.088073 -0.885566
v 0.960645 3.088291 -0.879925
v 0.970531 3.086357 -0.883014
v 0.966968 3.085796 -0.881046
v 0.963497 3.086475 -0.879961
v 0.977637 3.095715 -0.875332
v 0.964307 3.095294 -0.870545
v 0.974500 3.093950 -0.872845
v 0.970866 3.093250 -0.871062
v 0.967286 3.093722 -0.870255
v 0.980319 3.104428 -0.865535
v 0.966765 3.103280 -0.861567
v 0.977165 3.102608 -0.863111
v 0.973482 3.101750 -0.861506
v 0.969830 3.101986 -0.860964
v 0.981642 3.114064 -0.856344
v 0.967978 3.112112 -0.853144
v 0.978480 3.112183 -0.853979
v 0.974773 3.111151 -0.852540
v 0.971085 3.111126 -0.852246
v 0.981584 3.124458 -0.847916
v 0.967924 3.121637 -0.845419
v 0.978422 3.122510 -0.845604
v 0.974716 3.121291 -0.844317
v 0.971030 3.120984 -0.844252
v 0.980146 3.135432 -0.840394
v 0.966606 3.131695 -0.838525
v 0.976993 3.133415 -0.838129
v 0.973312 3.131997 -0.836979
v 0.969665 3.131393 -0.837118
v 0.977351 3.146799 -0.833907
v 0.964045 3.142113 -0.832580
v 0.974216 3.144710 -0.831684
v 0.970587 3.143085 -0.830651
v 0.967015 3.142173 -0.830966
v 0.973249 3.158363 -0.828567
v 0.960285 3.152711 -0.827686
v 0.970140 3.156200 -0.826378
v 0.966585 3.154366 -0.825442
v 0.963124 3.153141 -0.825902
v 0.967909 3.169928 -0.824465
v 0.955391 3.163310 -0.823927
v 0.964834 3.167691 -0.822302
v 0.961375 3.165648 -0.821440
v 0.958059 3.164110 -0.822011
v 0.961422 3.181295 -0.821671
v 0.949446 3.173728 -0.821366
v 0.958388 3.178986 -0.819525
v 0.955047 3.176737 -0.818714
v 0.951907 3.174891 -0.819360
v 0.953900 3.192269 -0.820232
v 0.942552 3.183785 -0.820047
v 0.950914 3.189890 -0.818096
v 0.947709 3.187443 -0.817311
v 0.944773 3.185299 -0.817996
v 0.945472 3.202663 -0.820174
v 0.934828 3.193311 -0.819994
v 0.942540 3.200218 -0.818038
v 0.939487 3.197582 -0.817254
v 0.936779 3.195157 -0.817941
v 0.936281 3.212299 -0.821497
v 0.926404 3.202142 -0.821207
v 0.933407 3.209793 -0.819353
v 0.930521 3.206983 -0.818545
v 0.928062 3.204296 -0.819196
v 0.926484 3.221012 -0.824179
v 0.917426 3.210128 -0.823665
v 0.923673 3.218451 -0.822018
v 0.920964 3.215483 -0.821161
v 0.918770 3.212561 -0.821739
v 0.916251 3.228654 -0.828174
v 0.908047 3.217131 -0.827326
v 0.913504 3.226044 -0.825987
v 0.910980 3.222938 -0.825058
v 0.909064 3.219808 -0.825528
v 0.905754 3.235092 -0.833413
v 0.898427 3.223032 -0.832128
v 0.903074 3.232441 -0.831193
v 0.900741 3.229219 -0.830169
v 0.899109 3.225915 -0.830498
v 0.895175 3.240218 -0.839807
v 0.888731 3.227730 -0.837988
v 0.892562 3.237535 -0.837547
v 0.890420 3.234219 -0.836407
v 0.889075 3.230776 -0.836562
v 0.884693 3.243943 -0.847247
v 0.879125 3.231144 -0.844806
v 0.882147 3.241236 -0.844939
v 0.880195 3.237854 -0.843665
v 0.879134 3.234309 -0.843618
v 0.874489 3.246204 -0.855605
v 0.869773 3.233216 -0.852466
v 0.872008 3.243483 -0.853244
v 0.870241 3.240059 -0.851818
v 0.869456 3.236454 -0.851545
v 0.864738 3.246963 -0.864738
v 0.860836 3.233911 -0.860836
v 0.862319 3.244236 -0.862319
v 0.860728 3.240798 -0.860728
v 0.860207 3.237173 -0.860207
v 0.855605 3.246204 -0.874489
v 0.852466 3.233216 -0.869773
v 0.853244 3.243483 -0.872008
v 0.851818 3.240059 -0.870241
v 0.851545 3.236454 -0.869456
v 0.847247 3.243943 -0.884693
v 0.844806 3.231144 -0.879125
v 0.844939 3.241236 -0.882147
v 0.843665 3.237854 -0.880195
v 0.843618 3.234309 -0.879134
v 0.839807 3.240218 -0.895175
v 0.837988 3.227730 -0.888731
v 0.837547 3.237535 -0.892562
v 0.836407 3.234219 -0.890420
v 0.836562 3.230776 -0.889075
v 0.833413 3.235093 -0.905754
v 0.832128 3.223032 -0.898427
v 0.831193 3.232442 -0.903074
v 0.830169 3.229219 -0.900740
v 0.830498 3.225915 -0.899108
v 0.828174 3.228654 -0.916251
v 0.827326 3.217131 -0.908047
v 0.825987 3.226044 -0.913504
v 0.825058 3.222938 -0.910980
v 0.825528 3.219808 -0.909064
v 0.824179 3.221012 -0.926485
v 0.823665 3.210128 -0.917426
v 0.822018 3.218451 -0.923673
v 0.821161 3.215483 -0.920964
v 0.821739 3.212561 -0.918771
v 0.821497 3.212299 -0.936281
v 0.821207 3.202142 -0.926404
v 0.819353 3.209793 -0.933407
v 0.818545 3.206983 -0.930521
v 0.819196 3.204296 -0.928062
v 0.820174 3.202663 -0.945472
v 0.819994 3.193311 -0.934828
v 0.818038 3.200218 -0.942540
v 0.817254 3.197583 -0.939487
v 0.817941 3.195157 -0.936779
v 0.820232 3.192269 -0.953900
v 0.820047 3.183785 -0.942552
v 0.818096 3.189890 -0.950914
v 0.817311 3.187443 -0.947709
v 0.817996 3.185299 -0.944773
v 0.821671 3.181294 -0.961423
v 0.821366 3.173727 -0.949446
v 0.819525 3.178986 -0.958389
v 0.818714 3.176737 -0.955047
v 0.819360 3.174890 -0.951907
v 0.824465 3.169928 -0.967909
v 0.823927 3.163310 -0.955391
v 0.822302 3.167691 -0.964834
v 0.821440 3.165648 -0.961375
v 0.822011 3.164110 -0.958059
v 0.830200 3.136940 -0.919140
v 0.831081 3.142592 -0.932104
v 0.828415 3.137371 -0.921979
v 0.827955 3.138596 -0.925439
v 0.828892 3.140429 -0.928995
v 0.834810 3.134517 -0.934968
v 0.833483 3.129831 -0.921662
v 0.832587 3.132428 -0.931833
v 0.831554 3.130804 -0.928203
v 0.831868 3.129892 -0.924632
v 0.839339 3.126580 -0.936919
v 0.837470 3.122844 -0.923379
v 0.837075 3.124563 -0.933767
v 0.835924 3.123145 -0.930086
v 0.836063 3.122541 -0.926439
v 0.844591 3.118918 -0.937924
v 0.842094 3.116097 -0.924264
v 0.842279 3.116971 -0.934762
v 0.840992 3.115751 -0.931055
v 0.840928 3.115444 -0.927369
v 0.850476 3.111660 -0.937964
v 0.847275 3.109708 -0.924300
v 0.848110 3.109779 -0.934802
v 0.846671 3.108747 -0.931095
v 0.846378 3.108723 -0.927407
v 0.856894 3.104932 -0.937040
v 0.852925 3.103784 -0.923486
v 0.854469 3.103112 -0.933887
v 0.852864 3.102255 -0.930203
v 0.852322 3.102491 -0.926551
v 0.863734 3.098848 -0.935168
v 0.858948 3.098428 -0.921837
v 0.861248 3.097083 -0.932031
v 0.859465 3.096384 -0.928396
v 0.858657 3.096856 -0.924817
v 0.870880 3.093513 -0.932378
v 0.865239 3.093731 -0.919382
v 0.868328 3.091796 -0.929267
v 0.866360 3.091235 -0.925704
v 0.865275 3.091914 -0.922233
v 0.878209 3.089017 -0.928720
v 0.871691 3.089773 -0.916161
v 0.875591 3.087342 -0.925642
v 0.873432 3.086897 -0.922174
v 0.872063 3.087751 -0.918845
v 0.885596 3.085438 -0.924256
v 0.878194 3.086622 -0.912230
v 0.882910 3.083795 -0.921218
v 0.880560 3.083443 -0.917866
v 0.878904 3.084436 -0.914710
v 0.892914 3.082837 -0.919061
v 0.884638 3.084332 -0.907657
v 0.890162 3.081218 -0.916070
v 0.887623 3.080933 -0.912853
v 0.885683 3.082027 -0.909899
v 0.900039 3.081258 -0.913225
v 0.890910 3.082942 -0.902519
v 0.897222 3.079653 -0.910288
v 0.894498 3.079410 -0.907222
v 0.892282 3.080564 -0.904494
v 0.906848 3.080729 -0.906848
v 0.896905 3.082476 -0.896905
v 0.903969 3.079129 -0.903969
v 0.901068 3.078899 -0.901069
v 0.898588 3.080074 -0.898588
v 0.913225 3.081258 -0.900039
v 0.902519 3.082942 -0.890910
v 0.910288 3.079653 -0.897222
v 0.907222 3.079410 -0.894498
v 0.904494 3.080564 -0.892282
v 0.919061 3.082837 -0.892914
v 0.907657 3.084332 -0.884637
v 0.916071 3.081218 -0.890162
v 0.912854 3.080933 -0.887623
v 0.909899 3.082027 -0.885683
v 0.924256 3.085438 -0.885596
v 0.912230 3.086622 -0.878194
v 0.921218 3.083795 -0.882910
v 0.917866 3.083443 -0.880560
v 0.914710 3.084436 -0.878904
v 0.928720 3.089016 -0.878209
v 0.916161 3.089772 -0.871691
v 0.925642 3.087341 -0.875591
v 0.922174 3.086897 -0.873433
v 0.918845 3.087750 -0.872063
v 0.932378 3.093513 -0.870880
v 0.919382 3.093731 -0.865239
v 0.929267 3.091796 -0.868328
v 0.925704 3.091235 -0.866360
v 0.922233 3.091914 -0.865275
v 0.935168 3.098848 -0.863734
v 0.921837 3.098428 -0.858947
v 0.932031 3.097083 -0.861247
v 0.928396 3.096384 -0.859465
v 0.924817 3.096856 -0.858657
v 0.937041 3.104932 -0.856894
v 0.923486 3.103784 -0.852926
v 0.933887 3.103112 -0.854470
v 0.930203 3.102255 -0.852864
v 0.926551 3.102491 -0.852322
v 0.937964 3.111660 -0.850476
v 0.924299 3.109708 -0.847275
v 0.934802 3.109779 -0.848110
v 0.931095 3.108747 -0.846671
v 0.927407 3.108722 -0.846378
v 0.937924 3.118918 -0.844591
v 0.924264 3.116097 -0.842094
v 0.934762 3.116971 -0.842279
v 0.931055 3.115751 -0.840992
v 0.927369 3.115444 -0.840928
v 0.936919 3.126581 -0.839339
v 0.923379 3.122844 -0.837470
v 0.933766 3.124564 -0.837074
v 0.930086 3.123145 -0.835924
v 0.926439 3.122541 -0.836063
v 0.934968 3.134518 -0.834810
v 0.921662 3.129831 -0.833483
v 0.931833 3.132428 -0.832587
v 0.928203 3.130804 -0.831554
v 0.924632 3.129892 -0.831868
v 0.932104 3.142592 -0.831081
v 0.919140 3.136940 -0.830200
v 0.928995 3.140429 -0.828892
v 0.925439 3.138595 -0.827956
v 0.921979 3.137370 -0.828415
v 0.928375 3.150667 -0.828217
v 0.915857 3.144049 -0.827678
v 0.925300 3.148430 -0.826054
v 0.921841 3.146388 -0.825192
v 0.918525 3.144849 -0.825762
v 0.923846 3.158604 -0.826265
v 0.911870 3.151037 -0.825961
v 0.920812 3.156295 -0.824120
v 0.917471 3.154046 -0.823309
v 0.914331 3.152200 -0.823955
v 0.918594 3.166266 -0.825261
v 0.907246 3.157783 -0.825076
v 0.915608 3.163888 -0.823125
v 0.912403 3.161440 -0.822340
v 0.909466 3.159297 -0.823025
v 0.912709 3.173524 -0.825220
v 0.902065 3.164172 -0.825040
v 0.909777 3.171079 -0.823085
v 0.906724 3.168443 -0.822300
v 0.904016 3.166018 -0.822987
v 0.906291 3.180252 -0.826144
v 0.896415 3.170096 -0.825854
v 0.903417 3.177746 -0.824000
v 0.900531 3.174936 -0.823192
v 0.898072 3.172250 -0.823843
v 0.899451 3.186337 -0.828017
v 0.890392 3.175452 -0.827503
v 0.896639 3.183775 -0.825856
v 0.893930 3.180807 -0.824999
v 0.891737 3.177885 -0.825577
v 0.892305 3.191672 -0.830806
v 0.884101 3.180150 -0.829958
v 0.889558 3.189062 -0.828620
v 0.887035 3.185956 -0.827691
v 0.885119 3.182826 -0.828161
v 0.884976 3.196167 -0.834465
v 0.877649 3.184108 -0.833179
v 0.882296 3.193517 -0.832245
v 0.879963 3.190294 -0.831221
v 0.878331 3.186990 -0.831549
v 0.877589 3.199746 -0.838929
v 0.871146 3.187258 -0.837110
v 0.874977 3.197063 -0.836668
v 0.872835 3.193748 -0.835529
v 0.871489 3.190305 -0.835684
v 0.870271 3.202348 -0.844124
v 0.864702 3.189548 -0.841683
v 0.867725 3.199641 -0.841816
v 0.865772 3.196258 -0.840542
v 0.864711 3.192714 -0.840495
v 0.863145 3.203927 -0.849960
v 0.858429 3.190938 -0.846821
v 0.860664 3.201205 -0.847599
v 0.858897 3.197781 -0.846173
v 0.858112 3.194176 -0.845900
v 0.856337 3.204456 -0.856337
v 0.852435 3.191404 -0.852435
v 0.853917 3.201730 -0.853918
v 0.852326 3.198292 -0.852327
v 0.851806 3.194666 -0.851806
v 0.849960 3.203927 -0.863146
v 0.846821 3.190938 -0.858430
v 0.847599 3.201205 -0.860664
v 0.846173 3.197781 -0.858897
v 0.845900 3.194176 -0.858112
v 0.844124 3.202348 -0.870271
v 0.841683 3.189548 -0.864702
v 0.841816 3.199641 -0.867725
v 0.840542 3.196258 -0.865772
v 0.840495 3.192714 -0.864711
v 0.838929 3.199747 -0.877589
v 0.837110 3.187258 -0.871146
v 0.836669 3.197063 -0.874977
v 0.835529 3.193748 -0.872834
v 0.835684 3.190305 -0.871489
v 0.834465 3.196168 -0.884976
v 0.833179 3.184108 -0.877649
v 0.832245 3.193517 -0.882296
v 0.831221 3.190294 -0.879962
v 0.831549 3.186990 -0.878330
v 0.830806 3.191672 -0.892305
v 0.829958 3.180150 -0.884101
v 0.828620 3.189062 -0.889558
v 0.827691 3.185956 -0.887035
v 0.828161 3.182826 -0.885119
v 0.828017 3.186336 -0.899451
v 0.827503 3.175452 -0.890393
v 0.825856 3.183775 -0.896639
v 0.824999 3.180807 -0.893930
v 0.825577 3.177885 -0.891737
v 0.826144 3.180252 -0.906291
v 0.825854 3.170096 -0.896415
v 0.824000 3.177746 -0.903417
v 0.823192 3.174936 -0.900531
v 0.823843 3.172250 -0.898072
v 0.825220 3.173524 -0.912709
v 0.825041 3.164172 -0.902065
v 0.823085 3.171079 -0.909776
v 0.822300 3.168444 -0.906724
v 0.822987 3.166018 -0.904016
v 0.825261 3.166266 -0.918594
v 0.825076 3.157783 -0.907246
v 0.823125 3.163888 -0.915608
v 0.822340 3.161440 -0.912403
v 0.823025 3.159297 -0.909466
v 0.826266 3.158603 -0.923846
v 0.825961 3.151036 -0.911870
v 0.824120 3.156295 -0.920812
v 0.823309 3.154046 -0.917471
v 0.823955 3.152199 -0.914331
v 0.828217 3.150667 -0.928375
v 0.827678 3.144049 -0.915857
v 0.826054 3.148430 -0.925300
v 0.825192 3.146387 -0.921841
v 0.825762 3.144849 -0.918525
v 0.616783 3.202357 -1.490568
v 0.601270 3.203075 -1.490552
v 0.587827 3.203338 -1.482781
v 0.580057 3.203075 -1.469338
v 0.580040 3.202357 -1.453826
v 0.587782 3.201376 -1.440400
v 0.601208 3.200395 -1.432658
v 0.616721 3.199677 -1.432675
v 0.630163 3.199414 -1.440445
v 0.637934 3.199677 -1.453888
v 0.637950 3.200395 -1.469400
v 0.630208 3.201376 -1.482826
v 0.620498 3.282027 -1.486853
v 0.605035 3.283460 -1.486787
v 0.591611 3.283985 -1.478998
v 0.583822 3.283460 -1.465573
v 0.583755 3.282027 -1.450111
v 0.591429 3.280069 -1.436753
v 0.604787 3.278111 -1.429079
v 0.620250 3.276678 -1.429145
v 0.633674 3.276153 -1.436934
v 0.641463 3.276678 -1.450359
v 0.641529 3.278111 -1.465821
v 0.633856 3.280069 -1.479179
v 0.631647 3.361298 -1.475703
v 0.616383 3.364140 -1.475439
v 0.603031 3.365180 -1.467577
v 0.595170 3.364140 -1.454226
v 0.594905 3.361298 -1.438961
v 0.602308 3.357416 -1.425874
v 0.615395 3.353533 -1.418471
v 0.630660 3.350691 -1.418735
v 0.644012 3.349651 -1.426596
v 0.651873 3.350691 -1.439948
v 0.652138 3.353533 -1.455213
v 0.644735 3.357416 -1.468300
v 0.650018 3.437833 -1.457333
v 0.635080 3.442035 -1.456742
v 0.621848 3.443573 -1.448761
v 0.613867 3.442035 -1.435528
v 0.613276 3.437833 -1.420590
v 0.620233 3.432092 -1.407949
v 0.632874 3.426352 -1.400992
v 0.647812 3.422150 -1.401583
v 0.661044 3.420612 -1.409564
v 0.669026 3.422150 -1.422796
v 0.669616 3.426352 -1.437734
v 0.662659 3.432092 -1.450375
v 0.675295 3.510322 -1.432055
v 0.660807 3.515812 -1.431015
v 0.647739 3.517822 -1.422870
v 0.639593 3.515812 -1.409802
v 0.638553 3.510322 -1.395313
v 0.644897 3.502821 -1.383285
v 0.656924 3.495322 -1.376942
v 0.671413 3.489831 -1.377982
v 0.684481 3.487822 -1.386127
v 0.692626 3.489831 -1.399195
v 0.693667 3.495322 -1.413684
v 0.687323 3.502821 -1.425712
v 0.707047 3.577524 -1.400304
v 0.693122 3.584209 -1.398699
v 0.680261 3.586656 -1.390347
v 0.671909 3.584209 -1.377486
v 0.670305 3.577524 -1.363561
v 0.675877 3.568393 -1.352304
v 0.687134 3.559262 -1.346732
v 0.701059 3.552577 -1.348336
v 0.713920 3.550130 -1.356688
v 0.722272 3.552577 -1.369550
v 0.723876 3.559262 -1.383474
v 0.718304 3.568393 -1.394731
v 0.744729 3.638291 -1.362621
v 0.731475 3.646056 -1.360347
v 0.718858 3.648898 -1.351750
v 0.710261 3.646056 -1.339134
v 0.707987 3.638291 -1.325879
v 0.712645 3.627685 -1.315537
v 0.722987 3.617078 -1.310879
v 0.736242 3.609313 -1.313153
v 0.748858 3.606471 -1.321750
v 0.757455 3.609313 -1.334366
v 0.759729 3.617078 -1.347621
v 0.755071 3.627685 -1.357963
v 0.787698 3.691582 -1.319653
v 0.775207 3.700294 -1.316615
v 0.762870 3.703483 -1.307738
v 0.753993 3.700294 -1.295402
v 0.750956 3.691582 -1.282910
v 0.754570 3.679682 -1.273611
v 0.763869 3.667782 -1.269997
v 0.776361 3.659070 -1.273034
v 0.788697 3.655881 -1.281911
v 0.797574 3.659070 -1.294248
v 0.800612 3.667782 -1.306739
v 0.796997 3.679682 -1.316038
v 0.835218 3.736486 -1.272133
v 0.823571 3.745995 -1.268251
v 0.811543 3.749476 -1.259065
v 0.802357 3.745995 -1.247038
v 0.798475 3.736486 -1.235391
v 0.800936 3.723495 -1.227245
v 0.809082 3.710505 -1.224784
v 0.820729 3.700995 -1.228666
v 0.832756 3.697515 -1.237852
v 0.841942 3.700995 -1.249880
v 0.845824 3.710505 -1.261526
v 0.843363 3.723495 -1.269672
v 0.886475 3.772233 -1.220876
v 0.875739 3.782378 -1.216083
v 0.864045 3.786092 -1.206563
v 0.854526 3.782378 -1.194869
v 0.849733 3.772233 -1.184133
v 0.850949 3.758375 -1.177232
v 0.857851 3.744517 -1.176015
v 0.868586 3.734372 -1.180809
v 0.880281 3.730659 -1.190328
v 0.889800 3.734372 -1.202022
v 0.894593 3.744517 -1.212758
v 0.893376 3.758375 -1.219659
v 0.940593 3.798213 -1.166757
v 0.930819 3.808820 -1.161003
v 0.919477 3.812702 -1.151132
v 0.909606 3.808820 -1.139789
v 0.903851 3.798213 -1.130015
v 0.903754 3.783725 -1.124428
v 0.909341 3.769236 -1.124525
v 0.919115 3.758629 -1.130280
v 0.930458 3.754747 -1.140151
v 0.940329 3.758629 -1.151493
v 0.946084 3.769236 -1.161267
v 0.946180 3.783725 -1.166854
v 0.996646 3.813982 -1.110704
v 0.987868 3.824868 -1.103953
v 0.976891 3.828853 -1.093718
v 0.966655 3.824868 -1.082740
v 0.959904 3.813982 -1.073962
v 0.958446 3.799110 -1.069735
v 0.962673 3.784238 -1.071193
v 0.971451 3.773351 -1.077944
v 0.982429 3.769366 -1.088180
v 0.992664 3.773351 -1.099157
v 0.999415 3.784238 -1.107935
v 1.000873 3.799110 -1.112162
v 1.053675 3.819268 -1.053675
v 1.045911 3.830248 -1.045911
v 1.035304 3.834268 -1.035304
v 1.024698 3.830248 -1.024698
v 1.016933 3.819268 -1.016933
v 1.014091 3.804267 -1.014091
v 1.016933 3.789268 -1.016933
v 1.024698 3.778287 -1.024698
v 1.035304 3.774268 -1.035304
v 1.045911 3.778287 -1.045911
v 1.053675 3.789268 -1.053675
v 1.056517 3.804267 -1.056517
v 1.110704 3.813982 -0.996647
v 1.103953 3.824868 -0.987868
v 1.093718 3.828853 -0.976891
v 1.082740 3.824868 -0.966655
v 1.073962 3.813982 -0.959904
v 1.069735 3.799110 -0.958446
v 1.071193 3.784238 -0.962673
v 1.077944 3.773351 -0.971451
v 1.088180 3.769366 -0.982429
v 1.099157 3.773351 -0.992664
v 1.107935 3.784238 -0.999415
v 1.112162 3.799110 -1.000873
v 1.166757 3.798213 -0.940593
v 1.161003 3.808820 -0.930819
v 1.151131 3.812702 -0.919477
v 1.139789 3.808820 -0.909606
v 1.130015 3.798213 -0.903851
v 1.124428 3.783725 -0.903754
v 1.124525 3.769236 -0.909341
v 1.130280 3.758629 -0.919116
v 1.140151 3.754747 -0.930458
v 1.151493 3.758629 -0.940329
v 1.161267 3.769236 -0.946084
v 1.166854 3.783725 -0.946181
v 1.220876 3.772233 -0.886475
v 1.216082 3.782378 -0.875739
v 1.206563 3.786092 -0.864045
v 1.194869 3.782378 -0.854526
v 1.184133 3.772233 -0.849733
v 1.177232 3.758375 -0.850950
v 1.176015 3.744517 -0.857851
v 1.180809 3.734372 -0.868587
v 1.190328 3.730659 -0.880281
v 1.202022 3.734372 -0.889800
v 1.212758 3.744517 -0.894593
v 1.219659 3.758375 -0.893376
v 1.272133 3.736486 -0.835218
v 1.268251 3.745995 -0.823571
v 1.259065 3.749476 -0.811543
v 1.247038 3.745995 -0.802358
v 1.235391 3.736486 -0.798475
v 1.227245 3.723495 -0.800936
v 1.224784 3.710505 -0.809082
v 1.228666 3.700995 -0.820729
v 1.237852 3.697515 -0.832756
v 1.249880 3.700995 -0.841942
v 1.261527 3.710505 -0.845824
v 1.269672 3.723495 -0.843363
v 1.319653 3.691582 -0.787698
v 1.316615 3.700294 -0.775207
v 1.307738 3.703483 -0.762870
v 1.295402 3.700294 -0.753994
v 1.282910 3.691582 -0.750956
v 1.273611 3.679682 -0.754571
v 1.269996 3.667782 -0.763870
v 1.273034 3.659070 -0.776361
v 1.281911 3.655881 -0.788698
v 1.294248 3.659070 -0.797574
v 1.306739 3.667782 -0.800612
v 1.316038 3.679682 -0.796997
v 1.362621 3.638291 -0.744730
v 1.360347 3.646056 -0.731475
v 1.351750 3.648898 -0.718858
v 1.339134 3.646056 -0.710261
v 1.325879 3.638291 -0.707987
v 1.315537 3.627685 -0.712645
v 1.310879 3.617078 -0.722987
v 1.313153 3.609313 -0.736242
v 1.321750 3.606472 -0.748858
v 1.334366 3.609313 -0.757455
v 1.347621 3.617078 -0.759730
v 1.357963 3.627685 -0.755072
v 1.400304 3.577524 -0.707047
v 1.398699 3.584209 -0.693122
v 1.390347 3.586656 -0.680261
v 1.377486 3.584209 -0.671909
v 1.363561 3.577524 -0.670305
v 1.352305 3.568393 -0.675877
v 1.346732 3.559262 -0.687134
v 1.348336 3.552577 -0.701059
v 1.356688 3.550130 -0.713920
v 1.369550 3.552577 -0.722272
v 1.383474 3.559262 -0.723877
v 1.394731 3.568393 -0.718304
v 1.432055 3.510322 -0.675295
v 1.431015 3.515812 -0.660807
v 1.422870 3.517822 -0.647739
v 1.409802 3.515812 -0.639593
v 1.395313 3.510322 -0.638553
v 1.383285 3.502822 -0.644897
v 1.376942 3.495322 -0.656924
v 1.377982 3.489831 -0.671413
v 1.386127 3.487822 -0.684481
v 1.399195 3.489831 -0.692626
v 1.413684 3.495322 -0.693667
v 1.425712 3.502822 -0.687323
v 1.457333 3.437833 -0.650018
v 1.456742 3.442035 -0.635080
v 1.448761 3.443573 -0.621848
v 1.435528 3.442035 -0.613867
v 1.420590 3.437833 -0.613276
v 1.407949 3.432093 -0.620233
v 1.400992 3.426352 -0.632874
v 1.401583 3.422150 -0.647812
v 1.409564 3.420612 -0.661045
v 1.422796 3.422150 -0.669026
v 1.437734 3.426352 -0.669617
v 1.450376 3.432092 -0.662659
v 1.475703 3.361298 -0.631647
v 1.475439 3.364140 -0.616383
v 1.467577 3.365180 -0.603031
v 1.454226 3.364140 -0.595170
v 1.438961 3.361298 -0.594905
v 1.425874 3.357416 -0.602308
v 1.418471 3.353533 -0.615395
v 1.418735 3.350691 -0.630660
v 1.426597 3.349651 -0.644012
v 1.439948 3.350691 -0.651873
v 1.455213 3.353533 -0.652138
v 1.468300 3.357416 -0.644735
v 1.486853 3.282027 -0.620498
v 1.486787 3.283460 -0.605035
v 1.478998 3.283985 -0.591611
v 1.465573 3.283460 -0.583822
v 1.450111 3.282027 -0.583755
v 1.436753 3.280069 -0.591429
v 1.429079 3.278111 -0.604787
v 1.429145 3.276678 -0.620250
v 1.436934 3.276153 -0.633674
v 1.450359 3.276678 -0.641463
v 1.465821 3.278111 -0.641529
v 1.479179 3.280069 -0.633856
v 1.490568 3.202357 -0.616783
v 1.490552 3.203075 -0.601270
v 1.482781 3.203338 -0.587828
v 1.469338 3.203075 -0.580057
v 1.453826 3.202357 -0.580040
v 1.440400 3.201376 -0.587782
v 1.432658 3.200395 -0.601208
v 1.432675 3.199677 -0.616721
v 1.440445 3.199414 -0.630163
v 1.453888 3.199677 -0.637934
v 1.469400 3.200395 -0.637950
v 1.482826 3.201376 -0.630209
v 1.417701 3.208039 -0.709133
v 1.415563 3.192837 -0.706995
v 1.409474 3.179950 -0.700906
v 1.400362 3.171339 -0.691793
v 1.389613 3.168315 -0.681044
v 1.378864 3.171339 -0.670295
v 1.369751 3.179950 -0.661183
v 1.363662 3.192837 -0.655094
v 1.361524 3.208039 -0.652956
v 1.363662 3.223240 -0.655094
v 1.369751 3.236127 -0.661183
v 1.378864 3.244738 -0.670295
v 1.389613 3.247762 -0.681044
v 1.400362 3.244738 -0.691793
v 1.409474 3.236127 -0.700906
v 1.415563 3.223240 -0.706995
v 1.524374 3.208039 -0.602460
v 1.522236 3.192837 -0.600322
v 1.516147 3.179950 -0.594233
v 1.507035 3.171339 -0.585120
v 1.496285 3.168315 -0.574372
v 1.485536 3.171339 -0.563622
v 1.476424 3.179950 -0.554510
v 1.470335 3.192837 -0.548421
v 1.468197 3.208039 -0.546283
v 1.470335 3.223240 -0.548421
v 1.476424 3.236127 -0.554510
v 1.485536 3.244738 -0.563622
v 1.496285 3.247762 -0.574372
v 1.507035 3.244738 -0.585120
v 1.516147 3.236127 -0.594233
v 1.522236 3.223240 -0.600322
v 1.539359 3.190073 -0.592639
v 1.541886 3.208039 -0.595166
v 1.529483 3.208039 -0.607569
v 1.532163 3.174841 -0.585443
v 1.521393 3.164664 -0.574673
v 1.508688 3.161090 -0.561969
v 1.495984 3.164664 -0.549265
v 1.485214 3.174841 -0.538494
v 1.478018 3.190073 -0.531298
v 1.475491 3.208039 -0.528771
v 1.478018 3.226005 -0.531298
v 1.485214 3.241236 -0.538494
v 1.495984 3.251413 -0.549265
v 1.508688 3.254987 -0.561969
v 1.521393 3.251413 -0.574673
v 1.532163 3.241236 -0.585443
v 1.539359 3.226005 -0.592639
v 1.526956 3.190073 -0.605042
v 1.519760 3.174841 -0.597846
v 1.508990 3.164664 -0.587076
v 1.496285 3.161090 -0.574372
v 1.483582 3.164664 -0.561668
v 1.472811 3.174841 -0.550897
v 1.465615 3.190073 -0.543701
v 1.463088 3.208039 -0.541174
v 1.465615 3.226005 -0.543701
v 1.472811 3.241236 -0.550897
v 1.483582 3.251413 -0.561668
v 1.496285 3.254987 -0.574372
v 1.508990 3.251413 -0.587076
v 1.519760 3.241236 -0.597846
v 1.526956 3.226005 -0.605042
v 0.709133 3.208039 -1.417701
v 0.706995 3.192837 -1.415563
v 0.700906 3.179950 -1.409474
v 0.691793 3.171339 -1.400362
v 0.681044 3.168315 -1.389613
v 0.670295 3.171339 -1.378864
v 0.661183 3.179950 -1.369751
v 0.655094 3.192837 -1.363662
v 0.652956 3.208039 -1.361524
v 0.655094 3.223240 -1.363662
v 0.661183 3.236127 -1.369751
v 0.670295 3.244738 -1.378864
v 0.681044 3.247762 -1.389613
v 0.691793 3.244738 -1.400362
v 0.700906 3.236127 -1.409474
v 0.706995 3.223240 -1.415563
v 0.602460 3.208039 -1.524374
v 0.600322 3.192837 -1.522236
v 0.594233 3.179950 -1.516147
v 0.585120 3.171339 -1.507035
v 0.574372 3.168315 -1.496285
v 0.563622 3.171339 -1.485536
v 0.554510 3.179950 -1.476424
v 0.548421 3.192837 -1.470335
v 0.546283 3.208039 -1.468197
v 0.548421 3.223240 -1.470335
v 0.554510 3.236127 -1.476424
v 0.563622 3.244738 -1.485536
v 0.574372 3.247762 -1.496285
v 0.585120 3.244738 -1.507035
v 0.594233 3.236127 -1.516147
v 0.600322 3.223240 -1.522236
v 0.592639 3.190073 -1.539359
v 0.595166 3.208039 -1.541886
v 0.607569 3.208039 -1.529483
v 0.585443 3.174841 -1.532163
v 0.574673 3.164664 -1.521393
v 0.561969 3.161090 -1.508688
v 0.549265 3.164664 -1.495984
v 0.538494 3.174841 -1.485214
v 0.531298 3.190073 -1.478018
v 0.528771 3.208039 -1.475491
v 0.531298 3.226005 -1.478018
v 0.538494 3.241236 -1.485214
v 0.549265 3.251413 -1.495984
v 0.561969 3.254987 -1.508688
v 0.574673 3.251413 -1.521393
v 0.585443 3.241236 -1.532163
v 0.592639 3.226005 -1.539359
v 0.605042 3.190073 -1.526956
v 0.597846 3.174841 -1.519760
v 0.587076 3.164664 -1.508990
v 0.574372 3.161090 -1.496285
v 0.561668 3.164664 -1.483582
v 0.550897 3.174841 -1.472811
v 0.543701 3.190073 -1.465615
v 0.541174 3.208039 -1.463088
v 0.543701 3.226005 -1.465615
v 0.550897 3.241236 -1.472811
v 0.561668 3.251413 -1.483582
v 0.574372 3.254987 -1.496285
v 0.587076 3.251413 -1.508990
v 0.597846 3.241236 -1.519760
v 0.605042 3.226005 -1.526956
v 1.453004 4.167795 -1.550452
v 1.457202 4.135749 -1.554218
v 1.472640 4.111906 -1.570089
v 1.550451 4.167795 -1.453006
v 1.554216 4.135749 -1.457204
v 1.570087 4.111906 -1.472642
v 1.036474 3.805246 -1.133922
v 1.032709 3.837291 -1.129724
v 1.016838 3.861135 -1.114286
v 1.133921 3.805246 -1.036475
v 1.129723 3.837291 -1.032710
v 1.114285 3.861135 -1.016839
v 1.457363 4.193878 -1.578071
v 1.471779 4.213150 -1.593891
v 1.578069 4.193878 -1.457364
v 1.593889 4.213150 -1.471781
v 1.451082 4.167700 -1.570698
v 1.570696 4.167700 -1.451084
v 1.454562 4.141689 -1.573765
v 1.573764 4.141689 -1.454563
v 1.467037 4.122289 -1.586653
v 1.586651 4.122289 -1.467038
v 1.485366 4.114172 -1.606074
v 1.606073 4.114172 -1.485368
v 1.504657 4.119572 -1.626768
v 1.626767 4.119572 -1.504658
v 1.519592 4.137564 -1.642970
v 1.642968 4.137564 -1.519594
v 1.525997 4.163747 -1.650214
v 1.650213 4.163747 -1.525999
v 1.522133 4.191032 -1.646636
v 1.646635 4.191032 -1.522134
v 1.509147 4.211707 -1.633364
v 1.633363 4.211707 -1.509148
v 1.490688 4.219830 -1.614066
v 1.614065 4.219830 -1.490690
v 0.943957 3.835477 -1.067334
v 0.960158 3.853469 -1.082269
v 1.067333 3.835477 -0.943958
v 1.082268 3.853469 -0.960159
v 0.936712 3.809294 -1.060929
v 1.060928 3.809294 -0.936713
v 0.940290 3.782009 -1.064793
v 1.064792 3.782009 -0.940291
v 0.953563 3.761334 -1.077779
v 1.077778 3.761334 -0.953563
v 0.972860 3.753211 -1.096237
v 1.096237 3.753211 -0.972861
v 0.993036 3.759891 -1.115147
v 1.115146 3.759891 -0.993037
v 1.008856 3.779163 -1.129563
v 1.129562 3.779163 -1.008857
v 1.016228 3.805341 -1.135844
v 1.135843 3.805341 -1.016230
v 1.013161 3.831352 -1.132364
v 1.132364 3.831352 -1.013162
v 1.000274 3.850751 -1.119889
v 1.119889 3.850751 -1.000275
v 0.980852 3.858868 -1.101560
v 1.101559 3.858868 -0.980853
v 1.230752 3.880337 -1.141367
v 1.340652 3.963440 -1.261532
v 1.462819 4.043580 -1.373434
v 1.225858 3.907633 -1.136784
v 1.332639 3.986251 -1.253519
v 1.450142 4.065408 -1.361069
v 1.213493 3.929461 -1.124107
v 1.324625 4.009061 -1.245506
v 1.445560 4.092704 -1.356174
v 1.141366 3.880337 -1.230753
v 1.261531 3.963440 -1.340653
v 1.373432 4.043580 -1.462820
v 1.136783 3.907633 -1.225859
v 1.253518 3.986251 -1.332640
v 1.361067 4.065408 -1.450144
v 1.124106 3.929461 -1.213494
v 1.245504 4.009061 -1.324627
v 1.356173 4.092704 -1.445561
v 1.454558 4.195063 -1.552625
v 1.462651 4.204313 -1.554910
v 1.458970 4.201603 -1.555552
v 1.488823 4.097536 -1.586889
v 1.500074 4.097797 -1.592333
v 1.495468 4.097721 -1.592050
v 1.516279 4.110844 -1.621279
v 1.522815 4.108313 -1.616522
v 1.519589 4.109054 -1.619227
v 1.534214 4.132046 -1.640422
v 1.541558 4.130469 -1.636529
v 1.538096 4.130931 -1.638981
v 1.541928 4.163141 -1.648928
v 1.549617 4.162969 -1.645397
v 1.546054 4.163020 -1.647742
v 1.537334 4.195660 -1.644604
v 1.544813 4.196972 -1.640863
v 1.541312 4.196588 -1.643270
v 1.521836 4.220325 -1.628836
v 1.528606 4.222773 -1.624386
v 1.525312 4.222056 -1.627000
v 1.499810 4.229967 -1.606019
v 1.505582 4.232864 -1.600554
v 1.502581 4.232016 -1.603465
v 1.482026 4.224409 -1.575733
v 1.477268 4.221878 -1.582269
v 1.479321 4.223668 -1.578959
v 1.554908 4.204313 -1.462653
v 1.552623 4.195063 -1.454559
v 1.555550 4.201603 -1.458971
v 1.592332 4.097797 -1.500076
v 1.586888 4.097536 -1.488824
v 1.592048 4.097721 -1.495469
v 1.616521 4.108313 -1.522816
v 1.621278 4.110844 -1.516281
v 1.619225 4.109054 -1.519591
v 1.636528 4.130469 -1.541560
v 1.640421 4.132046 -1.534215
v 1.638979 4.130931 -1.538098
v 1.645396 4.162969 -1.549619
v 1.648926 4.163141 -1.541929
v 1.647740 4.163020 -1.546056
v 1.640862 4.196972 -1.544814
v 1.644603 4.195660 -1.537336
v 1.643268 4.196588 -1.541313
v 1.624384 4.222773 -1.528607
v 1.628835 4.220325 -1.521838
v 1.626998 4.222056 -1.525314
v 1.600552 4.232864 -1.505584
v 1.606017 4.229967 -1.499812
v 1.603464 4.232016 -1.502583
v 1.582267 4.221878 -1.477270
v 1.575732 4.224409 -1.482027
v 1.578957 4.223668 -1.479323
v 0.946504 3.840995 -1.052712
v 0.950397 3.842572 -1.045368
v 0.947946 3.842110 -1.048830
v 0.937999 3.809900 -1.044998
v 0.941530 3.810072 -1.037309
v 0.939185 3.810021 -1.040872
v 0.942322 3.777381 -1.049592
v 0.946063 3.776069 -1.042113
v 0.943657 3.776453 -1.045615
v 0.958090 3.752716 -1.065089
v 0.962541 3.750268 -1.058320
v 0.959927 3.750985 -1.061614
v 0.980908 3.743074 -1.087116
v 0.986373 3.740177 -1.081344
v 0.983461 3.741025 -1.084345
v 1.004658 3.751163 -1.109658
v 1.011193 3.748632 -1.104900
v 1.007968 3.749373 -1.107605
v 1.034302 3.777978 -1.132368
v 1.032017 3.768728 -1.124275
v 1.031375 3.771437 -1.127956
v 0.994594 3.875244 -1.086852
v 1.000037 3.875505 -1.098103
v 0.994877 3.875320 -1.091458
v 0.970404 3.864728 -1.064111
v 0.965647 3.862197 -1.070647
v 0.967700 3.863987 -1.067337
v 1.045367 3.842572 -0.950398
v 1.052711 3.840995 -0.946505
v 1.048829 3.842110 -0.947947
v 1.037308 3.810072 -0.941530
v 1.044997 3.809900 -0.938000
v 1.040871 3.810021 -0.939185
v 1.042113 3.776069 -0.946064
v 1.049591 3.777381 -0.942323
v 1.045614 3.776453 -0.943658
v 1.058319 3.750268 -0.962542
v 1.065089 3.752716 -0.958091
v 1.061613 3.750985 -0.959927
v 1.081343 3.740177 -0.986374
v 1.087115 3.743074 -0.980909
v 1.084344 3.741025 -0.983462
v 1.104900 3.748632 -1.011194
v 1.109657 3.751163 -1.004659
v 1.107604 3.749373 -1.007969
v 1.124274 3.768728 -1.032018
v 1.132367 3.777978 -1.034303
v 1.127956 3.771437 -1.031376
v 1.086851 3.875244 -0.994595
v 1.098102 3.875505 -1.000038
v 1.091458 3.875320 -0.994878
v 1.070646 3.862197 -0.965648
v 1.064111 3.864728 -0.970405
v 1.067336 3.863987 -0.967701
v 1.137853 3.860092 -1.227906
v 1.140007 3.854266 -1.223922
v 1.138065 3.855973 -1.226400
v 1.265788 3.951319 -1.344911
v 1.270561 3.946741 -1.343354
v 1.267853 3.948082 -1.345121
v 1.393334 4.032449 -1.477249
v 1.386429 4.034936 -1.476482
v 1.390001 4.033177 -1.478335
v 1.223920 3.854266 -1.140008
v 1.227905 3.860092 -1.137854
v 1.226398 3.855973 -1.138066
v 1.343353 3.946741 -1.270563
v 1.344909 3.951319 -1.265790
v 1.345120 3.948082 -1.267854
v 1.476481 4.034936 -1.386430
v 1.477248 4.032449 -1.393336
v 1.478334 4.033177 -1.390002
v 1.446918 4.118774 -1.363006
v 1.449072 4.112948 -1.359022
v 1.448860 4.117068 -1.360528
v 1.315594 4.025760 -1.242805
v 1.320367 4.021183 -1.241248
v 1.318303 4.024419 -1.241038
v 1.200496 3.938105 -1.110445
v 1.193591 3.940592 -1.109679
v 1.196924 3.939863 -1.108592
v 1.109678 3.940592 -1.193592
v 1.110444 3.938105 -1.200497
v 1.108591 3.939863 -1.196925
v 1.242803 4.025760 -1.315596
v 1.241246 4.021183 -1.320369
v 1.241036 4.024419 -1.318305
v 1.359020 4.112949 -1.449074
v 1.363005 4.118774 -1.446920
v 1.360527 4.117068 -1.448861
v 0.000000 4.752972 0.043301
v 0.000000 4.771273 0.025000
v 0.000000 4.777972 0.000000
v -0.000000 4.771273 -0.025000
v -0.000000 4.752972 -0.043301
v -0.000000 4.727972 -0.050000
v -0.000000 4.702972 -0.043301
v -0.000000 4.684671 -0.025000
v -0.000000 4.677972 -0.000000
v 0.000000 4.684671 0.025000
v 0.000000 4.702972 0.043301
v 0.000000 4.727972 0.050000
v -2.196813 4.752972 0.043302
v -2.196813 4.771273 0.025001
v -2.196813 4.777972 0.000001
v -2.196813 4.771273 -0.024999
v -2.196813 4.752972 -0.043300
v -2.196813 4.727972 -0.049999
v -2.196813 4.702972 -0.043300
v -2.196813 4.684671 -0.024999
v -2.196813 4.677972 0.000001
v -2.196813 4.684671 0.025001
v -2.196813 4.702972 0.043302
v -2.196813 4.727972 0.050001
v -2.164734 4.550791 0.045502
v -2.145503 4.550791 0.026271
v -2.138464 4.550791 0.000001
v -2.145503 4.550791 -0.026269
v -2.164734 4.550791 -0.045500
v -2.191004 4.550791 -0.052539
v -2.217274 4.550791 -0.045500
v -2.236505 4.550791 -0.026269
v -2.243544 4.550791 0.000001
v -2.236505 4.550791 0.026271
v -2.217274 4.550791 0.045502
v -2.191004 4.550791 0.052541
v -2.164734 4.788857 0.045502
v -2.191004 4.788857 0.052541
v -2.145503 4.788857 0.026271
v -2.138464 4.788857 0.000001
v -2.145503 4.788857 -0.026269
v -2.164734 4.788857 -0.045500
v -2.191004 4.788857 -0.052539
v -2.217274 4.788857 -0.045500
v -2.236505 4.788857 -0.026269
v -2.243544 4.788857 0.000001
v -2.236505 4.788857 0.026271
v -2.217274 4.788857 0.045502
v -2.162133 4.788857 0.050006
v -2.162133 4.813853 0.050006
v -2.191004 4.813853 0.057742
v -2.191004 4.788857 0.057742
v -2.140999 4.788857 0.028872
v -2.140999 4.813853 0.028872
v -2.133263 4.788857 0.000001
v -2.133263 4.813853 0.000001
v -2.140999 4.788857 -0.028869
v -2.140999 4.813853 -0.028869
v -2.162133 4.788857 -0.050004
v -2.162133 4.813853 -0.050004
v -2.191004 4.788857 -0.057740
v -2.191004 4.813853 -0.057740
v -2.219874 4.788857 -0.050004
v -2.219874 4.813853 -0.050004
v -2.241009 4.788857 -0.028869
v -2.241009 4.813853 -0.028869
v -2.248745 4.788857 0.000001
v -2.248745 4.813853 0.000001
v -2.241009 4.788857 0.028872
v -2.241009 4.813853 0.028872
v -2.219874 4.788857 0.050006
v -2.219874 4.813853 0.050006
v -2.166985 4.035565 0.041603
v -2.149402 4.035565 0.024020
v -2.142966 4.035565 0.000001
v -2.149402 4.035565 -0.024018
v -2.166985 4.035565 -0.041601
v -2.191004 4.035565 -0.048037
v -2.215023 4.035565 -0.041601
v -2.232606 4.035565 -0.024018
v -2.239042 4.035565 0.000001
v -2.232606 4.035565 0.024020
v -2.215023 4.035565 0.041603
v -2.191004 4.035565 0.048039
v -2.166985 4.562333 0.041603
v -2.149402 4.562333 0.024020
v -2.142966 4.562333 0.000001
v -2.149402 4.562333 -0.024018
v -2.166985 4.562333 -0.041601
v -2.191004 4.562333 -0.048037
v -2.215023 4.562333 -0.041601
v -2.232606 4.562333 -0.024018
v -2.239042 4.562333 0.000001
v -2.232606 4.562333 0.024020
v -2.215023 4.562333 0.041603
v -2.191004 4.562333 0.048039
v -1.392652 3.081706 0.488501
v -1.466290 3.124221 0.519589
v -1.424533 3.026486 0.484322
v -1.500200 3.065487 0.515143
v -1.455868 2.972211 0.471856
v -1.533530 3.007758 0.501884
v -1.486122 2.919810 0.451316
v -1.565709 2.952022 0.480037
v -1.514777 2.870179 0.423055
v -1.596187 2.899232 0.449977
v -1.541342 2.824167 0.387554
v -1.624443 2.850292 0.412217
v -1.565363 2.782561 0.345423
v -1.649992 2.806039 0.367405
v -1.586429 2.746074 0.297381
v -1.672399 2.767230 0.316305
v -1.604179 2.715330 0.244251
v -1.691278 2.734529 0.259794
v -1.618310 2.690855 0.186941
v -1.706309 2.708497 0.198838
v -1.628580 2.673067 0.126433
v -1.717232 2.689577 0.134479
v -1.634813 2.662271 0.063762
v -1.723862 2.678094 0.067820
v -1.636902 2.658651 0.000000
v -1.726084 2.674244 0.000000
v -1.634813 2.662271 -0.063762
v -1.723862 2.678094 -0.067820
v -1.628580 2.673067 -0.126433
v -1.717232 2.689577 -0.134479
v -1.618310 2.690855 -0.186941
v -1.706309 2.708497 -0.198838
v -1.604179 2.715330 -0.244251
v -1.691278 2.734529 -0.259794
v -1.586429 2.746074 -0.297381
v -1.672399 2.767230 -0.316305
v -1.565363 2.782561 -0.345423
v -1.649992 2.806039 -0.367404
v -1.541342 2.824167 -0.387554
v -1.624443 2.850292 -0.412217
v -1.514777 2.870179 -0.423054
v -1.596187 2.899232 -0.449977
v -1.486123 2.919810 -0.451316
v -1.565709 2.952022 -0.480037
v -1.455868 2.972211 -0.471856
v -1.533530 3.007758 -0.501884
v -1.424533 3.026486 -0.484322
v -1.500200 3.065487 -0.515143
v -1.392652 3.081706 -0.488501
v -1.466290 3.124221 -0.519588
v -1.360771 3.136926 -0.484322
v -1.432380 3.182955 -0.515143
v -1.329435 3.191200 -0.471856
v -1.399050 3.240684 -0.501884
v -1.299181 3.243602 -0.451316
v -1.366871 3.296420 -0.480037
v -1.270527 3.293233 -0.423054
v -1.336393 3.349209 -0.449977
v -1.243962 3.339245 -0.387554
v -1.308137 3.398149 -0.412217
v -1.219941 3.380851 -0.345422
v -1.282588 3.442403 -0.367404
v -1.198875 3.417338 -0.297381
v -1.260181 3.481212 -0.316305
v -1.181125 3.448082 -0.244251
v -1.241302 3.513912 -0.259794
v -1.166994 3.472558 -0.186941
v -1.226271 3.539945 -0.198838
v -1.156724 3.490345 -0.126433
v -1.215348 3.558865 -0.134479
v -1.150491 3.501141 -0.063762
v -1.208718 3.570348 -0.067820
v -1.148401 3.504761 0.000000
v -1.206496 3.574198 0.000000
v -1.150491 3.501141 0.063762
v -1.208718 3.570348 0.067820
v -1.156724 3.490345 0.126434
v -1.215348 3.558865 0.134480
v -1.166994 3.472558 0.186941
v -1.226271 3.539945 0.198838
v -1.181125 3.448082 0.244251
v -1.241302 3.513912 0.259794
v -1.198875 3.417338 0.297381
v -1.260181 3.481212 0.316306
v -1.219941 3.380851 0.345423
v -1.282588 3.442403 0.367405
v -1.243961 3.339245 0.387554
v -1.308137 3.398149 0.412217
v -1.270526 3.293233 0.423055
v -1.336393 3.349209 0.449977
v -1.299181 3.243602 0.451316
v -1.366871 3.296420 0.480037
v -1.329435 3.191200 0.471856
v -1.399050 3.240684 0.501884
v -1.360771 3.136926 0.484322
v -1.432380 3.182955 0.515143
v -1.412621 3.093235 0.488501
v -1.475838 2.983741 0.471856
v -1.534747 2.881708 0.423055
v -1.624149 2.726860 0.244251
v -1.648550 2.684596 0.126433
v -1.654783 2.673800 -0.063762
v -1.638280 2.702384 -0.186941
v -1.624149 2.726860 -0.244251
v -1.585333 2.794091 -0.345423
v -1.561312 2.835696 -0.387554
v -1.506092 2.931340 -0.451316
v -1.380740 3.148455 -0.484322
v -1.349405 3.202730 -0.471856
v -1.319151 3.255132 -0.451316
v -1.186964 3.484087 -0.186941
v -1.176694 3.501875 -0.126433
v -1.170461 3.512671 -0.063762
v -1.168371 3.516290 0.000000
v -1.176694 3.501875 0.126434
v -1.186964 3.484087 0.186941
v -1.380740 3.148455 0.484322
v -1.412621 3.093235 0.476467
v -1.443717 3.039376 0.472391
v -1.474281 2.986438 0.460232
v -1.503790 2.935328 0.440198
v -1.531738 2.886919 0.412633
v -1.557649 2.842041 0.378007
v -1.581078 2.801460 0.336913
v -1.601625 2.765872 0.290055
v -1.618938 2.735885 0.238234
v -1.632721 2.712013 0.182336
v -1.642738 2.694663 0.123319
v -1.648817 2.684133 0.062191
v -1.650855 2.680603 0.000000
v -1.648817 2.684133 -0.062191
v -1.642738 2.694663 -0.123319
v -1.632721 2.712013 -0.182336
v -1.618938 2.735885 -0.238234
v -1.601625 2.765872 -0.290055
v -1.581078 2.801460 -0.336913
v -1.557649 2.842041 -0.378007
v -1.531738 2.886919 -0.412633
v -1.503790 2.935328 -0.440198
v -1.474281 2.986438 -0.460232
v -1.443717 3.039376 -0.472391
v -1.412622 3.093235 -0.476467
v -1.381526 3.147095 -0.472391
v -1.350962 3.200033 -0.460232
v -1.321454 3.251143 -0.440198
v -1.293505 3.299552 -0.412633
v -1.267594 3.344430 -0.378007
v -1.244165 3.385011 -0.336913
v -1.223618 3.420599 -0.290055
v -1.206305 3.450586 -0.238234
v -1.192522 3.474459 -0.182336
v -1.182506 3.491808 -0.123319
v -1.176426 3.502338 -0.062191
v -1.174388 3.505868 0.000000
v -1.176426 3.502338 0.062192
v -1.182506 3.491808 0.123319
v -1.192522 3.474458 0.182336
v -1.206305 3.450586 0.238234
v -1.223618 3.420599 0.290055
v -1.244165 3.385011 0.336913
v -1.267594 3.344430 0.378007
v -1.293505 3.299552 0.412633
v -1.321454 3.251143 0.440198
v -1.350962 3.200033 0.460232
v -1.381526 3.147095 0.472391
v -1.444503 3.038016 0.484322
v -1.506092 2.931340 0.451316
v -1.561312 2.835696 0.387554
v -1.585333 2.794091 0.345423
v -1.606399 2.757604 0.297381
v -1.638280 2.702384 0.186941
v -1.654783 2.673800 0.063762
v -1.656872 2.670181 0.000000
v -1.648550 2.684596 -0.126433
v -1.606399 2.757604 -0.297381
v -1.534747 2.881708 -0.423054
v -1.475838 2.983741 -0.471856
v -1.444503 3.038016 -0.484322
v -1.412622 3.093235 -0.488501
v -1.290496 3.304763 -0.423054
v -1.263931 3.350775 -0.387554
v -1.239910 3.392380 -0.345422
v -1.218845 3.428867 -0.297381
v -1.201094 3.459611 -0.244251
v -1.170461 3.512671 0.063762
v -1.201094 3.459611 0.244251
v -1.218845 3.428867 0.297381
v -1.239910 3.392380 0.345423
v -1.263931 3.350775 0.387554
v -1.290496 3.304763 0.423055
v -1.319151 3.255131 0.451316
v -1.349405 3.202730 0.471856
v -1.311164 3.034659 0.102305
v -1.317841 3.023094 0.101430
v -1.324403 3.011728 0.098819
v -1.330739 3.000753 0.094518
v -1.336740 2.990360 0.088599
v -1.342304 2.980723 0.081164
v -1.347335 2.972010 0.072341
v -1.351746 2.964368 0.062280
v -1.355464 2.957930 0.051153
v -1.358423 2.952804 0.039151
v -1.360574 2.949079 0.026478
v -1.361879 2.946818 0.013353
v -1.362317 2.946060 0.000000
v -1.361879 2.946818 -0.013353
v -1.360574 2.949079 -0.026479
v -1.358423 2.952804 -0.039151
v -1.355464 2.957930 -0.051152
v -1.351746 2.964368 -0.062279
v -1.347334 2.972010 -0.072341
v -1.342304 2.980723 -0.081164
v -1.336740 2.990359 -0.088599
v -1.330739 3.000753 -0.094518
v -1.324403 3.011728 -0.098819
v -1.317841 3.023095 -0.101430
v -1.311164 3.034659 -0.102305
v -1.304487 3.046223 -0.101430
v -1.297925 3.057590 -0.098819
v -1.291589 3.068564 -0.094518
v -1.285588 3.078958 -0.088599
v -1.280024 3.088594 -0.081164
v -1.274994 3.097308 -0.072341
v -1.270582 3.104949 -0.062279
v -1.266865 3.111388 -0.051153
v -1.263905 3.116514 -0.039151
v -1.261754 3.120239 -0.026478
v -1.260449 3.122500 -0.013353
v -1.260011 3.123258 0.000000
v -1.260449 3.122500 0.013353
v -1.261754 3.120239 0.026479
v -1.263905 3.116514 0.039151
v -1.266864 3.111388 0.051152
v -1.270582 3.104949 0.062280
v -1.274994 3.097308 0.072341
v -1.280024 3.088594 0.081164
v -1.285588 3.078959 0.088599
v -1.291589 3.068564 0.094518
v -1.297925 3.057590 0.098819
v -1.304487 3.046223 0.101430
v -1.364944 3.012449 0.350350
v -1.341882 3.052394 0.353373
v -1.387612 2.973188 0.341332
v -1.409497 2.935282 0.326474
v -1.430225 2.899379 0.306030
v -1.449442 2.866095 0.280350
v -1.466819 2.835998 0.249872
v -1.482057 2.809604 0.215120
v -1.494897 2.787364 0.176687
v -1.505119 2.769659 0.135230
v -1.512548 2.756792 0.091460
v -1.517057 2.748982 0.046124
v -1.518569 2.746364 0.000000
v -1.517057 2.748982 -0.046124
v -1.512548 2.756792 -0.091460
v -1.505119 2.769659 -0.135230
v -1.494897 2.787364 -0.176686
v -1.482057 2.809604 -0.215120
v -1.466819 2.835998 -0.249872
v -1.449442 2.866095 -0.280349
v -1.430226 2.899379 -0.306030
v -1.409497 2.935282 -0.326474
v -1.387612 2.973188 -0.341332
v -1.364944 3.012449 -0.350350
v -1.341882 3.052394 -0.353373
v -1.318820 3.092339 -0.350350
v -1.296152 3.131600 -0.341332
v -1.274267 3.169507 -0.326474
v -1.253539 3.205409 -0.306030
v -1.234322 3.238693 -0.280349
v -1.216946 3.268790 -0.249872
v -1.201708 3.295184 -0.215120
v -1.188867 3.317424 -0.176686
v -1.178645 3.335129 -0.135230
v -1.171216 3.347996 -0.091460
v -1.166708 3.355806 -0.046124
v -1.165196 3.358424 0.000000
v -1.166708 3.355806 0.046124
v -1.171216 3.347996 0.091460
v -1.178645 3.335129 0.135230
v -1.188867 3.317424 0.176686
v -1.201708 3.295184 0.215120
v -1.216946 3.268790 0.249872
v -1.234322 3.238693 0.280350
v -1.253539 3.205409 0.306030
v -1.274267 3.169507 0.326474
v -1.296153 3.131600 0.341332
v -1.318820 3.092339 0.350350
v -1.388076 3.079064 0.464287
v -1.404634 3.088624 0.476467
v -1.391172 3.080851 0.470377
v -1.397232 3.084351 0.474835
v -1.435730 3.034764 0.472391
v -1.418377 3.026582 0.460315
v -1.428222 3.030675 0.470773
v -1.421870 3.027680 0.466353
v -1.466293 2.981827 0.460232
v -1.448159 2.974997 0.448466
v -1.458681 2.977919 0.458656
v -1.452043 2.975419 0.454349
v -1.495802 2.930716 0.440198
v -1.476913 2.925193 0.428945
v -1.488088 2.926983 0.438691
v -1.481174 2.924962 0.434572
v -1.523751 2.882308 0.412633
v -1.504148 2.878022 0.402084
v -1.515941 2.878741 0.411220
v -1.508766 2.877172 0.407358
v -1.549661 2.837429 0.378007
v -1.529396 2.834291 0.368343
v -1.541763 2.834016 0.376712
v -1.534345 2.832867 0.373175
v -1.573091 2.796848 0.336913
v -1.552226 2.794748 0.328300
v -1.565112 2.793574 0.335759
v -1.557475 2.792805 0.332607
v -1.593637 2.761260 0.290055
v -1.572248 2.760069 0.282640
v -1.585588 2.758108 0.289061
v -1.577759 2.757672 0.286347
v -1.610950 2.731273 0.238234
v -1.589118 2.730849 0.232143
v -1.602842 2.728224 0.237418
v -1.594851 2.728069 0.235189
v -1.624733 2.707401 0.182336
v -1.602549 2.707587 0.177675
v -1.616578 2.704433 0.181712
v -1.608458 2.704501 0.180006
v -1.634750 2.690051 0.123319
v -1.612309 2.690681 0.120166
v -1.626560 2.687143 0.122896
v -1.618346 2.687373 0.121743
v -1.640830 2.679521 0.062191
v -1.618233 2.680420 0.060602
v -1.632619 2.676649 0.061978
v -1.624348 2.676978 0.061397
v -1.642868 2.675991 0.000000
v -1.620219 2.676980 0.000000
v -1.634650 2.673131 0.000000
v -1.626360 2.673493 0.000000
v -1.640830 2.679521 -0.062191
v -1.618233 2.680420 -0.060602
v -1.632619 2.676649 -0.061978
v -1.624348 2.676978 -0.061396
v -1.634750 2.690051 -0.123319
v -1.612309 2.690681 -0.120166
v -1.626560 2.687143 -0.122896
v -1.618346 2.687373 -0.121742
v -1.624733 2.707401 -0.182336
v -1.602549 2.707587 -0.177675
v -1.616578 2.704433 -0.181712
v -1.608458 2.704501 -0.180005
v -1.610950 2.731273 -0.238234
v -1.589118 2.730849 -0.232143
v -1.602842 2.728224 -0.237418
v -1.594851 2.728069 -0.235188
v -1.593637 2.761260 -0.290055
v -1.572248 2.760069 -0.282640
v -1.585588 2.758108 -0.289061
v -1.577759 2.757672 -0.286347
v -1.573091 2.796848 -0.336913
v -1.552226 2.794748 -0.328300
v -1.565112 2.793574 -0.335759
v -1.557475 2.792806 -0.332607
v -1.549661 2.837429 -0.378007
v -1.529396 2.834291 -0.368343
v -1.541763 2.834016 -0.376712
v -1.534345 2.832867 -0.373175
v -1.523751 2.882308 -0.412633
v -1.504148 2.878022 -0.402084
v -1.515941 2.878741 -0.411219
v -1.508766 2.877172 -0.407358
v -1.495802 2.930716 -0.440198
v -1.476913 2.925193 -0.428945
v -1.488088 2.926984 -0.438691
v -1.481174 2.924962 -0.434572
v -1.466293 2.981827 -0.460232
v -1.448159 2.974997 -0.448466
v -1.458681 2.977919 -0.458656
v -1.452043 2.975419 -0.454349
v -1.435730 3.034765 -0.472391
v -1.418377 3.026582 -0.460314
v -1.428222 3.030676 -0.470773
v -1.421870 3.027680 -0.466353
v -1.404634 3.088624 -0.476467
v -1.388076 3.079064 -0.464287
v -1.397232 3.084351 -0.474835
v -1.391172 3.080852 -0.470377
v -1.373538 3.142483 -0.472391
v -1.357775 3.131546 -0.460314
v -1.366243 3.138025 -0.470773
v -1.360474 3.134022 -0.466353
v -1.342975 3.195421 -0.460232
v -1.327993 3.183131 -0.448466
v -1.335784 3.190782 -0.458656
v -1.330301 3.186284 -0.454349
v -1.313466 3.246532 -0.440198
v -1.299239 3.232935 -0.428945
v -1.306376 3.241718 -0.438691
v -1.301169 3.236741 -0.434572
v -1.285517 3.294940 -0.412633
v -1.272004 3.280106 -0.402084
v -1.278523 3.289960 -0.411219
v -1.273577 3.284531 -0.407358
v -1.259607 3.339819 -0.378007
v -1.246756 3.323837 -0.368343
v -1.252702 3.334685 -0.376712
v -1.247998 3.328835 -0.373175
v -1.236177 3.380399 -0.336913
v -1.223926 3.363380 -0.328300
v -1.229353 3.375127 -0.335759
v -1.224868 3.368897 -0.332607
v -1.215631 3.415987 -0.290055
v -1.203904 3.398059 -0.282640
v -1.208876 3.410593 -0.289061
v -1.204584 3.404031 -0.286347
v -1.198318 3.445974 -0.238234
v -1.187034 3.427279 -0.232143
v -1.191623 3.440477 -0.237418
v -1.187493 3.433634 -0.235188
v -1.184535 3.469847 -0.182336
v -1.173604 3.450541 -0.177675
v -1.177887 3.464268 -0.181712
v -1.173886 3.457201 -0.180005
v -1.174518 3.487196 -0.123319
v -1.163843 3.467447 -0.120166
v -1.167905 3.481558 -0.122896
v -1.163997 3.474329 -0.121742
v -1.168438 3.497726 -0.062191
v -1.157919 3.477708 -0.060601
v -1.161846 3.492052 -0.061978
v -1.157995 3.484725 -0.061396
v -1.166400 3.501257 0.000000
v -1.155933 3.481148 0.000000
v -1.159815 3.495570 0.000000
v -1.155983 3.488210 0.000000
v -1.168438 3.497726 0.062192
v -1.157919 3.477708 0.060602
v -1.161846 3.492052 0.061979
v -1.157995 3.484725 0.061397
v -1.174518 3.487196 0.123319
v -1.163843 3.467447 0.120166
v -1.167905 3.481558 0.122897
v -1.163997 3.474329 0.121743
v -1.184535 3.469847 0.182336
v -1.173604 3.450541 0.177675
v -1.177887 3.464268 0.181712
v -1.173886 3.457201 0.180006
v -1.198318 3.445974 0.238234
v -1.187034 3.427279 0.232143
v -1.191623 3.440477 0.237418
v -1.187493 3.433634 0.235189
v -1.215631 3.415987 0.290055
v -1.203904 3.398059 0.282640
v -1.208876 3.410593 0.289062
v -1.204584 3.404031 0.286347
v -1.236177 3.380399 0.336913
v -1.223926 3.363380 0.328300
v -1.229353 3.375127 0.335759
v -1.224868 3.368897 0.332607
v -1.259607 3.339819 0.378007
v -1.246756 3.323837 0.368343
v -1.252702 3.334685 0.376712
v -1.247998 3.328835 0.373175
v -1.285517 3.294940 0.412633
v -1.272004 3.280106 0.402084
v -1.278523 3.289960 0.411220
v -1.273577 3.284531 0.407358
v -1.313466 3.246531 0.440198
v -1.299239 3.232935 0.428945
v -1.306376 3.241717 0.438691
v -1.301169 3.236741 0.434572
v -1.342975 3.195421 0.460232
v -1.327993 3.183131 0.448466
v -1.335784 3.190782 0.458656
v -1.330301 3.186283 0.454349
v -1.373538 3.142483 0.472391
v -1.357775 3.131546 0.460315
v -1.366243 3.138025 0.470773
v -1.360473 3.134022 0.466353
v -1.392652 3.081706 0.511733
v -1.401652 3.086902 0.519589
v -1.395288 3.083228 0.517288
v -1.435562 3.028169 0.515143
v -1.426049 3.023860 0.507355
v -1.429048 3.024754 0.512862
v -1.468892 2.970440 0.501884
v -1.458875 2.967004 0.494296
v -1.462230 2.967281 0.499662
v -1.501071 2.914704 0.480037
v -1.490568 2.912111 0.472780
v -1.494267 2.911792 0.477912
v -1.531550 2.861914 0.449977
v -1.520585 2.860119 0.443174
v -1.524610 2.859236 0.447984
v -1.559805 2.812974 0.412217
v -1.548414 2.811919 0.405985
v -1.552740 2.810512 0.410392
v -1.585355 2.768721 0.367405
v -1.573577 2.768335 0.361850
v -1.578177 2.766455 0.365778
v -1.607761 2.729912 0.316305
v -1.595644 2.730112 0.311523
v -1.600484 2.727818 0.314905
v -1.626641 2.697211 0.259794
v -1.614239 2.697906 0.255867
v -1.619280 2.695262 0.258644
v -1.641671 2.671178 0.198838
v -1.629042 2.672266 0.195832
v -1.634244 2.669344 0.197957
v -1.652594 2.652258 0.134479
v -1.639800 2.653633 0.132446
v -1.645119 2.650508 0.133884
v -1.659224 2.640775 0.067820
v -1.646329 2.642323 0.066795
v -1.651719 2.639076 0.067520
v -1.661447 2.636926 0.000000
v -1.648518 2.638532 0.000000
v -1.653932 2.635244 0.000000
v -1.659224 2.640775 -0.067820
v -1.646329 2.642323 -0.066795
v -1.651719 2.639076 -0.067520
v -1.652594 2.652258 -0.134479
v -1.639800 2.653633 -0.132446
v -1.645119 2.650508 -0.133884
v -1.641671 2.671178 -0.198838
v -1.629042 2.672266 -0.195832
v -1.634244 2.669344 -0.197957
v -1.626641 2.697211 -0.259794
v -1.614239 2.697906 -0.255867
v -1.619280 2.695262 -0.258644
v -1.607761 2.729912 -0.316305
v -1.595644 2.730113 -0.311523
v -1.600484 2.727818 -0.314905
v -1.585355 2.768721 -0.367404
v -1.573577 2.768335 -0.361850
v -1.578177 2.766455 -0.365778
v -1.559805 2.812974 -0.412217
v -1.548414 2.811919 -0.405985
v -1.552740 2.810513 -0.410392
v -1.531550 2.861914 -0.449977
v -1.520585 2.860119 -0.443174
v -1.524610 2.859236 -0.447984
v -1.501071 2.914704 -0.480037
v -1.490568 2.912111 -0.472780
v -1.494267 2.911792 -0.477912
v -1.468892 2.970440 -0.501884
v -1.458875 2.967004 -0.494296
v -1.462230 2.967281 -0.499662
v -1.435562 3.028169 -0.515143
v -1.426049 3.023860 -0.507355
v -1.429048 3.024754 -0.512862
v -1.401652 3.086903 -0.519588
v -1.392652 3.081706 -0.511733
v -1.395288 3.083228 -0.517288
v -1.367743 3.145636 -0.515143
v -1.359255 3.139552 -0.507355
v -1.361528 3.141702 -0.512862
v -1.334413 3.203365 -0.501884
v -1.326429 3.196408 -0.494296
v -1.328346 3.199175 -0.499662
v -1.302233 3.259101 -0.480037
v -1.294736 3.251301 -0.472780
v -1.296309 3.254664 -0.477912
v -1.271755 3.311891 -0.449977
v -1.264719 3.303293 -0.443174
v -1.265966 3.307220 -0.447984
v -1.243500 3.360831 -0.412217
v -1.236890 3.351493 -0.405985
v -1.237836 3.355944 -0.410392
v -1.217950 3.405084 -0.367404
v -1.211727 3.395077 -0.361850
v -1.212399 3.400001 -0.365778
v -1.195544 3.443893 -0.316305
v -1.189659 3.433300 -0.311523
v -1.190092 3.438638 -0.314905
v -1.176664 3.476594 -0.259794
v -1.171065 3.465506 -0.255867
v -1.171296 3.471194 -0.258644
v -1.161634 3.502627 -0.198838
v -1.156262 3.491145 -0.195832
v -1.156332 3.497112 -0.197957
v -1.150710 3.521547 -0.134479
v -1.145504 3.509779 -0.132446
v -1.145457 3.515948 -0.133884
v -1.144081 3.533030 -0.067820
v -1.138974 3.521089 -0.066795
v -1.138857 3.527380 -0.067520
v -1.141858 3.536880 0.000000
v -1.136785 3.524880 0.000000
v -1.136644 3.531212 0.000000
v -1.144081 3.533030 0.067820
v -1.138974 3.521089 0.066795
v -1.138857 3.527380 0.067520
v -1.150710 3.521547 0.134479
v -1.145504 3.509779 0.132446
v -1.145457 3.515948 0.133884
v -1.161634 3.502627 0.198838
v -1.156262 3.491145 0.195832
v -1.156332 3.497112 0.197958
v -1.176664 3.476594 0.259794
v -1.171065 3.465506 0.255867
v -1.171296 3.471194 0.258644
v -1.195544 3.443893 0.316306
v -1.189659 3.433300 0.311524
v -1.190092 3.438638 0.314905
v -1.217950 3.405084 0.367405
v -1.211727 3.395077 0.361850
v -1.212399 3.400001 0.365778
v -1.243500 3.360831 0.412217
v -1.236890 3.351493 0.405985
v -1.237836 3.355944 0.410392
v -1.271755 3.311891 0.449977
v -1.264719 3.303293 0.443174
v -1.265966 3.307220 0.447984
v -1.302233 3.259101 0.480037
v -1.294736 3.251301 0.472780
v -1.296309 3.254664 0.477912
v -1.334413 3.203365 0.501884
v -1.326429 3.196408 0.494296
v -1.328346 3.199175 0.499662
v -1.367743 3.145636 0.515143
v -1.359255 3.139552 0.507355
v -1.361528 3.141702 0.512862
v -1.263137 3.006931 0.071434
v -1.267799 2.998856 0.070823
v -1.272382 2.990919 0.069000
v -1.276806 2.983256 0.065996
v -1.280996 2.975999 0.061864
v -1.284881 2.969271 0.056672
v -1.288393 2.963187 0.050511
v -1.291474 2.957851 0.043486
v -1.294069 2.953355 0.035717
v -1.296136 2.949776 0.027337
v -1.297637 2.947175 0.018488
v -1.298549 2.945596 0.009324
v -1.298854 2.945067 0.000000
v -1.298549 2.945596 -0.009324
v -1.297637 2.947175 -0.018489
v -1.296136 2.949776 -0.027337
v -1.294069 2.953355 -0.035717
v -1.291474 2.957851 -0.043486
v -1.288393 2.963187 -0.050511
v -1.284881 2.969271 -0.056672
v -1.280996 2.975999 -0.061864
v -1.276806 2.983256 -0.065996
v -1.272382 2.990920 -0.069000
v -1.267799 2.998856 -0.070823
v -1.263138 3.006931 -0.071434
v -1.258476 3.015006 -0.070823
v -1.253893 3.022943 -0.069000
v -1.249469 3.030605 -0.065996
v -1.245279 3.037862 -0.061864
v -1.241394 3.044591 -0.056672
v -1.237882 3.050675 -0.050511
v -1.234801 3.056010 -0.043486
v -1.232206 3.060506 -0.035717
v -1.230139 3.064085 -0.027337
v -1.228638 3.066686 -0.018488
v -1.227726 3.068265 -0.009323
v -1.227421 3.068794 0.000000
v -1.227726 3.068265 0.009324
v -1.228637 3.066686 0.018489
v -1.230139 3.064085 0.027337
v -1.232206 3.060506 0.035717
v -1.234801 3.056010 0.043486
v -1.237882 3.050675 0.050512
v -1.241394 3.044591 0.056672
v -1.245279 3.037862 0.061864
v -1.249469 3.030605 0.065996
v -1.253893 3.022942 0.069000
v -1.258476 3.015005 0.070823
v -1.263137 3.006931 0.093761
v -1.272927 3.012583 0.102305
v -1.263883 3.007361 0.097031
v -1.266005 3.008586 0.099803
v -1.269181 3.010420 0.101655
v -1.279604 3.001018 0.101430
v -1.269257 2.996332 0.092959
v -1.275815 2.998929 0.100785
v -1.272518 2.997304 0.098949
v -1.270215 2.996393 0.096201
v -1.286167 2.989652 0.098819
v -1.275271 2.985914 0.090567
v -1.282336 2.987634 0.098191
v -1.278920 2.986216 0.096402
v -1.276439 2.985612 0.093725
v -1.292503 2.978677 0.094518
v -1.281078 2.975857 0.086624
v -1.288632 2.976730 0.093917
v -1.285101 2.975510 0.092206
v -1.282449 2.975204 0.089645
v -1.298503 2.968284 0.088599
v -1.286578 2.966331 0.081200
v -1.294595 2.966402 0.088036
v -1.290955 2.965371 0.086432
v -1.288140 2.965345 0.084032
v -1.304067 2.958647 0.081164
v -1.291677 2.957500 0.074386
v -1.300123 2.956827 0.080648
v -1.296383 2.955970 0.079179
v -1.293417 2.956206 0.076980
v -1.309098 2.949934 0.072341
v -1.296287 2.949514 0.066299
v -1.305121 2.948169 0.071881
v -1.301291 2.947470 0.070571
v -1.298188 2.947942 0.068611
v -1.313509 2.942292 0.062280
v -1.300330 2.942511 0.057078
v -1.309505 2.940576 0.061884
v -1.305594 2.940015 0.060756
v -1.302373 2.940694 0.059069
v -1.317227 2.935854 0.051153
v -1.303737 2.936610 0.046881
v -1.313199 2.934179 0.050828
v -1.309221 2.933734 0.049902
v -1.305898 2.934588 0.048516
v -1.320186 2.930728 0.039151
v -1.306450 2.931912 0.035881
v -1.316139 2.929085 0.038902
v -1.312108 2.928734 0.038193
v -1.308705 2.929726 0.037132
v -1.322337 2.927003 0.026478
v -1.308421 2.928498 0.024267
v -1.318276 2.925384 0.026310
v -1.314206 2.925099 0.025831
v -1.310745 2.926193 0.025113
v -1.323642 2.924742 0.013353
v -1.309617 2.926425 0.012238
v -1.319574 2.923137 0.013269
v -1.315479 2.922894 0.013027
v -1.311983 2.924048 0.012665
v -1.324080 2.923984 0.000000
v -1.310018 2.925731 0.000000
v -1.320008 2.922384 0.000000
v -1.315906 2.922154 0.000000
v -1.312398 2.923330 0.000000
v -1.323642 2.924742 -0.013353
v -1.309617 2.926426 -0.012238
v -1.319573 2.923137 -0.013269
v -1.315479 2.922894 -0.013027
v -1.311983 2.924048 -0.012665
v -1.322337 2.927003 -0.026479
v -1.308421 2.928498 -0.024267
v -1.318276 2.925384 -0.026310
v -1.314206 2.925099 -0.025831
v -1.310745 2.926193 -0.025114
v -1.320186 2.930728 -0.039151
v -1.306450 2.931912 -0.035881
v -1.316139 2.929085 -0.038902
v -1.312108 2.928734 -0.038193
v -1.308705 2.929726 -0.037132
v -1.317227 2.935854 -0.051152
v -1.303737 2.936610 -0.046880
v -1.313199 2.934178 -0.050827
v -1.309221 2.933734 -0.049901
v -1.305898 2.934587 -0.048515
v -1.313509 2.942292 -0.062279
v -1.300330 2.942511 -0.057078
v -1.309505 2.940576 -0.061883
v -1.305594 2.940015 -0.060756
v -1.302373 2.940694 -0.059069
v -1.309098 2.949934 -0.072341
v -1.296287 2.949514 -0.066299
v -1.305121 2.948169 -0.071881
v -1.301291 2.947470 -0.070571
v -1.298188 2.947942 -0.068611
v -1.304067 2.958647 -0.081164
v -1.291677 2.957500 -0.074386
v -1.300123 2.956827 -0.080648
v -1.296383 2.955970 -0.079179
v -1.293417 2.956206 -0.076980
v -1.298504 2.968283 -0.088599
v -1.286578 2.966331 -0.081200
v -1.294595 2.966402 -0.088036
v -1.290956 2.965370 -0.086432
v -1.288141 2.965345 -0.084031
v -1.292503 2.978677 -0.094518
v -1.281078 2.975857 -0.086624
v -1.288632 2.976730 -0.093917
v -1.285101 2.975510 -0.092206
v -1.282449 2.975204 -0.089645
v -1.286166 2.989652 -0.098819
v -1.275271 2.985915 -0.090566
v -1.282336 2.987635 -0.098191
v -1.278920 2.986216 -0.096402
v -1.276439 2.985612 -0.093725
v -1.279604 3.001019 -0.101430
v -1.269257 2.996332 -0.092959
v -1.275815 2.998929 -0.100785
v -1.272518 2.997305 -0.098949
v -1.270215 2.996393 -0.096201
v -1.272927 3.012583 -0.102305
v -1.263138 3.006931 -0.093761
v -1.269181 3.010420 -0.101655
v -1.266005 3.008586 -0.099803
v -1.263883 3.007361 -0.097031
v -1.266250 3.024148 -0.101430
v -1.257018 3.017529 -0.092959
v -1.262547 3.021911 -0.100785
v -1.259491 3.019868 -0.098949
v -1.257550 3.018329 -0.096201
v -1.259688 3.035514 -0.098819
v -1.251004 3.027947 -0.090566
v -1.256026 3.033206 -0.098191
v -1.253089 3.030957 -0.096402
v -1.251326 3.029110 -0.093725
v -1.253352 3.046488 -0.094518
v -1.245197 3.038005 -0.086624
v -1.249730 3.044110 -0.093917
v -1.246908 3.041662 -0.092206
v -1.245317 3.039519 -0.089645
v -1.247351 3.056882 -0.088599
v -1.239697 3.047530 -0.081200
v -1.243767 3.054438 -0.088036
v -1.241054 3.051802 -0.086432
v -1.239625 3.049376 -0.084031
v -1.241787 3.066518 -0.081164
v -1.234598 3.056362 -0.074386
v -1.238239 3.064013 -0.080648
v -1.235627 3.061203 -0.079179
v -1.234348 3.058516 -0.076980
v -1.236757 3.075232 -0.072341
v -1.229988 3.064348 -0.066299
v -1.233240 3.072671 -0.071881
v -1.230719 3.069703 -0.070571
v -1.229577 3.066780 -0.068611
v -1.232345 3.082873 -0.062279
v -1.225945 3.071351 -0.057078
v -1.228857 3.080263 -0.061884
v -1.226415 3.077157 -0.060756
v -1.225393 3.074028 -0.059069
v -1.228628 3.089312 -0.051153
v -1.222538 3.077252 -0.046881
v -1.225163 3.086661 -0.050827
v -1.222789 3.083438 -0.049901
v -1.221867 3.080134 -0.048515
v -1.225668 3.094438 -0.039151
v -1.219825 3.081949 -0.035881
v -1.222222 3.091754 -0.038902
v -1.219902 3.088439 -0.038193
v -1.219060 3.084996 -0.037132
v -1.223518 3.098163 -0.026478
v -1.217854 3.085364 -0.024267
v -1.220085 3.095456 -0.026310
v -1.217804 3.092073 -0.025831
v -1.217020 3.088529 -0.025113
v -1.222212 3.100424 -0.013353
v -1.216658 3.087436 -0.012238
v -1.218788 3.097703 -0.013268
v -1.216530 3.094279 -0.013026
v -1.215782 3.090673 -0.012665
v -1.221775 3.101182 0.000000
v -1.216257 3.088130 0.000000
v -1.218353 3.098456 0.000000
v -1.216103 3.095018 0.000000
v -1.215367 3.091393 0.000000
v -1.222212 3.100424 0.013353
v -1.216658 3.087436 0.012238
v -1.218788 3.097703 0.013269
v -1.216530 3.094279 0.013027
v -1.215782 3.090673 0.012665
v -1.223517 3.098163 0.026479
v -1.217854 3.085364 0.024267
v -1.220085 3.095456 0.026310
v -1.217804 3.092073 0.025831
v -1.217020 3.088529 0.025114
v -1.225668 3.094438 0.039151
v -1.219825 3.081949 0.035881
v -1.222222 3.091754 0.038902
v -1.219902 3.088439 0.038193
v -1.219060 3.084996 0.037132
v -1.228628 3.089312 0.051152
v -1.222538 3.077252 0.046880
v -1.225163 3.086661 0.050827
v -1.222789 3.083438 0.049901
v -1.221867 3.080134 0.048515
v -1.232345 3.082873 0.062280
v -1.225945 3.071351 0.057078
v -1.228857 3.080264 0.061884
v -1.226415 3.077157 0.060756
v -1.225393 3.074028 0.059069
v -1.236757 3.075232 0.072341
v -1.229988 3.064348 0.066299
v -1.233240 3.072670 0.071881
v -1.230719 3.069703 0.070571
v -1.229577 3.066780 0.068611
v -1.241787 3.066518 0.081164
v -1.234598 3.056362 0.074386
v -1.238239 3.064013 0.080648
v -1.235627 3.061203 0.079179
v -1.234348 3.058516 0.076980
v -1.247351 3.056882 0.088599
v -1.239697 3.047531 0.081200
v -1.243767 3.054438 0.088036
v -1.241054 3.051802 0.086432
v -1.239625 3.049376 0.084031
v -1.253352 3.046488 0.094518
v -1.245197 3.038005 0.086624
v -1.249730 3.044110 0.093917
v -1.246908 3.041662 0.092206
v -1.245317 3.039519 0.089645
v -1.259688 3.035514 0.098819
v -1.251004 3.027946 0.090567
v -1.256026 3.033205 0.098191
v -1.253089 3.030956 0.096402
v -1.251326 3.029110 0.093725
v -1.266251 3.024147 0.101430
v -1.257018 3.017529 0.092959
v -1.262547 3.021911 0.100785
v -1.259491 3.019868 0.098949
v -1.257550 3.018329 0.096201
v -1.235821 2.991160 0.062890
v -1.245610 2.996812 0.071434
v -1.236566 2.991590 0.066160
v -1.238688 2.992815 0.068931
v -1.241864 2.994649 0.070784
v -1.250273 2.988737 0.070823
v -1.239925 2.984051 0.062352
v -1.246484 2.986647 0.070178
v -1.243187 2.985023 0.068342
v -1.240884 2.984111 0.065594
v -1.254855 2.980800 0.069000
v -1.243960 2.977063 0.060747
v -1.251024 2.978783 0.068372
v -1.247609 2.977364 0.066583
v -1.245128 2.976760 0.063905
v -1.259279 2.973137 0.065996
v -1.247854 2.970317 0.058103
v -1.255408 2.971190 0.065395
v -1.251878 2.969970 0.063684
v -1.249225 2.969663 0.061123
v -1.263469 2.965880 0.061864
v -1.251543 2.963928 0.054464
v -1.259560 2.963999 0.061301
v -1.255921 2.962967 0.059697
v -1.253106 2.962942 0.057296
v -1.267354 2.959152 0.056672
v -1.254963 2.958004 0.049894
v -1.263409 2.957331 0.056156
v -1.259670 2.956474 0.054687
v -1.256704 2.956710 0.052488
v -1.270866 2.953067 0.050511
v -1.258056 2.952647 0.044470
v -1.266890 2.951303 0.050051
v -1.263059 2.950603 0.048742
v -1.259957 2.951076 0.046782
v -1.273947 2.947732 0.043486
v -1.260768 2.947950 0.038285
v -1.269942 2.946016 0.043090
v -1.266032 2.945455 0.041963
v -1.262810 2.946134 0.040275
v -1.276542 2.943236 0.035717
v -1.263053 2.943992 0.031445
v -1.272514 2.941561 0.035392
v -1.268536 2.941116 0.034466
v -1.265214 2.941970 0.033080
v -1.278609 2.939657 0.027337
v -1.264872 2.940841 0.024067
v -1.274562 2.938015 0.027088
v -1.270530 2.937663 0.026379
v -1.267128 2.938655 0.025318
v -1.280111 2.937056 0.018488
v -1.266194 2.938551 0.016277
v -1.276050 2.935437 0.018320
v -1.271980 2.935153 0.017841
v -1.268519 2.936246 0.017123
v -1.281022 2.935477 0.009324
v -1.266997 2.937161 0.008209
v -1.276953 2.933873 0.009239
v -1.272859 2.933629 0.008997
v -1.269363 2.934784 0.008635
v -1.281327 2.934948 0.000000
v -1.267266 2.936695 0.000000
v -1.277256 2.933348 0.000000
v -1.273154 2.933119 0.000000
v -1.269646 2.934294 0.000000
v -1.281022 2.935477 -0.009324
v -1.266997 2.937161 -0.008209
v -1.276953 2.933873 -0.009239
v -1.272859 2.933629 -0.008997
v -1.269363 2.934784 -0.008635
v -1.280111 2.937056 -0.018489
v -1.266194 2.938551 -0.016277
v -1.276050 2.935437 -0.018320
v -1.271980 2.935153 -0.017841
v -1.268519 2.936246 -0.017124
v -1.278609 2.939657 -0.027337
v -1.264872 2.940841 -0.024067
v -1.274562 2.938015 -0.027088
v -1.270530 2.937663 -0.026379
v -1.267128 2.938655 -0.025318
v -1.276542 2.943236 -0.035717
v -1.263053 2.943992 -0.031445
v -1.272515 2.941561 -0.035391
v -1.268537 2.941116 -0.034465
v -1.265214 2.941970 -0.033079
v -1.273947 2.947732 -0.043486
v -1.260768 2.947950 -0.038285
v -1.269943 2.946016 -0.043090
v -1.266032 2.945455 -0.041963
v -1.262810 2.946134 -0.040275
v -1.270866 2.953068 -0.050511
v -1.258056 2.952647 -0.044470
v -1.266890 2.951303 -0.050052
v -1.263059 2.950603 -0.048742
v -1.259957 2.951076 -0.046782
v -1.267354 2.959152 -0.056672
v -1.254963 2.958004 -0.049894
v -1.263409 2.957331 -0.056156
v -1.259670 2.956474 -0.054687
v -1.256704 2.956710 -0.052488
v -1.263469 2.965880 -0.061864
v -1.251543 2.963927 -0.054464
v -1.259560 2.963999 -0.061300
v -1.255921 2.962967 -0.059696
v -1.253106 2.962942 -0.057296
v -1.259279 2.973137 -0.065996
v -1.247854 2.970317 -0.058103
v -1.255408 2.971190 -0.065395
v -1.251878 2.969970 -0.063684
v -1.249225 2.969663 -0.061123
v -1.254855 2.980800 -0.069000
v -1.243959 2.977063 -0.060747
v -1.251024 2.978783 -0.068372
v -1.247608 2.977365 -0.066583
v -1.245128 2.976761 -0.063905
v -1.250273 2.988737 -0.070823
v -1.239925 2.984051 -0.062352
v -1.246484 2.986648 -0.070178
v -1.243187 2.985023 -0.068342
v -1.240884 2.984111 -0.065594
v -1.245611 2.996811 -0.071434
v -1.235821 2.991159 -0.062890
v -1.241864 2.994648 -0.070783
v -1.238688 2.992815 -0.068931
v -1.236566 2.991590 -0.066159
v -1.240949 3.004886 -0.070823
v -1.231717 2.998269 -0.062352
v -1.237245 3.002650 -0.070178
v -1.234190 3.000607 -0.068342
v -1.232248 2.999068 -0.065593
v -1.236366 3.012823 -0.069000
v -1.227682 3.005256 -0.060747
v -1.232704 3.010514 -0.068372
v -1.229768 3.008266 -0.066583
v -1.228004 3.006419 -0.063905
v -1.231942 3.020486 -0.065996
v -1.223787 3.012002 -0.058103
v -1.228320 3.018107 -0.065395
v -1.225499 3.015660 -0.063684
v -1.223907 3.013516 -0.061123
v -1.227752 3.027743 -0.061864
v -1.220098 3.018391 -0.054464
v -1.224169 3.025299 -0.061300
v -1.221456 3.022663 -0.059696
v -1.220026 3.020237 -0.057296
v -1.223868 3.034472 -0.056672
v -1.216678 3.024315 -0.049894
v -1.220319 3.031966 -0.056156
v -1.217707 3.029156 -0.054687
v -1.216428 3.026469 -0.052488
v -1.220355 3.040556 -0.050511
v -1.213586 3.029672 -0.044470
v -1.216838 3.037995 -0.050051
v -1.214317 3.035027 -0.048742
v -1.213175 3.032104 -0.046782
v -1.217274 3.045891 -0.043486
v -1.210874 3.034369 -0.038285
v -1.213786 3.043282 -0.043090
v -1.211345 3.040175 -0.041963
v -1.210322 3.037045 -0.040275
v -1.214679 3.050387 -0.035717
v -1.208589 3.038327 -0.031445
v -1.211214 3.047736 -0.035392
v -1.208840 3.044514 -0.034466
v -1.207918 3.041209 -0.033080
v -1.212613 3.053966 -0.027337
v -1.206770 3.041478 -0.024067
v -1.209167 3.051283 -0.027088
v -1.206846 3.047967 -0.026379
v -1.206004 3.044524 -0.025318
v -1.211111 3.056567 -0.018488
v -1.205447 3.043768 -0.016277
v -1.207678 3.053860 -0.018320
v -1.205397 3.050477 -0.017841
v -1.204613 3.046933 -0.017123
v -1.210199 3.058146 -0.009323
v -1.204645 3.045158 -0.008208
v -1.206775 3.055425 -0.009239
v -1.204517 3.052001 -0.008997
v -1.203769 3.048396 -0.008635
v -1.209894 3.058675 0.000000
v -1.204376 3.045624 0.000000
v -1.206472 3.055949 0.000000
v -1.204222 3.052511 0.000000
v -1.203486 3.048886 0.000000
v -1.210199 3.058146 0.009324
v -1.204645 3.045158 0.008209
v -1.206775 3.055425 0.009239
v -1.204517 3.052001 0.008997
v -1.203769 3.048396 0.008635
v -1.211111 3.056567 0.018489
v -1.205447 3.043768 0.016277
v -1.207678 3.053860 0.018320
v -1.205397 3.050477 0.017841
v -1.204613 3.046933 0.017123
v -1.212612 3.053966 0.027337
v -1.206769 3.041478 0.024067
v -1.209167 3.051283 0.027088
v -1.206846 3.047967 0.026379
v -1.206004 3.044524 0.025318
v -1.214679 3.050387 0.035717
v -1.208589 3.038327 0.031445
v -1.211214 3.047736 0.035392
v -1.208840 3.044514 0.034465
v -1.207918 3.041210 0.033080
v -1.217274 3.045891 0.043486
v -1.210874 3.034369 0.038285
v -1.213786 3.043282 0.043090
v -1.211345 3.040175 0.041963
v -1.210322 3.037045 0.040275
v -1.220355 3.040556 0.050512
v -1.213586 3.029671 0.044470
v -1.216839 3.037994 0.050052
v -1.214317 3.035027 0.048742
v -1.213175 3.032104 0.046782
v -1.223868 3.034472 0.056672
v -1.216678 3.024315 0.049894
v -1.220319 3.031966 0.056156
v -1.217707 3.029156 0.054687
v -1.216428 3.026469 0.052488
v -1.227752 3.027743 0.061864
v -1.220098 3.018392 0.054464
v -1.224168 3.025299 0.061300
v -1.221455 3.022663 0.059696
v -1.220026 3.020237 0.057296
v -1.231942 3.020486 0.065996
v -1.223787 3.012002 0.058103
v -1.228320 3.018107 0.065395
v -1.225499 3.015660 0.063684
v -1.223907 3.013516 0.061123
v -1.236367 3.012823 0.069000
v -1.227682 3.005256 0.060747
v -1.232704 3.010514 0.068372
v -1.229768 3.008265 0.066583
v -1.228004 3.006419 0.063905
v -1.240949 3.004886 0.070823
v -1.231717 2.998268 0.062352
v -1.237245 3.002650 0.070178
v -1.234190 3.000607 0.068342
v -1.232248 2.999068 0.065594
v -1.490122 3.057240 0.617860
v -1.479141 3.057958 0.628817
v -1.464141 3.058221 0.632828
v -1.449141 3.057958 0.628817
v -1.438160 3.057240 0.617860
v -1.434141 3.056259 0.602892
v -1.438160 3.055278 0.587924
v -1.449141 3.054560 0.576967
v -1.464141 3.054297 0.572956
v -1.479141 3.054560 0.576967
v -1.490122 3.055278 0.587924
v -1.494141 3.056259 0.602892
v -1.490122 3.136910 0.612606
v -1.479141 3.138343 0.623493
v -1.464141 3.138868 0.627477
v -1.449141 3.138343 0.623493
v -1.438160 3.136910 0.612606
v -1.434141 3.134952 0.597734
v -1.438160 3.132994 0.582862
v -1.449141 3.131561 0.571976
v -1.464141 3.131036 0.567991
v -1.479141 3.131561 0.571976
v -1.490122 3.132994 0.582862
v -1.494141 3.134952 0.597734
v -1.490122 3.216181 0.596838
v -1.479141 3.219023 0.607444
v -1.464141 3.220063 0.611327
v -1.449141 3.219023 0.607444
v -1.438160 3.216181 0.596838
v -1.434141 3.212299 0.582349
v -1.438160 3.208416 0.567860
v -1.449141 3.205575 0.557253
v -1.464141 3.204534 0.553371
v -1.479141 3.205575 0.557253
v -1.490122 3.208416 0.567860
v -1.494141 3.212299 0.582349
v -1.490122 3.292716 0.570858
v -1.479141 3.296918 0.581003
v -1.464141 3.298456 0.584716
v -1.449141 3.296918 0.581003
v -1.438160 3.292716 0.570858
v -1.434141 3.286976 0.556999
v -1.438160 3.281235 0.543141
v -1.449141 3.277033 0.532996
v -1.464141 3.275495 0.529283
v -1.479141 3.277033 0.532996
v -1.490122 3.281235 0.543141
v -1.494141 3.286976 0.556999
v -1.490122 3.365205 0.535110
v -1.479141 3.370695 0.544620
v -1.464141 3.372705 0.548100
v -1.449141 3.370695 0.544620
v -1.438160 3.365205 0.535110
v -1.434141 3.357705 0.522120
v -1.438160 3.350205 0.509129
v -1.449141 3.344714 0.499620
v -1.464141 3.342705 0.496139
v -1.479141 3.344714 0.499620
v -1.490122 3.350205 0.509129
v -1.494141 3.357705 0.522120
v -1.490122 3.432408 0.490207
v -1.479141 3.439092 0.498918
v -1.464141 3.441539 0.502107
v -1.449141 3.439092 0.498918
v -1.438160 3.432408 0.490207
v -1.434141 3.423276 0.478306
v -1.438160 3.414145 0.466406
v -1.449141 3.407460 0.457694
v -1.464141 3.405013 0.454506
v -1.479141 3.407460 0.457694
v -1.490122 3.414145 0.466406
v -1.494141 3.423276 0.478306
v -1.490122 3.493174 0.436916
v -1.479141 3.500939 0.444680
v -1.464141 3.503781 0.447522
v -1.449141 3.500939 0.444680
v -1.438160 3.493174 0.436916
v -1.434141 3.482568 0.426309
v -1.438160 3.471961 0.415702
v -1.449141 3.464197 0.407938
v -1.464141 3.461354 0.405096
v -1.479141 3.464197 0.407938
v -1.490122 3.471961 0.415702
v -1.494141 3.482568 0.426309
v -1.490122 3.546465 0.376149
v -1.479141 3.555177 0.382833
v -1.464141 3.558366 0.385280
v -1.449141 3.555177 0.382833
v -1.438160 3.546465 0.376149
v -1.434141 3.534565 0.367017
v -1.438160 3.522665 0.357886
v -1.449141 3.513953 0.351201
v -1.464141 3.510765 0.348755
v -1.479141 3.513953 0.351201
v -1.490122 3.522665 0.357886
v -1.494141 3.534565 0.367017
v -1.490122 3.591369 0.308946
v -1.479141 3.600878 0.314436
v -1.464141 3.604359 0.316446
v -1.449141 3.600878 0.314436
v -1.438160 3.591369 0.308946
v -1.434141 3.578378 0.301446
v -1.438160 3.565388 0.293946
v -1.449141 3.555879 0.288456
v -1.464141 3.552398 0.286446
v -1.479141 3.555879 0.288456
v -1.490122 3.565388 0.293946
v -1.494141 3.578378 0.301446
v -1.490122 3.627116 0.236457
v -1.479141 3.637261 0.240659
v -1.464141 3.640975 0.242197
v -1.449141 3.637261 0.240659
v -1.438160 3.627116 0.236457
v -1.434141 3.613258 0.230717
v -1.438160 3.599400 0.224977
v -1.449141 3.589255 0.220774
v -1.464141 3.585542 0.219236
v -1.479141 3.589255 0.220774
v -1.490122 3.599400 0.224977
v -1.494141 3.613258 0.230717
v -1.490122 3.653097 0.159922
v -1.479141 3.663703 0.162764
v -1.464141 3.667585 0.163805
v -1.449141 3.663703 0.162764
v -1.438160 3.653097 0.159922
v -1.434141 3.638608 0.156040
v -1.438160 3.624119 0.152158
v -1.449141 3.613512 0.149316
v -1.464141 3.609630 0.148275
v -1.479141 3.613512 0.149316
v -1.490122 3.624119 0.152158
v -1.494141 3.638608 0.156040
v -1.490122 3.668865 0.080651
v -1.479141 3.679751 0.082084
v -1.464141 3.683736 0.082609
v -1.449141 3.679751 0.082084
v -1.438160 3.668865 0.080651
v -1.434141 3.653993 0.078693
v -1.438160 3.639121 0.076735
v -1.449141 3.628234 0.075302
v -1.464141 3.624249 0.074778
v -1.479141 3.628234 0.075302
v -1.490122 3.639121 0.076735
v -1.494141 3.653993 0.078693
v -1.490122 3.674151 0.000000
v -1.479141 3.685132 0.000000
v -1.464141 3.689151 0.000000
v -1.449141 3.685132 0.000000
v -1.438160 3.674151 0.000000
v -1.434141 3.659151 0.000000
v -1.438160 3.644151 0.000000
v -1.449141 3.633170 0.000000
v -1.464141 3.629151 0.000000
v -1.479141 3.633170 0.000000
v -1.490122 3.644151 0.000000
v -1.494141 3.659151 0.000000
v -1.490122 3.668865 -0.080651
v -1.479141 3.679751 -0.082084
v -1.464141 3.683736 -0.082609
v -1.449141 3.679751 -0.082084
v -1.438160 3.668865 -0.080651
v -1.434141 3.653993 -0.078693
v -1.438160 3.639121 -0.076735
v -1.449141 3.628234 -0.075302
v -1.464141 3.624249 -0.074777
v -1.479141 3.628234 -0.075302
v -1.490122 3.639121 -0.076735
v -1.494141 3.653993 -0.078693
v -1.490122 3.653097 -0.159922
v -1.479141 3.663703 -0.162764
v -1.464141 3.667585 -0.163804
v -1.449141 3.663703 -0.162764
v -1.438160 3.653097 -0.159922
v -1.434141 3.638608 -0.156040
v -1.438160 3.624119 -0.152157
v -1.449141 3.613512 -0.149315
v -1.464141 3.609630 -0.148275
v -1.479141 3.613512 -0.149315
v -1.490122 3.624119 -0.152158
v -1.494141 3.638608 -0.156040
v -1.490122 3.627116 -0.236457
v -1.479141 3.637261 -0.240659
v -1.464141 3.640975 -0.242197
v -1.449141 3.637261 -0.240659
v -1.438160 3.627116 -0.236457
v -1.434141 3.613258 -0.230717
v -1.438160 3.599400 -0.224976
v -1.449141 3.589255 -0.220774
v -1.464141 3.585542 -0.219236
v -1.479141 3.589255 -0.220774
v -1.490122 3.599400 -0.224976
v -1.494141 3.613258 -0.230717
v -1.490122 3.591369 -0.308946
v -1.479141 3.600878 -0.314436
v -1.464141 3.604359 -0.316446
v -1.449141 3.600878 -0.314436
v -1.438160 3.591369 -0.308946
v -1.434141 3.578379 -0.301446
v -1.438160 3.565388 -0.293946
v -1.449141 3.555879 -0.288455
v -1.464141 3.552398 -0.286446
v -1.479141 3.555879 -0.288455
v -1.490122 3.565388 -0.293946
v -1.494141 3.578379 -0.301446
v -1.490122 3.546465 -0.376149
v -1.479141 3.555177 -0.382833
v -1.464141 3.558366 -0.385280
v -1.449141 3.555177 -0.382833
v -1.438160 3.546465 -0.376149
v -1.434141 3.534565 -0.367017
v -1.438160 3.522665 -0.357886
v -1.449141 3.513953 -0.351201
v -1.464141 3.510765 -0.348754
v -1.479141 3.513953 -0.351201
v -1.490122 3.522665 -0.357886
v -1.494141 3.534565 -0.367017
v -1.490122 3.493175 -0.436915
v -1.479141 3.500939 -0.444680
v -1.464141 3.503781 -0.447522
v -1.449141 3.500939 -0.444680
v -1.438160 3.493175 -0.436915
v -1.434141 3.482568 -0.426309
v -1.438160 3.471961 -0.415702
v -1.449141 3.464197 -0.407938
v -1.464141 3.461355 -0.405096
v -1.479141 3.464197 -0.407938
v -1.490122 3.471961 -0.415702
v -1.494141 3.482568 -0.426309
v -1.490122 3.432408 -0.490206
v -1.479141 3.439092 -0.498918
v -1.464141 3.441539 -0.502107
v -1.449141 3.439092 -0.498918
v -1.438160 3.432408 -0.490206
v -1.434141 3.423276 -0.478306
v -1.438160 3.414145 -0.466406
v -1.449141 3.407460 -0.457694
v -1.464141 3.405013 -0.454506
v -1.479141 3.407460 -0.457694
v -1.490122 3.414145 -0.466406
v -1.494141 3.423276 -0.478306
v -1.490122 3.365205 -0.535110
v -1.479141 3.370695 -0.544620
v -1.464141 3.372705 -0.548100
v -1.449141 3.370695 -0.544620
v -1.438160 3.365205 -0.535110
v -1.434141 3.357705 -0.522120
v -1.438160 3.350205 -0.509129
v -1.449141 3.344715 -0.499620
v -1.464141 3.342705 -0.496139
v -1.479141 3.344715 -0.499620
v -1.490122 3.350205 -0.509129
v -1.494141 3.357705 -0.522120
v -1.490122 3.292716 -0.570858
v -1.479141 3.296918 -0.581002
v -1.464141 3.298456 -0.584716
v -1.449141 3.296918 -0.581002
v -1.438160 3.292716 -0.570858
v -1.434141 3.286976 -0.556999
v -1.438160 3.281235 -0.543141
v -1.449141 3.277033 -0.532996
v -1.464141 3.275495 -0.529283
v -1.479141 3.277033 -0.532996
v -1.490122 3.281235 -0.543141
v -1.494141 3.286976 -0.556999
v -1.490122 3.216181 -0.596838
v -1.479141 3.219023 -0.607444
v -1.464141 3.220063 -0.611326
v -1.449141 3.219023 -0.607444
v -1.438160 3.216181 -0.596838
v -1.434141 3.212299 -0.582349
v -1.438160 3.208416 -0.567860
v -1.449141 3.205575 -0.557253
v -1.464141 3.204534 -0.553371
v -1.479141 3.205575 -0.557253
v -1.490122 3.208416 -0.567860
v -1.494141 3.212299 -0.582349
v -1.490122 3.136910 -0.612606
v -1.479141 3.138343 -0.623492
v -1.464141 3.138868 -0.627477
v -1.449141 3.138343 -0.623492
v -1.438160 3.136910 -0.612606
v -1.434141 3.134952 -0.597734
v -1.438160 3.132994 -0.582862
v -1.449141 3.131561 -0.571975
v -1.464141 3.131036 -0.567991
v -1.479141 3.131561 -0.571975
v -1.490122 3.132994 -0.582862
v -1.494141 3.134952 -0.597734
v -1.490122 3.057240 -0.617860
v -1.479141 3.057958 -0.628817
v -1.464141 3.058221 -0.632828
v -1.449141 3.057958 -0.628817
v -1.438160 3.057240 -0.617860
v -1.434141 3.056259 -0.602892
v -1.438160 3.055278 -0.587924
v -1.449141 3.054560 -0.576967
v -1.464141 3.054297 -0.572956
v -1.479141 3.054560 -0.576967
v -1.490122 3.055278 -0.587924
v -1.494141 3.056259 -0.602892
v -1.503899 3.062922 -0.501034
v -1.500875 3.047720 -0.501034
v -1.492264 3.034833 -0.501034
v -1.479377 3.026222 -0.501034
v -1.464176 3.023198 -0.501034
v -1.448974 3.026222 -0.501034
v -1.436087 3.034833 -0.501034
v -1.427476 3.047720 -0.501034
v -1.424452 3.062922 -0.501034
v -1.427476 3.078123 -0.501034
v -1.436087 3.091011 -0.501034
v -1.448974 3.099621 -0.501034
v -1.464176 3.102645 -0.501034
v -1.479377 3.099621 -0.501034
v -1.492264 3.091011 -0.501034
v -1.500875 3.078123 -0.501034
v -1.503899 3.062922 -0.651892
v -1.500875 3.047720 -0.651892
v -1.492264 3.034833 -0.651892
v -1.479377 3.026222 -0.651892
v -1.464176 3.023199 -0.651892
v -1.448974 3.026222 -0.651892
v -1.436087 3.034833 -0.651892
v -1.427476 3.047720 -0.651892
v -1.424452 3.062922 -0.651892
v -1.427476 3.078123 -0.651892
v -1.436087 3.091011 -0.651892
v -1.448974 3.099621 -0.651892
v -1.464176 3.102645 -0.651892
v -1.479377 3.099621 -0.651892
v -1.492264 3.091011 -0.651892
v -1.500875 3.078123 -0.651892
v -1.507550 3.044956 -0.669432
v -1.511124 3.062922 -0.669432
v -1.511124 3.062922 -0.651892
v -1.497373 3.029725 -0.669432
v -1.482142 3.019547 -0.669432
v -1.464176 3.015974 -0.669432
v -1.446209 3.019547 -0.669432
v -1.430978 3.029725 -0.669432
v -1.420801 3.044956 -0.669432
v -1.417228 3.062922 -0.669432
v -1.420801 3.080888 -0.669432
v -1.430978 3.096119 -0.669432
v -1.446209 3.106296 -0.669432
v -1.464176 3.109870 -0.669432
v -1.482142 3.106296 -0.669432
v -1.497373 3.096119 -0.669432
v -1.507550 3.080888 -0.669432
v -1.507550 3.044956 -0.651892
v -1.497373 3.029725 -0.651892
v -1.482142 3.019547 -0.651892
v -1.464176 3.015974 -0.651892
v -1.446209 3.019547 -0.651892
v -1.430978 3.029725 -0.651892
v -1.420801 3.044956 -0.651892
v -1.417228 3.062922 -0.651892
v -1.420801 3.080888 -0.651892
v -1.430978 3.096119 -0.651892
v -1.446209 3.106296 -0.651892
v -1.464176 3.109870 -0.651892
v -1.482142 3.106296 -0.651892
v -1.497373 3.096119 -0.651892
v -1.507550 3.080888 -0.651892
v -1.503899 3.062922 0.501034
v -1.500875 3.047720 0.501034
v -1.492264 3.034833 0.501034
v -1.479377 3.026222 0.501034
v -1.464176 3.023198 0.501034
v -1.448974 3.026222 0.501034
v -1.436087 3.034833 0.501034
v -1.427476 3.047720 0.501034
v -1.424452 3.062922 0.501034
v -1.427476 3.078123 0.501034
v -1.436087 3.091011 0.501034
v -1.448974 3.099621 0.501034
v -1.464176 3.102645 0.501034
v -1.479377 3.099621 0.501034
v -1.492264 3.091011 0.501034
v -1.500875 3.078123 0.501034
v -1.503899 3.062922 0.651892
v -1.500875 3.047720 0.651892
v -1.492264 3.034833 0.651892
v -1.479377 3.026222 0.651892
v -1.464176 3.023199 0.651892
v -1.448974 3.026222 0.651892
v -1.436087 3.034833 0.651892
v -1.427476 3.047720 0.651892
v -1.424452 3.062922 0.651892
v -1.427476 3.078123 0.651892
v -1.436087 3.091011 0.651892
v -1.448974 3.099621 0.651892
v -1.464176 3.102645 0.651892
v -1.479377 3.099621 0.651892
v -1.492264 3.091011 0.651892
v -1.500875 3.078123 0.651892
v -1.507550 3.044956 0.669432
v -1.511124 3.062922 0.669432
v -1.511124 3.062922 0.651892
v -1.497373 3.029725 0.669432
v -1.482142 3.019547 0.669432
v -1.464176 3.015974 0.669432
v -1.446209 3.019547 0.669432
v -1.430978 3.029725 0.669432
v -1.420801 3.044956 0.669432
v -1.417228 3.062922 0.669432
v -1.420801 3.080888 0.669432
v -1.430978 3.096119 0.669432
v -1.446209 3.106296 0.669432
v -1.464176 3.109870 0.669432
v -1.482142 3.106296 0.669432
v -1.497373 3.096119 0.669432
v -1.507550 3.080888 0.669432
v -1.507550 3.044956 0.651892
v -1.497373 3.029725 0.651892
v -1.482142 3.019547 0.651892
v -1.464176 3.015974 0.651892
v -1.446209 3.019547 0.651892
v -1.430978 3.029725 0.651892
v -1.420801 3.044956 0.651892
v -1.417228 3.062922 0.651892
v -1.420801 3.080888 0.651892
v -1.430978 3.096119 0.651892
v -1.446209 3.106296 0.651892
v -1.464176 3.109870 0.651892
v -1.482142 3.106296 0.651892
v -1.497373 3.096119 0.651892
v -1.507550 3.080888 0.651892
v -2.123765 4.022678 0.068906
v -2.129395 3.990633 0.068600
v -2.151534 3.966789 0.068906
v -2.123765 4.022678 -0.068904
v -2.129395 3.990633 -0.068598
v -2.151534 3.966789 -0.068904
v -1.534702 3.660129 0.068906
v -1.529071 3.692175 0.068600
v -1.506932 3.716018 0.068906
v -1.534702 3.660129 -0.068904
v -1.529071 3.692175 -0.068599
v -1.506932 3.716018 -0.068904
v -2.146376 4.048761 0.085354
v -2.167756 4.068033 0.086346
v -2.146376 4.048761 -0.085351
v -2.167756 4.068033 -0.086344
v -2.136721 4.022583 0.084581
v -2.136721 4.022583 -0.084579
v -2.141351 3.996572 0.084290
v -2.141351 3.996572 -0.084287
v -2.159284 3.977172 0.084581
v -2.159284 3.977172 -0.084579
v -2.185979 3.969056 0.085354
v -2.185979 3.969056 -0.085351
v -2.214252 3.974455 0.086346
v -2.214252 3.974455 -0.086344
v -2.236269 3.992447 0.087242
v -2.236269 3.992447 -0.087239
v -2.245921 4.018630 0.087835
v -2.245921 4.018630 -0.087833
v -2.240658 4.045916 0.088037
v -2.240658 4.045916 -0.088035
v -2.222091 4.066590 0.087835
v -2.222091 4.066590 -0.087833
v -2.195393 4.074713 0.087241
v -2.195393 4.074713 -0.087239
v -1.422197 3.690361 0.087241
v -1.444214 3.708352 0.086345
v -1.422197 3.690361 -0.087240
v -1.444214 3.708352 -0.086344
v -1.412546 3.664177 0.087834
v -1.412546 3.664177 -0.087833
v -1.417808 3.636892 0.088037
v -1.417808 3.636892 -0.088035
v -1.436375 3.616217 0.087834
v -1.436376 3.616217 -0.087833
v -1.463073 3.608094 0.087241
v -1.463073 3.608094 -0.087240
v -1.490710 3.614774 0.086346
v -1.490710 3.614774 -0.086344
v -1.512090 3.634046 0.085353
v -1.512091 3.634046 -0.085352
v -1.521745 3.660224 0.084581
v -1.521745 3.660224 -0.084580
v -1.517116 3.686235 0.084289
v -1.517116 3.686235 -0.084288
v -1.499182 3.705635 0.084581
v -1.499182 3.705635 -0.084580
v -1.472487 3.713752 0.085353
v -1.472487 3.713752 -0.085352
v -1.677341 3.735220 -0.063205
v -1.840022 3.818323 -0.055946
v -2.005533 3.898463 -0.063205
v -1.670640 3.762516 -0.062985
v -1.828689 3.841134 -0.055946
v -1.987826 3.920291 -0.062984
v -1.652933 3.784344 -0.063205
v -1.817357 3.863945 -0.055946
v -1.981125 3.947587 -0.063205
v -1.677341 3.735220 0.063207
v -1.840022 3.818323 0.055948
v -2.005533 3.898463 0.063207
v -1.670640 3.762516 0.062986
v -1.828689 3.841134 0.055948
v -1.987826 3.920291 0.062987
v -1.652933 3.784344 0.063207
v -1.817357 3.863945 0.055948
v -1.981125 3.947587 0.063207
v -2.126399 4.049946 0.069344
v -2.133738 4.059196 0.065237
v -2.131588 4.056487 0.068294
v -2.174857 3.952419 0.069344
v -2.186662 3.952681 0.065237
v -2.183205 3.952604 0.068294
v -2.218589 3.965727 0.074247
v -2.219846 3.963196 0.066262
v -2.219478 3.963937 0.070454
v -2.244807 3.986929 0.075101
v -2.247247 3.985352 0.067155
v -2.246532 3.985814 0.071336
v -2.256275 4.018024 0.075660
v -2.259216 4.017852 0.067727
v -2.258355 4.017903 0.071904
v -2.249971 4.050543 0.075851
v -2.252613 4.051856 0.067918
v -2.251839 4.051471 0.072096
v -2.227862 4.075209 0.075660
v -2.229502 4.077656 0.067727
v -2.229022 4.076940 0.071904
v -2.196153 4.084850 0.075101
v -2.196370 4.087748 0.067155
v -2.196306 4.086899 0.071336
v -2.162162 4.079292 0.066262
v -2.163420 4.076761 0.074247
v -2.162530 4.078551 0.070454
v -2.133738 4.059196 -0.065235
v -2.126399 4.049946 -0.069341
v -2.131588 4.056487 -0.068291
v -2.186662 3.952681 -0.065235
v -2.174857 3.952419 -0.069341
v -2.183205 3.952604 -0.068291
v -2.219846 3.963196 -0.066259
v -2.218589 3.965727 -0.074244
v -2.219478 3.963937 -0.070452
v -2.247247 3.985352 -0.067153
v -2.244807 3.986929 -0.075098
v -2.246532 3.985814 -0.071334
v -2.259216 4.017852 -0.067724
v -2.256275 4.018024 -0.075658
v -2.258355 4.017903 -0.071902
v -2.252613 4.051856 -0.067916
v -2.249971 4.050543 -0.075849
v -2.251839 4.051471 -0.072093
v -2.229501 4.077656 -0.067724
v -2.227862 4.075209 -0.075658
v -2.229021 4.076940 -0.071902
v -2.196370 4.087748 -0.067153
v -2.196153 4.084850 -0.075099
v -2.196306 4.086899 -0.071334
v -2.163420 4.076761 -0.074244
v -2.162162 4.079292 -0.066259
v -2.162530 4.078551 -0.070452
v -1.413660 3.695878 0.075100
v -1.411219 3.697455 0.067154
v -1.411934 3.696993 0.071336
v -1.402191 3.664783 0.075660
v -1.399250 3.664955 0.067726
v -1.400111 3.664905 0.071904
v -1.408496 3.632265 0.075851
v -1.405853 3.630952 0.067918
v -1.406627 3.631336 0.072095
v -1.430604 3.607599 0.075660
v -1.428965 3.605151 0.067726
v -1.429445 3.605868 0.071904
v -1.462313 3.597957 0.075100
v -1.462096 3.595060 0.067154
v -1.462160 3.595909 0.071336
v -1.495047 3.606047 0.074246
v -1.496304 3.603515 0.066261
v -1.495936 3.604257 0.070454
v -1.532068 3.632862 0.069343
v -1.524729 3.623611 0.065237
v -1.526878 3.626321 0.068293
v -1.471804 3.730127 0.065236
v -1.483609 3.730388 0.069343
v -1.475262 3.730203 0.068293
v -1.438620 3.719611 0.066261
v -1.439878 3.717080 0.074246
v -1.438988 3.718870 0.070454
v -1.411219 3.697455 -0.067153
v -1.413660 3.695878 -0.075099
v -1.411934 3.696993 -0.071334
v -1.399250 3.664955 -0.067725
v -1.402191 3.664783 -0.075659
v -1.400111 3.664905 -0.071903
v -1.405854 3.630952 -0.067916
v -1.408496 3.632265 -0.075850
v -1.406627 3.631336 -0.072094
v -1.428965 3.605151 -0.067725
v -1.430604 3.607599 -0.075659
v -1.429445 3.605868 -0.071903
v -1.462096 3.595060 -0.067153
v -1.462313 3.597957 -0.075099
v -1.462160 3.595909 -0.071334
v -1.496304 3.603515 -0.066260
v -1.495047 3.606047 -0.074245
v -1.495936 3.604257 -0.070452
v -1.524729 3.623611 -0.065235
v -1.532068 3.632862 -0.069342
v -1.526878 3.626320 -0.068292
v -1.471804 3.730127 -0.065235
v -1.483609 3.730388 -0.069342
v -1.475262 3.730203 -0.068292
v -1.439878 3.717080 -0.074245
v -1.438620 3.719611 -0.066260
v -1.438988 3.718870 -0.070452
v -1.672844 3.714975 0.063677
v -1.671550 3.709150 0.059337
v -1.671929 3.710856 0.062462
v -1.846043 3.806202 0.055948
v -1.848317 3.801624 0.051472
v -1.847651 3.802965 0.054637
v -2.029809 3.887332 0.059337
v -2.024384 3.889820 0.063677
v -2.028220 3.888061 0.062462
v -1.671550 3.709149 -0.059335
v -1.672844 3.714975 -0.063676
v -1.671929 3.710856 -0.062460
v -1.848317 3.801624 -0.051470
v -1.846043 3.806202 -0.055946
v -1.847651 3.802965 -0.054635
v -2.024384 3.889820 -0.063675
v -2.029809 3.887332 -0.059335
v -2.028220 3.888061 -0.062460
v -1.986916 3.973658 -0.059335
v -1.985622 3.967832 -0.063675
v -1.986537 3.971951 -0.062460
v -1.809061 3.880643 -0.051470
v -1.811336 3.876066 -0.055946
v -1.809727 3.879303 -0.054635
v -1.634082 3.792988 -0.063676
v -1.628658 3.795475 -0.059335
v -1.630246 3.794746 -0.062460
v -1.628658 3.795475 0.059337
v -1.634082 3.792988 0.063677
v -1.630246 3.794747 0.062462
v -1.809061 3.880643 0.051472
v -1.811336 3.876066 0.055948
v -1.809727 3.879303 0.054637
v -1.985622 3.967832 0.063677
v -1.986917 3.973658 0.059337
v -1.986537 3.971951 0.062462
v 0.000000 5.403706 -0.000000
v -0.000000 5.012689 0.000000
v -0.000000 4.825238 0.000000
v -0.000000 4.625237 0.000000
v -0.000000 4.425238 0.000000
v -0.795250 5.013852 -1.377413
v -0.795250 4.750791 -1.377413
v -0.870098 4.566640 -1.334520
v -0.720680 4.566640 -1.420788
v -0.485833 3.798110 -0.668954
v -0.336415 3.798110 -0.755221
v -0.442828 3.281152 -0.767001
v 0.156408 3.267269 -1.040074
v -0.978934 3.267268 -0.384584
v 1.549273 4.613852 -1.549275
v 1.549273 4.350791 -1.549274
v 1.037636 3.270002 -1.037636
v 0.874670 3.136940 -0.874670
v 1.508689 3.208039 -0.561969
v 0.561968 3.208039 -1.508688
v 1.488523 4.166536 -1.610524
v 1.610522 4.166536 -1.488524
v 0.976403 3.806505 -1.098403
v 1.098403 3.806505 -0.976404
v -2.191004 4.813853 0.000001
v -2.191004 4.550791 0.000001
v -1.466290 3.124221 0.000000
v -1.235821 2.991159 0.000000
v -1.464175 3.062922 -0.669432
v -1.464176 3.062922 0.669432
v -2.191357 4.021419 0.086268
v -2.191357 4.021419 -0.086266
v -1.467110 3.661388 0.086268
v -1.467110 3.661388 -0.086266
vn -0.1951 -0.0000 -0.9808
vn -0.0000 -0.0000 -1.0000
vn 0.3827 -0.0000 -0.9239
vn 0.5556 -0.0000 -0.8315
vn 0.7071 -0.0000 -0.7071
vn 0.8315 -0.0000 -0.5556
vn 0.9239 -0.0000 -0.3827
vn 0.9808 -0.0000 -0.1951
vn 1.0000 -0.0000 -0.0000
vn 0.9808 -0.0000 0.1951
vn 0.9239 -0.0000 0.3827
vn 0.8315 -0.0000 0.5556
vn 0.7071 -0.0000 0.7071
vn 0.5556 -0.0000 0.8315
vn 0.3827 -0.0000 0.9239
vn 0.1951 -0.0000 0.9808
vn -0.0000 -0.0000 1.0000
vn -0.1951 -0.0000 0.9808
vn -0.3827 -0.0000 0.9239
vn -0.5556 -0.0000 0.8315
vn -0.7071 -0.0000 0.7071
vn -0.8315 -0.0000 0.5556
vn -0.9239 -0.0000 0.3827
vn -0.9808 -0.0000 0.1951
vn -1.0000 -0.0000 -0.0000
vn -0.9808 -0.0000 -0.1951
vn -0.9239 -0.0000 -0.3827
vn -0.8315 -0.0000 -0.5556
vn -0.7071 -0.0000 -0.7071
vn -0.5556 -0.0000 -0.8315
vn -0.3827 -0.0000 -0.9239
vn -0.0000 -1.0000 -0.0000
vn 0.1951 -0.0000 -0.9808
vn -0.0000 -0.7088 -0.7054
vn 0.1376 -0.7088 -0.6918
vn 0.2699 -0.7088 -0.6517
vn 0.3919 -0.7088 -0.5865
vn 0.4988 -0.7088 -0.4988
vn 0.5865 -0.7088 -0.3919
vn 0.6517 -0.7088 -0.2699
vn 0.6918 -0.7088 -0.1376
vn 0.7054 -0.7088 -0.0000
vn 0.6918 -0.7088 0.1376
vn 0.6517 -0.7088 0.2699
vn 0.5865 -0.7088 0.3919
vn 0.4988 -0.7088 0.4988
vn 0.3919 -0.7088 0.5865
vn 0.2699 -0.7088 0.6517
vn 0.1376 -0.7088 0.6918
vn -0.0000 -0.7088 0.7054
vn -0.1376 -0.7088 0.6918
vn -0.2699 -0.7088 0.6517
vn -0.3919 -0.7088 0.5865
vn -0.4988 -0.7088 0.4988
vn -0.5865 -0.7088 0.3919
vn -0.6517 -0.7088 0.2699
vn -0.6918 -0.7088 0.1376
vn -0.7054 -0.7088 -0.0000
vn -0.6918 -0.7088 -0.1376
vn -0.6517 -0.7088 -0.2699
vn -0.5865 -0.7088 -0.3919
vn -0.4988 -0.7088 -0.4988
vn -0.3919 -0.7088 -0.5865
vn -0.2699 -0.7088 -0.6517
vn -0.1376 -0.7088 -0.6918
vn -0.0000 1.0000 -0.0000
vn -0.0000 -0.7139 -0.7002
vn 0.2680 -0.7139 -0.6469
vn 0.4951 -0.7139 -0.4951
vn 0.6469 -0.7139 -0.2680
vn 0.7002 -0.7139 -0.0000
vn 0.6469 -0.7139 0.2680
vn 0.4951 -0.7139 0.4951
vn 0.2680 -0.7139 0.6469
vn -0.0000 -0.7139 0.7002
vn -0.2680 -0.7139 0.6469
vn -0.4951 -0.7139 0.4951
vn -0.6469 -0.7139 0.2680
vn -0.7002 -0.7139 -0.0000
vn -0.6469 -0.7139 -0.2680
vn -0.4951 -0.7139 -0.4951
vn -0.2680 -0.7139 -0.6469
vn -0.7500 0.5000 0.4330
vn -0.8660 -0.0000 0.5000
vn -0.4330 0.8660 0.2500
vn 0.4330 0.8660 -0.2500
vn 0.7500 0.5000 -0.4330
vn 0.8660 -0.0000 -0.5000
vn 0.7500 -0.5000 -0.4330
vn 0.4330 -0.8660 -0.2500
vn -0.4330 -0.8660 0.2500
vn -0.7500 -0.5000 0.4330
vn -0.5838 0.3120 0.7495
vn -0.6826 0.4450 0.5797
vn -0.8536 -0.0239 0.5204
vn -0.8660 -0.0000 -0.5000
vn -0.5000 -0.0000 -0.8660
vn 0.5000 -0.0000 -0.8660
vn 0.8660 -0.0000 0.5000
vn 0.5000 -0.0000 0.8660
vn -0.5000 -0.0000 0.8660
vn -0.8538 -0.0234 0.5201
vn -0.7653 0.1079 0.6346
vn -0.5289 0.1552 0.8344
vn -0.6187 -0.1297 0.7749
vn -0.8539 -0.0234 0.5200
vn -0.6723 -0.2631 0.6920
vn -0.8538 -0.0235 0.5200
vn -0.7347 -0.3617 0.5739
vn -0.8356 -0.4582 0.3032
vn -0.6912 -0.4378 0.5749
vn -0.8304 -0.4343 0.3489
vn -0.4544 -0.6830 -0.5719
vn -0.2681 -0.6830 -0.6795
vn -0.1836 -0.7840 -0.5930
vn -0.4218 -0.7840 -0.4554
vn -0.7929 -0.5786 -0.1912
vn -0.9184 -0.3572 0.1700
vn -0.8760 -0.2555 -0.4091
vn -0.9855 -0.1607 0.0551
vn -0.8889 0.1930 -0.4155
vn -0.9938 0.0995 0.0503
vn -0.7802 0.5840 -0.2239
vn -0.9315 0.3261 0.1613
vn -0.5833 0.8042 0.1139
vn -0.8168 0.4533 0.3567
vn -0.3521 0.7923 0.4983
vn -0.2226 0.5620 0.7966
vn 0.8889 -0.1930 0.4155
vn 0.7802 -0.5840 0.2239
vn 0.9315 -0.3261 -0.1613
vn 0.9938 -0.0995 -0.0503
vn 0.2309 -0.5786 -0.7823
vn 0.0837 -0.2555 -0.9632
vn 0.5405 -0.1607 -0.8259
vn 0.6064 -0.3572 -0.7104
vn 0.3960 -0.2394 0.8865
vn 0.5697 -0.2394 0.7862
vn 0.5609 0.2929 0.7744
vn 0.3902 0.2929 0.8729
vn -0.0847 -0.1930 0.9775
vn -0.0837 0.2555 0.9632
vn -0.5405 0.1607 0.8259
vn -0.5404 -0.0995 0.8355
vn -0.1962 -0.5840 0.7877
vn -0.6054 -0.3261 0.7261
vn -0.3903 -0.8042 0.4482
vn -0.7174 -0.4533 0.5290
vn -0.6076 -0.7923 0.0558
vn -0.8433 -0.4450 0.3013
vn -0.8012 -0.5620 -0.2055
vn -0.9410 -0.3120 0.1308
vn -0.9870 -0.1552 0.0408
vn -0.9911 -0.1130 0.0707
vn 0.6803 -0.4582 -0.5720
vn 0.7174 -0.4343 -0.5447
vn 0.8772 -0.0234 -0.4795
vn 0.8773 -0.0235 -0.4794
vn 0.8644 -0.3617 -0.3493
vn 0.9354 -0.2631 -0.2362
vn 0.8773 -0.0234 -0.4794
vn 0.9804 -0.1297 -0.1484
vn 0.9870 0.1552 -0.0408
vn 0.9863 -0.1523 -0.0639
vn 0.9911 0.1130 -0.0707
vn -0.2309 0.5786 0.7823
vn -0.6803 0.4582 0.5720
vn -0.7174 0.4343 0.5447
vn -0.6064 0.3572 0.7104
vn -0.2729 -0.6053 -0.7477
vn -0.5111 -0.6053 -0.6102
vn -0.5337 -0.6512 -0.5396
vn -0.2005 -0.6512 -0.7320
vn 0.0611 0.9510 0.3029
vn 0.2318 0.9510 0.2044
vn -0.0328 0.9657 -0.2575
vn -0.2066 0.9657 -0.1572
vn 0.2005 0.6512 0.7320
vn 0.5337 0.6512 0.5396
vn 0.5111 0.6053 0.6102
vn 0.2729 0.6053 0.7477
vn -0.5568 0.1130 0.8229
vn -0.5484 -0.1523 0.8222
vn 0.9410 0.3120 -0.1308
vn 0.8775 -0.0239 -0.4790
vn -0.8775 0.0239 0.4790
vn 0.9184 0.3572 -0.1700
vn 0.9855 0.1607 -0.0551
vn 0.8536 0.0239 -0.5204
vn -0.4924 0.1736 -0.8529
vn -0.9322 -0.1079 0.3455
vn -0.8773 0.0234 0.4794
vn -0.8730 0.0162 0.4874
vn -0.9269 -0.1156 0.3572
vn 0.9322 0.1079 -0.3455
vn -0.9027 -0.1669 0.3966
vn 0.0328 -0.9657 0.2575
vn 0.2066 -0.9657 0.1572
vn 0.4389 -0.7035 0.5589
vn 0.2646 -0.7035 0.6596
vn 0.7929 0.5786 0.1912
vn 0.8760 0.2555 0.4091
vn 0.3903 0.8042 -0.4482
vn 0.6076 0.7923 -0.0558
vn 0.8433 0.4450 -0.3013
vn 0.7174 0.4533 -0.5290
vn 0.6187 0.1297 -0.7749
vn 0.5289 -0.1552 -0.8344
vn 0.7653 -0.1079 -0.6346
vn 0.8538 0.0234 -0.5201
vn 0.7347 0.3617 -0.5739
vn 0.8356 0.4582 -0.3032
vn 0.8304 0.4343 -0.3489
vn 0.6912 0.4378 -0.5749
vn -0.1590 -0.7341 -0.6601
vn -0.4922 -0.7342 -0.4678
vn 0.2483 0.7225 0.6452
vn 0.4346 0.7225 0.5377
vn -0.8644 0.3617 0.3493
vn -0.7948 0.1669 0.5835
vn -0.8773 0.0235 0.4794
vn 0.8435 -0.4378 -0.3112
vn 0.5833 -0.8042 -0.1139
vn 0.8168 -0.4533 -0.3567
vn -0.5697 0.2394 -0.7862
vn -0.3960 0.2394 -0.8865
vn -0.3902 -0.2929 -0.8729
vn -0.5609 -0.2929 -0.7744
vn -0.2318 -0.9510 -0.2044
vn -0.0611 -0.9510 -0.3029
vn 0.7948 -0.1669 -0.5835
vn 0.8012 0.5620 0.2055
vn 0.8538 0.0235 -0.5200
vn 0.9027 0.1669 -0.3966
vn -0.5791 -0.3487 0.7370
vn -0.9354 0.2631 0.2362
vn -0.9804 0.1297 0.1484
vn -0.9863 0.1523 0.0639
vn -0.9278 0.3487 0.1330
vn 0.0847 0.1930 -0.9775
vn 0.5405 0.0995 -0.8355
vn 0.3521 -0.7923 -0.4983
vn 0.6826 -0.4450 -0.5797
vn -0.4389 0.7035 -0.5589
vn -0.2646 0.7035 -0.6596
vn -0.4346 -0.7225 -0.5377
vn -0.2483 -0.7225 -0.6452
vn 0.9278 -0.3487 -0.1330
vn 0.4544 0.6830 0.5719
vn 0.2681 0.6830 0.6795
vn 0.6723 0.2631 -0.6920
vn 0.5791 0.3487 -0.7370
vn 0.5484 0.1523 -0.8222
vn -0.8435 0.4378 0.3112
vn 0.1962 0.5840 -0.7877
vn 0.6054 0.3261 -0.7261
vn 0.2226 -0.5620 -0.7966
vn 0.5838 -0.3120 -0.7495
vn 0.1835 0.7840 0.5930
vn 0.4218 0.7840 0.4554
vn 0.4922 0.7342 0.4678
vn 0.1590 0.7341 0.6601
vn 0.5568 -0.1130 -0.8229
vn -0.7920 0.1541 0.5907
vn -0.8739 0.0145 0.4859
vn 0.8577 0.0145 -0.5139
vn 0.9076 0.1541 -0.3905
vn 0.8654 -0.0013 -0.5011
vn 0.9171 0.1333 -0.3756
vn 0.8730 -0.0162 -0.4874
vn 0.9269 0.1156 -0.3572
vn -0.7839 0.1333 0.6065
vn -0.8667 -0.0013 0.4989
vn -0.7728 0.1156 0.6241
vn -0.8586 -0.0162 0.5124
vn 0.5050 0.7153 0.4831
vn 0.1658 0.7153 0.6789
vn 0.5168 0.6933 0.5022
vn 0.1765 0.6933 0.6987
vn 0.5272 0.6708 0.5215
vn 0.1880 0.6708 0.7174
vn 0.8539 0.0234 -0.5200
vn 0.8582 0.0153 -0.5131
vn 0.8735 -0.0153 -0.4866
vn 0.8586 0.0162 -0.5124
vn 0.8667 0.0013 -0.4989
vn 0.8739 -0.0145 -0.4859
vn 0.7728 -0.1156 -0.6241
vn 0.7839 -0.1333 -0.6065
vn 0.7920 -0.1541 -0.5907
vn -0.8654 0.0013 0.5011
vn -0.9171 -0.1333 0.3756
vn -0.8577 -0.0145 0.5139
vn -0.9076 -0.1541 0.3905
vn -0.5272 -0.6708 -0.5215
vn -0.1880 -0.6708 -0.7174
vn -0.5168 -0.6933 -0.5022
vn -0.1765 -0.6933 -0.6987
vn -0.5050 -0.7153 -0.4831
vn -0.1658 -0.7153 -0.6789
vn -0.8772 0.0234 0.4795
vn -0.8735 0.0153 0.4866
vn -0.8582 -0.0153 0.5131
vn -0.0085 0.6627 0.7488
vn -0.0905 0.5069 0.8572
vn 0.6528 0.6627 0.3670
vn 0.7876 0.5069 0.3502
vn -0.6926 -0.6971 -0.1855
vn -0.8385 -0.5431 -0.0442
vn 0.1856 -0.6971 -0.6925
vn 0.3809 -0.5431 -0.7483
vn -0.6620 -0.6442 -0.3830
vn -0.0007 -0.6442 -0.7648
vn -0.7393 -0.2820 -0.6115
vn -0.1599 -0.2820 -0.9460
vn -0.7512 0.2238 -0.6210
vn -0.1622 0.2238 -0.9610
vn -0.6278 0.6647 -0.4051
vn -0.0369 0.6647 -0.7462
vn -0.4063 0.9134 -0.0238
vn 0.1826 0.9134 -0.3638
vn -0.1487 0.8992 0.4115
vn 0.4307 0.8992 0.0770
vn 0.0007 0.6442 0.7648
vn 0.1599 0.2820 0.9460
vn 0.6620 0.6442 0.3830
vn 0.7393 0.2820 0.6115
vn 0.1622 -0.2238 0.9610
vn 0.7512 -0.2238 0.6210
vn 0.0369 -0.6647 0.7462
vn 0.6278 -0.6647 0.4051
vn -0.1826 -0.9134 0.3638
vn 0.4063 -0.9134 0.0238
vn -0.4307 -0.8992 -0.0770
vn 0.1487 -0.8992 -0.4115
vn -0.6528 -0.6627 -0.3670
vn 0.0085 -0.6627 -0.7488
vn -0.7877 -0.5069 -0.3502
vn 0.0905 -0.5069 -0.8572
vn 0.6926 0.6971 0.1855
vn 0.8385 0.5431 0.0443
vn -0.1856 0.6971 0.6925
vn -0.3382 0.4576 0.8223
vn -0.8813 -0.4576 -0.1183
vn -0.8761 -0.4720 -0.0983
vn -0.8648 -0.4966 -0.0741
vn -0.8505 -0.5232 -0.0540
vn 0.3382 -0.4576 -0.8223
vn 0.3529 -0.4721 -0.8079
vn 0.3682 -0.4966 -0.7860
vn 0.3784 -0.5232 -0.7636
vn 0.8813 0.4576 0.1183
vn 0.8761 0.4720 0.0983
vn 0.8648 0.4966 0.0741
vn 0.8505 0.5232 0.0540
vn -0.3809 0.5431 0.7483
vn -0.3784 0.5232 0.7636
vn -0.3682 0.4966 0.7860
vn -0.3529 0.4721 0.8079
vn 0.4924 -0.1736 0.8529
vn 0.4924 -0.1737 0.8529
vn -0.7669 0.3769 0.5195
vn -0.2512 0.9098 0.3303
vn -0.8333 -0.3769 0.4044
vn 0.4116 0.9098 -0.0524
vn 0.7669 -0.3769 -0.5195
vn 0.8333 0.3769 -0.4044
vn -0.4116 -0.9098 0.0524
vn 0.2512 -0.9098 -0.3303
vn 0.7669 -0.3768 -0.5195
vn -0.7494 0.2908 -0.5948
vn -0.8301 0.3637 -0.4226
vn -0.5915 0.6681 -0.4514
vn -0.4940 0.5984 -0.6307
vn -0.7723 0.0311 -0.6345
vn -0.5725 -0.2910 -0.7665
vn -0.6850 -0.3930 -0.6134
vn -0.8688 -0.0746 -0.4895
vn -0.1634 0.0311 -0.9861
vn 0.0104 -0.0746 -0.9972
vn -0.1887 -0.3930 -0.9000
vn -0.3776 -0.2910 -0.8790
vn -0.1405 0.2908 -0.9464
vn 0.0491 0.3637 -0.9302
vn -0.0952 0.6681 -0.7380
vn -0.2992 0.5984 -0.7432
vn -0.4953 0.2596 -0.8290
vn -0.5380 0.1928 -0.8206
vn -0.0635 0.7483 -0.6603
vn -0.0949 0.7680 -0.6334
vn -0.5011 0.7680 -0.3989
vn -0.5401 0.7483 -0.3852
vn -0.4451 0.1539 -0.8822
vn -0.4416 0.1928 -0.8762
vn -0.5414 0.1539 -0.8265
vn -0.4856 0.0864 -0.8699
vn -0.5106 0.0864 -0.8555
vn -0.4703 0.2596 -0.8435
vn 0.8228 -0.0331 -0.5674
vn 0.8195 -0.0000 -0.5731
vn -0.6499 -0.4967 -0.5753
vn -0.6145 -0.5178 -0.5952
vn -0.2082 -0.5178 -0.8297
vn -0.1733 -0.4967 -0.8504
vn -0.9275 -0.2177 -0.3038
vn -0.9786 -0.0959 -0.1820
vn 0.3317 -0.0959 -0.9385
vn 0.2006 -0.2178 -0.9552
vn -0.8684 0.4532 -0.2014
vn -0.9427 0.3113 -0.1198
vn 0.3676 0.3114 -0.8763
vn 0.2598 0.4532 -0.8527
vn -0.5004 0.0001 0.8658
vn -0.5035 0.0638 0.8616
vn -0.8637 0.0736 0.4986
vn -0.8660 0.0002 0.5000
vn -0.0005 0.0001 1.0000
vn -0.0095 0.0371 0.9993
vn 0.4898 0.0010 0.8718
vn 0.8663 0.0001 0.4996
vn 0.8602 -0.0342 0.5088
vn 1.0000 0.0001 -0.0005
vn 0.9982 -0.0592 0.0061
vn 0.8660 0.0002 -0.5000
vn 0.8640 -0.0681 -0.4988
vn 0.5004 0.0001 -0.8658
vn 0.4938 -0.0592 -0.8676
vn 0.0005 0.0001 -1.0000
vn -0.0105 -0.0342 -0.9994
vn -0.5101 0.0010 -0.8601
vn -0.8663 0.0001 -0.4996
vn -0.8702 0.0371 -0.4914
vn -1.0000 0.0001 0.0005
vn -0.9979 0.0638 0.0052
vn -0.4778 0.2492 0.8424
vn -0.8298 0.2862 0.4791
vn -0.0009 0.1476 0.9890
vn 0.4801 0.0070 0.8772
vn 0.8379 -0.1357 0.5286
vn 0.9699 -0.2414 0.0306
vn 0.8313 -0.2804 -0.4799
vn 0.4585 -0.2414 -0.8553
vn -0.0389 -0.1357 -0.9900
vn -0.5196 0.0070 -0.8544
vn -0.8570 0.1476 -0.4937
vn -0.9684 0.2492 -0.0074
vn -0.3848 0.4817 0.7873
vn -0.7219 0.5525 0.4168
vn 0.0534 0.2863 0.9567
vn 0.4818 0.0139 0.8762
vn 0.7858 -0.2652 0.5588
vn 0.8766 -0.4738 0.0840
vn 0.7227 -0.5510 -0.4172
vn 0.3656 -0.4738 -0.8012
vn -0.0910 -0.2652 -0.9599
vn -0.5179 0.0139 -0.8553
vn -0.8018 0.2863 -0.5246
vn -0.8742 0.4817 -0.0604
vn -0.2261 0.6825 0.6951
vn -0.5394 0.7824 0.3114
vn 0.1471 0.4063 0.9018
vn 0.4855 0.0208 0.8740
vn 0.6979 -0.3748 0.6103
vn 0.7204 -0.6711 0.1751
vn 0.5408 -0.7811 -0.3122
vn 0.2085 -0.6711 -0.7114
vn -0.1796 -0.3748 -0.9095
vn -0.5141 0.0208 -0.8575
vn -0.7075 0.4063 -0.5783
vn -0.7150 0.6825 -0.1517
vn -0.0108 0.8207 0.5713
vn -0.2931 0.9410 0.1692
vn 0.2754 0.4887 0.8278
vn 0.4915 0.0262 0.8705
vn 0.5774 -0.4497 0.6814
vn 0.5041 -0.8090 0.3025
vn 0.2874 -0.9433 -0.1660
vn -0.0100 -0.8090 -0.5878
vn -0.3014 -0.4497 -0.8408
vn -0.5081 0.0262 -0.8609
vn -0.5792 0.4887 -0.6524
vn -0.5002 0.8207 -0.2763
vn 0.1792 0.8666 0.4658
vn -0.0775 0.9960 0.0448
vn 0.3904 0.5095 0.7668
vn 0.4986 0.0142 0.8667
vn 0.4714 -0.4887 0.7341
vn 0.3140 -0.8602 0.4017
vn 0.0707 -0.9967 -0.0408
vn -0.1909 -0.8602 -0.4728
vn -0.4001 -0.4887 -0.7753
vn -0.5013 0.0142 -0.8652
vn -0.4689 0.5095 -0.7215
vn -0.3138 0.8666 -0.3881
vn 0.3138 0.8666 0.3881
vn 0.0775 0.9960 -0.0448
vn 0.4689 0.5095 0.7215
vn 0.5013 0.0142 0.8652
vn 0.4001 -0.4887 0.7753
vn 0.1909 -0.8602 0.4728
vn -0.0707 -0.9967 0.0408
vn -0.3140 -0.8602 -0.4017
vn -0.4714 -0.4887 -0.7341
vn -0.4986 0.0142 -0.8667
vn -0.3904 0.5095 -0.7668
vn -0.1792 0.8666 -0.4658
vn 0.5001 0.8207 0.2763
vn 0.2931 0.9410 -0.1692
vn 0.5792 0.4887 0.6524
vn 0.5081 0.0262 0.8609
vn 0.3014 -0.4497 0.8408
vn 0.0100 -0.8090 0.5878
vn -0.2874 -0.9433 0.1660
vn -0.5040 -0.8090 -0.3025
vn -0.5774 -0.4497 -0.6815
vn -0.4915 0.0262 -0.8705
vn -0.2754 0.4887 -0.8278
vn 0.0108 0.8207 -0.5713
vn 0.7150 0.6825 0.1517
vn 0.5394 0.7824 -0.3114
vn 0.7075 0.4063 0.5783
vn 0.5141 0.0208 0.8575
vn 0.1796 -0.3748 0.9095
vn -0.2085 -0.6711 0.7114
vn -0.5408 -0.7811 0.3122
vn -0.7204 -0.6711 -0.1751
vn -0.6979 -0.3748 -0.6103
vn -0.4855 0.0208 -0.8740
vn -0.1471 0.4063 -0.9018
vn 0.2261 0.6825 -0.6951
vn 0.8742 0.4817 0.0604
vn 0.7219 0.5525 -0.4168
vn 0.8018 0.2863 0.5246
vn 0.5179 0.0139 0.8553
vn 0.0910 -0.2652 0.9599
vn -0.3656 -0.4738 0.8012
vn -0.7227 -0.5510 0.4172
vn -0.8766 -0.4738 -0.0840
vn -0.7858 -0.2652 -0.5588
vn -0.4818 0.0139 -0.8762
vn -0.0534 0.2863 -0.9567
vn 0.3848 0.4817 -0.7873
vn 0.9684 0.2492 0.0074
vn 0.8298 0.2862 -0.4791
vn 0.8570 0.1476 0.4937
vn 0.5196 0.0070 0.8544
vn 0.0389 -0.1357 0.9900
vn -0.4585 -0.2414 0.8553
vn -0.8313 -0.2804 0.4799
vn -0.9699 -0.2414 -0.0306
vn -0.8379 -0.1357 -0.5286
vn -0.4801 0.0070 -0.8772
vn 0.0009 0.1476 -0.9890
vn 0.4778 0.2492 -0.8424
vn 0.9979 0.0638 -0.0052
vn 0.8637 0.0736 -0.4986
vn 0.8702 0.0371 0.4914
vn 0.5101 0.0010 0.8601
vn 0.0105 -0.0342 0.9994
vn -0.4938 -0.0592 0.8676
vn -0.8640 -0.0681 0.4988
vn -0.9982 -0.0592 -0.0061
vn -0.8602 -0.0342 -0.5088
vn -0.4898 0.0010 -0.8718
vn 0.0095 0.0371 -0.9993
vn 0.5035 0.0638 -0.8616
vn -0.4619 0.3827 -0.8001
vn -0.3919 0.3815 -0.8372
vn -0.4299 -0.0000 -0.9029
vn -0.3536 -0.7071 -0.6124
vn -0.2839 -0.7049 -0.6500
vn -0.1222 -0.9210 -0.3700
vn -0.1913 -0.9239 -0.3314
vn 0.0686 -0.9969 -0.0396
vn 0.2593 -0.9210 0.2908
vn 0.1913 -0.9239 0.3314
vn 0.4210 -0.7049 0.5709
vn 0.3536 -0.7071 0.6124
vn 0.5291 -0.3815 0.7580
vn 0.4619 -0.3827 0.8001
vn 0.5670 -0.0000 0.8237
vn 0.5291 0.3815 0.7580
vn 0.4619 0.3827 0.8001
vn 0.4210 0.7049 0.5709
vn 0.3536 0.7071 0.6124
vn 0.2593 0.9210 0.2908
vn 0.1913 0.9239 0.3314
vn 0.0686 0.9969 -0.0396
vn -0.1222 0.9210 -0.3700
vn -0.1913 0.9239 -0.3314
vn -0.2839 0.7049 -0.6500
vn -0.3536 0.7071 -0.6124
vn -0.3919 -0.3815 -0.8372
vn -0.4619 -0.3827 -0.8001
vn -0.2085 -0.0000 -0.9780
vn -0.1723 -0.3640 -0.9153
vn 0.1020 -0.0000 -0.9948
vn 0.1328 -0.3102 -0.9414
vn 0.4005 -0.0000 -0.9163
vn 0.4231 -0.2270 -0.8772
vn 0.6596 -0.0000 -0.7516
vn 0.6718 -0.1229 -0.7305
vn -0.0692 -0.6726 -0.7367
vn 0.2207 -0.5731 -0.7892
vn 0.4874 -0.4195 -0.7658
vn 0.7066 -0.2271 -0.6702
vn 0.8322 -0.0612 -0.5511
vn 0.0851 -0.8788 -0.4695
vn 0.3521 -0.7488 -0.5615
vn 0.5836 -0.5481 -0.5991
vn 0.7587 -0.2967 -0.5799
vn 0.8462 -0.0799 -0.5268
vn 0.2671 -0.9512 -0.1542
vn 0.5072 -0.8105 -0.2928
vn 0.6972 -0.5933 -0.4025
vn 0.8201 -0.3212 -0.4735
vn 0.8628 -0.0865 -0.4981
vn 0.4491 -0.8788 0.1610
vn 0.6623 -0.7488 -0.0242
vn 0.8107 -0.5481 -0.2059
vn 0.8816 -0.2967 -0.3671
vn 0.8793 -0.0799 -0.4694
vn 0.6035 -0.6726 0.4283
vn 0.7938 -0.5731 0.2035
vn 0.9069 -0.4195 -0.0392
vn 0.9337 -0.2271 -0.2768
vn 0.8934 -0.0612 -0.4451
vn 0.7066 -0.3640 0.6069
vn 0.8816 -0.3102 0.3557
vn 0.9712 -0.2270 0.0722
vn 0.9685 -0.1229 -0.2166
vn 0.9027 -0.0331 -0.4289
vn 0.7428 -0.0000 0.6696
vn 0.9125 -0.0000 0.4091
vn 0.9938 -0.0000 0.1113
vn 0.9807 -0.0000 -0.1954
vn 0.9060 -0.0000 -0.4232
vn 0.7066 0.3640 0.6069
vn 0.8816 0.3102 0.3557
vn 0.9712 0.2270 0.0722
vn 0.9685 0.1229 -0.2166
vn 0.9027 0.0331 -0.4289
vn 0.6035 0.6726 0.4283
vn 0.7938 0.5731 0.2035
vn 0.9069 0.4195 -0.0392
vn 0.9337 0.2271 -0.2768
vn 0.8934 0.0612 -0.4451
vn 0.4492 0.8788 0.1610
vn 0.6623 0.7488 -0.0242
vn 0.8107 0.5481 -0.2059
vn 0.8816 0.2967 -0.3671
vn 0.8793 0.0799 -0.4694
vn 0.2671 0.9512 -0.1542
vn 0.5072 0.8105 -0.2928
vn 0.6972 0.5933 -0.4025
vn 0.8202 0.3212 -0.4735
vn 0.8628 0.0865 -0.4981
vn 0.0851 0.8788 -0.4695
vn 0.3521 0.7488 -0.5615
vn 0.5836 0.5481 -0.5991
vn 0.7587 0.2967 -0.5799
vn 0.8462 0.0799 -0.5268
vn -0.0692 0.6726 -0.7367
vn 0.2207 0.5731 -0.7892
vn 0.4874 0.4195 -0.7658
vn 0.7066 0.2271 -0.6702
vn 0.8322 0.0612 -0.5511
vn -0.1723 0.3640 -0.9153
vn 0.1328 0.3102 -0.9414
vn 0.4231 0.2270 -0.8772
vn 0.6718 0.1229 -0.7305
vn 0.8228 0.0331 -0.5674
vn -0.9027 -0.0331 0.4289
vn -0.8934 -0.0612 0.4451
vn -0.3535 0.7071 -0.6124
vn -0.3535 -0.7071 -0.6124
vn 0.3535 0.7071 0.6124
vn -0.5670 -0.0000 -0.8237
vn -0.5291 0.3815 -0.7580
vn -0.2593 -0.9210 -0.2908
vn -0.4210 -0.7049 -0.5709
vn -0.0686 -0.9969 0.0396
vn 0.1222 -0.9210 0.3700
vn 0.2839 -0.7049 0.6500
vn 0.3919 -0.3815 0.8372
vn 0.4299 -0.0000 0.9029
vn 0.3919 0.3815 0.8372
vn 0.2839 0.7049 0.6500
vn 0.1222 0.9210 0.3700
vn -0.0686 0.9969 0.0396
vn -0.2593 0.9210 -0.2908
vn -0.4210 0.7049 -0.5709
vn -0.5291 -0.3815 -0.7580
vn 0.3535 -0.7071 0.6124
vn -0.7066 -0.3640 -0.6069
vn -0.7428 -0.0000 -0.6696
vn -0.8816 -0.3102 -0.3557
vn -0.9125 -0.0000 -0.4091
vn -0.9712 -0.2270 -0.0722
vn -0.9938 -0.0000 -0.1113
vn -0.9685 -0.1229 0.2166
vn -0.9807 -0.0000 0.1954
vn -0.9060 -0.0000 0.4232
vn -0.6035 -0.6726 -0.4283
vn -0.7938 -0.5731 -0.2035
vn -0.9069 -0.4195 0.0392
vn -0.9337 -0.2271 0.2768
vn -0.4491 -0.8788 -0.1610
vn -0.6623 -0.7488 0.0242
vn -0.8107 -0.5481 0.2059
vn -0.8816 -0.2967 0.3671
vn -0.8793 -0.0799 0.4694
vn -0.2671 -0.9512 0.1542
vn -0.5072 -0.8105 0.2928
vn -0.6972 -0.5933 0.4025
vn -0.8201 -0.3212 0.4735
vn -0.8628 -0.0865 0.4981
vn -0.0851 -0.8788 0.4695
vn -0.3521 -0.7488 0.5615
vn -0.5837 -0.5481 0.5991
vn -0.7587 -0.2967 0.5799
vn -0.8462 -0.0799 0.5268
vn 0.0692 -0.6726 0.7367
vn -0.2207 -0.5731 0.7892
vn -0.4874 -0.4195 0.7658
vn -0.7066 -0.2271 0.6702
vn -0.8322 -0.0612 0.5511
vn 0.1723 -0.3640 0.9153
vn -0.1328 -0.3102 0.9414
vn -0.4231 -0.2270 0.8772
vn -0.6718 -0.1229 0.7305
vn -0.8228 -0.0331 0.5674
vn 0.2085 -0.0000 0.9780
vn -0.1020 -0.0000 0.9948
vn -0.4005 -0.0000 0.9163
vn -0.6596 -0.0000 0.7516
vn -0.8195 -0.0000 0.5731
vn 0.1723 0.3640 0.9153
vn -0.1328 0.3102 0.9414
vn -0.4231 0.2270 0.8772
vn -0.6718 0.1229 0.7305
vn -0.8228 0.0331 0.5674
vn 0.0692 0.6726 0.7367
vn -0.2207 0.5731 0.7892
vn -0.4874 0.4195 0.7658
vn -0.7066 0.2271 0.6702
vn -0.8322 0.0612 0.5511
vn -0.0851 0.8788 0.4695
vn -0.3521 0.7488 0.5615
vn -0.5836 0.5481 0.5991
vn -0.7587 0.2967 0.5799
vn -0.8462 0.0799 0.5268
vn -0.2671 0.9512 0.1542
vn -0.5072 0.8105 0.2928
vn -0.6972 0.5933 0.4025
vn -0.8202 0.3211 0.4735
vn -0.8628 0.0865 0.4981
vn -0.4492 0.8788 -0.1610
vn -0.6623 0.7488 0.0242
vn -0.8107 0.5481 0.2059
vn -0.8816 0.2967 0.3671
vn -0.8793 0.0799 0.4694
vn -0.6035 0.6726 -0.4283
vn -0.7938 0.5731 -0.2035
vn -0.9069 0.4195 0.0392
vn -0.9337 0.2271 0.2768
vn -0.8934 0.0612 0.4451
vn -0.7066 0.3640 -0.6068
vn -0.8816 0.3102 -0.3557
vn -0.9712 0.2270 -0.0722
vn -0.9685 0.1229 0.2166
vn -0.9027 0.0331 0.4289
vn -0.6124 0.5000 -0.6124
vn -0.3536 0.8660 -0.3536
vn 0.3536 0.8660 0.3536
vn 0.6124 0.5000 0.6124
vn 0.6124 -0.5000 0.6124
vn 0.3536 -0.8660 0.3536
vn -0.3536 -0.8660 -0.3536
vn -0.6124 -0.5000 -0.6124
vn 0.6124 0.5000 -0.6124
vn -0.2588 -0.0000 -0.9659
vn 0.2588 -0.0000 -0.9659
vn 0.9659 -0.0000 -0.2588
vn 0.9659 -0.0000 0.2588
vn 0.2588 -0.0000 0.9659
vn -0.2588 -0.0000 0.9659
vn -0.9659 -0.0000 0.2588
vn -0.9659 -0.0000 -0.2588
vn -0.8307 0.0367 -0.5555
vn -0.7472 0.1130 -0.6549
vn -0.7911 -0.0751 -0.6071
vn -0.6124 -0.5000 0.6124
vn -0.7605 -0.5122 0.3991
vn -0.7441 -0.5409 0.3921
vn -0.7252 -0.5685 0.3885
vn -0.7039 -0.5947 0.3883
vn -0.6808 -0.6190 0.3917
vn -0.6561 -0.6409 0.3984
vn -0.6303 -0.6602 0.4085
vn -0.6039 -0.6764 0.4217
vn -0.5772 -0.6893 0.4378
vn -0.5508 -0.6987 0.4565
vn -0.5251 -0.7044 0.4776
vn -0.5006 -0.7063 0.5006
vn -0.4776 -0.7044 0.5251
vn -0.4565 -0.6987 0.5508
vn -0.4378 -0.6893 0.5773
vn -0.4217 -0.6764 0.6039
vn -0.4085 -0.6602 0.6303
vn -0.3984 -0.6409 0.6561
vn -0.3917 -0.6190 0.6808
vn -0.3883 -0.5947 0.7039
vn -0.3885 -0.5685 0.7252
vn -0.3921 -0.5409 0.7441
vn -0.3991 -0.5122 0.7605
vn -0.4095 -0.4831 0.7739
vn -0.4229 -0.4540 0.7842
vn -0.4393 -0.4254 0.7913
vn -0.4582 -0.3977 0.7949
vn -0.4794 -0.3715 0.7951
vn -0.5026 -0.3473 0.7917
vn -0.5273 -0.3253 0.7850
vn -0.5530 -0.3061 0.7749
vn -0.5795 -0.2898 0.7617
vn -0.6061 -0.2769 0.7456
vn -0.6325 -0.2675 0.7269
vn -0.6582 -0.2619 0.7058
vn -0.6828 -0.2599 0.6828
vn -0.7058 -0.2619 0.6582
vn -0.7269 -0.2675 0.6325
vn -0.7456 -0.2769 0.6061
vn -0.7617 -0.2898 0.5795
vn -0.7749 -0.3061 0.5530
vn -0.7850 -0.3253 0.5273
vn -0.7917 -0.3473 0.5026
vn -0.7951 -0.3715 0.4794
vn -0.7949 -0.3977 0.4582
vn -0.7913 -0.4253 0.4393
vn -0.7013 -0.4955 0.5124
vn -0.6944 -0.5106 0.5071
vn -0.7842 -0.4540 0.4229
vn -0.7739 -0.4831 0.4095
vn -0.0560 0.8001 0.5972
vn -0.1585 0.8365 0.5245
vn -0.6549 -0.1130 -0.7472
vn -0.7395 -0.1869 -0.6468
vn -0.6768 -0.2967 -0.6738
vn -0.5915 -0.2241 -0.7745
vn -0.5180 -0.3314 -0.7886
vn -0.6041 -0.4028 -0.6877
vn -0.4356 -0.4330 -0.7891
vn -0.5226 -0.5032 -0.6882
vn -0.3458 -0.5272 -0.7762
vn -0.4338 -0.5963 -0.6754
vn -0.2500 -0.6124 -0.7500
vn -0.3391 -0.6805 -0.6495
vn -0.1500 -0.6871 -0.7110
vn -0.2402 -0.7544 -0.6109
vn -0.0474 -0.7500 -0.6597
vn -0.1388 -0.8166 -0.5603
vn 0.0560 -0.8001 -0.5972
vn -0.0366 -0.8661 -0.4985
vn 0.1585 -0.8365 -0.5245
vn 0.0647 -0.9021 -0.4266
vn 0.2582 -0.8586 -0.4428
vn 0.1633 -0.9240 -0.3458
vn 0.3536 -0.8660 -0.3536
vn 0.2576 -0.9313 -0.2576
vn 0.4428 -0.8586 -0.2582
vn 0.3458 -0.9240 -0.1633
vn 0.5245 -0.8365 -0.1585
vn 0.4266 -0.9021 -0.0647
vn 0.5972 -0.8001 -0.0560
vn 0.4985 -0.8661 0.0366
vn 0.6597 -0.7500 0.0474
vn 0.5603 -0.8166 0.1388
vn 0.7110 -0.6871 0.1500
vn 0.6109 -0.7544 0.2402
vn 0.7500 -0.6124 0.2500
vn 0.6495 -0.6805 0.3391
vn 0.7762 -0.5272 0.3458
vn 0.6754 -0.5963 0.4338
vn 0.7891 -0.4330 0.4356
vn 0.6882 -0.5032 0.5226
vn 0.7886 -0.3314 0.5180
vn 0.6877 -0.4027 0.6041
vn 0.7745 -0.2241 0.5915
vn 0.6738 -0.2967 0.6768
vn 0.7472 -0.1130 0.6549
vn 0.6468 -0.1869 0.7395
vn 0.6071 -0.0751 0.7911
vn 0.6549 0.1130 0.7472
vn 0.5555 0.0367 0.8307
vn 0.5915 0.2241 0.7745
vn 0.4928 0.1465 0.8577
vn 0.5180 0.3314 0.7886
vn 0.4201 0.2526 0.8716
vn 0.4356 0.4330 0.7891
vn 0.3387 0.3530 0.8722
vn 0.3458 0.5272 0.7762
vn 0.2499 0.4461 0.8594
vn 0.2500 0.6124 0.7500
vn 0.1552 0.5303 0.8335
vn 0.1500 0.6871 0.7110
vn 0.0563 0.6042 0.7949
vn 0.0474 0.7500 0.6597
vn -0.0451 0.6664 0.7442
vn -0.1474 0.7159 0.6824
vn -0.2487 0.7519 0.6105
vn -0.2582 0.8586 0.4428
vn -0.3473 0.7738 0.5298
vn -0.3536 0.8660 0.3536
vn -0.4415 0.7811 0.4415
vn -0.4428 0.8586 0.2582
vn -0.5298 0.7738 0.3473
vn -0.5245 0.8365 0.1585
vn -0.6105 0.7519 0.2487
vn -0.5972 0.8001 0.0560
vn -0.6824 0.7159 0.1474
vn -0.6597 0.7500 -0.0474
vn -0.7442 0.6664 0.0451
vn -0.7110 0.6871 -0.1500
vn -0.7949 0.6042 -0.0563
vn -0.7500 0.6124 -0.2500
vn -0.8335 0.5303 -0.1552
vn -0.7762 0.5272 -0.3458
vn -0.8594 0.4461 -0.2499
vn -0.7891 0.4330 -0.4356
vn -0.8722 0.3530 -0.3387
vn -0.7886 0.3314 -0.5180
vn -0.8716 0.2526 -0.4201
vn -0.7745 0.2241 -0.5915
vn -0.8577 0.1465 -0.4928
vn 0.7892 -0.4330 0.4356
vn 0.4356 0.4330 0.7892
vn -0.2927 -0.8354 0.4653
vn -0.2584 -0.8182 0.5136
vn -0.4082 -0.7144 0.5684
vn -0.4297 -0.7251 0.5380
vn -0.6541 -0.3799 0.6541
vn -0.6660 -0.3809 0.6414
vn -0.8753 -0.1170 0.4693
vn -0.8937 -0.1522 0.4221
vn -0.8069 -0.2964 0.5110
vn -0.7953 -0.2743 0.5406
vn -0.8923 -0.3876 0.2312
vn -0.8734 -0.4409 0.2066
vn -0.7942 -0.4776 0.3757
vn -0.8061 -0.4442 0.3912
vn -0.3346 -0.2368 0.9121
vn -0.3770 -0.1923 0.9060
vn -0.4826 -0.3216 0.8146
vn -0.4561 -0.3495 0.8185
vn -0.2289 -0.7946 0.5624
vn -0.3897 -0.6995 0.5990
vn -0.9060 -0.1923 0.3770
vn -0.8146 -0.3216 0.4826
vn -0.8189 -0.5466 0.1748
vn -0.7843 -0.5972 0.1682
vn -0.7382 -0.5757 0.3516
vn -0.7600 -0.5439 0.3558
vn -0.4221 -0.1522 0.8937
vn -0.5110 -0.2964 0.8069
vn -0.2048 -0.7649 0.6107
vn -0.3746 -0.6809 0.6293
vn -0.9121 -0.2368 0.3346
vn -0.8185 -0.3495 0.4561
vn -0.7454 -0.6451 0.1679
vn -0.7138 -0.6057 0.3514
vn -0.4693 -0.1170 0.8753
vn -0.5406 -0.2743 0.7953
vn -0.1864 -0.7297 0.6579
vn -0.3630 -0.6588 0.6589
vn -0.9119 -0.2847 0.2958
vn -0.8183 -0.3795 0.4317
vn -0.7031 -0.6895 0.1740
vn -0.6873 -0.6336 0.3553
vn -0.5177 -0.0873 0.8511
vn -0.5709 -0.2557 0.7802
vn -0.1740 -0.6895 0.7031
vn -0.3553 -0.6336 0.6873
vn -0.9052 -0.3352 0.2611
vn -0.8141 -0.4113 0.4099
vn -0.6579 -0.7297 0.1864
vn -0.6589 -0.6588 0.3630
vn -0.5664 -0.0637 0.8216
vn -0.6015 -0.2409 0.7617
vn -0.1679 -0.6451 0.7454
vn -0.3514 -0.6057 0.7138
vn -0.6107 -0.7649 0.2048
vn -0.6293 -0.6809 0.3746
vn -0.6148 -0.0465 0.7873
vn -0.6318 -0.2301 0.7402
vn -0.1682 -0.5972 0.7843
vn -0.3516 -0.5757 0.7382
vn -0.5624 -0.7946 0.2289
vn -0.5990 -0.6995 0.3897
vn -0.6618 -0.0361 0.7488
vn -0.6614 -0.2235 0.7160
vn -0.1748 -0.5466 0.8189
vn -0.3558 -0.5439 0.7600
vn -0.7095 -0.1595 -0.6864
vn -0.7614 -0.0469 -0.6465
vn -0.5136 -0.8182 0.2584
vn -0.5684 -0.7144 0.4082
vn -0.7067 -0.0326 0.7067
vn -0.6896 -0.2213 0.6896
vn -0.1877 -0.4942 0.8488
vn -0.3638 -0.5111 0.7787
vn -0.4653 -0.8354 0.2927
vn -0.5380 -0.7251 0.4297
vn -0.7488 -0.0361 0.6618
vn -0.7160 -0.2235 0.6614
vn -0.2066 -0.4409 0.8734
vn -0.3757 -0.4776 0.7942
vn -0.4183 -0.8458 0.3312
vn -0.5085 -0.7317 0.4539
vn -0.7873 -0.0465 0.6148
vn -0.7402 -0.2301 0.6318
vn -0.2312 -0.3876 0.8924
vn -0.3912 -0.4442 0.8061
vn -0.3733 -0.8493 0.3733
vn -0.4803 -0.7339 0.4803
vn -0.8216 -0.0637 0.5664
vn -0.7617 -0.2409 0.6015
vn -0.2611 -0.3352 0.9052
vn -0.4099 -0.4113 0.8141
vn -0.3312 -0.8458 0.4183
vn -0.4539 -0.7317 0.5085
vn -0.8511 -0.0873 0.5177
vn -0.7802 -0.2557 0.5709
vn -0.2958 -0.2847 0.9119
vn -0.4317 -0.3795 0.8183
vn -0.7787 -0.5111 0.3638
vn -0.6980 -0.5109 0.5018
vn -0.7053 -0.4951 0.5074
vn -0.6891 -0.5264 0.4980
vn -0.6788 -0.5414 0.4960
vn -0.6673 -0.5557 0.4960
vn -0.6547 -0.5688 0.4978
vn -0.6413 -0.5807 0.5014
vn -0.6273 -0.5912 0.5069
vn -0.6130 -0.6000 0.5141
vn -0.5985 -0.6070 0.5228
vn -0.5842 -0.6121 0.5330
vn -0.5702 -0.6152 0.5444
vn -0.5569 -0.6162 0.5569
vn -0.5444 -0.6152 0.5702
vn -0.5330 -0.6121 0.5842
vn -0.5228 -0.6070 0.5985
vn -0.5141 -0.6000 0.6130
vn -0.5069 -0.5912 0.6273
vn -0.5014 -0.5807 0.6413
vn -0.4978 -0.5688 0.6547
vn -0.4960 -0.5557 0.6673
vn -0.4960 -0.5414 0.6788
vn -0.4980 -0.5264 0.6891
vn -0.5018 -0.5109 0.6980
vn -0.5074 -0.4951 0.7053
vn -0.5147 -0.4793 0.7109
vn -0.5236 -0.4637 0.7147
vn -0.5339 -0.4487 0.7167
vn -0.5454 -0.4345 0.7167
vn -0.5580 -0.4213 0.7149
vn -0.5714 -0.4094 0.7113
vn -0.5854 -0.3990 0.7058
vn -0.5997 -0.3902 0.6986
vn -0.6142 -0.3832 0.6899
vn -0.6285 -0.3781 0.6797
vn -0.6425 -0.3750 0.6683
vn -0.6558 -0.3739 0.6558
vn -0.6683 -0.3750 0.6425
vn -0.6797 -0.3781 0.6285
vn -0.6899 -0.3832 0.6142
vn -0.6986 -0.3902 0.5997
vn -0.7058 -0.3990 0.5854
vn -0.7113 -0.4094 0.5714
vn -0.7149 -0.4213 0.5580
vn -0.7167 -0.4345 0.5454
vn -0.7167 -0.4487 0.5339
vn -0.7147 -0.4637 0.5236
vn -0.7109 -0.4793 0.5147
vn -0.8488 -0.4942 0.1877
vn -0.8014 0.0656 -0.5946
vn -0.8286 0.1762 -0.5314
vn -0.8426 0.2830 -0.4582
vn -0.8431 0.3842 -0.3762
vn -0.8303 0.4780 -0.2868
vn -0.8041 0.5628 -0.1914
vn -0.7653 0.6371 -0.0918
vn -0.7143 0.6998 0.0103
vn -0.6521 0.7497 0.1133
vn -0.5797 0.7859 0.2153
vn -0.4983 0.8079 0.3146
vn -0.3535 0.8660 0.3536
vn -0.4094 0.8153 0.4095
vn -0.3146 0.8079 0.4983
vn -0.2153 0.7859 0.5797
vn -0.1133 0.7497 0.6521
vn -0.0103 0.6998 0.7143
vn 0.1500 0.6871 0.7109
vn 0.0918 0.6371 0.7653
vn 0.1914 0.5628 0.8041
vn 0.2868 0.4780 0.8302
vn 0.3762 0.3842 0.8431
vn 0.4582 0.2830 0.8426
vn 0.5314 0.1762 0.8286
vn 0.5946 0.0656 0.8014
vn 0.6465 -0.0469 0.7614
vn 0.6865 -0.1595 0.7095
vn 0.7136 -0.2701 0.6464
vn 0.7276 -0.3769 0.5732
vn 0.7282 -0.4780 0.4911
vn 0.7153 -0.5718 0.4017
vn 0.6892 -0.6566 0.3064
vn 0.6504 -0.7309 0.2068
vn 0.6598 -0.7500 0.0474
vn 0.5994 -0.7936 0.1046
vn 0.5372 -0.8435 0.0017
vn 0.4648 -0.8797 -0.1003
vn 0.3834 -0.9017 -0.1996
vn 0.2945 -0.9091 -0.2945
vn 0.1996 -0.9017 -0.3834
vn 0.1003 -0.8797 -0.4647
vn 0.0561 -0.8001 -0.5972
vn -0.0017 -0.8435 -0.5371
vn -0.1046 -0.7936 -0.5994
vn -0.2068 -0.7309 -0.6504
vn -0.3064 -0.6566 -0.6892
vn -0.4017 -0.5718 -0.7153
vn -0.4911 -0.4780 -0.7282
vn -0.5732 -0.3769 -0.7276
vn -0.6464 -0.2701 -0.7136
vn -0.8337 -0.2884 -0.4709
vn -0.8823 -0.1832 -0.4336
vn -0.8957 -0.4365 -0.0845
vn -0.9322 -0.3575 -0.0564
vn -0.7747 -0.3917 -0.4963
vn -0.8514 -0.5142 -0.1036
vn -0.7063 -0.4915 -0.5094
vn -0.8000 -0.5892 -0.1134
vn -0.6297 -0.5861 -0.5099
vn -0.7424 -0.6602 -0.1138
vn -0.5461 -0.6737 -0.4979
vn -0.6796 -0.7261 -0.1048
vn -0.4570 -0.7530 -0.4735
vn -0.6126 -0.7856 -0.0864
vn -0.3639 -0.8225 -0.4372
vn -0.5427 -0.8378 -0.0591
vn -0.2684 -0.8810 -0.3895
vn -0.4710 -0.8818 -0.0233
vn -0.1722 -0.9277 -0.3314
vn -0.3987 -0.9169 0.0204
vn -0.0769 -0.9615 -0.2637
vn -0.3271 -0.9423 0.0712
vn 0.0159 -0.9821 -0.1877
vn -0.2573 -0.9578 0.1283
vn 0.1046 -0.9890 -0.1046
vn -0.1907 -0.9629 0.1907
vn 0.1877 -0.9821 -0.0159
vn -0.1283 -0.9578 0.2573
vn 0.2637 -0.9615 0.0769
vn -0.0712 -0.9423 0.3271
vn 0.3314 -0.9277 0.1722
vn -0.0204 -0.9169 0.3987
vn 0.3895 -0.8810 0.2684
vn 0.0233 -0.8818 0.4710
vn 0.4372 -0.8225 0.3639
vn 0.0591 -0.8378 0.5427
vn 0.4735 -0.7530 0.4570
vn 0.0864 -0.7856 0.6126
vn 0.4979 -0.6737 0.5461
vn 0.1048 -0.7261 0.6796
vn 0.5099 -0.5861 0.6297
vn 0.1138 -0.6602 0.7424
vn 0.5094 -0.4916 0.7063
vn 0.1134 -0.5892 0.8000
vn 0.4963 -0.3917 0.7747
vn 0.1036 -0.5142 0.8514
vn 0.4709 -0.2884 0.8337
vn 0.0845 -0.4366 0.8957
vn 0.4336 -0.1832 0.8823
vn 0.0564 -0.3575 0.9322
vn 0.3850 -0.0780 0.9196
vn 0.0200 -0.2785 0.9602
vn 0.3260 0.0254 0.9450
vn -0.0244 -0.2008 0.9793
vn 0.2576 0.1252 0.9581
vn -0.0758 -0.1258 0.9892
vn 0.1810 0.2197 0.9586
vn -0.1334 -0.0548 0.9896
vn 0.0974 0.3074 0.9466
vn -0.1962 0.0110 0.9805
vn 0.0083 0.3866 0.9222
vn -0.2631 0.0706 0.9622
vn -0.0848 0.4561 0.8859
vn -0.3330 0.1228 0.9349
vn -0.1803 0.5147 0.8382
vn -0.4048 0.1668 0.8991
vn -0.2765 0.5613 0.7801
vn -0.4771 0.2018 0.8554
vn -0.3718 0.5952 0.7124
vn -0.5487 0.2273 0.8046
vn -0.4646 0.6157 0.6364
vn -0.6184 0.2427 0.7474
vn -0.5533 0.6226 0.5533
vn -0.6850 0.2479 0.6850
vn -0.6364 0.6157 0.4646
vn -0.7474 0.2427 0.6184
vn -0.7124 0.5952 0.3718
vn -0.8046 0.2273 0.5487
vn -0.7801 0.5613 0.2765
vn -0.8554 0.2018 0.4771
vn -0.8382 0.5147 0.1803
vn -0.8991 0.1668 0.4048
vn -0.8859 0.4561 0.0848
vn -0.9349 0.1228 0.3330
vn -0.9222 0.3866 -0.0083
vn -0.9622 0.0706 0.2631
vn -0.9466 0.3074 -0.0974
vn -0.9805 0.0110 0.1962
vn -0.9586 0.2197 -0.1810
vn -0.9895 -0.0548 0.1334
vn -0.9581 0.1252 -0.2576
vn -0.9892 -0.1258 0.0758
vn -0.9450 0.0254 -0.3260
vn -0.9793 -0.2008 0.0244
vn -0.9196 -0.0780 -0.3850
vn -0.9602 -0.2785 -0.0200
vn -0.8941 -0.4013 -0.1990
vn -0.9348 -0.3131 -0.1678
vn -0.8447 -0.4879 -0.2203
vn -0.7873 -0.5715 -0.2313
vn -0.7231 -0.6507 -0.2317
vn -0.6531 -0.7241 -0.2216
vn -0.5784 -0.7905 -0.2012
vn -0.5004 -0.8488 -0.1708
vn -0.4204 -0.8978 -0.1308
vn -0.3398 -0.9369 -0.0821
vn -0.2599 -0.9653 -0.0254
vn -0.1822 -0.9825 0.0383
vn -0.1079 -0.9883 0.1079
vn -0.0383 -0.9825 0.1822
vn 0.0254 -0.9653 0.2599
vn 0.0821 -0.9369 0.3398
vn 0.1308 -0.8978 0.4204
vn 0.1708 -0.8488 0.5004
vn 0.2012 -0.7905 0.5784
vn 0.2217 -0.7241 0.6531
vn 0.2318 -0.6507 0.7231
vn 0.2313 -0.5715 0.7873
vn 0.2203 -0.4879 0.8447
vn 0.1990 -0.4013 0.8941
vn 0.1678 -0.3131 0.9348
vn 0.1271 -0.2250 0.9660
vn 0.0776 -0.1384 0.9873
vn 0.0203 -0.0548 0.9983
vn -0.0439 0.0245 0.9987
vn -0.1140 0.0979 0.9887
vn -0.1886 0.1643 0.9682
vn -0.2666 0.2225 0.9378
vn -0.3466 0.2716 0.8978
vn -0.4272 0.3106 0.8491
vn -0.5071 0.3390 0.7924
vn -0.5848 0.3563 0.7287
vn -0.6591 0.3620 0.6591
vn -0.7287 0.3563 0.5848
vn -0.7924 0.3390 0.5071
vn -0.8491 0.3106 0.4272
vn -0.8978 0.2716 0.3466
vn -0.9378 0.2225 0.2666
vn -0.9682 0.1643 0.1886
vn -0.9887 0.0979 0.1140
vn -0.9987 0.0245 0.0439
vn -0.9983 -0.0547 -0.0203
vn -0.9873 -0.1384 -0.0777
vn -0.9660 -0.2250 -0.1271
vn 0.2120 -0.8934 -0.3961
vn 0.1125 -0.8714 -0.4776
vn -0.5071 -0.5106 0.6944
vn -0.5124 -0.4955 0.7013
vn -0.5857 -0.6073 0.5368
vn -0.5724 -0.6102 0.5477
vn -0.6769 -0.3838 0.6281
vn -0.5194 -0.4804 0.7067
vn -0.5597 -0.6112 0.5597
vn -0.6867 -0.3886 0.6144
vn -0.5279 -0.4656 0.7103
vn -0.5477 -0.6102 0.5724
vn -0.6950 -0.3953 0.6006
vn -0.5377 -0.4512 0.7122
vn -0.5368 -0.6072 0.5857
vn -0.7018 -0.4038 0.5869
vn -0.5487 -0.4377 0.7123
vn -0.5271 -0.6024 0.5994
vn -0.7071 -0.4137 0.5735
vn -0.7067 -0.4804 0.5194
vn -0.5607 -0.4251 0.7106
vn -0.5188 -0.5957 0.6132
vn -0.7106 -0.4251 0.5607
vn -0.6859 -0.5255 0.5034
vn -0.6761 -0.5398 0.5016
vn -0.5735 -0.4137 0.7071
vn -0.5119 -0.5873 0.6269
vn -0.7123 -0.4377 0.5487
vn -0.6651 -0.5534 0.5015
vn -0.5869 -0.4038 0.7018
vn -0.5067 -0.5773 0.6403
vn -0.7122 -0.4513 0.5377
vn -0.6531 -0.5659 0.5032
vn -0.6006 -0.3953 0.6950
vn -0.5032 -0.5659 0.6531
vn -0.7103 -0.4656 0.5279
vn -0.6403 -0.5773 0.5067
vn -0.6144 -0.3887 0.6867
vn -0.5015 -0.5534 0.6651
vn -0.6269 -0.5873 0.5119
vn -0.6281 -0.3838 0.6769
vn -0.5015 -0.5398 0.6761
vn -0.6986 -0.1499 -0.6996
vn -0.7507 -0.0372 -0.6596
vn -0.6132 -0.5957 0.5188
vn -0.6414 -0.3808 0.6660
vn -0.5034 -0.5255 0.6859
vn -0.5994 -0.6024 0.5271
vn -0.7906 0.0756 -0.6076
vn -0.6354 -0.2607 -0.7269
vn -0.5621 -0.3677 -0.7409
vn -0.4799 -0.4690 -0.7415
vn -0.3903 -0.5629 -0.7286
vn -0.2948 -0.6478 -0.7024
vn -0.1500 -0.6871 -0.7109
vn -0.1951 -0.7223 -0.6635
vn -0.0927 -0.7851 -0.6124
vn 0.0104 -0.8350 -0.5501
vn 0.3071 -0.9008 -0.3071
vn 0.3961 -0.8934 -0.2120
vn 0.4776 -0.8714 -0.1126
vn 0.5501 -0.8350 -0.0104
vn 0.6124 -0.7851 0.0927
vn 0.6635 -0.7223 0.1951
vn 0.7024 -0.6478 0.2948
vn 0.7286 -0.5629 0.3903
vn 0.7415 -0.4690 0.4799
vn 0.7409 -0.3676 0.5621
vn 0.7269 -0.2607 0.6354
vn 0.6996 -0.1499 0.6986
vn 0.6596 -0.0372 0.7507
vn 0.6076 0.0756 0.7906
vn 0.5444 0.1864 0.8179
vn 0.4710 0.2933 0.8319
vn 0.3889 0.3947 0.8325
vn 0.2993 0.4886 0.8196
vn 0.2038 0.5735 0.7934
vn 0.1040 0.6480 0.7545
vn 0.0017 0.7108 0.7034
vn -0.1014 0.7607 0.6411
vn -0.2036 0.7970 0.5686
vn -0.3030 0.8191 0.4871
vn -0.3981 0.8265 0.3981
vn -0.4871 0.8191 0.3030
vn -0.5686 0.7970 0.2036
vn -0.6411 0.7607 0.1014
vn -0.7034 0.7108 -0.0017
vn -0.7545 0.6480 -0.1041
vn -0.7934 0.5735 -0.2038
vn -0.8196 0.4886 -0.2993
vn -0.8325 0.3947 -0.3889
vn -0.8319 0.2933 -0.4710
vn -0.8179 0.1864 -0.5444
vn -0.7907 0.0756 -0.6076
vn 0.3536 -0.8660 -0.3535
vn 0.4776 -0.8714 -0.1125
vn -0.7545 0.6480 -0.1040
vn 0.7109 -0.6871 0.1500
vn 0.7409 -0.3677 0.5621
vn -0.0928 -0.7851 -0.6124
vn -0.8091 -0.2586 -0.5277
vn -0.8589 -0.1508 -0.4894
vn -0.8922 -0.3934 -0.2219
vn -0.9337 -0.3036 -0.1900
vn -0.8511 -0.4931 0.1801
vn -0.8761 -0.4390 0.1992
vn -0.7487 -0.3645 -0.5537
vn -0.8418 -0.4817 -0.2436
vn -0.8208 -0.5463 0.1670
vn -0.6786 -0.4668 -0.5671
vn -0.7834 -0.5669 -0.2548
vn -0.7856 -0.5976 0.1603
vn -0.6000 -0.5637 -0.5676
vn -0.7179 -0.6476 -0.2552
vn -0.7462 -0.6463 0.1600
vn -0.5144 -0.6535 -0.5553
vn -0.6466 -0.7225 -0.2449
vn -0.7032 -0.6913 0.1662
vn -0.4231 -0.7347 -0.5303
vn -0.5705 -0.7902 -0.2241
vn -0.6573 -0.7321 0.1787
vn -0.3277 -0.8059 -0.4931
vn -0.4910 -0.8495 -0.1931
vn -0.6095 -0.7678 0.1974
vn -0.2299 -0.8659 -0.4443
vn -0.4095 -0.8995 -0.1524
vn -0.5604 -0.7980 0.2219
vn -0.1313 -0.9137 -0.3847
vn -0.3273 -0.9393 -0.1027
vn -0.5108 -0.8220 0.2518
vn -0.0336 -0.9484 -0.3153
vn -0.2459 -0.9683 -0.0449
vn -0.4618 -0.8394 0.2866
vn 0.0615 -0.9695 -0.2375
vn -0.1666 -0.9858 0.0200
vn -0.4141 -0.8500 0.3257
vn 0.1524 -0.9765 -0.1523
vn -0.0909 -0.9917 0.0909
vn -0.3685 -0.8535 0.3684
vn 0.2375 -0.9695 -0.0615
vn -0.0200 -0.9858 0.1666
vn -0.3257 -0.8500 0.4141
vn 0.3153 -0.9484 0.0336
vn 0.0449 -0.9683 0.2459
vn -0.2866 -0.8394 0.4618
vn 0.3847 -0.9137 0.1313
vn 0.1027 -0.9393 0.3273
vn -0.2518 -0.8220 0.5109
vn 0.4443 -0.8659 0.2299
vn 0.1524 -0.8995 0.4095
vn -0.2219 -0.7980 0.5604
vn 0.4931 -0.8059 0.3277
vn 0.1931 -0.8495 0.4910
vn -0.1974 -0.7679 0.6095
vn 0.5303 -0.7347 0.4231
vn 0.2241 -0.7902 0.5705
vn -0.1787 -0.7321 0.6573
vn 0.5553 -0.6535 0.5144
vn 0.2449 -0.7225 0.6465
vn -0.1662 -0.6913 0.7032
vn 0.5676 -0.5637 0.6000
vn 0.2552 -0.6476 0.7179
vn -0.1600 -0.6462 0.7462
vn 0.5671 -0.4668 0.6786
vn 0.2547 -0.5669 0.7834
vn -0.1602 -0.5976 0.7856
vn 0.5537 -0.3645 0.7487
vn 0.2436 -0.4817 0.8418
vn -0.1670 -0.5463 0.8208
vn 0.5276 -0.2586 0.8091
vn 0.2219 -0.3934 0.8922
vn -0.1801 -0.4931 0.8511
vn 0.4894 -0.1508 0.8589
vn 0.1900 -0.3036 0.9337
vn -0.1992 -0.4390 0.8761
vn 0.4397 -0.0431 0.8971
vn 0.1485 -0.2138 0.9655
vn -0.2242 -0.3849 0.8953
vn 0.3792 0.0629 0.9232
vn 0.0982 -0.1255 0.9872
vn -0.2546 -0.3317 0.9084
vn 0.3091 0.1651 0.9366
vn 0.0397 -0.0403 0.9984
vn -0.2898 -0.2804 0.9151
vn 0.2306 0.2620 0.9371
vn -0.0257 0.0405 0.9989
vn -0.3292 -0.2318 0.9154
vn 0.1449 0.3518 0.9248
vn -0.0971 0.1153 0.9886
vn -0.3722 -0.1867 0.9092
vn 0.0536 0.4330 0.8998
vn -0.1732 0.1830 0.9677
vn -0.4180 -0.1459 0.8966
vn -0.0418 0.5042 0.8626
vn -0.2527 0.2423 0.9367
vn -0.4659 -0.1102 0.8779
vn -0.1396 0.5642 0.8137
vn -0.3342 0.2923 0.8960
vn -0.5150 -0.0801 0.8534
vn -0.2382 0.6120 0.7542
vn -0.4164 0.3321 0.8464
vn -0.5645 -0.0561 0.8235
vn -0.3359 0.6467 0.6848
vn -0.4978 0.3611 0.7886
vn -0.6135 -0.0387 0.7887
vn -0.4310 0.6678 0.6069
vn -0.5770 0.3786 0.7237
vn -0.6613 -0.0281 0.7496
vn -0.5218 0.6748 0.5218
vn -0.6527 0.3845 0.6527
vn -0.7069 -0.0245 0.7069
vn -0.6069 0.6678 0.4309
vn -0.7237 0.3786 0.5770
vn -0.7496 -0.0281 0.6613
vn -0.6848 0.6467 0.3359
vn -0.7886 0.3611 0.4978
vn -0.7887 -0.0387 0.6135
vn -0.7542 0.6120 0.2382
vn -0.8464 0.3321 0.4164
vn -0.8235 -0.0561 0.5645
vn -0.8137 0.5642 0.1396
vn -0.8960 0.2923 0.3342
vn -0.8534 -0.0801 0.5150
vn -0.8626 0.5042 0.0418
vn -0.9367 0.2423 0.2527
vn -0.8779 -0.1102 0.4659
vn -0.8998 0.4330 -0.0536
vn -0.9677 0.1830 0.1732
vn -0.8966 -0.1459 0.4180
vn -0.9248 0.3518 -0.1449
vn -0.9886 0.1153 0.0971
vn -0.9092 -0.1867 0.3722
vn -0.9371 0.2620 -0.2306
vn -0.9989 0.0405 0.0257
vn -0.9154 -0.2318 0.3292
vn -0.9366 0.1651 -0.3091
vn -0.9984 -0.0403 -0.0397
vn -0.9151 -0.2804 0.2898
vn -0.9232 0.0629 -0.3792
vn -0.9872 -0.1255 -0.0982
vn -0.9084 -0.3317 0.2546
vn -0.8971 -0.0431 -0.4397
vn -0.9655 -0.2138 -0.1485
vn -0.8953 -0.3849 0.2242
vn -0.8761 -0.4390 0.1993
vn -0.7834 -0.5669 -0.2547
vn -0.6651 -0.5533 0.5015
vn -0.6465 -0.7225 -0.2449
vn -0.5603 -0.7980 0.2219
vn -0.5109 -0.8220 0.2518
vn 0.0614 -0.9695 -0.2375
vn 0.1523 -0.9765 -0.1523
vn -0.3685 -0.8535 0.3685
vn -0.2867 -0.8394 0.4618
vn -0.5368 -0.6073 0.5857
vn -0.2519 -0.8219 0.5109
vn -0.5120 -0.5873 0.6269
vn -0.1600 -0.6463 0.7462
vn -0.1603 -0.5976 0.7856
vn 0.5277 -0.2586 0.8091
vn -0.1993 -0.4390 0.8761
vn -0.2243 -0.3849 0.8953
vn 0.0398 -0.0403 0.9984
vn -0.5377 -0.4513 0.7122
vn -0.0257 0.0405 0.9988
vn -0.5869 -0.4037 0.7018
vn -0.2382 0.6120 0.7541
vn -0.4977 0.3611 0.7886
vn -0.6527 0.3845 0.6528
vn -0.6660 -0.3808 0.6414
vn -0.7541 0.6120 0.2382
vn -0.6866 -0.3887 0.6144
vn -0.9984 -0.0403 -0.0398
vn -0.7122 -0.4512 0.5377
vn -0.8971 -0.0431 -0.4396
vn 0.2592 0.0330 -0.9653
vn 0.2532 0.0664 -0.9651
vn 0.6995 0.0014 -0.7146
vn 0.7071 0.0001 -0.7071
vn -0.2579 0.0572 -0.9645
vn -0.2585 0.1137 -0.9593
vn -0.7056 0.0661 -0.7056
vn -0.7010 0.1309 -0.7010
vn -0.9645 0.0572 -0.2579
vn -0.9593 0.1137 -0.2585
vn -0.9653 0.0330 0.2591
vn -0.9651 0.0664 0.2532
vn -0.7071 0.0001 0.7071
vn -0.7146 0.0014 0.6995
vn -0.2591 -0.0325 0.9653
vn -0.2711 -0.0641 0.9604
vn 0.2580 -0.0561 0.9645
vn 0.2481 -0.1124 0.9622
vn 0.7056 -0.0646 0.7056
vn 0.7011 -0.1301 0.7011
vn 0.9645 -0.0561 0.2580
vn 0.9622 -0.1124 0.2481
vn 0.9653 -0.0325 -0.2591
vn 0.9604 -0.0641 -0.2711
vn 0.2621 0.1315 -0.9560
vn 0.6997 0.0028 -0.7144
vn -0.2430 0.2248 -0.9436
vn -0.6830 0.2588 -0.6830
vn -0.9436 0.2248 -0.2430
vn -0.9560 0.1315 0.2621
vn -0.7144 0.0028 0.6997
vn -0.2797 -0.1273 0.9516
vn 0.2327 -0.2234 0.9465
vn 0.6830 -0.2588 0.6830
vn 0.9465 -0.2234 0.2327
vn 0.9516 -0.1273 -0.2797
vn 0.2772 0.1944 -0.9409
vn 0.7000 0.0041 -0.7141
vn -0.2172 0.3324 -0.9178
vn -0.6533 0.3827 -0.6533
vn -0.9178 0.3324 -0.2172
vn -0.9409 0.1944 0.2772
vn -0.7141 0.0041 0.7000
vn -0.2944 -0.1882 0.9370
vn 0.2071 -0.3304 0.9209
vn 0.6533 -0.3827 0.6533
vn 0.9209 -0.3304 0.2071
vn 0.9370 -0.1882 -0.2944
vn 0.2980 0.2540 -0.9202
vn 0.7005 0.0054 -0.7137
vn -0.1817 0.4343 -0.8822
vn -0.8822 0.4343 -0.1817
vn -0.9202 0.2540 0.2980
vn -0.7137 0.0054 0.7005
vn -0.3145 -0.2459 0.9169
vn 0.1718 -0.4316 0.8855
vn 0.8855 -0.4316 0.1718
vn 0.9169 -0.2459 -0.3145
vn 0.3241 0.3093 -0.8941
vn 0.7010 0.0066 -0.7131
vn -0.1370 0.5288 -0.8376
vn -0.5610 0.6088 -0.5610
vn -0.8376 0.5288 -0.1370
vn -0.8941 0.3093 0.3241
vn -0.7131 0.0066 0.7010
vn -0.3398 -0.2994 0.8916
vn 0.1274 -0.5255 0.8412
vn 0.5610 -0.6088 0.5610
vn 0.8412 -0.5255 0.1274
vn 0.8916 -0.2994 -0.3398
vn 0.3551 0.3592 -0.8631
vn 0.7017 0.0076 -0.7125
vn -0.0840 0.6142 -0.7846
vn -0.5000 0.7071 -0.5000
vn -0.7846 0.6142 -0.0840
vn -0.8631 0.3592 0.3551
vn -0.7125 0.0076 0.7017
vn -0.3698 -0.3478 0.8616
vn 0.0747 -0.6104 0.7885
vn 0.5000 -0.7071 0.5000
vn 0.7885 -0.6104 0.0747
vn 0.8616 -0.3478 -0.3698
vn 0.3904 0.4030 -0.8277
vn 0.7024 0.0086 -0.7117
vn -0.0236 0.6892 -0.7242
vn -0.4305 0.7934 -0.4305
vn -0.7242 0.6892 -0.0236
vn -0.8277 0.4030 0.3904
vn -0.7117 0.0086 0.7024
vn -0.4040 -0.3902 0.8274
vn 0.0147 -0.6849 0.7285
vn 0.4305 -0.7934 0.4305
vn 0.7285 -0.6849 0.0147
vn 0.8274 -0.3902 -0.4040
vn 0.4295 0.4399 -0.7887
vn 0.7033 0.0093 -0.7109
vn 0.0432 0.7523 -0.6574
vn -0.6574 0.7523 0.0432
vn -0.7887 0.4399 0.4295
vn -0.7109 0.0093 0.7033
vn -0.4418 -0.4259 0.7896
vn -0.0517 -0.7476 0.6621
vn 0.3535 -0.8660 0.3536
vn 0.6621 -0.7476 -0.0517
vn 0.7896 -0.4259 -0.4418
vn 0.4716 0.4693 -0.7465
vn 0.7041 0.0100 -0.7100
vn 0.1152 0.8025 -0.5854
vn -0.2706 0.9239 -0.2706
vn -0.5854 0.8025 0.1152
vn -0.7465 0.4693 0.4716
vn -0.7100 0.0100 0.7041
vn -0.4826 -0.4544 0.7488
vn -0.1233 -0.7976 0.5905
vn 0.2706 -0.9239 0.2706
vn 0.5905 -0.7976 -0.1233
vn 0.7488 -0.4544 -0.4826
vn 0.5161 0.4907 -0.7020
vn 0.7051 0.0104 -0.7090
vn 0.1913 0.8391 -0.5093
vn -0.1830 0.9659 -0.1830
vn -0.5093 0.8391 0.1913
vn -0.7020 0.4907 0.5161
vn -0.7090 0.0104 0.7051
vn -0.5257 -0.4751 0.7057
vn -0.1989 -0.8339 0.5149
vn 0.1830 -0.9659 0.1830
vn 0.5149 -0.8339 -0.1989
vn 0.7057 -0.4751 -0.5257
vn 0.5622 0.5037 -0.6560
vn 0.7061 0.0107 -0.7081
vn 0.2701 0.8612 -0.4305
vn -0.0923 0.9914 -0.0923
vn -0.4305 0.8612 0.2701
vn -0.6560 0.5037 0.5622
vn -0.7081 0.0107 0.7061
vn -0.5703 -0.4876 0.6611
vn -0.2772 -0.8559 0.4366
vn 0.0923 -0.9914 0.0923
vn 0.4366 -0.8559 -0.2772
vn 0.6611 -0.4876 -0.5703
vn 0.6091 0.5080 -0.6091
vn 0.7071 0.0108 -0.7071
vn 0.3503 0.8687 -0.3503
vn -0.3503 0.8687 0.3503
vn -0.6091 0.5080 0.6091
vn -0.7071 0.0108 0.7071
vn -0.6157 -0.4918 0.6157
vn -0.3569 -0.8633 0.3569
vn 0.3569 -0.8633 -0.3569
vn 0.6157 -0.4918 -0.6157
vn 0.6560 0.5037 -0.5622
vn 0.7081 0.0107 -0.7061
vn 0.4305 0.8612 -0.2701
vn 0.0923 0.9914 0.0923
vn -0.2701 0.8612 0.4305
vn -0.5622 0.5037 0.6560
vn -0.7061 0.0107 0.7081
vn -0.6611 -0.4876 0.5703
vn -0.4366 -0.8559 0.2772
vn -0.0923 -0.9914 -0.0923
vn 0.2772 -0.8559 -0.4366
vn 0.5703 -0.4876 -0.6611
vn 0.7020 0.4907 -0.5161
vn 0.7090 0.0104 -0.7051
vn 0.5093 0.8391 -0.1913
vn 0.1830 0.9659 0.1830
vn -0.1913 0.8391 0.5093
vn -0.5161 0.4907 0.7020
vn -0.7051 0.0104 0.7090
vn -0.7057 -0.4751 0.5257
vn -0.5149 -0.8339 0.1989
vn -0.1830 -0.9659 -0.1830
vn 0.1989 -0.8339 -0.5149
vn 0.5257 -0.4751 -0.7057
vn 0.7465 0.4693 -0.4716
vn 0.7100 0.0100 -0.7041
vn 0.5854 0.8025 -0.1152
vn 0.2706 0.9239 0.2706
vn -0.1152 0.8025 0.5854
vn -0.4716 0.4693 0.7465
vn -0.7041 0.0100 0.7100
vn -0.7488 -0.4544 0.4826
vn -0.5905 -0.7976 0.1233
vn -0.2706 -0.9239 -0.2706
vn 0.1233 -0.7976 -0.5905
vn 0.4826 -0.4544 -0.7488
vn 0.7887 0.4399 -0.4295
vn 0.7109 0.0093 -0.7033
vn 0.6574 0.7523 -0.0432
vn -0.0432 0.7523 0.6574
vn -0.4295 0.4399 0.7887
vn -0.7033 0.0093 0.7109
vn -0.7896 -0.4259 0.4418
vn -0.6621 -0.7476 0.0517
vn 0.0517 -0.7476 -0.6621
vn 0.4418 -0.4259 -0.7896
vn 0.8277 0.4030 -0.3904
vn 0.7117 0.0086 -0.7024
vn 0.7242 0.6892 0.0236
vn 0.4305 0.7934 0.4305
vn 0.0236 0.6892 0.7242
vn -0.3904 0.4030 0.8277
vn -0.7024 0.0086 0.7117
vn -0.8274 -0.3902 0.4040
vn -0.7285 -0.6849 -0.0147
vn -0.4305 -0.7934 -0.4305
vn -0.0147 -0.6849 -0.7285
vn 0.4040 -0.3902 -0.8274
vn 0.8631 0.3592 -0.3551
vn 0.7125 0.0076 -0.7017
vn 0.7846 0.6142 0.0840
vn 0.5000 0.7071 0.5000
vn 0.0840 0.6142 0.7846
vn -0.3551 0.3592 0.8631
vn -0.7017 0.0076 0.7125
vn -0.8616 -0.3478 0.3698
vn -0.7885 -0.6104 -0.0747
vn -0.5000 -0.7071 -0.5000
vn -0.0747 -0.6104 -0.7885
vn 0.3698 -0.3478 -0.8616
vn 0.8941 0.3093 -0.3241
vn 0.7131 0.0066 -0.7010
vn 0.8376 0.5288 0.1370
vn 0.5610 0.6088 0.5610
vn 0.1370 0.5288 0.8376
vn -0.3241 0.3093 0.8941
vn -0.7010 0.0066 0.7131
vn -0.8916 -0.2994 0.3398
vn -0.8412 -0.5255 -0.1274
vn -0.5610 -0.6088 -0.5610
vn -0.1274 -0.5255 -0.8412
vn 0.3398 -0.2994 -0.8916
vn 0.9202 0.2540 -0.2980
vn 0.7137 0.0054 -0.7005
vn 0.8822 0.4343 0.1817
vn 0.1817 0.4343 0.8822
vn -0.2980 0.2540 0.9202
vn -0.7005 0.0054 0.7137
vn -0.9169 -0.2459 0.3145
vn -0.8855 -0.4316 -0.1718
vn -0.1718 -0.4316 -0.8855
vn 0.3145 -0.2459 -0.9169
vn 0.9409 0.1944 -0.2772
vn 0.7141 0.0041 -0.7000
vn 0.9178 0.3324 0.2172
vn 0.6533 0.3827 0.6533
vn 0.2172 0.3324 0.9178
vn -0.2772 0.1944 0.9409
vn -0.7000 0.0041 0.7141
vn -0.9370 -0.1882 0.2944
vn -0.9209 -0.3304 -0.2071
vn -0.6533 -0.3827 -0.6533
vn -0.2071 -0.3304 -0.9209
vn 0.2944 -0.1882 -0.9370
vn 0.9560 0.1315 -0.2621
vn 0.7144 0.0028 -0.6997
vn 0.9436 0.2248 0.2430
vn 0.6830 0.2588 0.6830
vn 0.2430 0.2248 0.9436
vn -0.2621 0.1315 0.9560
vn -0.6997 0.0028 0.7144
vn -0.9516 -0.1273 0.2797
vn -0.9465 -0.2234 -0.2327
vn -0.6830 -0.2588 -0.6830
vn -0.2327 -0.2234 -0.9465
vn 0.2797 -0.1273 -0.9516
vn 0.9651 0.0664 -0.2532
vn 0.7146 0.0014 -0.6995
vn 0.9593 0.1137 0.2585
vn 0.7010 0.1309 0.7010
vn 0.2585 0.1137 0.9593
vn -0.2532 0.0664 0.9651
vn -0.6995 0.0014 0.7146
vn -0.9604 -0.0641 0.2711
vn -0.9622 -0.1124 -0.2481
vn -0.7011 -0.1301 -0.7011
vn -0.2481 -0.1124 -0.9622
vn 0.2711 -0.0641 -0.9604
vn 0.9653 0.0330 -0.2591
vn 0.9645 0.0572 0.2579
vn 0.7056 0.0661 0.7056
vn 0.2579 0.0572 0.9645
vn -0.2592 0.0330 0.9653
vn -0.9653 -0.0325 0.2591
vn -0.9645 -0.0561 -0.2580
vn -0.7056 -0.0646 -0.7056
vn -0.2580 -0.0561 -0.9645
vn 0.2591 -0.0325 -0.9653
vn 0.6533 0.3827 -0.6533
vn 0.5000 0.7071 -0.5000
vn 0.2706 0.9239 -0.2706
vn -0.2706 0.9239 0.2706
vn -0.5000 0.7071 0.5000
vn -0.6533 0.3827 0.6533
vn -0.6533 -0.3827 0.6533
vn -0.5000 -0.7071 0.5000
vn -0.2706 -0.9239 0.2706
vn 0.2706 -0.9239 -0.2706
vn 0.5000 -0.7071 -0.5000
vn 0.6533 -0.3827 -0.6533
vn -0.7916 0.4096 -0.4534
vn -0.6304 0.4730 -0.6155
vn -0.7281 -0.0151 -0.6853
vn -0.7307 -0.0159 -0.6825
vn -0.7798 0.1470 -0.6085
vn -0.8910 0.2931 -0.3468
vn -0.9245 -0.0077 -0.3812
vn -0.7305 -0.0168 -0.6827
vn -0.8920 -0.1656 -0.4207
vn -0.7302 -0.0176 -0.6830
vn -0.8212 -0.3015 -0.4844
vn -0.6180 -0.4837 -0.6197
vn -0.8272 -0.3665 -0.4258
vn -0.6540 -0.4477 -0.6098
vn 0.2543 -0.8776 -0.4064
vn 0.4064 -0.8776 -0.2543
vn 0.3263 -0.9360 -0.1318
vn 0.1318 -0.9360 -0.3263
vn -0.1716 -0.7275 -0.6643
vn -0.4939 -0.4380 -0.7512
vn 0.0816 -0.4946 -0.8653
vn -0.3609 -0.2941 -0.8850
vn 0.1851 -0.0733 -0.9800
vn -0.3001 -0.0501 -0.9526
vn 0.1244 0.3675 -0.9217
vn -0.3354 0.2052 -0.9195
vn -0.0869 0.7008 -0.7080
vn -0.4575 0.3980 -0.7951
vn -0.3846 0.8324 -0.3990
vn -0.6792 0.7170 -0.1568
vn -0.1851 0.0733 0.9800
vn -0.1244 -0.3675 0.9217
vn 0.3354 -0.2052 0.9195
vn 0.3001 0.0501 0.9526
vn 0.6643 -0.7275 0.1716
vn 0.8653 -0.4946 -0.0816
vn 0.8850 -0.2941 0.3609
vn 0.7512 -0.4380 0.4939
vn -0.7722 0.0807 0.6303
vn -0.6303 0.0807 0.7722
vn -0.5018 0.5807 0.6411
vn -0.6411 0.5807 0.5018
vn -0.9800 0.0733 0.1851
vn -0.8653 0.4946 0.0816
vn -0.8850 0.2941 -0.3609
vn -0.9526 0.0501 -0.3001
vn -0.9217 -0.3675 0.1244
vn -0.9195 -0.2052 -0.3354
vn -0.7080 -0.7008 -0.0869
vn -0.7951 -0.3980 -0.4575
vn -0.3990 -0.8324 -0.3846
vn -0.6155 -0.4730 -0.6304
vn -0.1568 -0.7171 -0.6791
vn -0.4534 -0.4096 -0.7916
vn -0.3467 -0.2931 -0.8910
vn -0.3663 -0.2455 -0.8975
vn 0.6197 -0.4837 0.6180
vn 0.6098 -0.4477 0.6540
vn 0.6827 -0.0168 0.7305
vn 0.6830 -0.0176 0.7302
vn 0.4844 -0.3015 0.8212
vn 0.4207 -0.1656 0.8920
vn 0.6825 -0.0159 0.7307
vn 0.3812 -0.0077 0.9245
vn 0.3468 0.2931 0.8910
vn 0.2988 -0.0048 0.9543
vn 0.3663 0.2455 0.8975
vn -0.6643 0.7275 -0.1716
vn -0.6197 0.4838 -0.6180
vn -0.6098 0.4477 -0.6540
vn -0.7512 0.4380 -0.4939
vn 0.4864 -0.8236 -0.2919
vn 0.2919 -0.8236 -0.4864
vn 0.2010 -0.8532 -0.4814
vn 0.4814 -0.8532 -0.2010
vn -0.0518 0.9948 -0.0876
vn 0.0876 0.9948 0.0518
vn 0.4490 0.8391 -0.3071
vn 0.3071 0.8391 -0.4490
vn -0.4813 0.8532 0.2010
vn -0.2010 0.8532 0.4813
vn -0.2919 0.8236 0.4864
vn -0.4864 0.8236 0.2919
vn -0.8975 0.2455 -0.3663
vn -0.9543 -0.0048 -0.2988
vn 0.4534 0.4096 0.7916
vn 0.6853 -0.0151 0.7281
vn -0.6853 0.0151 -0.7281
vn 0.4939 0.4380 0.7512
vn 0.3609 0.2941 0.8850
vn 0.7281 0.0150 0.6853
vn 0.1638 -0.8764 -0.4528
vn 0.4528 -0.8764 -0.1638
vn 0.6085 0.1470 0.7798
vn -0.6630 -0.1852 -0.7253
vn -0.4490 -0.8391 0.3071
vn -0.3071 -0.8391 0.4490
vn -0.5589 -0.4427 0.7012
vn -0.7012 -0.4427 0.5588
vn 0.1716 0.7275 0.6643
vn -0.0816 0.4946 0.8653
vn 0.7080 0.7008 0.0869
vn 0.3990 0.8324 0.3846
vn 0.6155 0.4730 0.6304
vn 0.7951 0.3980 0.4575
vn 0.9245 0.0077 0.3812
vn 0.8910 -0.2931 0.3467
vn 0.7799 -0.1470 0.6084
vn 0.7309 0.0160 0.6823
vn 0.8212 0.3015 0.4844
vn 0.6181 0.4837 0.6197
vn 0.6540 0.4477 0.6098
vn 0.8272 0.3665 0.4258
vn 0.4152 -0.8997 -0.1348
vn 0.1348 -0.8997 -0.4152
vn -0.3711 0.9024 0.2189
vn -0.2189 0.9024 0.3710
vn -0.4844 0.3015 -0.8212
vn -0.7253 0.1853 -0.6631
vn -0.6830 0.0177 -0.7302
vn 0.4258 -0.3665 0.8272
vn 0.0869 -0.7008 0.7080
vn 0.4575 -0.3980 0.7951
vn 0.6303 -0.0807 -0.7722
vn 0.7722 -0.0807 -0.6303
vn 0.6411 -0.5807 -0.5018
vn 0.5018 -0.5807 -0.6411
vn -0.0876 -0.9948 -0.0518
vn 0.0518 -0.9948 0.0876
vn 0.7253 -0.1852 0.6630
vn 0.1568 0.7170 0.6792
vn 0.7302 0.0177 0.6830
vn 0.6631 0.1853 0.7252
vn -0.9274 -0.2194 -0.3029
vn -0.4207 0.1656 -0.8920
vn -0.3812 0.0077 -0.9245
vn -0.2988 0.0048 -0.9543
vn -0.3029 0.2194 -0.9274
vn 0.9800 -0.0733 -0.1851
vn 0.9526 -0.0501 0.3001
vn 0.3846 -0.8324 0.3990
vn 0.6304 -0.4730 0.6155
vn 0.5589 0.4427 -0.7012
vn 0.7012 0.4427 -0.5589
vn 0.2189 -0.9024 -0.3711
vn 0.3710 -0.9024 -0.2189
vn 0.3029 -0.2194 0.9274
vn -0.2543 0.8776 0.4065
vn -0.4064 0.8776 0.2543
vn 0.8920 0.1656 0.4207
vn 0.9274 0.2194 0.3029
vn 0.9543 0.0048 0.2988
vn -0.4258 0.3665 -0.8272
vn 0.9217 0.3675 -0.1244
vn 0.9195 0.2052 0.3354
vn 0.6791 -0.7171 0.1568
vn 0.7916 -0.4096 0.4534
vn -0.3263 0.9360 0.1318
vn -0.1318 0.9360 0.3264
vn -0.1348 0.8997 0.4151
vn -0.4151 0.8997 0.1348
vn 0.8975 -0.2455 0.3663
vn -0.7524 0.1626 -0.6383
vn -0.7073 0.0009 -0.7069
vn -0.1637 0.8765 0.4527
vn -0.4527 0.8765 0.1637
vn 0.7069 0.0009 0.7073
vn 0.6383 0.1626 0.7524
vn 0.7306 0.0169 0.6826
vn 0.7072 0.0001 0.7070
vn 0.7075 -0.0008 0.7067
vn -0.6826 0.0169 -0.7306
vn -0.7070 0.0001 -0.7072
vn -0.7067 -0.0008 -0.7075
vn -0.6824 0.0160 -0.7309
vn 0.7526 -0.1624 0.6381
vn -0.6084 -0.1470 -0.7799
vn -0.6381 -0.1625 -0.7526
vn -0.2946 -0.6177 -0.7292
vn -0.2485 -0.6002 -0.7603
vn -0.5525 0.8334 0.0125
vn -0.7115 0.7026 -0.0055
vn -0.0125 0.8334 0.5525
vn 0.0055 0.7026 0.7116
vn -0.1758 -0.8223 -0.5413
vn -0.3206 -0.6507 -0.6883
vn 0.5413 -0.8223 0.1758
vn 0.6883 -0.6507 0.3206
vn 0.0291 -0.8218 -0.5690
vn 0.5690 -0.8218 -0.0291
vn 0.3026 -0.5538 -0.7757
vn 0.7757 -0.5538 -0.3026
vn 0.4222 -0.0789 -0.9031
vn 0.9031 -0.0789 -0.4222
vn 0.3540 0.4183 -0.8365
vn 0.8365 0.4183 -0.3540
vn 0.1153 0.7945 -0.5962
vn 0.5962 0.7945 -0.1153
vn -0.2230 0.9422 -0.2501
vn 0.2501 0.9422 0.2230
vn -0.5690 0.8218 0.0291
vn -0.7757 0.5538 0.3026
vn -0.0291 0.8218 0.5690
vn -0.3026 0.5538 0.7757
vn -0.9031 0.0789 0.4222
vn -0.4222 0.0789 0.9031
vn -0.8365 -0.4183 0.3540
vn -0.3540 -0.4183 0.8365
vn -0.5962 -0.7945 0.1153
vn -0.1153 -0.7945 0.5962
vn -0.2501 -0.9422 -0.2230
vn 0.2230 -0.9422 0.2501
vn 0.0125 -0.8334 -0.5525
vn 0.5525 -0.8334 -0.0125
vn -0.0055 -0.7026 -0.7116
vn 0.7115 -0.7026 0.0055
vn 0.1758 0.8223 0.5412
vn 0.3206 0.6508 0.6883
vn -0.5412 0.8223 -0.1758
vn -0.7602 0.6002 -0.2486
vn 0.7292 -0.6177 0.2946
vn 0.7603 -0.6002 0.2485
vn 0.2947 0.6178 0.7290
vn 0.2486 0.6002 0.7602
vn -0.7290 0.6178 -0.2947
vn -0.6882 0.6508 -0.3206
vn -0.0000 0.5000 0.8660
vn -0.0000 0.8660 0.5000
vn -0.0000 0.8660 -0.5000
vn -0.0000 0.5000 -0.8660
vn -0.0000 -0.5000 -0.8660
vn -0.0000 -0.8660 -0.5000
vn -0.0000 -0.8660 0.5000
vn -0.0000 -0.5000 0.8660
vn -0.8660 0.5000 -0.0000
vn 0.1946 0.0367 0.9802
vn 0.0653 0.1130 0.9914
vn 0.1301 -0.0751 0.9887
vn 0.8660 -0.5000 -0.0000
vn 0.8200 -0.5122 0.2555
vn 0.8034 -0.5409 0.2489
vn 0.7875 -0.5685 0.2381
vn 0.7723 -0.5947 0.2232
vn 0.7583 -0.6190 0.2044
vn 0.7457 -0.6409 0.1822
vn 0.7346 -0.6602 0.1569
vn 0.7252 -0.6764 0.1288
vn 0.7177 -0.6893 0.0986
vn 0.7123 -0.6987 0.0667
vn 0.7090 -0.7044 0.0336
vn 0.7079 -0.7063 -0.0000
vn 0.7090 -0.7044 -0.0336
vn 0.7123 -0.6987 -0.0667
vn 0.7177 -0.6893 -0.0986
vn 0.7252 -0.6764 -0.1288
vn 0.7346 -0.6602 -0.1569
vn 0.7457 -0.6409 -0.1822
vn 0.7583 -0.6190 -0.2044
vn 0.7723 -0.5947 -0.2232
vn 0.7875 -0.5685 -0.2381
vn 0.8034 -0.5409 -0.2489
vn 0.8200 -0.5122 -0.2555
vn 0.8368 -0.4831 -0.2577
vn 0.8536 -0.4540 -0.2555
vn 0.8701 -0.4254 -0.2489
vn 0.8861 -0.3977 -0.2381
vn 0.9012 -0.3715 -0.2232
vn 0.9152 -0.3473 -0.2044
vn 0.9279 -0.3253 -0.1822
vn 0.9390 -0.3061 -0.1569
vn 0.9484 -0.2898 -0.1288
vn 0.9558 -0.2769 -0.0986
vn 0.9612 -0.2675 -0.0667
vn 0.9645 -0.2619 -0.0336
vn 0.9656 -0.2599 -0.0000
vn 0.9645 -0.2619 0.0336
vn 0.9612 -0.2675 0.0667
vn 0.9558 -0.2769 0.0986
vn 0.9484 -0.2898 0.1288
vn 0.9390 -0.3061 0.1569
vn 0.9279 -0.3253 0.1822
vn 0.9152 -0.3473 0.2044
vn 0.9012 -0.3715 0.2232
vn 0.8861 -0.3977 0.2381
vn 0.8701 -0.4254 0.2489
vn 0.8583 -0.4955 0.1336
vn 0.8495 -0.5106 0.1324
vn 0.8536 -0.4540 0.2555
vn 0.8368 -0.4831 0.2577
vn 0.4619 0.8001 -0.3827
vn 0.4830 0.8365 -0.2588
vn -0.0653 -0.1130 0.9914
vn 0.0655 -0.1869 0.9802
vn 0.0021 -0.2967 0.9550
vn -0.1294 -0.2241 0.9659
vn -0.1913 -0.3314 0.9239
vn -0.0591 -0.4028 0.9134
vn -0.2500 -0.4330 0.8660
vn -0.1171 -0.5032 0.8562
vn -0.3044 -0.5272 0.7934
vn -0.1709 -0.5963 0.7844
vn -0.3536 -0.6124 0.7071
vn -0.2195 -0.6805 0.6991
vn -0.3967 -0.6871 0.6088
vn -0.2621 -0.7544 0.6019
vn -0.4330 -0.7500 0.5000
vn -0.2980 -0.8166 0.4943
vn -0.4619 -0.8001 0.3827
vn -0.3266 -0.8661 0.3783
vn -0.4830 -0.8365 0.2588
vn -0.3474 -0.9021 0.2559
vn -0.4957 -0.8586 0.1305
vn -0.3600 -0.9240 0.1290
vn -0.5000 -0.8660 -0.0000
vn -0.3643 -0.9313 -0.0000
vn -0.4957 -0.8586 -0.1305
vn -0.3600 -0.9240 -0.1290
vn -0.4830 -0.8365 -0.2588
vn -0.3474 -0.9021 -0.2559
vn -0.4619 -0.8001 -0.3827
vn -0.3266 -0.8661 -0.3783
vn -0.4330 -0.7500 -0.5000
vn -0.2980 -0.8166 -0.4943
vn -0.3967 -0.6871 -0.6088
vn -0.2621 -0.7544 -0.6019
vn -0.3536 -0.6124 -0.7071
vn -0.2195 -0.6805 -0.6991
vn -0.3044 -0.5272 -0.7934
vn -0.1709 -0.5963 -0.7844
vn -0.2500 -0.4330 -0.8660
vn -0.1171 -0.5032 -0.8562
vn -0.1913 -0.3314 -0.9239
vn -0.0591 -0.4027 -0.9134
vn -0.1294 -0.2241 -0.9659
vn 0.0021 -0.2967 -0.9550
vn -0.0653 -0.1130 -0.9914
vn 0.0655 -0.1869 -0.9802
vn 0.1301 -0.0751 -0.9887
vn 0.0653 0.1130 -0.9914
vn 0.1946 0.0367 -0.9802
vn 0.1294 0.2241 -0.9659
vn 0.2580 0.1465 -0.9550
vn 0.1913 0.3314 -0.9239
vn 0.3192 0.2526 -0.9134
vn 0.2500 0.4330 -0.8660
vn 0.3772 0.3530 -0.8562
vn 0.3044 0.5272 -0.7934
vn 0.4310 0.4461 -0.7844
vn 0.3536 0.6124 -0.7071
vn 0.4796 0.5303 -0.6991
vn 0.3967 0.6871 -0.6088
vn 0.5222 0.6042 -0.6019
vn 0.4330 0.7500 -0.5000
vn 0.5582 0.6664 -0.4943
vn 0.5868 0.7159 -0.3783
vn 0.6075 0.7519 -0.2559
vn 0.4957 0.8586 -0.1305
vn 0.6202 0.7738 -0.1290
vn 0.5000 0.8660 -0.0000
vn 0.6244 0.7811 -0.0000
vn 0.4957 0.8586 0.1305
vn 0.6202 0.7738 0.1290
vn 0.4830 0.8365 0.2588
vn 0.6076 0.7519 0.2559
vn 0.4619 0.8001 0.3827
vn 0.5868 0.7159 0.3783
vn 0.4330 0.7500 0.5000
vn 0.5582 0.6664 0.4943
vn 0.3967 0.6871 0.6088
vn 0.5222 0.6042 0.6019
vn 0.3536 0.6124 0.7071
vn 0.4796 0.5303 0.6991
vn 0.3044 0.5272 0.7934
vn 0.4310 0.4461 0.7844
vn 0.2500 0.4330 0.8660
vn 0.3772 0.3530 0.8562
vn 0.1913 0.3314 0.9239
vn 0.3192 0.2526 0.9134
vn 0.1294 0.2241 0.9659
vn 0.2580 0.1465 0.9550
vn 0.3535 0.6124 0.7071
vn 0.3535 0.6124 -0.7071
vn 0.5360 -0.8354 -0.1220
vn 0.5459 -0.8182 -0.1804
vn 0.6906 -0.7144 -0.1132
vn 0.6843 -0.7251 -0.0766
vn 0.9250 -0.3799 -0.0000
vn 0.9245 -0.3808 0.0174
vn 0.9507 -0.1170 0.2870
vn 0.9304 -0.1522 0.3334
vn 0.9319 -0.2964 0.2092
vn 0.9446 -0.2743 0.1801
vn 0.7945 -0.3876 0.4675
vn 0.7637 -0.4409 0.4715
vn 0.8272 -0.4776 0.2959
vn 0.8466 -0.4442 0.2934
vn 0.8816 -0.2367 -0.4084
vn 0.9072 -0.1923 -0.3741
vn 0.9173 -0.3216 -0.2348
vn 0.9012 -0.3495 -0.2563
vn 0.5595 -0.7946 -0.2358
vn 0.6991 -0.6995 -0.1480
vn 0.9072 -0.1923 0.3741
vn 0.9173 -0.3216 0.2348
vn 0.7027 -0.5466 0.4555
vn 0.6735 -0.5972 0.4356
vn 0.7706 -0.5757 0.2734
vn 0.7889 -0.5439 0.2858
vn 0.9304 -0.1522 -0.3334
vn 0.9319 -0.2964 -0.2092
vn 0.5767 -0.7649 -0.2870
vn 0.7099 -0.6809 -0.1801
vn 0.8816 -0.2368 0.4083
vn 0.9012 -0.3495 0.2563
vn 0.6458 -0.6451 0.4083
vn 0.7533 -0.6057 0.2563
vn 0.9508 -0.1170 -0.2870
vn 0.9446 -0.2743 -0.1801
vn 0.5970 -0.7297 -0.3334
vn 0.7226 -0.6588 -0.2092
vn 0.8539 -0.2847 0.4356
vn 0.8839 -0.3795 0.2734
vn 0.6202 -0.6895 0.3741
vn 0.7372 -0.6336 0.2348
vn 0.9679 -0.0873 -0.2358
vn 0.9554 -0.2557 -0.1480
vn 0.6202 -0.6895 -0.3741
vn 0.7372 -0.6336 -0.2348
vn 0.8247 -0.3352 0.4555
vn 0.8655 -0.4113 0.2858
vn 0.5970 -0.7297 0.3334
vn 0.7226 -0.6588 0.2092
vn 0.9815 -0.0637 -0.1804
vn 0.9639 -0.2409 -0.1132
vn 0.6458 -0.6451 -0.4084
vn 0.7533 -0.6057 -0.2563
vn 0.5767 -0.7649 0.2871
vn 0.7099 -0.6809 0.1801
vn 0.9914 -0.0465 -0.1220
vn 0.9702 -0.2301 -0.0766
vn 0.6735 -0.5972 -0.4356
vn 0.7706 -0.5757 -0.2734
vn 0.5595 -0.7946 0.2358
vn 0.6991 -0.6995 0.1480
vn 0.9975 -0.0361 -0.0615
vn 0.9739 -0.2235 -0.0386
vn 0.7027 -0.5466 -0.4555
vn 0.7889 -0.5439 -0.2858
vn 0.0163 -0.1595 0.9871
vn 0.0813 -0.0469 0.9956
vn 0.5459 -0.8182 0.1804
vn 0.6906 -0.7144 0.1132
vn 0.9995 -0.0326 -0.0000
vn 0.9752 -0.2213 -0.0000
vn 0.7329 -0.4942 -0.4675
vn 0.8079 -0.5111 -0.2934
vn 0.5360 -0.8354 0.1220
vn 0.6843 -0.7251 0.0766
vn 0.9975 -0.0361 0.0615
vn 0.9739 -0.2235 0.0386
vn 0.7637 -0.4409 -0.4715
vn 0.8272 -0.4776 -0.2959
vn 0.5300 -0.8458 0.0615
vn 0.6806 -0.7317 0.0386
vn 0.9914 -0.0465 0.1220
vn 0.9702 -0.2301 0.0766
vn 0.7945 -0.3876 -0.4675
vn 0.8466 -0.4442 -0.2934
vn 0.5279 -0.8493 -0.0000
vn 0.6793 -0.7339 -0.0000
vn 0.9815 -0.0637 0.1804
vn 0.9639 -0.2409 0.1132
vn 0.8247 -0.3352 -0.4555
vn 0.8655 -0.4113 -0.2858
vn 0.5300 -0.8458 -0.0615
vn 0.6806 -0.7317 -0.0386
vn 0.9679 -0.0873 0.2358
vn 0.9554 -0.2557 0.1480
vn 0.8539 -0.2847 -0.4356
vn 0.8839 -0.3795 -0.2734
vn 0.8079 -0.5111 0.2934
vn 0.8484 -0.5109 0.1387
vn 0.8575 -0.4951 0.1399
vn 0.8394 -0.5264 0.1351
vn 0.8307 -0.5414 0.1292
vn 0.8225 -0.5557 0.1211
vn 0.8149 -0.5688 0.1110
vn 0.8081 -0.5807 0.0989
vn 0.8020 -0.5912 0.0852
vn 0.7969 -0.6000 0.0699
vn 0.7929 -0.6070 0.0535
vn 0.7899 -0.6121 0.0362
vn 0.7882 -0.6152 0.0183
vn 0.7876 -0.6162 -0.0000
vn 0.7882 -0.6152 -0.0183
vn 0.7899 -0.6121 -0.0362
vn 0.7929 -0.6070 -0.0535
vn 0.7969 -0.6000 -0.0699
vn 0.8020 -0.5912 -0.0852
vn 0.8081 -0.5807 -0.0989
vn 0.8149 -0.5688 -0.1110
vn 0.8225 -0.5557 -0.1211
vn 0.8307 -0.5414 -0.1292
vn 0.8394 -0.5264 -0.1351
vn 0.8484 -0.5109 -0.1387
vn 0.8575 -0.4951 -0.1399
vn 0.8666 -0.4793 -0.1387
vn 0.8756 -0.4637 -0.1351
vn 0.8843 -0.4487 -0.1292
vn 0.8925 -0.4345 -0.1211
vn 0.9001 -0.4213 -0.1110
vn 0.9070 -0.4094 -0.0989
vn 0.9130 -0.3990 -0.0852
vn 0.9181 -0.3902 -0.0699
vn 0.9221 -0.3832 -0.0535
vn 0.9251 -0.3781 -0.0362
vn 0.9269 -0.3750 -0.0183
vn 0.9275 -0.3739 -0.0000
vn 0.9269 -0.3750 0.0183
vn 0.9251 -0.3781 0.0362
vn 0.9221 -0.3832 0.0535
vn 0.9181 -0.3902 0.0699
vn 0.9130 -0.3990 0.0852
vn 0.9070 -0.4094 0.0989
vn 0.9001 -0.4213 0.1110
vn 0.8925 -0.4345 0.1211
vn 0.8843 -0.4487 0.1292
vn 0.8756 -0.4637 0.1351
vn 0.8666 -0.4793 0.1387
vn 0.7329 -0.4942 0.4675
vn 0.1462 0.0656 0.9871
vn 0.2101 0.1762 0.9617
vn 0.2718 0.2830 0.9198
vn 0.3302 0.3842 0.8622
vn 0.3843 0.4780 0.7899
vn 0.4333 0.5628 0.7040
vn 0.4762 0.6371 0.6061
vn 0.5124 0.6998 0.4978
vn 0.5412 0.7497 0.3810
vn 0.5621 0.7859 0.2577
vn 0.5748 0.8079 0.1300
vn 0.5790 0.8153 -0.0000
vn 0.5748 0.8079 -0.1300
vn 0.5621 0.7859 -0.2577
vn 0.5412 0.7497 -0.3810
vn 0.5124 0.6998 -0.4978
vn 0.4762 0.6371 -0.6061
vn 0.4333 0.5628 -0.7040
vn 0.3843 0.4780 -0.7899
vn 0.3302 0.3842 -0.8622
vn 0.2718 0.2830 -0.9198
vn 0.2101 0.1762 -0.9617
vn 0.1462 0.0656 -0.9871
vn 0.0813 -0.0469 -0.9956
vn 0.0163 -0.1595 -0.9871
vn -0.0476 -0.2701 -0.9617
vn -0.1092 -0.3769 -0.9198
vn -0.1676 -0.4780 -0.8622
vn -0.3044 -0.5272 -0.7933
vn -0.2218 -0.5718 -0.7899
vn -0.2707 -0.6566 -0.7040
vn -0.3137 -0.7309 -0.6061
vn -0.3499 -0.7936 -0.4978
vn -0.3786 -0.8435 -0.3810
vn -0.4829 -0.8365 -0.2588
vn -0.3996 -0.8797 -0.2577
vn -0.4123 -0.9017 -0.1300
vn -0.4165 -0.9091 -0.0000
vn -0.4123 -0.9017 0.1299
vn -0.3996 -0.8797 0.2577
vn -0.3786 -0.8435 0.3810
vn -0.3498 -0.7936 0.4978
vn -0.3137 -0.7309 0.6061
vn -0.2707 -0.6566 0.7040
vn -0.2218 -0.5718 0.7899
vn -0.1676 -0.4780 0.8622
vn -0.1092 -0.3769 0.9198
vn -0.0476 -0.2701 0.9617
vn 0.2566 -0.2884 0.9225
vn 0.3173 -0.1832 0.9305
vn 0.5736 -0.4365 0.6931
vn 0.6192 -0.3575 0.6991
vn 0.1969 -0.3917 0.8988
vn 0.5288 -0.5142 0.6753
vn 0.1392 -0.4916 0.8596
vn 0.4855 -0.5892 0.6459
vn 0.0847 -0.5861 0.8058
vn 0.4445 -0.6602 0.6054
vn 0.0340 -0.6737 0.7382
vn 0.4065 -0.7261 0.5546
vn -0.0117 -0.7530 0.6579
vn 0.3721 -0.7856 0.4943
vn -0.0518 -0.8225 0.5664
vn 0.3419 -0.8378 0.4256
vn -0.0856 -0.8810 0.4652
vn 0.3165 -0.8818 0.3495
vn -0.1125 -0.9277 0.3561
vn 0.2963 -0.9169 0.2675
vn -0.1321 -0.9615 0.2408
vn 0.2816 -0.9423 0.1809
vn -0.1440 -0.9821 0.1214
vn 0.2727 -0.9578 0.0912
vn -0.1480 -0.9890 -0.0000
vn 0.2697 -0.9629 -0.0000
vn -0.1440 -0.9821 -0.1215
vn 0.2727 -0.9578 -0.0912
vn -0.1321 -0.9615 -0.2408
vn 0.2816 -0.9423 -0.1809
vn -0.1125 -0.9277 -0.3561
vn 0.2963 -0.9169 -0.2675
vn -0.0856 -0.8810 -0.4652
vn 0.3165 -0.8818 -0.3495
vn -0.0518 -0.8225 -0.5664
vn 0.3419 -0.8378 -0.4256
vn -0.0117 -0.7530 -0.6579
vn 0.3721 -0.7856 -0.4943
vn 0.0341 -0.6737 -0.7382
vn 0.4065 -0.7261 -0.5546
vn 0.0847 -0.5861 -0.8058
vn 0.4445 -0.6602 -0.6054
vn 0.1392 -0.4916 -0.8596
vn 0.4855 -0.5892 -0.6459
vn 0.1969 -0.3917 -0.8988
vn 0.5288 -0.5142 -0.6753
vn 0.2566 -0.2884 -0.9225
vn 0.5736 -0.4365 -0.6931
vn 0.3173 -0.1832 -0.9305
vn 0.6192 -0.3575 -0.6991
vn 0.3780 -0.0780 -0.9225
vn 0.6649 -0.2785 -0.6931
vn 0.4377 0.0254 -0.8988
vn 0.7097 -0.2008 -0.6753
vn 0.4953 0.1252 -0.8596
vn 0.7530 -0.1258 -0.6459
vn 0.5499 0.2197 -0.8058
vn 0.7940 -0.0548 -0.6054
vn 0.6005 0.3074 -0.7382
vn 0.8320 0.0110 -0.5546
vn 0.6462 0.3866 -0.6579
vn 0.8664 0.0706 -0.4943
vn 0.6864 0.4561 -0.5664
vn 0.8966 0.1228 -0.4256
vn 0.7202 0.5147 -0.4652
vn 0.9220 0.1668 -0.3495
vn 0.7471 0.5613 -0.3561
vn 0.9422 0.2018 -0.2675
vn 0.7667 0.5952 -0.2408
vn 0.9569 0.2273 -0.1809
vn 0.7785 0.6157 -0.1215
vn 0.9658 0.2427 -0.0913
vn 0.7825 0.6226 -0.0000
vn 0.9688 0.2479 -0.0000
vn 0.7785 0.6157 0.1215
vn 0.9658 0.2427 0.0913
vn 0.7667 0.5952 0.2408
vn 0.9569 0.2273 0.1809
vn 0.7471 0.5613 0.3561
vn 0.9422 0.2018 0.2675
vn 0.7202 0.5147 0.4652
vn 0.9220 0.1668 0.3495
vn 0.6864 0.4561 0.5664
vn 0.8966 0.1228 0.4256
vn 0.6462 0.3866 0.6579
vn 0.8664 0.0706 0.4943
vn 0.6005 0.3074 0.7382
vn 0.8320 0.0110 0.5546
vn 0.5499 0.2197 0.8058
vn 0.7940 -0.0548 0.6054
vn 0.4953 0.1252 0.8596
vn 0.7530 -0.1258 0.6459
vn 0.4377 0.0254 0.8988
vn 0.7097 -0.2008 0.6753
vn 0.3780 -0.0780 0.9225
vn 0.6649 -0.2785 0.6931
vn 0.4915 -0.4013 0.7730
vn 0.5424 -0.3131 0.7796
vn 0.4415 -0.4879 0.7531
vn 0.3932 -0.5715 0.7203
vn 0.3474 -0.6507 0.6752
vn 0.3051 -0.7241 0.6185
vn 0.2667 -0.7905 0.5513
vn 0.2331 -0.8488 0.4746
vn 0.2048 -0.8978 0.3898
vn 0.1822 -0.9369 0.2983
vn 0.1658 -0.9653 0.2018
vn 0.1559 -0.9825 0.1018
vn 0.1525 -0.9883 -0.0000
vn 0.1559 -0.9825 -0.1018
vn 0.1658 -0.9653 -0.2018
vn 0.1822 -0.9369 -0.2983
vn 0.2048 -0.8978 -0.3898
vn 0.2331 -0.8488 -0.4746
vn 0.2667 -0.7905 -0.5513
vn 0.3051 -0.7241 -0.6185
vn 0.3474 -0.6507 -0.6752
vn 0.3932 -0.5715 -0.7203
vn 0.4415 -0.4879 -0.7531
vn 0.4915 -0.4013 -0.7730
vn 0.5424 -0.3131 -0.7796
vn 0.5932 -0.2250 -0.7729
vn 0.6432 -0.1384 -0.7531
vn 0.6915 -0.0548 -0.7203
vn 0.7373 0.0245 -0.6752
vn 0.7797 0.0979 -0.6185
vn 0.8180 0.1643 -0.5513
vn 0.8516 0.2225 -0.4746
vn 0.8799 0.2716 -0.3898
vn 0.9025 0.3106 -0.2983
vn 0.9189 0.3390 -0.2018
vn 0.9288 0.3563 -0.1018
vn 0.9322 0.3620 -0.0000
vn 0.9288 0.3563 0.1018
vn 0.9189 0.3390 0.2018
vn 0.9025 0.3106 0.2983
vn 0.8799 0.2716 0.3898
vn 0.8516 0.2225 0.4746
vn 0.8180 0.1643 0.5513
vn 0.7797 0.0979 0.6185
vn 0.7373 0.0245 0.6752
vn 0.6915 -0.0548 0.7203
vn 0.6432 -0.1384 0.7531
vn 0.5932 -0.2250 0.7729
vn -0.4300 -0.8934 0.1302
vn -0.4173 -0.8714 0.2581
vn 0.8495 -0.5106 -0.1324
vn 0.8583 -0.4955 -0.1336
vn 0.7938 -0.6073 0.0346
vn 0.7921 -0.6102 0.0174
vn 0.9228 -0.3838 0.0346
vn 0.8670 -0.4804 -0.1324
vn 0.7915 -0.6112 -0.0000
vn 0.9200 -0.3887 0.0511
vn 0.8755 -0.4656 -0.1290
vn 0.7921 -0.6102 -0.0174
vn 0.9161 -0.3954 0.0668
vn 0.8838 -0.4513 -0.1234
vn 0.7938 -0.6073 -0.0346
vn 0.9112 -0.4038 0.0813
vn 0.8917 -0.4377 -0.1157
vn 0.7966 -0.6024 -0.0511
vn 0.9055 -0.4137 0.0944
vn 0.8670 -0.4804 0.1324
vn 0.8989 -0.4251 -0.1060
vn 0.8004 -0.5957 -0.0668
vn 0.8989 -0.4251 0.1060
vn 0.8410 -0.5255 0.1290
vn 0.8327 -0.5398 0.1234
vn 0.9055 -0.4137 -0.0944
vn 0.8053 -0.5873 -0.0813
vn 0.8917 -0.4377 0.1157
vn 0.8249 -0.5534 0.1157
vn 0.9113 -0.4037 -0.0813
vn 0.8110 -0.5773 -0.0944
vn 0.8838 -0.4513 0.1234
vn 0.8176 -0.5659 0.1060
vn 0.9161 -0.3953 -0.0668
vn 0.8176 -0.5659 -0.1060
vn 0.8756 -0.4656 0.1290
vn 0.8110 -0.5773 0.0945
vn 0.9200 -0.3887 -0.0511
vn 0.8249 -0.5534 -0.1157
vn 0.8053 -0.5873 0.0813
vn 0.9228 -0.3838 -0.0346
vn 0.8327 -0.5398 -0.1234
vn -0.0007 -0.1499 0.9887
vn 0.0644 -0.0372 0.9972
vn 0.8004 -0.5957 0.0668
vn 0.9245 -0.3808 -0.0174
vn 0.8410 -0.5255 -0.1290
vn 0.7966 -0.6024 0.0511
vn 0.1294 0.0756 0.9887
vn -0.0647 -0.2607 0.9633
vn -0.1265 -0.3677 0.9213
vn -0.1850 -0.4690 0.8636
vn -0.2392 -0.5629 0.7912
vn -0.2882 -0.6478 0.7052
vn -0.3312 -0.7223 0.6071
vn -0.3675 -0.7851 0.4986
vn -0.3963 -0.8350 0.3816
vn -0.4343 -0.9008 -0.0000
vn -0.4300 -0.8934 -0.1302
vn -0.4173 -0.8714 -0.2581
vn -0.3963 -0.8350 -0.3816
vn -0.3675 -0.7851 -0.4986
vn -0.3312 -0.7223 -0.6071
vn -0.2882 -0.6478 -0.7052
vn -0.2392 -0.5629 -0.7912
vn -0.1850 -0.4690 -0.8636
vn -0.1265 -0.3677 -0.9213
vn -0.0647 -0.2607 -0.9633
vn -0.0007 -0.1499 -0.9887
vn 0.0644 -0.0372 -0.9972
vn 0.1294 0.0756 -0.9887
vn 0.1934 0.1864 -0.9633
vn 0.2552 0.2933 -0.9213
vn 0.3137 0.3947 -0.8636
vn 0.3679 0.4886 -0.7912
vn 0.4169 0.5735 -0.7052
vn 0.4599 0.6480 -0.6071
vn 0.4962 0.7108 -0.4986
vn 0.5250 0.7607 -0.3816
vn 0.5460 0.7970 -0.2581
vn 0.5587 0.8191 -0.1302
vn 0.5630 0.8265 -0.0000
vn 0.5587 0.8191 0.1302
vn 0.5460 0.7970 0.2581
vn 0.5250 0.7607 0.3816
vn 0.4962 0.7108 0.4986
vn 0.4599 0.6480 0.6071
vn 0.4169 0.5735 0.7052
vn 0.3679 0.4886 0.7912
vn 0.3137 0.3947 0.8636
vn 0.2552 0.2933 0.9213
vn 0.1934 0.1864 0.9633
vn 0.4169 0.5735 -0.7051
vn -0.1849 -0.4690 0.8636
vn 0.4600 0.6480 -0.6071
vn -0.3674 -0.7851 0.4986
vn -0.3963 -0.8351 0.3816
vn 0.1990 -0.2586 0.9453
vn 0.2613 -0.1508 0.9534
vn 0.4740 -0.3934 0.7878
vn 0.5258 -0.3036 0.7946
vn 0.7292 -0.4931 0.4745
vn 0.7604 -0.4390 0.4786
vn 0.1379 -0.3645 0.9209
vn 0.4230 -0.4817 0.7675
vn 0.6984 -0.5463 0.4623
vn 0.0788 -0.4668 0.8808
vn 0.3738 -0.5669 0.7341
vn 0.6688 -0.5976 0.4422
vn 0.0229 -0.5637 0.8257
vn 0.3272 -0.6476 0.6881
vn 0.6407 -0.6463 0.4145
vn -0.0289 -0.6535 0.7564
vn 0.2840 -0.7225 0.6304
vn 0.6147 -0.6913 0.3797
vn -0.0758 -0.7347 0.6742
vn 0.2449 -0.7902 0.5618
vn 0.5912 -0.7321 0.3384
vn -0.1169 -0.8059 0.5804
vn 0.2107 -0.8495 0.4837
vn 0.5705 -0.7678 0.2914
vn -0.1516 -0.8659 0.4767
vn 0.1818 -0.8995 0.3973
vn 0.5531 -0.7980 0.2393
vn -0.1792 -0.9137 0.3648
vn 0.1588 -0.9393 0.3041
vn 0.5393 -0.8220 0.1832
vn -0.1992 -0.9484 0.2468
vn 0.1421 -0.9683 0.2057
vn 0.5292 -0.8394 0.1239
vn -0.2114 -0.9695 0.1244
vn 0.1320 -0.9858 0.1037
vn 0.5231 -0.8500 0.0625
vn -0.2154 -0.9765 -0.0000
vn 0.1286 -0.9917 -0.0000
vn 0.5211 -0.8535 -0.0000
vn -0.2114 -0.9695 -0.1244
vn 0.1319 -0.9858 -0.1037
vn 0.5231 -0.8500 -0.0625
vn -0.1992 -0.9484 -0.2468
vn 0.1421 -0.9683 -0.2056
vn 0.5292 -0.8394 -0.1239
vn -0.1792 -0.9137 -0.3649
vn 0.1588 -0.9393 -0.3041
vn 0.5393 -0.8220 -0.1832
vn -0.1516 -0.8659 -0.4767
vn 0.1818 -0.8995 -0.3973
vn 0.5531 -0.7980 -0.2393
vn -0.1169 -0.8059 -0.5804
vn 0.2106 -0.8495 -0.4837
vn 0.5705 -0.7679 -0.2914
vn -0.0758 -0.7347 -0.6742
vn 0.2449 -0.7902 -0.5618
vn 0.5912 -0.7321 -0.3384
vn -0.0289 -0.6535 -0.7564
vn 0.2840 -0.7225 -0.6304
vn 0.6147 -0.6913 -0.3797
vn 0.0229 -0.5637 -0.8257
vn 0.3272 -0.6476 -0.6881
vn 0.6407 -0.6463 -0.4145
vn 0.0788 -0.4668 -0.8808
vn 0.3738 -0.5669 -0.7341
vn 0.6688 -0.5976 -0.4422
vn 0.1379 -0.3645 -0.9209
vn 0.4230 -0.4817 -0.7675
vn 0.6985 -0.5463 -0.4623
vn 0.1990 -0.2586 -0.9453
vn 0.4740 -0.3934 -0.7878
vn 0.7292 -0.4931 -0.4745
vn 0.2613 -0.1508 -0.9534
vn 0.5258 -0.3036 -0.7946
vn 0.7604 -0.4390 -0.4786
vn 0.3235 -0.0431 -0.9453
vn 0.5777 -0.2138 -0.7878
vn 0.7916 -0.3849 -0.4745
vn 0.3846 0.0629 -0.9209
vn 0.6287 -0.1255 -0.7675
vn 0.8223 -0.3317 -0.4623
vn 0.4437 0.1651 -0.8808
vn 0.6779 -0.0403 -0.7341
vn 0.8520 -0.2804 -0.4422
vn 0.4996 0.2620 -0.8257
vn 0.7245 0.0405 -0.6881
vn 0.8800 -0.2318 -0.4145
vn 0.5515 0.3518 -0.7564
vn 0.7677 0.1153 -0.6304
vn 0.9061 -0.1867 -0.3797
vn 0.5984 0.4330 -0.6742
vn 0.8068 0.1830 -0.5618
vn 0.9296 -0.1459 -0.3384
vn 0.6395 0.5042 -0.5804
vn 0.8410 0.2423 -0.4837
vn 0.9502 -0.1102 -0.2914
vn 0.6741 0.5642 -0.4767
vn 0.8699 0.2923 -0.3973
vn 0.9676 -0.0800 -0.2393
vn 0.7017 0.6120 -0.3649
vn 0.8929 0.3321 -0.3041
vn 0.9815 -0.0561 -0.1832
vn 0.7217 0.6467 -0.2468
vn 0.9096 0.3611 -0.2057
vn 0.9915 -0.0386 -0.1239
vn 0.7339 0.6678 -0.1244
vn 0.9197 0.3786 -0.1037
vn 0.9977 -0.0281 -0.0625
vn 0.7380 0.6748 -0.0000
vn 0.9231 0.3845 -0.0000
vn 0.9997 -0.0245 -0.0000
vn 0.7339 0.6678 0.1244
vn 0.9197 0.3786 0.1037
vn 0.9977 -0.0281 0.0625
vn 0.7217 0.6467 0.2468
vn 0.9096 0.3611 0.2056
vn 0.9915 -0.0386 0.1239
vn 0.7017 0.6120 0.3649
vn 0.8929 0.3321 0.3041
vn 0.9815 -0.0561 0.1832
vn 0.6741 0.5642 0.4767
vn 0.8699 0.2923 0.3973
vn 0.9676 -0.0801 0.2393
vn 0.6394 0.5042 0.5804
vn 0.8410 0.2423 0.4837
vn 0.9502 -0.1102 0.2913
vn 0.5983 0.4330 0.6742
vn 0.8068 0.1830 0.5618
vn 0.9296 -0.1459 0.3384
vn 0.5515 0.3518 0.7564
vn 0.7677 0.1153 0.6304
vn 0.9061 -0.1867 0.3797
vn 0.4996 0.2620 0.8257
vn 0.7245 0.0405 0.6881
vn 0.8800 -0.2318 0.4145
vn 0.4437 0.1651 0.8808
vn 0.6779 -0.0403 0.7341
vn 0.8520 -0.2804 0.4422
vn 0.3846 0.0629 0.9209
vn 0.6287 -0.1255 0.7675
vn 0.8223 -0.3317 0.4623
vn 0.3235 -0.0431 0.9453
vn 0.5777 -0.2138 0.7878
vn 0.7916 -0.3849 0.4745
vn 0.6985 -0.5463 0.4623
vn 0.6408 -0.6463 0.4145
vn 0.2106 -0.8495 0.4837
vn 0.5705 -0.7679 0.2914
vn -0.1791 -0.9137 0.3648
vn 0.5293 -0.8394 0.1239
vn 0.7938 -0.6072 0.0346
vn -0.2114 -0.9694 0.1245
vn 0.1319 -0.9858 0.1037
vn -0.2113 -0.9695 -0.1245
vn 0.1320 -0.9858 -0.1037
vn 0.5231 -0.8499 -0.0625
vn 0.5293 -0.8394 -0.1239
vn 0.7938 -0.6072 -0.0346
vn -0.1792 -0.9137 -0.3648
vn 0.5393 -0.8219 -0.1832
vn 0.5532 -0.7980 -0.2393
vn 0.5706 -0.7678 -0.2913
vn 0.8110 -0.5773 -0.0945
vn 0.8583 -0.4955 -0.1335
vn 0.6286 -0.1255 -0.7675
vn 0.9055 -0.4137 -0.0945
vn 0.9676 -0.0801 -0.2393
vn 0.9815 -0.0561 -0.1831
vn 0.9096 0.3611 -0.2056
vn 0.9915 -0.0387 -0.1239
vn 0.9245 -0.3809 -0.0174
vn 0.9915 -0.0387 0.1239
vn 0.9200 -0.3886 0.0511
vn 0.9161 -0.3953 0.0668
vn 0.9502 -0.1102 0.2914
vn 0.8801 -0.2318 0.4145
vn -0.8658 0.0330 0.4993
vn -0.8615 0.0664 0.5034
vn -0.9999 0.0014 0.0107
vn -1.0000 0.0001 -0.0000
vn -0.4996 0.0572 0.8644
vn -0.4956 0.1137 0.8611
vn -0.0000 0.0661 0.9978
vn -0.0000 0.1309 0.9914
vn 0.4996 0.0572 0.8644
vn 0.4956 0.1137 0.8611
vn 0.8658 0.0330 0.4993
vn 0.8615 0.0664 0.5034
vn 1.0000 0.0001 -0.0000
vn 0.9999 0.0014 0.0107
vn 0.8658 -0.0325 -0.4993
vn 0.8708 -0.0641 -0.4874
vn 0.4996 -0.0561 -0.8644
vn 0.5049 -0.1124 -0.8558
vn -0.0000 -0.0646 -0.9979
vn -0.0000 -0.1301 -0.9915
vn -0.4996 -0.0561 -0.8644
vn -0.5049 -0.1124 -0.8558
vn -0.8658 -0.0325 -0.4993
vn -0.8708 -0.0641 -0.4874
vn -0.8614 0.1315 0.4907
vn -0.9999 0.0028 0.0104
vn -0.4954 0.2248 0.8391
vn -0.0000 0.2588 0.9659
vn 0.4954 0.2248 0.8391
vn 0.8614 0.1315 0.4907
vn 0.9999 0.0028 0.0104
vn 0.8707 -0.1273 -0.4751
vn 0.5047 -0.2234 -0.8339
vn -0.0000 -0.2588 -0.9659
vn -0.5047 -0.2234 -0.8339
vn -0.8707 -0.1273 -0.4751
vn -0.8614 0.1944 0.4693
vn -0.9999 0.0041 0.0100
vn -0.4954 0.3324 0.8025
vn -0.0000 0.3827 0.9239
vn 0.4954 0.3324 0.8025
vn 0.8614 0.1944 0.4693
vn 0.9999 0.0041 0.0100
vn 0.8707 -0.1882 -0.4544
vn 0.5047 -0.3304 -0.7976
vn -0.0000 -0.3827 -0.9239
vn -0.5047 -0.3304 -0.7976
vn -0.8707 -0.1882 -0.4544
vn -0.8614 0.2540 0.4399
vn -0.9999 0.0054 0.0093
vn -0.4954 0.4343 0.7523
vn 0.4954 0.4343 0.7523
vn 0.8614 0.2540 0.4399
vn 0.9999 0.0054 0.0093
vn 0.8707 -0.2459 -0.4259
vn 0.5047 -0.4316 -0.7476
vn -0.5047 -0.4316 -0.7476
vn -0.8707 -0.2459 -0.4259
vn -0.8614 0.3093 0.4030
vn -0.9999 0.0066 0.0086
vn -0.4954 0.5288 0.6892
vn -0.0000 0.6088 0.7934
vn 0.4954 0.5288 0.6892
vn 0.8614 0.3093 0.4030
vn 0.9999 0.0066 0.0086
vn 0.8707 -0.2994 -0.3902
vn 0.5047 -0.5255 -0.6849
vn -0.0000 -0.6088 -0.7934
vn -0.5047 -0.5255 -0.6849
vn -0.8707 -0.2994 -0.3902
vn -0.8614 0.3592 0.3592
vn -0.9999 0.0076 0.0076
vn -0.4954 0.6142 0.6142
vn -0.0000 0.7071 0.7071
vn 0.4954 0.6142 0.6142
vn 0.8614 0.3592 0.3592
vn 0.9999 0.0076 0.0076
vn 0.8707 -0.3478 -0.3478
vn 0.5047 -0.6104 -0.6104
vn -0.0000 -0.7071 -0.7071
vn -0.5047 -0.6104 -0.6104
vn -0.8707 -0.3478 -0.3478
vn -0.8614 0.4030 0.3092
vn -0.9999 0.0086 0.0066
vn -0.4954 0.6892 0.5288
vn -0.0000 0.7934 0.6088
vn 0.4954 0.6892 0.5288
vn 0.8614 0.4030 0.3093
vn 0.9999 0.0086 0.0066
vn 0.8707 -0.3902 -0.2994
vn 0.5047 -0.6849 -0.5255
vn -0.0000 -0.7934 -0.6088
vn -0.5047 -0.6849 -0.5255
vn -0.8707 -0.3902 -0.2994
vn -0.8614 0.4399 0.2540
vn -0.9999 0.0093 0.0054
vn -0.4954 0.7523 0.4343
vn 0.4954 0.7523 0.4343
vn 0.8614 0.4399 0.2540
vn 0.9999 0.0093 0.0054
vn 0.8707 -0.4259 -0.2459
vn 0.5047 -0.7476 -0.4316
vn -0.5047 -0.7476 -0.4316
vn -0.8707 -0.4259 -0.2459
vn -0.8614 0.4693 0.1944
vn -0.9999 0.0100 0.0041
vn -0.4954 0.8025 0.3324
vn -0.0000 0.9239 0.3827
vn 0.4954 0.8025 0.3324
vn 0.8614 0.4693 0.1944
vn 0.9999 0.0100 0.0041
vn 0.8707 -0.4544 -0.1882
vn 0.5047 -0.7976 -0.3304
vn -0.0000 -0.9239 -0.3827
vn -0.5047 -0.7976 -0.3304
vn -0.8707 -0.4544 -0.1882
vn -0.8614 0.4907 0.1315
vn -0.9999 0.0104 0.0028
vn -0.4954 0.8391 0.2248
vn -0.0000 0.9659 0.2588
vn 0.4954 0.8391 0.2248
vn 0.8614 0.4907 0.1315
vn 0.9999 0.0104 0.0028
vn 0.8707 -0.4751 -0.1273
vn 0.5047 -0.8339 -0.2234
vn -0.0000 -0.9659 -0.2588
vn -0.5047 -0.8339 -0.2234
vn -0.8707 -0.4751 -0.1273
vn -0.8614 0.5037 0.0663
vn -0.9999 0.0107 0.0014
vn -0.4954 0.8612 0.1134
vn -0.0000 0.9914 0.1305
vn 0.4954 0.8612 0.1134
vn 0.8614 0.5037 0.0663
vn 0.9999 0.0107 0.0014
vn 0.8707 -0.4876 -0.0642
vn 0.5047 -0.8559 -0.1127
vn -0.0000 -0.9914 -0.1305
vn -0.5047 -0.8559 -0.1127
vn -0.8707 -0.4876 -0.0642
vn -0.8614 0.5080 -0.0000
vn -0.9999 0.0108 -0.0000
vn -0.4954 0.8687 -0.0000
vn 0.4954 0.8687 -0.0000
vn 0.8614 0.5080 -0.0000
vn 0.9999 0.0108 -0.0000
vn 0.8707 -0.4918 -0.0000
vn 0.5047 -0.8633 -0.0000
vn -0.5047 -0.8633 -0.0000
vn -0.8707 -0.4918 -0.0000
vn -0.8614 0.5037 -0.0663
vn -0.9999 0.0107 -0.0014
vn -0.4954 0.8612 -0.1134
vn -0.0000 0.9914 -0.1305
vn 0.4954 0.8612 -0.1134
vn 0.8614 0.5037 -0.0663
vn 0.9999 0.0107 -0.0014
vn 0.8707 -0.4876 0.0642
vn 0.5047 -0.8559 0.1127
vn -0.0000 -0.9914 0.1305
vn -0.5047 -0.8559 0.1127
vn -0.8707 -0.4876 0.0642
vn -0.8614 0.4907 -0.1315
vn -0.9999 0.0104 -0.0028
vn -0.4954 0.8391 -0.2248
vn -0.0000 0.9659 -0.2588
vn 0.4954 0.8391 -0.2248
vn 0.8614 0.4907 -0.1315
vn 0.9999 0.0104 -0.0028
vn 0.8707 -0.4751 0.1273
vn 0.5047 -0.8339 0.2234
vn -0.0000 -0.9659 0.2588
vn -0.5047 -0.8339 0.2234
vn -0.8707 -0.4751 0.1273
vn -0.8614 0.4693 -0.1944
vn -0.9999 0.0100 -0.0041
vn -0.4954 0.8025 -0.3324
vn -0.0000 0.9239 -0.3827
vn 0.4954 0.8025 -0.3324
vn 0.8614 0.4693 -0.1944
vn 0.9999 0.0100 -0.0041
vn 0.8707 -0.4544 0.1882
vn 0.5047 -0.7976 0.3304
vn -0.0000 -0.9239 0.3827
vn -0.5047 -0.7976 0.3304
vn -0.8707 -0.4544 0.1882
vn -0.8614 0.4399 -0.2540
vn -0.9999 0.0093 -0.0054
vn -0.4954 0.7523 -0.4343
vn 0.4954 0.7523 -0.4343
vn 0.8614 0.4399 -0.2540
vn 0.9999 0.0093 -0.0054
vn 0.8707 -0.4259 0.2459
vn 0.5047 -0.7476 0.4316
vn -0.5047 -0.7476 0.4316
vn -0.8707 -0.4259 0.2459
vn -0.8614 0.4030 -0.3093
vn -0.9999 0.0086 -0.0066
vn -0.4954 0.6892 -0.5288
vn -0.0000 0.7934 -0.6088
vn 0.4954 0.6892 -0.5288
vn 0.8614 0.4030 -0.3093
vn 0.9999 0.0086 -0.0066
vn 0.8707 -0.3902 0.2994
vn 0.5047 -0.6849 0.5255
vn -0.0000 -0.7934 0.6088
vn -0.5047 -0.6849 0.5255
vn -0.8707 -0.3902 0.2994
vn -0.8614 0.3592 -0.3592
vn -0.9999 0.0076 -0.0076
vn -0.4954 0.6142 -0.6142
vn -0.0000 0.7071 -0.7071
vn 0.4954 0.6142 -0.6142
vn 0.8614 0.3592 -0.3592
vn 0.9999 0.0076 -0.0076
vn 0.8707 -0.3478 0.3478
vn 0.5047 -0.6104 0.6104
vn -0.0000 -0.7071 0.7071
vn -0.5047 -0.6104 0.6104
vn -0.8707 -0.3478 0.3478
vn -0.8614 0.3093 -0.4030
vn -0.9999 0.0066 -0.0086
vn -0.4954 0.5288 -0.6892
vn -0.0000 0.6088 -0.7934
vn 0.4954 0.5288 -0.6892
vn 0.8614 0.3093 -0.4030
vn 0.9999 0.0066 -0.0086
vn 0.8707 -0.2994 0.3902
vn 0.5047 -0.5255 0.6849
vn -0.0000 -0.6088 0.7934
vn -0.5047 -0.5255 0.6849
vn -0.8707 -0.2994 0.3902
vn -0.8614 0.2540 -0.4399
vn -0.9999 0.0054 -0.0093
vn -0.4954 0.4343 -0.7523
vn 0.4954 0.4343 -0.7523
vn 0.8614 0.2540 -0.4399
vn 0.9999 0.0054 -0.0093
vn 0.8707 -0.2459 0.4259
vn 0.5047 -0.4316 0.7476
vn -0.5047 -0.4316 0.7476
vn -0.8707 -0.2459 0.4259
vn -0.8614 0.1944 -0.4693
vn -0.9999 0.0041 -0.0100
vn -0.4954 0.3324 -0.8025
vn -0.0000 0.3827 -0.9239
vn 0.4954 0.3324 -0.8025
vn 0.8614 0.1944 -0.4693
vn 0.9999 0.0041 -0.0100
vn 0.8707 -0.1882 0.4544
vn 0.5047 -0.3304 0.7976
vn -0.0000 -0.3827 0.9239
vn -0.5047 -0.3304 0.7976
vn -0.8707 -0.1882 0.4544
vn -0.8614 0.1315 -0.4907
vn -0.9999 0.0028 -0.0104
vn -0.4954 0.2248 -0.8391
vn -0.0000 0.2588 -0.9659
vn 0.4954 0.2248 -0.8391
vn 0.8614 0.1315 -0.4907
vn 0.9999 0.0028 -0.0104
vn 0.8707 -0.1273 0.4751
vn 0.5047 -0.2234 0.8339
vn -0.0000 -0.2588 0.9659
vn -0.5047 -0.2234 0.8339
vn -0.8707 -0.1273 0.4751
vn -0.8615 0.0664 -0.5034
vn -0.9999 0.0014 -0.0107
vn -0.4956 0.1137 -0.8611
vn -0.0000 0.1309 -0.9914
vn 0.4956 0.1137 -0.8611
vn 0.8615 0.0664 -0.5034
vn 0.9999 0.0014 -0.0107
vn 0.8708 -0.0641 0.4874
vn 0.5049 -0.1124 0.8558
vn -0.0000 -0.1301 0.9915
vn -0.5049 -0.1124 0.8558
vn -0.8708 -0.0641 0.4874
vn -0.8658 0.0330 -0.4993
vn -0.4996 0.0572 -0.8644
vn -0.0000 0.0661 -0.9978
vn 0.4996 0.0572 -0.8644
vn 0.8658 0.0330 -0.4993
vn 0.8658 -0.0325 0.4993
vn 0.4996 -0.0561 0.8644
vn -0.0000 -0.0646 0.9979
vn -0.4996 -0.0561 0.8644
vn -0.8658 -0.0325 0.4994
vn -0.9239 0.3827 -0.0000
vn -0.7071 0.7071 -0.0000
vn -0.3827 0.9239 -0.0000
vn 0.3827 0.9239 -0.0000
vn 0.7071 0.7071 -0.0000
vn 0.9239 0.3827 -0.0000
vn 0.9239 -0.3827 -0.0000
vn 0.7071 -0.7071 -0.0000
vn 0.3827 -0.9239 -0.0000
vn -0.3827 -0.9239 -0.0000
vn -0.7071 -0.7071 -0.0000
vn -0.9239 -0.3827 -0.0000
vn 0.2392 0.4096 0.8804
vn 0.0106 0.4730 0.8810
vn 0.0303 -0.0151 0.9994
vn 0.0341 -0.0159 0.9993
vn 0.1211 0.1470 0.9817
vn 0.3848 0.2931 0.8752
vn 0.3842 -0.0077 0.9232
vn 0.0338 -0.0168 0.9993
vn 0.3333 -0.1656 0.9282
vn 0.0333 -0.0176 0.9993
vn 0.2382 -0.3015 0.9232
vn -0.0012 -0.4837 0.8752
vn 0.2838 -0.3665 0.8861
vn 0.0312 -0.4477 0.8937
vn -0.4672 -0.8776 0.1075
vn -0.4672 -0.8776 -0.1076
vn -0.3240 -0.9360 -0.1375
vn -0.3240 -0.9360 0.1375
vn -0.3484 -0.7275 0.5911
vn -0.1820 -0.4380 0.8804
vn -0.6696 -0.4946 0.5541
vn -0.3706 -0.2941 0.8810
vn -0.8238 -0.0733 0.5621
vn -0.4614 -0.0501 0.8858
vn -0.7397 0.3675 0.5638
vn -0.4130 0.2052 0.8873
vn -0.4392 0.7008 0.5621
vn -0.2387 0.3980 0.8858
vn -0.0102 0.8324 0.5541
vn 0.3693 0.7171 0.5911
vn 0.8238 0.0733 -0.5621
vn 0.7397 -0.3675 -0.5638
vn 0.4130 -0.2052 -0.8873
vn 0.4614 0.0501 -0.8858
vn -0.3484 -0.7275 -0.5911
vn -0.6696 -0.4946 -0.5541
vn -0.3706 -0.2941 -0.8810
vn -0.1820 -0.4380 -0.8804
vn 0.9917 0.0807 0.1003
vn 0.9917 0.0807 -0.1003
vn 0.8082 0.5807 -0.0986
vn 0.8082 0.5807 0.0986
vn 0.8238 0.0733 0.5621
vn 0.6696 0.4946 0.5541
vn 0.3706 0.2941 0.8810
vn 0.4614 0.0501 0.8858
vn 0.7397 -0.3675 0.5637
vn 0.4130 -0.2052 0.8873
vn 0.4392 -0.7008 0.5621
vn 0.2387 -0.3980 0.8858
vn 0.0102 -0.8324 0.5541
vn -0.0106 -0.4730 0.8810
vn -0.3693 -0.7171 0.5911
vn -0.2392 -0.4096 0.8804
vn -0.3848 -0.2931 0.8752
vn -0.3757 -0.2455 0.8936
vn -0.0012 -0.4837 -0.8752
vn 0.0312 -0.4477 -0.8937
vn 0.0338 -0.0168 -0.9993
vn 0.0333 -0.0176 -0.9993
vn 0.2382 -0.3015 -0.9232
vn 0.3332 -0.1656 -0.9282
vn 0.0341 -0.0159 -0.9993
vn 0.3842 -0.0077 -0.9232
vn 0.3848 0.2931 -0.8752
vn 0.4635 -0.0048 -0.8861
vn 0.3757 0.2455 -0.8936
vn 0.3484 0.7275 0.5911
vn 0.0012 0.4837 0.8752
vn -0.0312 0.4477 0.8937
vn 0.1820 0.4380 0.8804
vn -0.5503 -0.8236 -0.1375
vn -0.5503 -0.8236 0.1375
vn -0.4825 -0.8532 0.1982
vn -0.4825 -0.8532 -0.1982
vn -0.0254 0.9948 0.0985
vn -0.0254 0.9948 -0.0985
vn -0.5346 0.8391 -0.1003
vn -0.5346 0.8391 0.1003
vn 0.4824 0.8532 0.1982
vn 0.4824 0.8532 -0.1982
vn 0.5503 0.8236 -0.1376
vn 0.5503 0.8236 0.1376
vn 0.3757 0.2455 0.8937
vn 0.4635 -0.0048 0.8861
vn 0.2392 0.4096 -0.8804
vn 0.0303 -0.0151 -0.9994
vn -0.0303 0.0151 0.9994
vn 0.1820 0.4380 -0.8804
vn 0.3706 0.2941 -0.8810
vn -0.0303 0.0151 -0.9994
vn -0.4360 -0.8764 0.2044
vn -0.4360 -0.8764 -0.2044
vn 0.1211 0.1470 -0.9817
vn -0.0441 -0.1852 0.9817
vn 0.5346 -0.8391 0.1003
vn 0.5346 -0.8391 -0.1003
vn 0.8910 -0.4427 -0.1007
vn 0.8910 -0.4427 0.1007
vn 0.3484 0.7275 -0.5911
vn 0.6696 0.4946 -0.5541
vn -0.4392 0.7008 -0.5621
vn -0.0102 0.8324 -0.5541
vn 0.0106 0.4730 -0.8810
vn -0.2387 0.3980 -0.8858
vn -0.3842 0.0077 -0.9232
vn -0.3848 -0.2931 -0.8752
vn -0.1212 -0.1470 -0.9817
vn -0.0343 0.0160 -0.9993
vn -0.2382 0.3015 -0.9232
vn 0.0012 0.4837 -0.8752
vn -0.0312 0.4477 -0.8936
vn -0.2838 0.3665 -0.8861
vn -0.3889 -0.8997 -0.1983
vn -0.3889 -0.8997 0.1983
vn 0.4172 0.9024 0.1076
vn 0.4172 0.9024 -0.1076
vn -0.2382 0.3015 0.9232
vn 0.0440 0.1853 0.9817
vn -0.0334 0.0177 0.9993
vn 0.2838 -0.3665 -0.8861
vn 0.4392 -0.7008 -0.5621
vn 0.2387 -0.3980 -0.8858
vn -0.9917 -0.0807 0.1003
vn -0.9917 -0.0807 -0.1003
vn -0.8082 -0.5807 -0.0985
vn -0.8082 -0.5807 0.0985
vn 0.0253 -0.9948 0.0986
vn 0.0253 -0.9948 -0.0985
vn -0.0441 -0.1852 -0.9817
vn 0.3693 0.7171 -0.5911
vn -0.0334 0.0177 -0.9993
vn 0.0440 0.1853 -0.9817
vn 0.4416 -0.2194 0.8700
vn -0.3333 0.1656 0.9282
vn -0.3842 0.0077 0.9232
vn -0.4635 0.0048 0.8861
vn -0.4416 0.2194 0.8700
vn -0.8238 -0.0733 -0.5621
vn -0.4614 -0.0501 -0.8858
vn 0.0102 -0.8324 -0.5541
vn -0.0106 -0.4730 -0.8810
vn -0.8910 0.4427 0.1007
vn -0.8910 0.4427 -0.1007
vn -0.4172 -0.9024 0.1076
vn -0.4172 -0.9024 -0.1076
vn 0.4416 -0.2194 -0.8700
vn 0.4672 0.8776 -0.1076
vn 0.4672 0.8776 0.1076
vn -0.3333 0.1656 -0.9282
vn -0.4416 0.2194 -0.8700
vn -0.4635 0.0048 -0.8861
vn -0.2838 0.3665 0.8861
vn -0.7397 0.3675 -0.5638
vn -0.4130 0.2052 -0.8873
vn -0.3693 -0.7170 -0.5911
vn -0.2392 -0.4096 -0.8804
vn 0.3240 0.9360 0.1375
vn 0.3240 0.9360 -0.1375
vn 0.3888 0.8997 -0.1983
vn 0.3888 0.8997 0.1983
vn -0.3757 -0.2455 -0.8936
vn 0.0807 0.1626 0.9834
vn 0.0003 0.0009 1.0000
vn 0.4358 0.8765 -0.2044
vn 0.4358 0.8765 0.2044
vn 0.0003 0.0009 -1.0000
vn 0.0807 0.1626 -0.9834
vn -0.0339 0.0169 -0.9993
vn -0.0001 0.0001 -1.0000
vn -0.0005 -0.0008 -1.0000
vn -0.0339 0.0169 0.9993
vn -0.0001 0.0001 1.0000
vn -0.0005 -0.0008 1.0000
vn -0.0343 0.0160 0.9993
vn -0.0810 -0.1625 -0.9834
vn -0.1212 -0.1470 0.9817
vn -0.0810 -0.1625 0.9834
vn -0.3073 -0.6176 0.7239
vn -0.3619 -0.6002 0.7133
vn 0.3995 0.8334 0.3818
vn 0.4993 0.7026 0.5070
vn 0.3995 0.8334 -0.3818
vn 0.4993 0.7026 -0.5070
vn -0.2584 -0.8223 0.5070
vn -0.2600 -0.6507 0.7134
vn -0.2584 -0.8223 -0.5070
vn -0.2600 -0.6507 -0.7134
vn -0.4229 -0.8218 0.3818
vn -0.4229 -0.8218 -0.3818
vn -0.7625 -0.5538 0.3345
vn -0.7625 -0.5538 -0.3345
vn -0.9371 -0.0789 0.3400
vn -0.9371 -0.0789 -0.3400
vn -0.8418 0.4183 0.3412
vn -0.8418 0.4183 -0.3412
vn -0.5031 0.7945 0.3400
vn -0.5031 0.7945 -0.3400
vn -0.0192 0.9422 0.3345
vn -0.0192 0.9422 -0.3345
vn 0.4229 0.8218 0.3818
vn 0.7625 0.5538 0.3345
vn 0.4229 0.8218 -0.3818
vn 0.7625 0.5538 -0.3345
vn 0.9371 0.0789 0.3400
vn 0.9371 0.0789 -0.3400
vn 0.8418 -0.4183 0.3412
vn 0.8418 -0.4183 -0.3412
vn 0.5031 -0.7945 0.3400
vn 0.5031 -0.7945 -0.3400
vn 0.0192 -0.9422 0.3345
vn 0.0192 -0.9422 -0.3345
vn -0.3995 -0.8334 0.3818
vn -0.3995 -0.8334 -0.3818
vn -0.4993 -0.7026 0.5070
vn -0.4993 -0.7026 -0.5070
vn 0.2584 0.8223 -0.5070
vn 0.2599 0.6508 -0.7134
vn 0.2584 0.8223 0.5070
vn 0.3618 0.6002 0.7133
vn -0.3073 -0.6177 -0.7239
vn -0.3619 -0.6002 -0.7133
vn 0.3071 0.6178 -0.7239
vn 0.3618 0.6002 -0.7133
vn 0.3071 0.6178 0.7239
vn 0.2599 0.6508 0.7134
vt 0.495049 0.583128
vt 0.404095 0.495584
vt 0.495049 0.564345
vt 0.388478 0.485149
vt 0.495049 0.545563
vt 0.371126 0.477962
vt 0.495049 0.526781
vt 0.352705 0.474297
vt 0.495049 0.507999
vt 0.333922 0.474297
vt 0.495049 0.489217
vt 0.315501 0.477962
vt 0.495049 0.470434
vt 0.298149 0.485149
vt 0.495049 0.451652
vt 0.282532 0.495584
vt 0.495049 0.432870
vt 0.269251 0.508865
vt 0.495049 0.414088
vt 0.258816 0.524482
vt 0.495049 0.395306
vt 0.251628 0.541834
vt 0.495049 0.376523
vt 0.247964 0.560256
vt 0.495049 0.357741
vt 0.247964 0.579038
vt 0.495049 0.338959
vt 0.251628 0.597459
vt 0.495049 0.320177
vt 0.258816 0.614812
vt 0.495049 0.301395
vt 0.269251 0.630428
vt 0.495049 0.282612
vt 0.282532 0.643710
vt 0.495049 0.263830
vt 0.298149 0.654144
vt 0.495049 0.245048
vt 0.315501 0.661332
vt 0.495049 0.226266
vt 0.333922 0.664996
vt 0.495049 0.207484
vt 0.352705 0.664996
vt 0.495049 0.188701
vt 0.371126 0.661332
vt 0.495049 0.169919
vt 0.388478 0.654144
vt 0.495049 0.151137
vt 0.404095 0.643709
vt 0.495049 0.132355
vt 0.417376 0.630428
vt 0.495049 0.113573
vt 0.427811 0.614812
vt 0.495049 0.094790
vt 0.434999 0.597459
vt 0.495049 0.076008
vt 0.438663 0.579038
vt 0.495049 0.057226
vt 0.438663 0.560256
vt 0.495049 0.038444
vt 0.434999 0.541834
vt 0.495049 0.019661
vt 0.427811 0.524482
vt 0.495049 0.601910
vt 0.495049 0.000879
vt 0.417376 0.508865
vt 0.591855 0.582106
vt 0.591855 0.584150
vt 0.803248 0.661509
vt 0.577181 0.583128
vt 0.591855 0.565367
vt 0.591855 0.563323
vt 0.791412 0.673345
vt 0.577181 0.564346
vt 0.591855 0.546585
vt 0.591855 0.544541
vt 0.777495 0.682644
vt 0.577181 0.545563
vt 0.591855 0.527803
vt 0.591855 0.525759
vt 0.762031 0.689049
vt 0.577181 0.526781
vt 0.591855 0.509021
vt 0.591855 0.506977
vt 0.745614 0.692315
vt 0.577181 0.507999
vt 0.591855 0.490239
vt 0.591855 0.488195
vt 0.728876 0.692315
vt 0.577181 0.489217
vt 0.591855 0.471456
vt 0.591855 0.469413
vt 0.712459 0.689049
vt 0.577181 0.470434
vt 0.591855 0.452674
vt 0.591855 0.450630
vt 0.696995 0.682644
vt 0.577181 0.451652
vt 0.591855 0.433892
vt 0.591855 0.431848
vt 0.683078 0.673345
vt 0.577181 0.432870
vt 0.591855 0.415110
vt 0.591855 0.413066
vt 0.671242 0.661509
vt 0.577181 0.414088
vt 0.591855 0.396328
vt 0.591855 0.394284
vt 0.661943 0.647592
vt 0.577181 0.395306
vt 0.591855 0.377545
vt 0.591855 0.375501
vt 0.655537 0.632128
vt 0.577181 0.376523
vt 0.591855 0.358763
vt 0.591855 0.356719
vt 0.652272 0.615711
vt 0.577181 0.357741
vt 0.591855 0.339981
vt 0.591855 0.337937
vt 0.652272 0.598973
vt 0.577181 0.338959
vt 0.591855 0.321199
vt 0.591855 0.319155
vt 0.655537 0.582556
vt 0.577181 0.320177
vt 0.591855 0.302417
vt 0.591855 0.300373
vt 0.661943 0.567092
vt 0.577181 0.301395
vt 0.591855 0.283634
vt 0.591855 0.281590
vt 0.671242 0.553175
vt 0.577181 0.282612
vt 0.591855 0.264852
vt 0.591855 0.262808
vt 0.683078 0.541339
vt 0.577181 0.263830
vt 0.591855 0.246070
vt 0.591855 0.244026
vt 0.696995 0.532040
vt 0.577181 0.245048
vt 0.591855 0.227288
vt 0.591855 0.225244
vt 0.712459 0.525634
vt 0.577181 0.226266
vt 0.591855 0.208506
vt 0.591855 0.206462
vt 0.728876 0.522369
vt 0.577181 0.207484
vt 0.591855 0.189723
vt 0.591855 0.187679
vt 0.745614 0.522369
vt 0.577181 0.188701
vt 0.591855 0.170941
vt 0.591855 0.168897
vt 0.762031 0.525634
vt 0.577181 0.169919
vt 0.591855 0.152159
vt 0.591855 0.150115
vt 0.777495 0.532040
vt 0.577181 0.151137
vt 0.591855 0.133377
vt 0.591855 0.131333
vt 0.791412 0.541339
vt 0.577181 0.132355
vt 0.591855 0.114595
vt 0.591855 0.112551
vt 0.803248 0.553175
vt 0.577181 0.113573
vt 0.591855 0.095812
vt 0.591855 0.093768
vt 0.812547 0.567092
vt 0.577181 0.094790
vt 0.591855 0.077030
vt 0.591855 0.074986
vt 0.818953 0.582556
vt 0.577181 0.076008
vt 0.591855 0.058248
vt 0.591855 0.056204
vt 0.822218 0.598973
vt 0.577181 0.057226
vt 0.591855 0.039466
vt 0.591855 0.037422
vt 0.822218 0.615711
vt 0.577181 0.038444
vt 0.591855 0.020684
vt 0.591855 0.018640
vt 0.818953 0.632128
vt 0.577181 0.019662
vt 0.591855 0.001901
vt 0.591855 0.600888
vt 0.812547 0.647592
vt 0.577181 0.000879
vt 0.577181 0.601910
vt 0.327575 0.926359
vt 0.327575 0.917128
vt 0.327575 0.907897
vt 0.327575 0.898665
vt 0.327575 0.889434
vt 0.327575 0.880203
vt 0.327575 0.870972
vt 0.327575 0.861741
vt 0.327575 0.852510
vt 0.327575 0.843279
vt 0.327575 0.834048
vt 0.327575 0.824817
vt 0.327575 0.815586
vt 0.327575 0.806355
vt 0.327575 0.954052
vt 0.327575 0.944821
vt 0.327575 0.935590
vt 0.375427 0.926101
vt 0.375427 0.926616
vt 0.373598 0.926359
vt 0.375427 0.917385
vt 0.375427 0.916870
vt 0.373598 0.917128
vt 0.375427 0.908154
vt 0.375427 0.907639
vt 0.373598 0.907896
vt 0.375427 0.898923
vt 0.375427 0.898408
vt 0.373598 0.898665
vt 0.375427 0.889692
vt 0.375427 0.889177
vt 0.373598 0.889434
vt 0.375427 0.880461
vt 0.375427 0.879946
vt 0.373598 0.880203
vt 0.375427 0.871230
vt 0.375427 0.870715
vt 0.373598 0.870972
vt 0.375427 0.861999
vt 0.375427 0.861484
vt 0.373598 0.861741
vt 0.375427 0.852768
vt 0.375427 0.852253
vt 0.373598 0.852510
vt 0.375427 0.843536
vt 0.375427 0.843022
vt 0.373598 0.843279
vt 0.375427 0.834305
vt 0.375427 0.833791
vt 0.373598 0.834048
vt 0.375427 0.825074
vt 0.375427 0.824560
vt 0.373598 0.824817
vt 0.375427 0.815843
vt 0.375427 0.815329
vt 0.373598 0.815586
vt 0.375427 0.806612
vt 0.375427 0.953794
vt 0.373598 0.806355
vt 0.373598 0.954052
vt 0.375427 0.945078
vt 0.375427 0.944563
vt 0.373598 0.944821
vt 0.375427 0.935847
vt 0.375427 0.935332
vt 0.373598 0.935590
vt 0.488274 0.811271
vt 0.377186 0.930570
vt 0.488274 0.820502
vt 0.377186 0.939801
vt 0.488274 0.829733
vt 0.380718 0.948330
vt 0.488274 0.838964
vt 0.387246 0.954857
vt 0.488274 0.848195
vt 0.395774 0.958390
vt 0.488274 0.857426
vt 0.405005 0.958390
vt 0.488274 0.866657
vt 0.413533 0.954857
vt 0.488274 0.875888
vt 0.420061 0.948330
vt 0.488274 0.885119
vt 0.423593 0.939802
vt 0.488274 0.894350
vt 0.423593 0.930570
vt 0.488274 0.903581
vt 0.420061 0.922042
vt 0.488274 0.912812
vt 0.413534 0.915515
vt 0.488274 0.922043
vt 0.405005 0.911982
vt 0.488274 0.931274
vt 0.488274 0.783577
vt 0.395774 0.911982
vt 0.488274 0.792808
vt 0.387246 0.915515
vt 0.488274 0.802039
vt 0.380718 0.922042
vt 0.440422 0.811528
vt 0.440422 0.811013
vt 0.442251 0.811271
vt 0.440422 0.820244
vt 0.440422 0.820759
vt 0.442251 0.820502
vt 0.440422 0.829475
vt 0.440422 0.829990
vt 0.442251 0.829733
vt 0.440422 0.838706
vt 0.440422 0.839221
vt 0.442251 0.838964
vt 0.440422 0.847937
vt 0.440422 0.848452
vt 0.442251 0.848195
vt 0.440422 0.857168
vt 0.440422 0.857683
vt 0.442251 0.857426
vt 0.440422 0.866400
vt 0.440422 0.866914
vt 0.442251 0.866657
vt 0.440422 0.875630
vt 0.440422 0.876145
vt 0.442251 0.875888
vt 0.440422 0.884862
vt 0.440422 0.885376
vt 0.442251 0.885119
vt 0.440422 0.894093
vt 0.440422 0.894607
vt 0.442251 0.894350
vt 0.440422 0.903324
vt 0.440422 0.903838
vt 0.442251 0.903581
vt 0.440422 0.912555
vt 0.440422 0.913069
vt 0.442251 0.912812
vt 0.440422 0.921786
vt 0.440422 0.922300
vt 0.442251 0.922043
vt 0.440422 0.931017
vt 0.440422 0.783835
vt 0.442251 0.931274
vt 0.442251 0.783577
vt 0.440422 0.792551
vt 0.440422 0.793066
vt 0.442251 0.792808
vt 0.440422 0.801782
vt 0.440422 0.802297
vt 0.442251 0.802040
vt 0.878315 0.898224
vt 0.688620 0.955519
vt 0.878315 0.888993
vt 0.695147 0.948991
vt 0.878315 0.879762
vt 0.698680 0.940463
vt 0.878315 0.870531
vt 0.698680 0.931232
vt 0.878315 0.861300
vt 0.695147 0.922704
vt 0.878315 0.852069
vt 0.688620 0.916176
vt 0.878315 0.842838
vt 0.680091 0.912644
vt 0.878315 0.833607
vt 0.670860 0.912644
vt 0.878315 0.824376
vt 0.662332 0.916176
vt 0.878315 0.815144
vt 0.655805 0.922704
vt 0.878315 0.805913
vt 0.652272 0.931232
vt 0.878315 0.796682
vt 0.652272 0.940463
vt 0.878315 0.787451
vt 0.655805 0.948991
vt 0.878315 0.778220
vt 0.878315 0.925917
vt 0.662332 0.955519
vt 0.878315 0.916686
vt 0.670860 0.959051
vt 0.878315 0.907455
vt 0.680091 0.959051
vt 0.926168 0.897967
vt 0.926168 0.898481
vt 0.781923 0.926084
vt 0.924338 0.898224
vt 0.926168 0.889250
vt 0.926168 0.888736
vt 0.790640 0.926084
vt 0.924338 0.888993
vt 0.926168 0.880019
vt 0.926168 0.879505
vt 0.798693 0.929420
vt 0.924338 0.879762
vt 0.926168 0.870788
vt 0.926168 0.870274
vt 0.804856 0.935583
vt 0.924338 0.870531
vt 0.926168 0.861557
vt 0.926168 0.861042
vt 0.808192 0.943636
vt 0.924338 0.861300
vt 0.926168 0.852326
vt 0.926168 0.851811
vt 0.808192 0.952353
vt 0.924338 0.852069
vt 0.926168 0.843095
vt 0.926168 0.842580
vt 0.804856 0.960405
vt 0.924338 0.842838
vt 0.926168 0.833864
vt 0.926168 0.833349
vt 0.798693 0.966569
vt 0.924338 0.833607
vt 0.926168 0.824633
vt 0.926168 0.824118
vt 0.790640 0.969904
vt 0.924338 0.824376
vt 0.926168 0.815402
vt 0.926168 0.814887
vt 0.781923 0.969904
vt 0.924338 0.815144
vt 0.926168 0.806171
vt 0.926168 0.805656
vt 0.773870 0.966569
vt 0.924338 0.805913
vt 0.926168 0.796940
vt 0.926168 0.796425
vt 0.767707 0.960405
vt 0.924338 0.796682
vt 0.926168 0.787709
vt 0.926168 0.787194
vt 0.764371 0.952352
vt 0.924338 0.787451
vt 0.926168 0.778478
vt 0.926168 0.925660
vt 0.764371 0.943636
vt 0.924338 0.778220
vt 0.924338 0.925917
vt 0.926168 0.916943
vt 0.926168 0.916429
vt 0.767707 0.935583
vt 0.924338 0.916686
vt 0.926168 0.907712
vt 0.926168 0.907198
vt 0.773871 0.929420
vt 0.924338 0.907455
vt 0.168368 0.474304
vt 0.174491 0.474304
vt 0.180614 0.474304
vt 0.186738 0.474304
vt 0.192861 0.474304
vt 0.198984 0.474304
vt 0.205107 0.474304
vt 0.211231 0.474304
vt 0.137752 0.474303
vt 0.143875 0.474303
vt 0.149998 0.474303
vt 0.156121 0.474304
vt 0.162245 0.474304
vt 0.168368 0.851964
vt 0.174491 0.851964
vt 0.180614 0.851964
vt 0.186738 0.851964
vt 0.192861 0.851965
vt 0.198984 0.851965
vt 0.205107 0.851965
vt 0.211231 0.851965
vt 0.137752 0.851964
vt 0.143875 0.851964
vt 0.149998 0.851964
vt 0.156121 0.851964
vt 0.162245 0.851964
vt 0.708595 0.859411
vt 0.753100 0.883458
vt 0.708595 0.865845
vt 0.758672 0.880241
vt 0.708595 0.872279
vt 0.761890 0.874669
vt 0.708595 0.878714
vt 0.761890 0.868235
vt 0.708595 0.885148
vt 0.758673 0.862663
vt 0.708595 0.891582
vt 0.753100 0.859445
vt 0.708595 0.898016
vt 0.746666 0.859445
vt 0.708595 0.904451
vt 0.741094 0.862663
vt 0.708595 0.833674
vt 0.708595 0.910885
vt 0.737877 0.868235
vt 0.708595 0.840108
vt 0.737877 0.874669
vt 0.708595 0.846542
vt 0.741094 0.880241
vt 0.708595 0.852977
vt 0.746666 0.883458
vt 0.652272 0.859411
vt 0.234307 0.656264
vt 0.234307 0.655627
vt 0.234307 0.648555
vt 0.652272 0.852977
vt 0.234307 0.649192
vt 0.234307 0.663335
vt 0.652272 0.865845
vt 0.234307 0.662698
vt 0.234307 0.669769
vt 0.234307 0.670406
vt 0.652272 0.872279
vt 0.234307 0.676840
vt 0.234307 0.677477
vt 0.652272 0.878714
vt 0.234307 0.683912
vt 0.652272 0.885148
vt 0.234307 0.684549
vt 0.652272 0.891582
vt 0.234307 0.691620
vt 0.234307 0.690983
vt 0.652272 0.898016
vt 0.234307 0.698691
vt 0.234307 0.698054
vt 0.652272 0.904451
vt 0.234307 0.705763
vt 0.234307 0.705126
vt 0.234306 0.627979
vt 0.652272 0.833674
vt 0.652272 0.910885
vt 0.234306 0.712197
vt 0.234306 0.634413
vt 0.234306 0.635050
vt 0.652272 0.840108
vt 0.234307 0.641484
vt 0.234307 0.642121
vt 0.652272 0.846542
vt 0.233118 0.655945
vt 0.227204 0.655945
vt 0.306008 0.926837
vt 0.227204 0.648874
vt 0.313079 0.926837
vt 0.233118 0.648874
vt 0.233118 0.663016
vt 0.227204 0.663016
vt 0.299884 0.923301
vt 0.233118 0.670088
vt 0.227204 0.670088
vt 0.296349 0.917177
vt 0.233118 0.677159
vt 0.227204 0.677159
vt 0.296348 0.910106
vt 0.233118 0.684230
vt 0.227204 0.684230
vt 0.299884 0.903982
vt 0.233118 0.691301
vt 0.227204 0.691301
vt 0.306008 0.900446
vt 0.233118 0.698373
vt 0.227204 0.698373
vt 0.313079 0.900446
vt 0.233118 0.705444
vt 0.227204 0.705444
vt 0.319203 0.903982
vt 0.233118 0.627660
vt 0.233118 0.712515
vt 0.227204 0.712515
vt 0.227204 0.627660
vt 0.322739 0.910106
vt 0.233118 0.634731
vt 0.227204 0.634731
vt 0.322739 0.917177
vt 0.233118 0.641803
vt 0.227204 0.641803
vt 0.319203 0.923301
vt 0.137752 0.900787
vt 0.137752 0.894904
vt 0.137752 0.889021
vt 0.137752 0.883138
vt 0.137752 0.877255
vt 0.137752 0.871372
vt 0.137752 0.865489
vt 0.137752 0.859606
vt 0.137752 0.853723
vt 0.137752 0.924319
vt 0.137752 0.918435
vt 0.137752 0.912553
vt 0.137752 0.906670
vt 0.180727 0.900787
vt 0.180727 0.894904
vt 0.180727 0.889021
vt 0.180727 0.883138
vt 0.180727 0.877255
vt 0.180727 0.871372
vt 0.180727 0.865489
vt 0.180727 0.859606
vt 0.180727 0.853723
vt 0.180727 0.924319
vt 0.180727 0.918435
vt 0.180727 0.912553
vt 0.180727 0.906670
vt 0.129620 0.944940
vt 0.308120 0.952655
vt 0.307489 0.952202
vt 0.122238 0.942758
vt 0.300505 0.948965
vt 0.299605 0.948831
vt 0.291243 0.950128
vt 0.114856 0.944940
vt 0.291979 0.949880
vt 0.828109 0.949109
vt 0.129620 0.714330
vt 0.828846 0.948861
vt 0.122238 0.716512
vt 0.836472 0.947811
vt 0.837371 0.947946
vt 0.844987 0.951636
vt 0.114856 0.714330
vt 0.844356 0.951183
vt 0.862707 0.787457
vt 0.863338 0.787910
vt 0.933426 0.781651
vt 0.855722 0.784220
vt 0.854823 0.784086
vt 0.940809 0.783832
vt 0.847196 0.785135
vt 0.846460 0.785383
vt 0.948191 0.781651
vt 0.258436 0.949880
vt 0.730618 0.837104
vt 0.257699 0.950128
vt 0.266062 0.948831
vt 0.266961 0.948965
vt 0.723236 0.839286
vt 0.274577 0.952655
vt 0.273946 0.952202
vt 0.715853 0.837104
vt 0.308777 0.961747
vt 0.309617 0.968509
vt 0.824819 0.957610
vt 0.822035 0.963830
vt 0.305008 0.956324
vt 0.830010 0.953529
vt 0.299336 0.953697
vt 0.836203 0.952678
vt 0.293144 0.954548
vt 0.841875 0.955305
vt 0.287952 0.958629
vt 0.845644 0.960728
vt 0.285168 0.964849
vt 0.846484 0.967490
vt 0.285675 0.971560
vt 0.844035 0.973758
vt 0.289445 0.976981
vt 0.838842 0.977838
vt 0.295450 0.979658
vt 0.832317 0.978639
vt 0.301975 0.978857
vt 0.826312 0.975962
vt 0.307168 0.974778
vt 0.822541 0.970541
vt 0.840892 0.806815
vt 0.840386 0.800104
vt 0.273625 0.974778
vt 0.276074 0.968509
vt 0.844663 0.812236
vt 0.268432 0.978857
vt 0.850668 0.814913
vt 0.261906 0.979658
vt 0.857193 0.814112
vt 0.255902 0.976981
vt 0.862386 0.810032
vt 0.252131 0.971560
vt 0.864835 0.803764
vt 0.251625 0.964849
vt 0.863994 0.797002
vt 0.254409 0.958629
vt 0.860226 0.791579
vt 0.259600 0.954548
vt 0.854554 0.788952
vt 0.265793 0.953697
vt 0.848361 0.789803
vt 0.271465 0.956325
vt 0.843170 0.793885
vt 0.275233 0.961747
vt 0.729725 0.875254
vt 0.728930 0.913400
vt 0.728587 0.951529
vt 0.116887 0.828756
vt 0.116544 0.790626
vt 0.115749 0.752481
vt 0.723236 0.876709
vt 0.723236 0.914127
vt 0.723236 0.951529
vt 0.122238 0.828756
vt 0.122238 0.791353
vt 0.122238 0.753935
vt 0.716747 0.875254
vt 0.717542 0.913400
vt 0.717885 0.951529
vt 0.127589 0.828756
vt 0.127932 0.790626
vt 0.128727 0.752481
vt 0.934320 0.819801
vt 0.935115 0.857946
vt 0.935459 0.896076
vt 0.116887 0.830514
vt 0.116544 0.868644
vt 0.115749 0.906789
vt 0.940809 0.821256
vt 0.940809 0.858673
vt 0.940809 0.896076
vt 0.122238 0.830514
vt 0.122238 0.867917
vt 0.122238 0.905335
vt 0.947298 0.819801
vt 0.946503 0.857946
vt 0.946160 0.896076
vt 0.127589 0.830514
vt 0.127932 0.868644
vt 0.128727 0.906789
vt 0.135120 0.948370
vt 0.312763 0.957178
vt 0.474744 0.662347
vt 0.313292 0.957701
vt 0.473202 0.659700
vt 0.474020 0.660456
vt 0.285479 0.953094
vt 0.284820 0.953438
vt 0.109356 0.948370
vt 0.474744 0.593670
vt 0.473197 0.596339
vt 0.474019 0.595577
vt 0.281635 0.963838
vt 0.281507 0.964521
vt 0.474717 0.604690
vt 0.472729 0.604534
vt 0.473724 0.604608
vt 0.282044 0.972483
vt 0.282302 0.973190
vt 0.474505 0.612610
vt 0.472525 0.612571
vt 0.473509 0.612598
vt 0.286757 0.979644
vt 0.287354 0.980135
vt 0.474496 0.620405
vt 0.472502 0.620393
vt 0.473483 0.620403
vt 0.294510 0.983329
vt 0.295273 0.983444
vt 0.474465 0.628149
vt 0.472512 0.628146
vt 0.473490 0.628147
vt 0.303051 0.982485
vt 0.303766 0.982191
vt 0.474471 0.635881
vt 0.472484 0.635888
vt 0.473461 0.635880
vt 0.309915 0.977324
vt 0.310369 0.976723
vt 0.474465 0.643635
vt 0.472499 0.643674
vt 0.473477 0.643647
vt 0.472716 0.651631
vt 0.313214 0.969268
vt 0.474678 0.651472
vt 0.313292 0.968578
vt 0.473698 0.651555
vt 0.441968 0.659778
vt 0.822346 0.952075
vt 0.135120 0.710900
vt 0.821686 0.952419
vt 0.440422 0.662447
vt 0.441147 0.660540
vt 0.441963 0.596417
vt 0.850159 0.956681
vt 0.849630 0.956159
vt 0.109356 0.710900
vt 0.440422 0.593770
vt 0.441146 0.595661
vt 0.442449 0.604486
vt 0.850081 0.968248
vt 0.850159 0.967558
vt 0.440487 0.604645
vt 0.441468 0.604562
vt 0.442666 0.612443
vt 0.847236 0.975704
vt 0.846782 0.976305
vt 0.440701 0.612481
vt 0.441688 0.612470
vt 0.442682 0.620229
vt 0.840633 0.981171
vt 0.839918 0.981466
vt 0.440694 0.620236
vt 0.441704 0.620237
vt 0.442654 0.627971
vt 0.832140 0.982424
vt 0.831377 0.982310
vt 0.440701 0.627968
vt 0.441676 0.627969
vt 0.442663 0.635723
vt 0.823624 0.978625
vt 0.824221 0.979116
vt 0.440669 0.635712
vt 0.441682 0.635714
vt 0.442641 0.643546
vt 0.819169 0.972171
vt 0.818911 0.971464
vt 0.440660 0.643507
vt 0.441656 0.643519
vt 0.818374 0.963502
vt 0.818501 0.962819
vt 0.440449 0.651427
vt 0.442436 0.651583
vt 0.441442 0.651509
vt 0.837520 0.808445
vt 0.837262 0.807738
vt 0.912399 0.607253
vt 0.910418 0.607214
vt 0.911403 0.607240
vt 0.841975 0.814899
vt 0.842572 0.815390
vt 0.912390 0.615048
vt 0.910396 0.615036
vt 0.911377 0.615046
vt 0.849728 0.818584
vt 0.850491 0.818699
vt 0.912358 0.622792
vt 0.910405 0.622789
vt 0.911383 0.622790
vt 0.858269 0.817740
vt 0.858984 0.817445
vt 0.912365 0.630524
vt 0.910377 0.630531
vt 0.911355 0.630523
vt 0.865133 0.812579
vt 0.865587 0.811978
vt 0.912358 0.638278
vt 0.910393 0.638317
vt 0.911371 0.638290
vt 0.868432 0.804523
vt 0.868510 0.803832
vt 0.912572 0.646115
vt 0.910610 0.646274
vt 0.911591 0.646198
vt 0.868510 0.792956
vt 0.927926 0.778220
vt 0.867981 0.792433
vt 0.912637 0.656990
vt 0.911096 0.654343
vt 0.911913 0.655098
vt 0.911091 0.590982
vt 0.840037 0.788693
vt 0.953691 0.778220
vt 0.840697 0.788349
vt 0.912637 0.588313
vt 0.911913 0.590219
vt 0.910623 0.599177
vt 0.836852 0.799093
vt 0.836725 0.799776
vt 0.912610 0.599333
vt 0.911617 0.599251
vt 0.880560 0.607086
vt 0.276826 0.976723
vt 0.276372 0.977324
vt 0.878594 0.607124
vt 0.879582 0.607112
vt 0.880575 0.614872
vt 0.269507 0.982485
vt 0.270222 0.982190
vt 0.878588 0.614878
vt 0.879598 0.614879
vt 0.880548 0.622614
vt 0.261730 0.983444
vt 0.260967 0.983329
vt 0.878594 0.622611
vt 0.879569 0.622612
vt 0.880557 0.630366
vt 0.253811 0.980135
vt 0.253213 0.979644
vt 0.878563 0.630355
vt 0.879576 0.630356
vt 0.880534 0.638189
vt 0.248758 0.973190
vt 0.248501 0.972483
vt 0.878554 0.638149
vt 0.879549 0.638162
vt 0.880330 0.646225
vt 0.247964 0.964521
vt 0.248091 0.963838
vt 0.878343 0.646070
vt 0.879335 0.646152
vt 0.879862 0.654421
vt 0.736118 0.833674
vt 0.251276 0.953438
vt 0.251936 0.953094
vt 0.878315 0.657090
vt 0.879040 0.655183
vt 0.879857 0.591060
vt 0.279220 0.957178
vt 0.710353 0.833674
vt 0.279749 0.957701
vt 0.878315 0.588413
vt 0.879039 0.590304
vt 0.279670 0.969268
vt 0.279749 0.968578
vt 0.878381 0.599287
vt 0.880343 0.599129
vt 0.879361 0.599204
vt 0.930504 0.816715
vt 0.911421 0.696424
vt 0.909817 0.695447
vt 0.910626 0.695729
vt 0.931972 0.856469
vt 0.910059 0.736677
vt 0.908432 0.736116
vt 0.909245 0.736279
vt 0.932615 0.896076
vt 0.114044 0.830514
vt 0.909312 0.776462
vt 0.471262 0.474318
vt 0.907675 0.776428
vt 0.469628 0.474353
vt 0.908488 0.776438
vt 0.470439 0.474342
vt 0.113400 0.870121
vt 0.472051 0.514031
vt 0.470427 0.514594
vt 0.471240 0.514430
vt 0.471881 0.555209
vt 0.111933 0.909875
vt 0.473484 0.554231
vt 0.472690 0.554927
vt 0.881178 0.695551
vt 0.733540 0.872168
vt 0.879575 0.696528
vt 0.880369 0.695833
vt 0.882632 0.736166
vt 0.732073 0.911922
vt 0.881007 0.736729
vt 0.881819 0.736329
vt 0.883431 0.776406
vt 0.445384 0.474331
vt 0.731430 0.951529
vt 0.114044 0.828756
vt 0.881797 0.776441
vt 0.443747 0.474297
vt 0.882619 0.776417
vt 0.444571 0.474321
vt 0.444627 0.514643
vt 0.113401 0.789148
vt 0.443000 0.514082
vt 0.443813 0.514480
vt 0.111933 0.749395
vt 0.441638 0.554336
vt 0.443242 0.555312
vt 0.442433 0.555031
vt 0.443284 0.700908
vt 0.132543 0.749395
vt 0.441681 0.701886
vt 0.442476 0.701190
vt 0.444738 0.741523
vt 0.131075 0.789148
vt 0.443114 0.742086
vt 0.443926 0.741687
vt 0.445538 0.781763
vt 0.883277 0.468973
vt 0.715042 0.951529
vt 0.130432 0.828756
vt 0.443904 0.781798
vt 0.881641 0.468940
vt 0.444726 0.781774
vt 0.882464 0.468964
vt 0.882521 0.509286
vt 0.714399 0.911922
vt 0.880893 0.508725
vt 0.881707 0.509123
vt 0.712931 0.872168
vt 0.879531 0.548978
vt 0.881136 0.549955
vt 0.880327 0.549673
vt 0.909775 0.549852
vt 0.951114 0.816715
vt 0.911378 0.548874
vt 0.910583 0.549569
vt 0.908321 0.509236
vt 0.949647 0.856469
vt 0.909945 0.508673
vt 0.909133 0.509072
vt 0.907521 0.468996
vt 0.469782 0.781786
vt 0.949003 0.896076
vt 0.130432 0.830514
vt 0.909155 0.468961
vt 0.471418 0.781819
vt 0.908333 0.468985
vt 0.470595 0.781795
vt 0.470538 0.741473
vt 0.131075 0.870121
vt 0.472166 0.742035
vt 0.471352 0.741636
vt 0.132542 0.909875
vt 0.473528 0.701781
vt 0.471923 0.700805
vt 0.472732 0.701086
vt 0.003205 0.475512
vt 0.477477 0.606026
vt 0.762613 0.821060
vt 0.006122 0.474303
vt 0.002088 0.476629
vt 0.479027 0.606333
vt 0.495049 0.831811
vt 0.000879 0.479546
vt 0.481341 0.370579
vt 0.134784 0.476629
vt 0.247964 0.670545
vt 0.135993 0.479546
vt 0.479788 0.370870
vt 0.133667 0.475512
vt 0.762613 0.696433
vt 0.130750 0.474303
vt 0.479027 0.603960
vt 0.495049 0.607459
vt 0.002088 0.706816
vt 0.000879 0.703898
vt 0.477477 0.604267
vt 0.327575 0.793741
vt 0.006122 0.709142
vt 0.003205 0.707933
vt 0.491737 0.612543
vt 0.327575 0.669114
vt 0.130750 0.709142
vt 0.133667 0.707933
vt 0.493290 0.612834
vt 0.247964 0.894897
vt 0.134785 0.706816
vt 0.135993 0.703898
vt 0.507025 0.835601
vt 0.482538 0.618393
vt 0.757701 0.831915
vt 0.479433 0.617778
vt 0.480176 0.365567
vt 0.251444 0.666755
vt 0.477066 0.366151
vt 0.757701 0.694074
vt 0.482538 0.591899
vt 0.507025 0.603668
vt 0.479433 0.592514
vt 0.332486 0.804596
vt 0.492126 0.617846
vt 0.251444 0.898688
vt 0.489015 0.617262
vt 0.332486 0.666755
vt 0.005005 0.479546
vt 0.006122 0.478429
vt 0.131867 0.479546
vt 0.130750 0.478429
vt 0.005005 0.703898
vt 0.006122 0.705016
vt 0.131867 0.703898
vt 0.130750 0.705016
vt 0.522105 0.835601
vt 0.479607 0.633185
vt 0.742622 0.831915
vt 0.476502 0.632570
vt 0.266524 0.666755
vt 0.477395 0.350746
vt 0.742622 0.694074
vt 0.474285 0.351330
vt 0.479607 0.577106
vt 0.522105 0.603668
vt 0.476502 0.577721
vt 0.347566 0.804596
vt 0.489345 0.632667
vt 0.266524 0.898688
vt 0.486234 0.632083
vt 0.347566 0.666755
vt 0.479377 0.656312
vt 0.538535 0.819324
vt 0.721455 0.822218
vt 0.477025 0.655846
vt 0.282954 0.683032
vt 0.477399 0.327618
vt 0.721455 0.703771
vt 0.475043 0.328060
vt 0.479377 0.553979
vt 0.538535 0.619945
vt 0.368732 0.794900
vt 0.477025 0.554445
vt 0.489349 0.655795
vt 0.282954 0.882411
vt 0.486993 0.655353
vt 0.368732 0.676452
vt 0.492492 0.732916
vt 0.435913 0.715607
vt 0.435913 0.755745
vt 0.481741 0.476829
vt 0.323482 0.748940
vt 0.481341 0.250346
vt 0.323482 0.816502
vt 0.493290 0.733066
vt 0.654274 0.783063
vt 0.481741 0.733460
vt 0.480542 0.250496
vt 0.654274 0.742926
vt 0.579063 0.685854
vt 0.482538 0.476671
vt 0.579063 0.753416
vt 0.482538 0.733618
vt 0.491674 0.735293
vt 0.437915 0.717127
vt 0.928457 0.964541
vt 0.437915 0.754225
vt 0.480899 0.474460
vt 0.965556 0.964541
vt 0.325816 0.749926
vt 0.480478 0.247964
vt 0.927926 0.898392
vt 0.325816 0.815517
vt 0.492428 0.735449
vt 0.927926 0.963983
vt 0.652272 0.781544
vt 0.480899 0.735829
vt 0.965556 0.897834
vt 0.479724 0.248120
vt 0.652272 0.744445
vt 0.928457 0.897835
vt 0.581397 0.686840
vt 0.481651 0.474297
vt 0.966087 0.963983
vt 0.581397 0.752430
vt 0.481651 0.735992
vt 0.966087 0.898392
vt 0.828960 0.000890
vt 0.832425 0.000893
vt 0.835891 0.000896
vt 0.839357 0.000898
vt 0.842822 0.000901
vt 0.846288 0.000904
vt 0.804700 0.000879
vt 0.808166 0.000881
vt 0.811632 0.000882
vt 0.815097 0.000883
vt 0.818563 0.000885
vt 0.822028 0.000886
vt 0.825494 0.000888
vt 0.828906 0.089615
vt 0.832367 0.089443
vt 0.832392 0.089793
vt 0.835825 0.089207
vt 0.835873 0.090037
vt 0.839283 0.088971
vt 0.839355 0.090282
vt 0.842744 0.088799
vt 0.842840 0.090464
vt 0.846209 0.088738
vt 0.804676 0.088714
vt 0.846330 0.090544
vt 0.804553 0.090520
vt 0.808141 0.088779
vt 0.808043 0.090444
vt 0.811602 0.088955
vt 0.811528 0.090265
vt 0.815060 0.089195
vt 0.815010 0.090025
vt 0.818517 0.089435
vt 0.818492 0.089785
vt 0.821978 0.089611
vt 0.825442 0.089612
vt 0.828933 0.100484
vt 0.832405 0.100129
vt 0.832470 0.100822
vt 0.835862 0.099646
vt 0.835991 0.101294
vt 0.839318 0.099162
vt 0.839513 0.101766
vt 0.842791 0.098813
vt 0.843050 0.102105
vt 0.846279 0.098698
vt 0.804594 0.098673
vt 0.846601 0.102215
vt 0.804268 0.102191
vt 0.808082 0.098792
vt 0.807820 0.102085
vt 0.811554 0.099146
vt 0.811357 0.101750
vt 0.815011 0.099633
vt 0.814879 0.101282
vt 0.818467 0.100121
vt 0.818401 0.100814
vt 0.821938 0.100480
vt 0.825436 0.100500
vt 0.829017 0.111863
vt 0.832546 0.111459
vt 0.832649 0.112226
vt 0.836057 0.110915
vt 0.836264 0.112733
vt 0.839569 0.110372
vt 0.839879 0.113240
vt 0.843099 0.109968
vt 0.843511 0.113604
vt 0.846648 0.109806
vt 0.804213 0.109781
vt 0.847159 0.113722
vt 0.803696 0.113697
vt 0.807762 0.109947
vt 0.807345 0.113583
vt 0.811291 0.110355
vt 0.810978 0.113223
vt 0.814802 0.110903
vt 0.814593 0.112720
vt 0.818312 0.111450
vt 0.818209 0.112218
vt 0.821842 0.111859
vt 0.825429 0.111886
vt 0.829109 0.123380
vt 0.832733 0.122938
vt 0.832845 0.123776
vt 0.836335 0.122346
vt 0.836561 0.124330
vt 0.839937 0.121753
vt 0.840276 0.124883
vt 0.843560 0.121313
vt 0.844012 0.125281
vt 0.847207 0.121137
vt 0.803640 0.121111
vt 0.847767 0.125410
vt 0.803074 0.125384
vt 0.807286 0.121292
vt 0.806829 0.125259
vt 0.810910 0.121736
vt 0.810565 0.124866
vt 0.814511 0.122333
vt 0.814282 0.124317
vt 0.818112 0.122930
vt 0.817999 0.123768
vt 0.821735 0.123375
vt 0.825422 0.123404
vt 0.829208 0.135053
vt 0.832934 0.134576
vt 0.832970 0.135505
vt 0.836636 0.133934
vt 0.836709 0.136119
vt 0.840337 0.133293
vt 0.840449 0.136732
vt 0.844064 0.132817
vt 0.844212 0.137176
vt 0.847816 0.132626
vt 0.803017 0.132600
vt 0.847999 0.137318
vt 0.802823 0.137291
vt 0.806769 0.132796
vt 0.806611 0.137153
vt 0.810495 0.133277
vt 0.810376 0.136714
vt 0.814196 0.133922
vt 0.814118 0.136105
vt 0.817897 0.134567
vt 0.817859 0.135496
vt 0.821623 0.135049
vt 0.825416 0.135058
vt 0.829161 0.146175
vt 0.832944 0.145943
vt 0.832882 0.146403
vt 0.836719 0.145623
vt 0.836598 0.146714
vt 0.840495 0.145303
vt 0.840313 0.147025
vt 0.844277 0.145063
vt 0.844034 0.147252
vt 0.848065 0.144956
vt 0.802747 0.144930
vt 0.847761 0.147336
vt 0.803055 0.147335
vt 0.806536 0.145043
vt 0.806782 0.147252
vt 0.810319 0.145288
vt 0.810504 0.147024
vt 0.814095 0.145613
vt 0.814219 0.146713
vt 0.817872 0.145938
vt 0.817934 0.146402
vt 0.821655 0.146175
vt 0.825422 0.146177
vt 0.829157 0.367109
vt 0.832878 0.366882
vt 0.832940 0.367346
vt 0.836593 0.366571
vt 0.836717 0.367671
vt 0.840308 0.366260
vt 0.840493 0.367996
vt 0.844029 0.366032
vt 0.844276 0.368241
vt 0.847757 0.365949
vt 0.803051 0.365948
vt 0.848065 0.368354
vt 0.802747 0.368328
vt 0.806778 0.366031
vt 0.806535 0.368221
vt 0.810499 0.366259
vt 0.810317 0.367981
vt 0.814214 0.366570
vt 0.814092 0.367661
vt 0.817929 0.366881
vt 0.817868 0.367341
vt 0.821650 0.367109
vt 0.825390 0.367106
vt 0.829189 0.378234
vt 0.832953 0.377787
vt 0.832915 0.378716
vt 0.836694 0.377178
vt 0.836616 0.379362
vt 0.840436 0.376570
vt 0.840317 0.380007
vt 0.844201 0.376131
vt 0.844043 0.380488
vt 0.847989 0.375993
vt 0.802813 0.375966
vt 0.847795 0.380683
vt 0.802996 0.380658
vt 0.806600 0.376108
vt 0.806748 0.380467
vt 0.810363 0.376552
vt 0.810475 0.379990
vt 0.814102 0.377165
vt 0.814176 0.379349
vt 0.817842 0.377779
vt 0.817878 0.378708
vt 0.821604 0.378231
vt 0.825396 0.378226
vt 0.829077 0.389908
vt 0.832813 0.389516
vt 0.832700 0.390354
vt 0.836530 0.388967
vt 0.836301 0.390951
vt 0.840246 0.388418
vt 0.839902 0.391548
vt 0.843983 0.388025
vt 0.843526 0.391992
vt 0.847738 0.387900
vt 0.803045 0.387874
vt 0.847171 0.392173
vt 0.803605 0.392147
vt 0.806800 0.388003
vt 0.807251 0.391971
vt 0.810535 0.388401
vt 0.810875 0.391531
vt 0.814251 0.388954
vt 0.814477 0.390938
vt 0.817967 0.389508
vt 0.818079 0.390346
vt 0.821703 0.389904
vt 0.825390 0.389879
vt 0.828970 0.401425
vt 0.832603 0.401066
vt 0.832500 0.401834
vt 0.836219 0.400564
vt 0.836010 0.402381
vt 0.839834 0.400061
vt 0.839521 0.402929
vt 0.843467 0.399701
vt 0.843050 0.403337
vt 0.847116 0.399587
vt 0.803652 0.399562
vt 0.846599 0.403503
vt 0.804164 0.403478
vt 0.807301 0.399680
vt 0.807713 0.403316
vt 0.810933 0.400044
vt 0.811243 0.402912
vt 0.814548 0.400551
vt 0.814754 0.402369
vt 0.818163 0.401058
vt 0.818265 0.401825
vt 0.821795 0.401421
vt 0.825383 0.401398
vt 0.828874 0.412804
vt 0.832411 0.412470
vt 0.832345 0.413163
vt 0.835933 0.412002
vt 0.835801 0.413651
vt 0.839455 0.411534
vt 0.839257 0.414138
vt 0.842992 0.411199
vt 0.842730 0.414492
vt 0.846543 0.411093
vt 0.804211 0.411069
vt 0.846218 0.414611
vt 0.804532 0.414586
vt 0.807762 0.411179
vt 0.808021 0.414471
vt 0.811299 0.411518
vt 0.811493 0.414122
vt 0.814820 0.411990
vt 0.814950 0.413638
vt 0.818342 0.412462
vt 0.818407 0.413155
vt 0.821879 0.412800
vt 0.825376 0.412785
vt 0.828834 0.423673
vt 0.832320 0.423500
vt 0.832295 0.423849
vt 0.835802 0.423259
vt 0.835752 0.424089
vt 0.839284 0.423019
vt 0.839210 0.424329
vt 0.842769 0.422840
vt 0.842671 0.424506
vt 0.846259 0.422764
vt 0.804482 0.422740
vt 0.846136 0.424570
vt 0.804603 0.424546
vt 0.807971 0.422820
vt 0.808068 0.424485
vt 0.811457 0.423002
vt 0.811529 0.424313
vt 0.814938 0.423247
vt 0.814987 0.424077
vt 0.818420 0.423491
vt 0.818444 0.423841
vt 0.821906 0.423669
vt 0.825370 0.423672
vt 0.828783 0.512398
vt 0.832249 0.512400
vt 0.835715 0.512401
vt 0.839180 0.512403
vt 0.842646 0.512404
vt 0.846112 0.512405
vt 0.804523 0.512381
vt 0.807989 0.512384
vt 0.811455 0.512387
vt 0.814920 0.512389
vt 0.818386 0.512392
vt 0.821852 0.512394
vt 0.825318 0.512396
vt 0.816616 0.848154
vt 0.816616 0.849049
vt 0.728593 0.984352
vt 0.729327 0.984206
vt 0.816616 0.842739
vt 0.816616 0.841844
vt 0.723177 0.984352
vt 0.722443 0.984206
vt 0.816616 0.836428
vt 0.816616 0.835534
vt 0.717440 0.982133
vt 0.716817 0.981717
vt 0.816616 0.830118
vt 0.816616 0.829223
vt 0.712988 0.977888
vt 0.712572 0.977265
vt 0.816616 0.823808
vt 0.816616 0.923878
vt 0.710499 0.972262
vt 0.710353 0.971528
vt 0.710499 0.965378
vt 0.816616 0.918463
vt 0.816616 0.917568
vt 0.710353 0.966112
vt 0.712572 0.960374
vt 0.816616 0.912152
vt 0.816616 0.911258
vt 0.712988 0.959752
vt 0.816616 0.905842
vt 0.816616 0.904947
vt 0.716817 0.955922
vt 0.717440 0.955507
vt 0.816616 0.899532
vt 0.816616 0.898637
vt 0.722443 0.953434
vt 0.723177 0.953288
vt 0.816616 0.893221
vt 0.816616 0.892327
vt 0.728593 0.953288
vt 0.729327 0.953434
vt 0.816616 0.886911
vt 0.816616 0.886016
vt 0.734331 0.955507
vt 0.734953 0.955922
vt 0.816616 0.880601
vt 0.816616 0.879706
vt 0.738783 0.959752
vt 0.739199 0.960374
vt 0.816616 0.874290
vt 0.816616 0.873396
vt 0.741271 0.965378
vt 0.741417 0.966112
vt 0.816616 0.867980
vt 0.816616 0.867085
vt 0.741271 0.972262
vt 0.741417 0.971528
vt 0.816616 0.861670
vt 0.816616 0.860775
vt 0.739199 0.977265
vt 0.738783 0.977888
vt 0.816616 0.855359
vt 0.816616 0.854465
vt 0.734953 0.981717
vt 0.734331 0.982133
vt 0.776488 0.846652
vt 0.776488 0.850552
vt 0.771635 0.832574
vt 0.791825 0.848602
vt 0.779555 0.847254
vt 0.779556 0.849949
vt 0.782623 0.847798
vt 0.782623 0.849406
vt 0.785690 0.848229
vt 0.785690 0.848974
vt 0.788757 0.848506
vt 0.788757 0.848697
vt 0.776488 0.844242
vt 0.776488 0.840341
vt 0.773862 0.831652
vt 0.791825 0.842291
vt 0.779555 0.843639
vt 0.779555 0.840944
vt 0.782623 0.843095
vt 0.782623 0.841488
vt 0.785690 0.842664
vt 0.785690 0.841919
vt 0.788757 0.842387
vt 0.788757 0.842196
vt 0.776488 0.837931
vt 0.776488 0.834031
vt 0.775566 0.829947
vt 0.791825 0.835981
vt 0.779555 0.837329
vt 0.779555 0.834634
vt 0.782623 0.836785
vt 0.782623 0.835177
vt 0.785690 0.836354
vt 0.785690 0.835609
vt 0.788757 0.836077
vt 0.788757 0.835886
vt 0.776488 0.831621
vt 0.776488 0.827721
vt 0.791825 0.829671
vt 0.779555 0.831018
vt 0.779556 0.828323
vt 0.782623 0.830475
vt 0.782623 0.828867
vt 0.785690 0.830043
vt 0.785690 0.829298
vt 0.788757 0.829766
vt 0.788757 0.829575
vt 0.776488 0.922376
vt 0.776488 0.825311
vt 0.791824 0.823361
vt 0.791824 0.924326
vt 0.779555 0.824708
vt 0.779555 0.922978
vt 0.782623 0.824164
vt 0.782623 0.923522
vt 0.785690 0.823733
vt 0.785690 0.923953
vt 0.788757 0.823456
vt 0.788757 0.924230
vt 0.776488 0.919965
vt 0.776488 0.916065
vt 0.775566 0.823084
vt 0.791825 0.918015
vt 0.779556 0.919363
vt 0.779555 0.916668
vt 0.782623 0.918819
vt 0.782623 0.917211
vt 0.785690 0.918388
vt 0.785690 0.917643
vt 0.788757 0.918111
vt 0.788757 0.917920
vt 0.776488 0.913655
vt 0.776488 0.909755
vt 0.773862 0.821380
vt 0.791825 0.911705
vt 0.779555 0.913052
vt 0.779555 0.910357
vt 0.782623 0.912509
vt 0.782623 0.910901
vt 0.785690 0.912077
vt 0.785690 0.911332
vt 0.788757 0.911800
vt 0.788757 0.911609
vt 0.776488 0.907345
vt 0.776488 0.903444
vt 0.771635 0.820457
vt 0.791825 0.905395
vt 0.779556 0.906742
vt 0.779556 0.904047
vt 0.782623 0.906198
vt 0.782623 0.904591
vt 0.785690 0.905767
vt 0.785690 0.905022
vt 0.788757 0.905490
vt 0.788757 0.905299
vt 0.776488 0.901034
vt 0.776488 0.897134
vt 0.769225 0.820457
vt 0.791825 0.899084
vt 0.779556 0.900432
vt 0.779556 0.897737
vt 0.782623 0.899888
vt 0.782623 0.898280
vt 0.785690 0.899457
vt 0.785690 0.898712
vt 0.788757 0.899180
vt 0.788757 0.898989
vt 0.776488 0.894724
vt 0.776488 0.890824
vt 0.766998 0.821380
vt 0.791825 0.892774
vt 0.779555 0.894121
vt 0.779556 0.891426
vt 0.782623 0.893578
vt 0.782623 0.891970
vt 0.785690 0.893146
vt 0.785690 0.892402
vt 0.788757 0.892869
vt 0.788757 0.892678
vt 0.776488 0.888414
vt 0.776488 0.884514
vt 0.765294 0.823084
vt 0.791825 0.886464
vt 0.779556 0.887811
vt 0.779556 0.885116
vt 0.782623 0.887267
vt 0.782623 0.885660
vt 0.785690 0.886836
vt 0.785690 0.886091
vt 0.788757 0.886559
vt 0.788757 0.886368
vt 0.776488 0.882103
vt 0.776488 0.878203
vt 0.764371 0.825311
vt 0.791824 0.880153
vt 0.779556 0.881501
vt 0.779556 0.878806
vt 0.782623 0.880957
vt 0.782623 0.879349
vt 0.785690 0.880526
vt 0.785690 0.879781
vt 0.788757 0.880249
vt 0.788757 0.880058
vt 0.776488 0.875793
vt 0.776488 0.871893
vt 0.764371 0.827721
vt 0.791825 0.873843
vt 0.779556 0.875190
vt 0.779555 0.872496
vt 0.782623 0.874647
vt 0.782623 0.873039
vt 0.785690 0.874215
vt 0.785690 0.873471
vt 0.788757 0.873938
vt 0.788757 0.873748
vt 0.776488 0.869483
vt 0.776488 0.865583
vt 0.765294 0.829948
vt 0.791825 0.867533
vt 0.779556 0.868880
vt 0.779555 0.866185
vt 0.782623 0.868337
vt 0.782623 0.866729
vt 0.785690 0.867905
vt 0.785690 0.867160
vt 0.788757 0.867628
vt 0.788757 0.867437
vt 0.776488 0.863172
vt 0.776488 0.859272
vt 0.766998 0.831652
vt 0.791825 0.861222
vt 0.779556 0.862570
vt 0.779555 0.859875
vt 0.782623 0.862026
vt 0.782623 0.860418
vt 0.785690 0.861595
vt 0.785690 0.860850
vt 0.788757 0.861318
vt 0.788757 0.861127
vt 0.776488 0.856862
vt 0.776488 0.852962
vt 0.769225 0.832574
vt 0.791825 0.854912
vt 0.779555 0.856259
vt 0.779556 0.853565
vt 0.782623 0.855716
vt 0.782623 0.854108
vt 0.785690 0.855285
vt 0.785690 0.854540
vt 0.788757 0.855007
vt 0.788757 0.854817
vt 0.814366 0.848602
vt 0.814366 0.842291
vt 0.814366 0.835981
vt 0.814366 0.829671
vt 0.814367 0.823361
vt 0.814366 0.924326
vt 0.814366 0.918015
vt 0.814366 0.911705
vt 0.814366 0.905395
vt 0.814366 0.899084
vt 0.814367 0.892774
vt 0.814366 0.886464
vt 0.814366 0.880153
vt 0.814367 0.873843
vt 0.814366 0.867533
vt 0.814366 0.861222
vt 0.814366 0.854912
vt 0.726566 0.972244
vt 0.493290 0.773344
vt 0.725204 0.972244
vt 0.493290 0.774706
vt 0.723946 0.971722
vt 0.493290 0.776068
vt 0.722983 0.970759
vt 0.493290 0.777430
vt 0.722461 0.969501
vt 0.493290 0.778792
vt 0.722461 0.968139
vt 0.493290 0.780154
vt 0.493290 0.758361
vt 0.722983 0.966881
vt 0.493290 0.759723
vt 0.723946 0.965917
vt 0.493290 0.761085
vt 0.725204 0.965396
vt 0.493290 0.762447
vt 0.726566 0.965396
vt 0.493290 0.763810
vt 0.727825 0.965917
vt 0.493290 0.765172
vt 0.728788 0.966880
vt 0.493290 0.766534
vt 0.729309 0.968139
vt 0.493290 0.767896
vt 0.729309 0.969501
vt 0.493290 0.769258
vt 0.728788 0.970759
vt 0.493290 0.770620
vt 0.727825 0.971722
vt 0.493290 0.771982
vt 0.728593 0.982433
vt 0.723177 0.982433
vt 0.718174 0.980360
vt 0.714345 0.976531
vt 0.712272 0.971528
vt 0.712272 0.966112
vt 0.714345 0.961109
vt 0.718174 0.957279
vt 0.723177 0.955207
vt 0.728593 0.955207
vt 0.733596 0.957279
vt 0.737426 0.961109
vt 0.739498 0.966112
vt 0.739498 0.971528
vt 0.737426 0.976531
vt 0.733596 0.980360
vt 0.490073 0.773344
vt 0.490073 0.774706
vt 0.490073 0.776068
vt 0.490073 0.777430
vt 0.490073 0.778792
vt 0.490073 0.780154
vt 0.490073 0.758361
vt 0.490073 0.759723
vt 0.490073 0.761085
vt 0.490073 0.762447
vt 0.490073 0.763810
vt 0.490073 0.765172
vt 0.490073 0.766534
vt 0.490073 0.767896
vt 0.490073 0.769258
vt 0.490073 0.770620
vt 0.490073 0.771982
vt 0.429430 0.885430
vt 0.429430 0.884535
vt 0.065884 0.977989
vt 0.065468 0.978611
vt 0.429430 0.890845
vt 0.429430 0.891740
vt 0.067956 0.972985
vt 0.068102 0.972251
vt 0.429430 0.897155
vt 0.429430 0.898050
vt 0.068102 0.966835
vt 0.067956 0.966101
vt 0.429430 0.903466
vt 0.429430 0.904360
vt 0.065884 0.961098
vt 0.065468 0.960475
vt 0.429430 0.909776
vt 0.429430 0.809706
vt 0.061638 0.956646
vt 0.061016 0.956230
vt 0.055278 0.954011
vt 0.429430 0.815121
vt 0.429430 0.816016
vt 0.056013 0.954157
vt 0.049863 0.954011
vt 0.429430 0.821432
vt 0.429430 0.822326
vt 0.049128 0.954157
vt 0.429430 0.827742
vt 0.429430 0.828637
vt 0.044125 0.956230
vt 0.043503 0.956646
vt 0.429430 0.834052
vt 0.429430 0.834947
vt 0.039673 0.960475
vt 0.039257 0.961098
vt 0.429430 0.840363
vt 0.429430 0.841257
vt 0.037185 0.966101
vt 0.037039 0.966835
vt 0.429430 0.846673
vt 0.429430 0.847568
vt 0.037039 0.972251
vt 0.037185 0.972985
vt 0.429430 0.852983
vt 0.429430 0.853878
vt 0.039257 0.977989
vt 0.039673 0.978611
vt 0.429430 0.859294
vt 0.429430 0.860188
vt 0.043502 0.982441
vt 0.044125 0.982857
vt 0.429430 0.865604
vt 0.429430 0.866499
vt 0.049863 0.985075
vt 0.049128 0.984929
vt 0.429430 0.871914
vt 0.429430 0.872809
vt 0.055278 0.985075
vt 0.056013 0.984929
vt 0.429430 0.878224
vt 0.429430 0.879119
vt 0.061016 0.982857
vt 0.061638 0.982441
vt 0.389303 0.886932
vt 0.389303 0.883032
vt 0.382039 0.806355
vt 0.404639 0.884982
vt 0.392370 0.886330
vt 0.392370 0.883635
vt 0.395437 0.885786
vt 0.395437 0.884178
vt 0.398504 0.885355
vt 0.398504 0.884610
vt 0.401572 0.885078
vt 0.401572 0.884887
vt 0.389303 0.889342
vt 0.389303 0.893243
vt 0.384449 0.806355
vt 0.404639 0.891292
vt 0.392370 0.889945
vt 0.392370 0.892640
vt 0.395437 0.890489
vt 0.395437 0.892096
vt 0.398504 0.890920
vt 0.398504 0.891665
vt 0.401572 0.891197
vt 0.401572 0.891388
vt 0.389303 0.895653
vt 0.389303 0.899553
vt 0.386676 0.807277
vt 0.404639 0.897603
vt 0.392370 0.896255
vt 0.392370 0.898950
vt 0.395437 0.896799
vt 0.395437 0.898407
vt 0.398504 0.897230
vt 0.398504 0.897975
vt 0.401572 0.897507
vt 0.401572 0.897698
vt 0.389303 0.901963
vt 0.389303 0.905863
vt 0.388380 0.808982
vt 0.404639 0.903913
vt 0.392370 0.902566
vt 0.392370 0.905261
vt 0.395437 0.903109
vt 0.395437 0.904717
vt 0.398504 0.903541
vt 0.398504 0.904285
vt 0.401572 0.903818
vt 0.401572 0.904009
vt 0.389303 0.908273
vt 0.389303 0.811208
vt 0.404639 0.910223
vt 0.404639 0.809258
vt 0.392370 0.908876
vt 0.392370 0.810606
vt 0.395437 0.909420
vt 0.395437 0.810062
vt 0.398504 0.909851
vt 0.398504 0.809631
vt 0.401572 0.910128
vt 0.401572 0.809354
vt 0.389303 0.817519
vt 0.389303 0.813619
vt 0.404639 0.815569
vt 0.392370 0.814221
vt 0.392370 0.816916
vt 0.395437 0.814765
vt 0.395437 0.816373
vt 0.398504 0.815196
vt 0.398504 0.815941
vt 0.401572 0.815473
vt 0.401572 0.815664
vt 0.389303 0.819929
vt 0.389303 0.823829
vt 0.388380 0.815845
vt 0.404639 0.821879
vt 0.392370 0.820532
vt 0.392370 0.823227
vt 0.395437 0.821075
vt 0.395437 0.822683
vt 0.398504 0.821507
vt 0.398504 0.822251
vt 0.401572 0.821784
vt 0.401572 0.821975
vt 0.389303 0.826239
vt 0.389303 0.830139
vt 0.386676 0.817550
vt 0.404639 0.828189
vt 0.392370 0.826842
vt 0.392370 0.829537
vt 0.395437 0.827385
vt 0.395437 0.828993
vt 0.398504 0.827817
vt 0.398504 0.828562
vt 0.401572 0.828094
vt 0.401572 0.828285
vt 0.389303 0.832550
vt 0.389303 0.836450
vt 0.384449 0.818472
vt 0.404639 0.834500
vt 0.392370 0.833152
vt 0.392370 0.835847
vt 0.395437 0.833696
vt 0.395437 0.835304
vt 0.398504 0.834127
vt 0.398504 0.834872
vt 0.401572 0.834404
vt 0.401572 0.834595
vt 0.389303 0.838860
vt 0.389303 0.842760
vt 0.382039 0.818472
vt 0.404639 0.840810
vt 0.392370 0.839463
vt 0.392370 0.842157
vt 0.395437 0.840006
vt 0.395437 0.841614
vt 0.398504 0.840438
vt 0.398504 0.841182
vt 0.401572 0.840715
vt 0.401572 0.840905
vt 0.389303 0.845170
vt 0.389303 0.849070
vt 0.379812 0.817550
vt 0.404639 0.847120
vt 0.392370 0.845773
vt 0.392370 0.848468
vt 0.395437 0.846316
vt 0.395437 0.847924
vt 0.398504 0.846748
vt 0.398504 0.847493
vt 0.401572 0.847025
vt 0.401572 0.847216
vt 0.389303 0.851481
vt 0.389303 0.855381
vt 0.378108 0.815845
vt 0.404639 0.853431
vt 0.392370 0.852083
vt 0.392370 0.854778
vt 0.395437 0.852627
vt 0.395437 0.854234
vt 0.398504 0.853058
vt 0.398504 0.853803
vt 0.401572 0.853335
vt 0.401572 0.853526
vt 0.389303 0.857791
vt 0.389303 0.861691
vt 0.377186 0.813619
vt 0.404639 0.859741
vt 0.392370 0.858393
vt 0.392370 0.861088
vt 0.395437 0.858937
vt 0.395437 0.860545
vt 0.398504 0.859369
vt 0.398504 0.860113
vt 0.401572 0.859645
vt 0.401572 0.859836
vt 0.389303 0.864101
vt 0.389303 0.868001
vt 0.377186 0.811208
vt 0.404639 0.866051
vt 0.392370 0.864704
vt 0.392370 0.867399
vt 0.395437 0.865247
vt 0.395437 0.866855
vt 0.398504 0.865679
vt 0.398504 0.866424
vt 0.401572 0.865956
vt 0.401572 0.866147
vt 0.389303 0.870412
vt 0.389303 0.874312
vt 0.378108 0.808982
vt 0.404639 0.872362
vt 0.392370 0.871014
vt 0.392370 0.873709
vt 0.395437 0.871558
vt 0.395437 0.873165
vt 0.398504 0.871989
vt 0.398504 0.872734
vt 0.401572 0.872266
vt 0.401572 0.872457
vt 0.389303 0.876722
vt 0.389303 0.880622
vt 0.379812 0.807277
vt 0.404639 0.878672
vt 0.392370 0.877324
vt 0.392370 0.880019
vt 0.395437 0.877868
vt 0.395437 0.879476
vt 0.398504 0.878299
vt 0.398504 0.879044
vt 0.401572 0.878576
vt 0.401572 0.878767
vt 0.427181 0.884982
vt 0.427181 0.891292
vt 0.427181 0.897603
vt 0.427181 0.903913
vt 0.427181 0.910223
vt 0.427181 0.809258
vt 0.427181 0.815569
vt 0.427181 0.821879
vt 0.427181 0.828189
vt 0.427181 0.834500
vt 0.427181 0.840810
vt 0.427181 0.847120
vt 0.427181 0.853431
vt 0.427181 0.859741
vt 0.427181 0.866051
vt 0.427181 0.872362
vt 0.427181 0.878672
vt 0.055473 0.971483
vt 0.479320 0.754095
vt 0.055994 0.970224
vt 0.479320 0.755457
vt 0.055994 0.968862
vt 0.479320 0.756819
vt 0.055473 0.967604
vt 0.479320 0.758181
vt 0.054510 0.966641
vt 0.479320 0.759543
vt 0.479320 0.737750
vt 0.053251 0.966120
vt 0.479320 0.739112
vt 0.051889 0.966120
vt 0.479320 0.740474
vt 0.050631 0.966641
vt 0.479320 0.741836
vt 0.049668 0.967604
vt 0.479320 0.743198
vt 0.049147 0.968862
vt 0.479320 0.744560
vt 0.049147 0.970224
vt 0.479320 0.745922
vt 0.049668 0.971483
vt 0.479320 0.747284
vt 0.050631 0.972446
vt 0.479320 0.748646
vt 0.051889 0.972967
vt 0.479320 0.750009
vt 0.053251 0.972967
vt 0.479320 0.751371
vt 0.054510 0.972446
vt 0.479320 0.752733
vt 0.064111 0.977254
vt 0.066183 0.972251
vt 0.066183 0.966835
vt 0.064111 0.961832
vt 0.060282 0.958003
vt 0.055278 0.955930
vt 0.049863 0.955930
vt 0.044859 0.958003
vt 0.041030 0.961832
vt 0.038958 0.966835
vt 0.038957 0.972251
vt 0.041030 0.977254
vt 0.044859 0.981084
vt 0.049863 0.983156
vt 0.055278 0.983156
vt 0.060282 0.981084
vt 0.482538 0.754095
vt 0.482538 0.755457
vt 0.482538 0.756819
vt 0.482538 0.758181
vt 0.482538 0.759543
vt 0.482538 0.737750
vt 0.482538 0.739112
vt 0.482538 0.740474
vt 0.482538 0.741836
vt 0.482538 0.743198
vt 0.482538 0.744560
vt 0.482538 0.745922
vt 0.482538 0.747284
vt 0.482538 0.748646
vt 0.482538 0.750009
vt 0.482538 0.751371
vt 0.482538 0.752733
vt 0.758126 0.000879
vt 0.764249 0.000879
vt 0.770372 0.000879
vt 0.776496 0.000879
vt 0.782619 0.000879
vt 0.788742 0.000879
vt 0.794865 0.000879
vt 0.800988 0.000879
vt 0.727510 0.000879
vt 0.733633 0.000879
vt 0.739756 0.000879
vt 0.745879 0.000879
vt 0.752003 0.000879
vt 0.758126 0.520610
vt 0.764249 0.520610
vt 0.770372 0.520610
vt 0.776496 0.520610
vt 0.782619 0.520610
vt 0.788742 0.520610
vt 0.794865 0.520610
vt 0.800988 0.520610
vt 0.727510 0.520610
vt 0.733633 0.520610
vt 0.739756 0.520610
vt 0.745879 0.520610
vt 0.752003 0.520610
vt 0.874697 0.820457
vt 0.874697 0.897668
vt 0.753100 0.909230
vt 0.874697 0.826891
vt 0.758673 0.906013
vt 0.874697 0.833326
vt 0.761890 0.900441
vt 0.874697 0.839760
vt 0.761890 0.894007
vt 0.874697 0.846194
vt 0.758673 0.888434
vt 0.874697 0.852629
vt 0.753100 0.885217
vt 0.874697 0.859063
vt 0.746666 0.885217
vt 0.874697 0.865497
vt 0.741094 0.888434
vt 0.874697 0.871931
vt 0.737877 0.894007
vt 0.874697 0.878366
vt 0.737877 0.900441
vt 0.874697 0.884800
vt 0.741094 0.906013
vt 0.874697 0.891234
vt 0.746666 0.909230
vt 0.818374 0.820457
vt 0.818374 0.897668
vt 0.474285 0.457166
vt 0.474285 0.372947
vt 0.474285 0.380019
vt 0.818374 0.891234
vt 0.474285 0.379382
vt 0.474285 0.450094
vt 0.818374 0.826891
vt 0.474285 0.450731
vt 0.474285 0.443660
vt 0.474285 0.443023
vt 0.818374 0.833326
vt 0.474285 0.436589
vt 0.474285 0.435952
vt 0.818374 0.839760
vt 0.474285 0.429517
vt 0.818374 0.846194
vt 0.474285 0.428880
vt 0.818374 0.852629
vt 0.474285 0.421809
vt 0.474285 0.422446
vt 0.818374 0.859063
vt 0.474285 0.414738
vt 0.474285 0.415375
vt 0.818374 0.865497
vt 0.474285 0.407666
vt 0.474285 0.408303
vt 0.474285 0.400595
vt 0.818374 0.871931
vt 0.474285 0.401232
vt 0.474285 0.394161
vt 0.474285 0.393524
vt 0.818374 0.878366
vt 0.474285 0.387090
vt 0.474285 0.386453
vt 0.818374 0.884800
vt 0.475473 0.457484
vt 0.475474 0.372629
vt 0.481387 0.372629
vt 0.481387 0.457484
vt 0.132210 0.953664
vt 0.481387 0.379700
vt 0.126087 0.950128
vt 0.475473 0.379700
vt 0.475473 0.450413
vt 0.481387 0.450413
vt 0.135746 0.959788
vt 0.475473 0.443341
vt 0.481387 0.443341
vt 0.135746 0.966859
vt 0.475473 0.436270
vt 0.481387 0.436270
vt 0.132210 0.972983
vt 0.475473 0.429199
vt 0.481387 0.429199
vt 0.126086 0.976519
vt 0.475473 0.422127
vt 0.481387 0.422127
vt 0.119015 0.976519
vt 0.475473 0.415056
vt 0.481387 0.415056
vt 0.112891 0.972983
vt 0.475473 0.407985
vt 0.481387 0.407985
vt 0.109356 0.966859
vt 0.475473 0.400914
vt 0.481387 0.400914
vt 0.109356 0.959788
vt 0.475473 0.393842
vt 0.481387 0.393842
vt 0.112891 0.953664
vt 0.475473 0.386771
vt 0.481387 0.386771
vt 0.119015 0.950128
vt 0.225461 0.924318
vt 0.225461 0.853723
vt 0.225461 0.859606
vt 0.225461 0.865489
vt 0.225461 0.871372
vt 0.225461 0.877255
vt 0.225461 0.883138
vt 0.225461 0.889021
vt 0.225461 0.894904
vt 0.225461 0.900787
vt 0.225461 0.906670
vt 0.225461 0.912553
vt 0.225461 0.918436
vt 0.182486 0.924318
vt 0.182486 0.853723
vt 0.182486 0.859606
vt 0.182486 0.865489
vt 0.182486 0.871372
vt 0.182486 0.877255
vt 0.182486 0.883138
vt 0.182486 0.889021
vt 0.182486 0.894904
vt 0.182486 0.900787
vt 0.182486 0.906670
vt 0.182486 0.912553
vt 0.182486 0.918436
vt 0.876489 0.178224
vt 0.493290 0.414257
vt 0.876490 0.177262
vt 0.850033 0.177733
vt 0.331113 0.239945
vt 0.876496 0.161184
vt 0.493290 0.429374
vt 0.876495 0.162146
vt 0.850039 0.161655
vt 0.346645 0.244107
vt 0.876501 0.146069
vt 0.876502 0.145107
vt 0.493290 0.444492
vt 0.850045 0.145577
vt 0.362587 0.246206
vt 0.876508 0.129991
vt 0.876508 0.129029
vt 0.493290 0.459609
vt 0.850051 0.129500
vt 0.378666 0.246205
vt 0.876514 0.113913
vt 0.876514 0.112951
vt 0.493290 0.474727
vt 0.850057 0.113422
vt 0.394608 0.244107
vt 0.876520 0.097836
vt 0.876520 0.096874
vt 0.493290 0.489844
vt 0.850063 0.097345
vt 0.410140 0.239945
vt 0.876526 0.081758
vt 0.876526 0.080796
vt 0.493290 0.504962
vt 0.850069 0.081267
vt 0.424995 0.233792
vt 0.876532 0.065681
vt 0.876532 0.064719
vt 0.493290 0.520079
vt 0.850075 0.065190
vt 0.438921 0.225752
vt 0.876538 0.049603
vt 0.876539 0.048641
vt 0.493290 0.535197
vt 0.850082 0.049112
vt 0.451678 0.215964
vt 0.876544 0.033526
vt 0.876545 0.032564
vt 0.493290 0.550314
vt 0.850088 0.033034
vt 0.463048 0.204594
vt 0.876550 0.017448
vt 0.876551 0.016486
vt 0.493290 0.565432
vt 0.850094 0.016957
vt 0.472836 0.191837
vt 0.876557 0.001370
vt 0.876557 0.772086
vt 0.493290 0.580549
vt 0.850100 0.000879
vt 0.849985 0.772702
vt 0.480876 0.177912
vt 0.876480 0.756903
vt 0.876501 0.755865
vt 0.493290 0.595667
vt 0.849904 0.756554
vt 0.487030 0.163056
vt 0.876291 0.740685
vt 0.876298 0.740059
vt 0.493290 0.610784
vt 0.237260 0.610784
vt 0.849823 0.740399
vt 0.491191 0.147525
vt 0.876354 0.724849
vt 0.876277 0.723857
vt 0.237260 0.595667
vt 0.849829 0.724328
vt 0.493290 0.131583
vt 0.876283 0.708747
vt 0.876283 0.707785
vt 0.237260 0.580549
vt 0.849835 0.708256
vt 0.493290 0.115503
vt 0.876289 0.692674
vt 0.876290 0.691713
vt 0.237260 0.565431
vt 0.849841 0.692183
vt 0.491192 0.099561
vt 0.876296 0.676601
vt 0.876297 0.675640
vt 0.237260 0.550314
vt 0.849847 0.676111
vt 0.487030 0.084030
vt 0.876302 0.660528
vt 0.876303 0.659566
vt 0.237261 0.535197
vt 0.849852 0.660037
vt 0.480877 0.069174
vt 0.876309 0.644454
vt 0.876310 0.643492
vt 0.237261 0.520079
vt 0.849858 0.643963
vt 0.472837 0.055249
vt 0.876315 0.628380
vt 0.876316 0.627418
vt 0.237261 0.504962
vt 0.849864 0.627889
vt 0.463048 0.042492
vt 0.876322 0.612305
vt 0.876323 0.611343
vt 0.237261 0.489844
vt 0.849870 0.611814
vt 0.451678 0.031122
vt 0.876328 0.596230
vt 0.876329 0.595268
vt 0.237261 0.474727
vt 0.849876 0.595739
vt 0.438922 0.021333
vt 0.876335 0.580155
vt 0.876335 0.579193
vt 0.237261 0.459609
vt 0.849882 0.579664
vt 0.424997 0.013294
vt 0.876341 0.564079
vt 0.876342 0.563117
vt 0.237261 0.444492
vt 0.849888 0.563588
vt 0.410141 0.007140
vt 0.876348 0.548003
vt 0.876348 0.547041
vt 0.237261 0.429374
vt 0.849894 0.547512
vt 0.394609 0.002978
vt 0.876354 0.531927
vt 0.876354 0.530965
vt 0.237260 0.414257
vt 0.849899 0.531436
vt 0.378667 0.000879
vt 0.876360 0.515850
vt 0.876361 0.514888
vt 0.237260 0.399139
vt 0.849905 0.515359
vt 0.362588 0.000879
vt 0.876366 0.499774
vt 0.876367 0.498812
vt 0.237260 0.384022
vt 0.849911 0.499283
vt 0.346646 0.002978
vt 0.876373 0.483697
vt 0.876373 0.482735
vt 0.237260 0.368904
vt 0.849917 0.483206
vt 0.331114 0.007140
vt 0.876379 0.467619
vt 0.876379 0.466658
vt 0.237260 0.353787
vt 0.849923 0.467128
vt 0.316259 0.013293
vt 0.876385 0.451542
vt 0.876385 0.450580
vt 0.237260 0.338669
vt 0.849929 0.451051
vt 0.302333 0.021333
vt 0.876391 0.435465
vt 0.876392 0.434503
vt 0.237260 0.323552
vt 0.849935 0.434974
vt 0.289577 0.031121
vt 0.876397 0.419387
vt 0.876398 0.418425
vt 0.237260 0.308434
vt 0.849941 0.418896
vt 0.278207 0.042491
vt 0.876403 0.403310
vt 0.876404 0.402348
vt 0.237260 0.293316
vt 0.849947 0.402819
vt 0.268418 0.055248
vt 0.876410 0.387232
vt 0.876410 0.386270
vt 0.237260 0.278199
vt 0.849953 0.386741
vt 0.260378 0.069173
vt 0.876416 0.371155
vt 0.876416 0.370193
vt 0.237260 0.263082
vt 0.849959 0.370664
vt 0.254225 0.084029
vt 0.876422 0.355077
vt 0.876422 0.354115
vt 0.237260 0.247964
vt 0.493290 0.247964
vt 0.849965 0.354586
vt 0.250063 0.099560
vt 0.876428 0.338999
vt 0.876428 0.338038
vt 0.493290 0.263082
vt 0.849971 0.338508
vt 0.247964 0.115502
vt 0.876434 0.322922
vt 0.876434 0.321960
vt 0.493290 0.278199
vt 0.849977 0.322431
vt 0.247964 0.131582
vt 0.876440 0.306844
vt 0.876441 0.305882
vt 0.493290 0.293317
vt 0.849984 0.306353
vt 0.250063 0.147524
vt 0.876446 0.290767
vt 0.876447 0.289805
vt 0.493290 0.308434
vt 0.849990 0.290276
vt 0.254224 0.163055
vt 0.876452 0.274689
vt 0.876453 0.273727
vt 0.493290 0.323552
vt 0.849996 0.274198
vt 0.260378 0.177911
vt 0.876459 0.258612
vt 0.876459 0.257650
vt 0.493290 0.338669
vt 0.850002 0.258121
vt 0.268417 0.191836
vt 0.876465 0.242534
vt 0.876465 0.241572
vt 0.493290 0.353787
vt 0.850008 0.242043
vt 0.278206 0.204593
vt 0.876471 0.226456
vt 0.876471 0.225495
vt 0.493290 0.368904
vt 0.850014 0.225965
vt 0.289576 0.215963
vt 0.876477 0.210379
vt 0.876477 0.209417
vt 0.493290 0.384022
vt 0.850020 0.209888
vt 0.302332 0.225752
vt 0.876483 0.194301
vt 0.876483 0.193339
vt 0.493290 0.399139
vt 0.850026 0.193810
vt 0.316258 0.233791
vt 0.487835 0.414257
vt 0.487835 0.444492
vt 0.487835 0.474727
vt 0.487835 0.535197
vt 0.487834 0.565432
vt 0.487834 0.610784
vt 0.242715 0.610784
vt 0.242715 0.580549
vt 0.242716 0.565431
vt 0.242716 0.535197
vt 0.242716 0.520079
vt 0.242716 0.489844
vt 0.242716 0.429374
vt 0.242716 0.414256
vt 0.242716 0.399139
vt 0.242715 0.308434
vt 0.242715 0.293317
vt 0.242715 0.278199
vt 0.242715 0.263082
vt 0.487834 0.263082
vt 0.487835 0.278199
vt 0.487835 0.399139
vt 0.484994 0.414443
vt 0.484994 0.414070
vt 0.603569 0.188880
vt 0.484994 0.429188
vt 0.484994 0.429560
vt 0.605547 0.174229
vt 0.484994 0.444306
vt 0.484994 0.444678
vt 0.607713 0.159543
vt 0.484994 0.459423
vt 0.484994 0.459795
vt 0.610075 0.144887
vt 0.484994 0.474541
vt 0.484994 0.474913
vt 0.612606 0.130323
vt 0.484994 0.489658
vt 0.484994 0.490030
vt 0.615303 0.115851
vt 0.484994 0.504775
vt 0.484994 0.505148
vt 0.618164 0.101474
vt 0.484994 0.519893
vt 0.484994 0.520265
vt 0.621184 0.087129
vt 0.484994 0.535010
vt 0.484994 0.535383
vt 0.624393 0.072763
vt 0.484994 0.550128
vt 0.484994 0.550500
vt 0.627791 0.058376
vt 0.484994 0.565245
vt 0.484994 0.565618
vt 0.631378 0.044003
vt 0.484994 0.580363
vt 0.484994 0.580735
vt 0.635145 0.029649
vt 0.484993 0.595480
vt 0.484993 0.595853
vt 0.638930 0.015248
vt 0.484993 0.610598
vt 0.245556 0.610598
vt 0.642975 0.699320
vt 0.642883 0.000879
vt 0.245556 0.595853
vt 0.245556 0.595480
vt 0.638894 0.685111
vt 0.245556 0.580735
vt 0.245556 0.580363
vt 0.634985 0.670877
vt 0.245557 0.565618
vt 0.245557 0.565245
vt 0.631268 0.656624
vt 0.245557 0.550500
vt 0.245557 0.550128
vt 0.627741 0.642386
vt 0.245557 0.535383
vt 0.245557 0.535010
vt 0.624402 0.628167
vt 0.245557 0.520265
vt 0.245557 0.519893
vt 0.621220 0.613912
vt 0.245557 0.505148
vt 0.245557 0.504775
vt 0.618200 0.599559
vt 0.245557 0.490030
vt 0.245557 0.489658
vt 0.615357 0.585138
vt 0.245557 0.474913
vt 0.245557 0.474540
vt 0.612689 0.570684
vt 0.245557 0.459795
vt 0.245557 0.459423
vt 0.610184 0.556168
vt 0.245557 0.444678
vt 0.245557 0.444305
vt 0.607875 0.541621
vt 0.245557 0.429560
vt 0.245557 0.429188
vt 0.605726 0.527050
vt 0.245557 0.414443
vt 0.245557 0.414070
vt 0.603757 0.512421
vt 0.245557 0.399325
vt 0.245557 0.398953
vt 0.601968 0.497769
vt 0.245557 0.384208
vt 0.245557 0.383835
vt 0.600357 0.483096
vt 0.245557 0.369090
vt 0.245557 0.368718
vt 0.598940 0.468434
vt 0.245556 0.353973
vt 0.245556 0.353600
vt 0.597706 0.453818
vt 0.245556 0.338855
vt 0.245556 0.338483
vt 0.596635 0.439189
vt 0.245556 0.323738
vt 0.245556 0.323365
vt 0.595739 0.424487
vt 0.245556 0.308620
vt 0.245556 0.308248
vt 0.595027 0.409744
vt 0.245556 0.293503
vt 0.245556 0.293130
vt 0.594496 0.394992
vt 0.245556 0.278385
vt 0.245556 0.278013
vt 0.594141 0.380210
vt 0.245556 0.263268
vt 0.245556 0.262895
vt 0.593791 0.365377
vt 0.245556 0.248150
vt 0.484993 0.248150
vt 0.593614 0.350565
vt 0.484993 0.262895
vt 0.484993 0.263268
vt 0.593618 0.335752
vt 0.484994 0.278013
vt 0.484994 0.278385
vt 0.593803 0.320939
vt 0.484994 0.293131
vt 0.484994 0.293503
vt 0.594179 0.306161
vt 0.484994 0.308248
vt 0.484994 0.308620
vt 0.594733 0.291451
vt 0.484994 0.323365
vt 0.484994 0.323738
vt 0.595457 0.276780
vt 0.484994 0.338483
vt 0.484994 0.338855
vt 0.596360 0.262118
vt 0.484994 0.353601
vt 0.484994 0.353973
vt 0.597442 0.247468
vt 0.484994 0.368718
vt 0.484994 0.369090
vt 0.598704 0.232832
vt 0.484994 0.383835
vt 0.484994 0.384208
vt 0.600140 0.218182
vt 0.484994 0.398953
vt 0.484994 0.399325
vt 0.601765 0.203521
vt 0.487835 0.429374
vt 0.487835 0.459609
vt 0.487835 0.489844
vt 0.487835 0.504962
vt 0.487835 0.520079
vt 0.487835 0.550314
vt 0.487834 0.580549
vt 0.487834 0.595667
vt 0.242715 0.595667
vt 0.242716 0.550314
vt 0.242716 0.504962
vt 0.242716 0.474727
vt 0.242716 0.459609
vt 0.242716 0.444492
vt 0.242716 0.384022
vt 0.242716 0.368904
vt 0.242716 0.353787
vt 0.242715 0.338669
vt 0.242715 0.323552
vt 0.242715 0.247964
vt 0.487834 0.247964
vt 0.487835 0.293317
vt 0.487835 0.308434
vt 0.487835 0.323552
vt 0.487835 0.338669
vt 0.487835 0.353787
vt 0.487835 0.368904
vt 0.487835 0.384022
vt 0.095309 0.375826
vt 0.629772 0.735905
vt 0.093429 0.373367
vt 0.629772 0.732739
vt 0.091887 0.370685
vt 0.629772 0.729573
vt 0.090709 0.367823
vt 0.629772 0.726407
vt 0.089916 0.364833
vt 0.629772 0.723241
vt 0.089520 0.361764
vt 0.629772 0.720075
vt 0.089529 0.358668
vt 0.629772 0.716909
vt 0.089943 0.355599
vt 0.629772 0.713743
vt 0.090754 0.352609
vt 0.629772 0.710577
vt 0.091950 0.349750
vt 0.629772 0.707411
vt 0.093512 0.347068
vt 0.629772 0.704245
vt 0.095412 0.344610
vt 0.629772 0.701079
vt 0.486958 0.737207
vt 0.097622 0.342415
vt 0.490124 0.737207
vt 0.100108 0.340518
vt 0.493290 0.737207
vt 0.629772 0.846715
vt 0.102790 0.338972
vt 0.629772 0.843549
vt 0.105648 0.337790
vt 0.629772 0.840383
vt 0.108637 0.336991
vt 0.629772 0.837217
vt 0.111702 0.336589
vt 0.629772 0.834051
vt 0.114794 0.336592
vt 0.629772 0.830885
vt 0.117859 0.336999
vt 0.629772 0.827719
vt 0.120841 0.337806
vt 0.629772 0.824553
vt 0.123700 0.339002
vt 0.629772 0.821387
vt 0.126380 0.340562
vt 0.629772 0.818221
vt 0.128833 0.342459
vt 0.629772 0.815055
vt 0.131018 0.344659
vt 0.629772 0.811889
vt 0.132898 0.347126
vt 0.629772 0.808723
vt 0.134439 0.349818
vt 0.629772 0.805557
vt 0.135617 0.352687
vt 0.629772 0.802391
vt 0.136411 0.355686
vt 0.629772 0.799225
vt 0.136806 0.358762
vt 0.629772 0.796059
vt 0.136797 0.361863
vt 0.629772 0.792893
vt 0.136384 0.364937
vt 0.629772 0.789727
vt 0.135574 0.367926
vt 0.629772 0.786561
vt 0.134380 0.370783
vt 0.629772 0.783395
vt 0.132823 0.373460
vt 0.629772 0.780229
vt 0.130930 0.375911
vt 0.629772 0.777063
vt 0.128733 0.378094
vt 0.629772 0.773897
vt 0.126269 0.379971
vt 0.629772 0.770731
vt 0.123581 0.381511
vt 0.629772 0.767565
vt 0.120715 0.382688
vt 0.629772 0.764399
vt 0.117720 0.383482
vt 0.629772 0.761233
vt 0.114647 0.383878
vt 0.629772 0.758067
vt 0.111549 0.383871
vt 0.629772 0.754901
vt 0.108478 0.383460
vt 0.629772 0.751735
vt 0.105488 0.382652
vt 0.629772 0.748569
vt 0.102628 0.381462
vt 0.629772 0.745403
vt 0.099949 0.379908
vt 0.629772 0.742237
vt 0.097495 0.378019
vt 0.629772 0.739071
vt 0.044077 0.406433
vt 0.050704 0.415045
vt 0.038631 0.397030
vt 0.034475 0.386987
vt 0.031663 0.376489
vt 0.030244 0.365713
vt 0.030244 0.354843
vt 0.031663 0.344065
vt 0.034480 0.333563
vt 0.038626 0.323511
vt 0.044070 0.314094
vt 0.050681 0.305456
vt 0.058368 0.297754
vt 0.067002 0.291139
vt 0.076426 0.285708
vt 0.086466 0.281538
vt 0.096972 0.278736
vt 0.107747 0.277308
vt 0.118617 0.277320
vt 0.129391 0.278751
vt 0.139893 0.281537
vt 0.149927 0.285703
vt 0.159334 0.291140
vt 0.167951 0.297757
vt 0.175634 0.305442
vt 0.182249 0.314063
vt 0.187684 0.323473
vt 0.191844 0.333514
vt 0.194660 0.344012
vt 0.196080 0.354788
vt 0.196103 0.365655
vt 0.194688 0.376434
vt 0.191880 0.386936
vt 0.187725 0.396983
vt 0.182295 0.406403
vt 0.175681 0.415034
vt 0.167995 0.422727
vt 0.159369 0.429349
vt 0.149951 0.434788
vt 0.139904 0.438950
vt 0.129400 0.441764
vt 0.118619 0.443182
vt 0.107746 0.443182
vt 0.096967 0.441763
vt 0.086466 0.438949
vt 0.076422 0.434789
vt 0.067009 0.429353
vt 0.058386 0.422733
vt 0.611408 0.189753
vt 0.611364 0.190030
vt 0.028572 0.434459
vt 0.605738 0.189159
vt 0.609738 0.189621
vt 0.609720 0.189733
vt 0.607780 0.189424
vt 0.607719 0.174537
vt 0.613352 0.175482
vt 0.613407 0.175203
vt 0.019617 0.422773
vt 0.609768 0.174828
vt 0.611708 0.175162
vt 0.611732 0.175050
vt 0.609890 0.159880
vt 0.012273 0.410033
vt 0.615534 0.160896
vt 0.615578 0.160611
vt 0.611944 0.160196
vt 0.613887 0.160555
vt 0.613905 0.160440
vt 0.612239 0.145250
vt 0.006643 0.396453
vt 0.617863 0.146329
vt 0.617894 0.146047
vt 0.614281 0.145589
vt 0.616220 0.145970
vt 0.616231 0.145855
vt 0.614756 0.130710
vt 0.002828 0.382251
vt 0.620343 0.131853
vt 0.620378 0.131572
vt 0.616785 0.131073
vt 0.618711 0.131475
vt 0.618723 0.131362
vt 0.617439 0.116263
vt 0.000895 0.367667
vt 0.622989 0.117469
vt 0.623026 0.117190
vt 0.619455 0.116649
vt 0.621368 0.117073
vt 0.621382 0.116960
vt 0.620287 0.101909
vt 0.000879 0.352950
vt 0.625798 0.103178
vt 0.625853 0.102908
vt 0.622289 0.102319
vt 0.624189 0.102765
vt 0.624212 0.102656
vt 0.623311 0.087591
vt 0.002785 0.338350
vt 0.628812 0.088934
vt 0.628887 0.088663
vt 0.625316 0.088028
vt 0.627210 0.088499
vt 0.627242 0.088390
vt 0.626522 0.073252
vt 0.006582 0.324115
vt 0.632030 0.074669
vt 0.632109 0.074397
vt 0.628530 0.073716
vt 0.630426 0.074212
vt 0.630460 0.074103
vt 0.629920 0.058893
vt 0.012217 0.310504
vt 0.635436 0.060383
vt 0.635511 0.060107
vt 0.631934 0.059383
vt 0.633831 0.059904
vt 0.633863 0.059793
vt 0.633506 0.044547
vt 0.019569 0.297741
vt 0.639007 0.046103
vt 0.639083 0.045831
vt 0.635509 0.045060
vt 0.637404 0.045605
vt 0.637436 0.045496
vt 0.637276 0.030209
vt 0.028534 0.286051
vt 0.642763 0.031849
vt 0.642880 0.031484
vt 0.639293 0.030713
vt 0.641164 0.031330
vt 0.641227 0.031149
vt 0.641057 0.015820
vt 0.038940 0.275621
vt 0.646567 0.017451
vt 0.646643 0.017180
vt 0.643063 0.016361
vt 0.644962 0.016931
vt 0.644993 0.016822
vt 0.645017 0.001467
vt 0.645078 0.698716
vt 0.050635 0.266649
vt 0.650513 0.003184
vt 0.650513 0.696955
vt 0.647022 0.002048
vt 0.647061 0.698119
vt 0.648914 0.002643
vt 0.648932 0.697509
vt 0.640996 0.684520
vt 0.063404 0.259283
vt 0.646526 0.683110
vt 0.646444 0.682840
vt 0.642983 0.683960
vt 0.644893 0.683482
vt 0.644859 0.683374
vt 0.637099 0.670311
vt 0.077022 0.253664
vt 0.642635 0.668972
vt 0.642554 0.668700
vt 0.639088 0.669777
vt 0.641000 0.669323
vt 0.640966 0.669213
vt 0.633378 0.656087
vt 0.091247 0.249864
vt 0.638916 0.654818
vt 0.638832 0.654549
vt 0.635368 0.655579
vt 0.637281 0.655149
vt 0.637245 0.655041
vt 0.629849 0.641878
vt 0.105840 0.247964
vt 0.635379 0.640681
vt 0.635298 0.640413
vt 0.631836 0.641396
vt 0.633746 0.640991
vt 0.633711 0.640883
vt 0.626507 0.627685
vt 0.120549 0.247972
vt 0.632028 0.626562
vt 0.631967 0.626294
vt 0.628492 0.627231
vt 0.630399 0.626850
vt 0.630374 0.626743
vt 0.623339 0.613453
vt 0.135137 0.249898
vt 0.628883 0.612400
vt 0.628839 0.612123
vt 0.625338 0.613022
vt 0.627250 0.612667
vt 0.627234 0.612555
vt 0.620331 0.599124
vt 0.149338 0.253716
vt 0.625913 0.598134
vt 0.625864 0.597855
vt 0.622346 0.598715
vt 0.624270 0.598382
vt 0.624251 0.598269
vt 0.617495 0.584730
vt 0.162918 0.259343
vt 0.623093 0.583804
vt 0.623041 0.583528
vt 0.619512 0.584344
vt 0.621444 0.584033
vt 0.621423 0.583922
vt 0.614835 0.570300
vt 0.175651 0.266693
vt 0.620442 0.569444
vt 0.620401 0.569168
vt 0.616854 0.569941
vt 0.618790 0.569654
vt 0.618774 0.569542
vt 0.612341 0.555811
vt 0.187320 0.275642
vt 0.617977 0.555022
vt 0.617930 0.554740
vt 0.614376 0.555474
vt 0.616319 0.555211
vt 0.616300 0.555096
vt 0.610027 0.541291
vt 0.197723 0.286038
vt 0.615663 0.540569
vt 0.615621 0.540294
vt 0.612057 0.540981
vt 0.614003 0.540739
vt 0.613986 0.540629
vt 0.607888 0.526744
vt 0.206684 0.297703
vt 0.613544 0.526094
vt 0.613512 0.525810
vt 0.609932 0.526457
vt 0.611881 0.526242
vt 0.611869 0.526127
vt 0.605926 0.512142
vt 0.214048 0.310439
vt 0.611594 0.511557
vt 0.611558 0.511277
vt 0.607971 0.511879
vt 0.609926 0.511686
vt 0.609912 0.511573
vt 0.604139 0.497517
vt 0.219689 0.324029
vt 0.609814 0.497001
vt 0.609782 0.496720
vt 0.606188 0.497279
vt 0.608145 0.497109
vt 0.608132 0.496996
vt 0.602534 0.482871
vt 0.223511 0.338242
vt 0.608212 0.482424
vt 0.608176 0.482143
vt 0.604583 0.482658
vt 0.606543 0.482513
vt 0.606527 0.482399
vt 0.601108 0.468238
vt 0.225444 0.352837
vt 0.606777 0.467859
vt 0.606737 0.467581
vt 0.603153 0.468050
vt 0.605110 0.467928
vt 0.605091 0.467816
vt 0.599868 0.453648
vt 0.225446 0.367551
vt 0.605518 0.453341
vt 0.605497 0.453066
vt 0.601907 0.453487
vt 0.603857 0.453389
vt 0.603848 0.453278
vt 0.598807 0.439044
vt 0.223540 0.382136
vt 0.604469 0.438811
vt 0.604466 0.438530
vt 0.600856 0.438909
vt 0.602808 0.438837
vt 0.602809 0.438723
vt 0.597919 0.424368
vt 0.219748 0.396352
vt 0.603610 0.424203
vt 0.603602 0.423918
vt 0.599981 0.424256
vt 0.601941 0.424208
vt 0.601939 0.424092
vt 0.597211 0.409651
vt 0.214134 0.409957
vt 0.602909 0.409552
vt 0.602897 0.409270
vt 0.599272 0.409564
vt 0.601237 0.409538
vt 0.601232 0.409424
vt 0.596683 0.394926
vt 0.206791 0.422718
vt 0.602379 0.394897
vt 0.602377 0.394617
vt 0.598742 0.394865
vt 0.600707 0.394863
vt 0.600707 0.394750
vt 0.596336 0.380158
vt 0.197842 0.434415
vt 0.602043 0.380214
vt 0.602061 0.379830
vt 0.598413 0.380082
vt 0.600368 0.380159
vt 0.600385 0.379965
vt 0.595983 0.365337
vt 0.187436 0.444847
vt 0.601710 0.365375
vt 0.601698 0.365092
vt 0.598054 0.365299
vt 0.600029 0.365321
vt 0.600024 0.365206
vt 0.595808 0.350552
vt 0.175746 0.453818
vt 0.601526 0.350659
vt 0.601524 0.350376
vt 0.597878 0.350539
vt 0.599849 0.350585
vt 0.599848 0.350470
vt 0.595812 0.335765
vt 0.162988 0.461182
vt 0.601528 0.335943
vt 0.601530 0.335659
vt 0.597882 0.335778
vt 0.599852 0.335848
vt 0.599853 0.335733
vt 0.595999 0.320980
vt 0.149381 0.466815
vt 0.601710 0.321228
vt 0.601708 0.320943
vt 0.598066 0.321018
vt 0.600036 0.321112
vt 0.600034 0.320996
vt 0.596363 0.306230
vt 0.135157 0.470624
vt 0.602057 0.306544
vt 0.602050 0.306262
vt 0.598423 0.306292
vt 0.600387 0.306409
vt 0.600383 0.306295
vt 0.596905 0.291546
vt 0.120561 0.472545
vt 0.602573 0.291928
vt 0.602577 0.291649
vt 0.598957 0.291634
vt 0.600912 0.291774
vt 0.600913 0.291661
vt 0.597629 0.276900
vt 0.105840 0.472545
vt 0.603282 0.277354
vt 0.603298 0.277073
vt 0.599679 0.277013
vt 0.601627 0.277178
vt 0.601633 0.277065
vt 0.598531 0.262265
vt 0.091246 0.470625
vt 0.604178 0.262787
vt 0.604196 0.262507
vt 0.600578 0.262403
vt 0.602525 0.262592
vt 0.602532 0.262478
vt 0.599615 0.247642
vt 0.077027 0.466818
vt 0.605251 0.248234
vt 0.605273 0.247954
vt 0.601657 0.247805
vt 0.603601 0.248018
vt 0.603610 0.247905
vt 0.600869 0.233032
vt 0.063426 0.461188
vt 0.606503 0.233694
vt 0.606537 0.233417
vt 0.602915 0.233222
vt 0.604856 0.233458
vt 0.604870 0.233347
vt 0.602311 0.218409
vt 0.050674 0.453831
vt 0.607953 0.219144
vt 0.607990 0.218861
vt 0.604363 0.218624
vt 0.606305 0.218886
vt 0.606321 0.218771
vt 0.603935 0.203774
vt 0.038989 0.444871
vt 0.609574 0.204576
vt 0.609606 0.204295
vt 0.605982 0.204013
vt 0.607926 0.204298
vt 0.607939 0.204185
vt 0.871005 0.177862
vt 0.871006 0.177619
vt 0.867688 0.177739
vt 0.869510 0.177776
vt 0.867694 0.161662
vt 0.871012 0.161542
vt 0.871012 0.161785
vt 0.869516 0.161627
vt 0.867701 0.145584
vt 0.871018 0.145707
vt 0.871018 0.145464
vt 0.869522 0.145549
vt 0.867707 0.129507
vt 0.871024 0.129629
vt 0.871024 0.129386
vt 0.869528 0.129472
vt 0.867713 0.113429
vt 0.871030 0.113552
vt 0.871030 0.113309
vt 0.869534 0.113394
vt 0.867719 0.097352
vt 0.871036 0.097474
vt 0.871036 0.097231
vt 0.869540 0.097317
vt 0.867725 0.081274
vt 0.871042 0.081397
vt 0.871042 0.081154
vt 0.869547 0.081239
vt 0.867731 0.065196
vt 0.871048 0.065319
vt 0.871049 0.065076
vt 0.869553 0.065161
vt 0.867737 0.049119
vt 0.871055 0.049242
vt 0.871055 0.048999
vt 0.869559 0.049084
vt 0.867744 0.033041
vt 0.871061 0.033164
vt 0.871061 0.032921
vt 0.869565 0.033006
vt 0.867750 0.016964
vt 0.871067 0.017086
vt 0.871067 0.016843
vt 0.869571 0.016929
vt 0.867756 0.000886
vt 0.867719 0.772613
vt 0.871073 0.001009
vt 0.871050 0.772474
vt 0.869577 0.000922
vt 0.869548 0.772568
vt 0.867638 0.756464
vt 0.870970 0.756570
vt 0.870999 0.756302
vt 0.869483 0.756408
vt 0.867466 0.740399
vt 0.870779 0.740400
vt 0.869281 0.740415
vt 0.867478 0.724335
vt 0.870837 0.724467
vt 0.870794 0.724214
vt 0.869299 0.724300
vt 0.867485 0.708263
vt 0.870801 0.708386
vt 0.870801 0.708142
vt 0.869306 0.708228
vt 0.867491 0.692190
vt 0.870807 0.692313
vt 0.870807 0.692070
vt 0.869312 0.692155
vt 0.867498 0.676117
vt 0.870814 0.676240
vt 0.870814 0.675997
vt 0.869318 0.676082
vt 0.867504 0.660044
vt 0.870820 0.660166
vt 0.870820 0.659923
vt 0.869325 0.660009
vt 0.867510 0.643970
vt 0.870826 0.644092
vt 0.870827 0.643850
vt 0.869331 0.643935
vt 0.867517 0.627896
vt 0.870833 0.628018
vt 0.870833 0.627775
vt 0.869337 0.627861
vt 0.867523 0.611821
vt 0.870839 0.611944
vt 0.870839 0.611701
vt 0.869344 0.611786
vt 0.867529 0.595746
vt 0.870846 0.595868
vt 0.870846 0.595625
vt 0.869350 0.595711
vt 0.867535 0.579670
vt 0.870852 0.579793
vt 0.870852 0.579550
vt 0.869356 0.579635
vt 0.867541 0.563595
vt 0.870858 0.563717
vt 0.870858 0.563474
vt 0.869363 0.563560
vt 0.867548 0.547519
vt 0.870864 0.547641
vt 0.870865 0.547398
vt 0.869369 0.547484
vt 0.867554 0.531442
vt 0.870871 0.531565
vt 0.870871 0.531322
vt 0.869375 0.531407
vt 0.867560 0.515366
vt 0.870877 0.515489
vt 0.870877 0.515246
vt 0.869381 0.515331
vt 0.867566 0.499289
vt 0.870883 0.499412
vt 0.870883 0.499169
vt 0.869387 0.499254
vt 0.867572 0.483212
vt 0.870889 0.483335
vt 0.870889 0.483092
vt 0.869393 0.483177
vt 0.867578 0.467135
vt 0.870895 0.467258
vt 0.870895 0.467015
vt 0.869400 0.467100
vt 0.867584 0.451058
vt 0.870901 0.451181
vt 0.870902 0.450938
vt 0.869406 0.451023
vt 0.867591 0.434980
vt 0.870908 0.435103
vt 0.870908 0.434860
vt 0.869412 0.434946
vt 0.867597 0.418903
vt 0.870914 0.419026
vt 0.870914 0.418783
vt 0.869418 0.418868
vt 0.867603 0.402826
vt 0.870920 0.402948
vt 0.870920 0.402705
vt 0.869424 0.402791
vt 0.867609 0.386748
vt 0.870926 0.386871
vt 0.870926 0.386628
vt 0.869430 0.386713
vt 0.867615 0.370670
vt 0.870932 0.370793
vt 0.870932 0.370550
vt 0.869436 0.370636
vt 0.867621 0.354593
vt 0.870938 0.354716
vt 0.870938 0.354473
vt 0.869442 0.354558
vt 0.867627 0.338515
vt 0.870944 0.338638
vt 0.870944 0.338395
vt 0.869448 0.338480
vt 0.867633 0.322438
vt 0.870950 0.322560
vt 0.870950 0.322317
vt 0.869455 0.322403
vt 0.867639 0.306360
vt 0.870956 0.306483
vt 0.870957 0.306240
vt 0.869461 0.306325
vt 0.867646 0.290282
vt 0.870963 0.290405
vt 0.870963 0.290162
vt 0.869467 0.290248
vt 0.867652 0.274205
vt 0.870969 0.274328
vt 0.870969 0.274085
vt 0.869473 0.274170
vt 0.867658 0.258127
vt 0.870975 0.258250
vt 0.870975 0.258007
vt 0.869479 0.258092
vt 0.867664 0.242050
vt 0.870981 0.242172
vt 0.870981 0.241929
vt 0.869485 0.242015
vt 0.867670 0.225972
vt 0.870987 0.226095
vt 0.870987 0.225852
vt 0.869491 0.225937
vt 0.867676 0.209895
vt 0.870993 0.210017
vt 0.870993 0.209774
vt 0.869497 0.209860
vt 0.867682 0.193817
vt 0.870999 0.193940
vt 0.870999 0.193697
vt 0.869504 0.193782
vt 0.649168 0.736382
vt 0.284591 0.904591
vt 0.283890 0.904122
vt 0.649168 0.735427
vt 0.286345 0.905936
vt 0.649168 0.732261
vt 0.286980 0.906492
vt 0.649168 0.733217
vt 0.649168 0.729095
vt 0.649168 0.730051
vt 0.289099 0.908690
vt 0.288543 0.908056
vt 0.649168 0.726884
vt 0.649168 0.725929
vt 0.290445 0.910444
vt 0.290913 0.911145
vt 0.649168 0.723719
vt 0.649168 0.722763
vt 0.292019 0.913059
vt 0.292392 0.913816
vt 0.649168 0.720552
vt 0.649168 0.719597
vt 0.293238 0.915858
vt 0.293509 0.916657
vt 0.649168 0.717386
vt 0.649168 0.716431
vt 0.294082 0.918792
vt 0.294246 0.919620
vt 0.649168 0.714220
vt 0.649168 0.713265
vt 0.294535 0.921811
vt 0.294590 0.922653
vt 0.649168 0.711054
vt 0.649168 0.710099
vt 0.294590 0.924864
vt 0.294535 0.925705
vt 0.649168 0.707888
vt 0.649168 0.706933
vt 0.294246 0.927897
vt 0.294082 0.928725
vt 0.293239 0.931659
vt 0.649168 0.703767
vt 0.649168 0.704722
vt 0.293509 0.930860
vt 0.292393 0.933701
vt 0.649168 0.701556
vt 0.487436 0.756603
vt 0.292020 0.934458
vt 0.489647 0.756603
vt 0.490602 0.756603
vt 0.290914 0.936372
vt 0.290446 0.937074
vt 0.492813 0.756603
vt 0.649168 0.846238
vt 0.289100 0.938828
vt 0.288544 0.939462
vt 0.649168 0.844027
vt 0.649168 0.843071
vt 0.286981 0.941025
vt 0.286346 0.941581
vt 0.649168 0.840861
vt 0.649168 0.839905
vt 0.284593 0.942927
vt 0.283891 0.943396
vt 0.649168 0.837695
vt 0.649168 0.836739
vt 0.281977 0.944501
vt 0.281220 0.944874
vt 0.649168 0.834529
vt 0.649168 0.833574
vt 0.279178 0.945720
vt 0.278379 0.945991
vt 0.649168 0.831363
vt 0.649168 0.830407
vt 0.276244 0.946564
vt 0.275416 0.946728
vt 0.649168 0.828197
vt 0.649168 0.827241
vt 0.273225 0.947017
vt 0.272383 0.947072
vt 0.649168 0.825031
vt 0.649168 0.824075
vt 0.270173 0.947072
vt 0.269330 0.947017
vt 0.649168 0.821865
vt 0.649168 0.820910
vt 0.267139 0.946729
vt 0.266312 0.946564
vt 0.649168 0.818699
vt 0.649168 0.817743
vt 0.264176 0.945992
vt 0.263377 0.945721
vt 0.649168 0.814577
vt 0.649168 0.815533
vt 0.261335 0.944875
vt 0.260578 0.944502
vt 0.649168 0.812367
vt 0.649168 0.811411
vt 0.257962 0.942928
vt 0.258664 0.943397
vt 0.649168 0.809201
vt 0.649168 0.808245
vt 0.256209 0.941582
vt 0.255574 0.941026
vt 0.649168 0.806035
vt 0.649168 0.805079
vt 0.254011 0.939463
vt 0.253455 0.938828
vt 0.649168 0.802869
vt 0.649168 0.801913
vt 0.252109 0.937075
vt 0.251640 0.936373
vt 0.649168 0.799703
vt 0.649168 0.798747
vt 0.250535 0.934459
vt 0.250162 0.933703
vt 0.649168 0.796537
vt 0.649168 0.795581
vt 0.249316 0.931660
vt 0.249045 0.930862
vt 0.649168 0.793371
vt 0.649168 0.792415
vt 0.248473 0.928726
vt 0.248308 0.927899
vt 0.649168 0.790205
vt 0.649168 0.789249
vt 0.248019 0.925707
vt 0.247964 0.924865
vt 0.649168 0.787039
vt 0.649168 0.786084
vt 0.247964 0.922655
vt 0.248019 0.921813
vt 0.649168 0.783873
vt 0.649168 0.782917
vt 0.248308 0.919621
vt 0.248472 0.918794
vt 0.649168 0.780707
vt 0.649168 0.779751
vt 0.249044 0.916658
vt 0.249316 0.915860
vt 0.649168 0.777541
vt 0.649168 0.776585
vt 0.250161 0.913817
vt 0.250534 0.913061
vt 0.649168 0.773419
vt 0.649168 0.774375
vt 0.251640 0.911146
vt 0.252108 0.910445
vt 0.649168 0.771209
vt 0.649168 0.770253
vt 0.254010 0.908056
vt 0.253454 0.908691
vt 0.649168 0.768043
vt 0.649168 0.767087
vt 0.255573 0.906493
vt 0.256208 0.905937
vt 0.649168 0.764877
vt 0.649168 0.763921
vt 0.257961 0.904591
vt 0.258663 0.904123
vt 0.649168 0.761711
vt 0.649168 0.760755
vt 0.260577 0.903018
vt 0.261334 0.902644
vt 0.649168 0.758545
vt 0.649168 0.757589
vt 0.263376 0.901798
vt 0.264175 0.901527
vt 0.649168 0.755379
vt 0.649168 0.754423
vt 0.266310 0.900955
vt 0.267138 0.900790
vt 0.649168 0.752212
vt 0.649168 0.751257
vt 0.269329 0.900502
vt 0.270171 0.900446
vt 0.649168 0.749047
vt 0.649168 0.748091
vt 0.272381 0.900446
vt 0.273223 0.900502
vt 0.649168 0.745881
vt 0.649168 0.744925
vt 0.275415 0.900790
vt 0.276242 0.900954
vt 0.649168 0.742714
vt 0.649168 0.741759
vt 0.278378 0.901526
vt 0.279177 0.901798
vt 0.649168 0.738593
vt 0.649168 0.739548
vt 0.281976 0.903017
vt 0.281219 0.902644
vt 0.643897 0.736037
vt 0.643897 0.735773
vt 0.640218 0.735905
vt 0.643098 0.735823
vt 0.643098 0.735986
vt 0.642224 0.735943
vt 0.641253 0.735915
vt 0.640218 0.732739
vt 0.643897 0.732606
vt 0.643897 0.732871
vt 0.641253 0.732729
vt 0.642224 0.732700
vt 0.643098 0.732820
vt 0.643098 0.732657
vt 0.640218 0.729573
vt 0.643897 0.729705
vt 0.643897 0.729440
vt 0.641253 0.729563
vt 0.642224 0.729534
vt 0.643098 0.729654
vt 0.643098 0.729491
vt 0.640218 0.726407
vt 0.643897 0.726539
vt 0.643897 0.726275
vt 0.641253 0.726397
vt 0.642224 0.726368
vt 0.643098 0.726488
vt 0.643098 0.726325
vt 0.640218 0.723241
vt 0.643897 0.723373
vt 0.643897 0.723109
vt 0.641253 0.723231
vt 0.642224 0.723202
vt 0.643098 0.723323
vt 0.643098 0.723159
vt 0.640218 0.720075
vt 0.643897 0.720207
vt 0.643897 0.719943
vt 0.641253 0.720065
vt 0.642224 0.720036
vt 0.643098 0.720156
vt 0.643098 0.719993
vt 0.640218 0.716909
vt 0.643897 0.717041
vt 0.643897 0.716776
vt 0.641253 0.716899
vt 0.642224 0.716870
vt 0.643098 0.716990
vt 0.643098 0.716827
vt 0.640218 0.713743
vt 0.643897 0.713875
vt 0.643897 0.713610
vt 0.641253 0.713733
vt 0.642224 0.713704
vt 0.643098 0.713824
vt 0.643098 0.713661
vt 0.640218 0.710577
vt 0.643897 0.710709
vt 0.643897 0.710445
vt 0.641253 0.710567
vt 0.642224 0.710538
vt 0.643098 0.710658
vt 0.643098 0.710495
vt 0.640218 0.707411
vt 0.643897 0.707543
vt 0.643897 0.707279
vt 0.641253 0.707401
vt 0.642224 0.707372
vt 0.643098 0.707492
vt 0.643098 0.707329
vt 0.640218 0.704245
vt 0.643897 0.704377
vt 0.643897 0.704112
vt 0.641253 0.704235
vt 0.642224 0.704206
vt 0.643098 0.704326
vt 0.643098 0.704163
vt 0.640218 0.701079
vt 0.486958 0.747653
vt 0.643897 0.701211
vt 0.487091 0.751332
vt 0.641253 0.701089
vt 0.486969 0.748688
vt 0.642224 0.701117
vt 0.486997 0.749659
vt 0.643098 0.701160
vt 0.487040 0.750534
vt 0.490124 0.747653
vt 0.489992 0.751332
vt 0.490257 0.751332
vt 0.490134 0.748688
vt 0.490163 0.749659
vt 0.490043 0.750534
vt 0.490206 0.750534
vt 0.493290 0.747653
vt 0.640218 0.846715
vt 0.493158 0.751332
vt 0.643897 0.846583
vt 0.493280 0.748688
vt 0.641253 0.846705
vt 0.493252 0.749659
vt 0.642224 0.846676
vt 0.493209 0.750534
vt 0.643098 0.846634
vt 0.640218 0.843549
vt 0.643897 0.843681
vt 0.643897 0.843417
vt 0.641253 0.843539
vt 0.642224 0.843510
vt 0.643098 0.843631
vt 0.643098 0.843468
vt 0.640218 0.840383
vt 0.643897 0.840515
vt 0.643897 0.840251
vt 0.641253 0.840373
vt 0.642224 0.840344
vt 0.643098 0.840465
vt 0.643098 0.840302
vt 0.640218 0.837217
vt 0.643897 0.837349
vt 0.643897 0.837085
vt 0.641253 0.837207
vt 0.642224 0.837178
vt 0.643098 0.837299
vt 0.643098 0.837136
vt 0.640218 0.834051
vt 0.643897 0.834183
vt 0.643897 0.833919
vt 0.641253 0.834041
vt 0.642224 0.834012
vt 0.643098 0.834133
vt 0.643098 0.833970
vt 0.640218 0.830885
vt 0.643897 0.831017
vt 0.643897 0.830753
vt 0.641253 0.830875
vt 0.642224 0.830846
vt 0.643098 0.830967
vt 0.643098 0.830803
vt 0.640218 0.827719
vt 0.643897 0.827851
vt 0.643897 0.827587
vt 0.641253 0.827709
vt 0.642224 0.827680
vt 0.643098 0.827801
vt 0.643098 0.827637
vt 0.640218 0.824553
vt 0.643897 0.824685
vt 0.643897 0.824421
vt 0.641253 0.824543
vt 0.642224 0.824515
vt 0.643098 0.824635
vt 0.643098 0.824472
vt 0.640218 0.821387
vt 0.643897 0.821519
vt 0.643897 0.821255
vt 0.641253 0.821377
vt 0.642224 0.821348
vt 0.643098 0.821469
vt 0.643098 0.821306
vt 0.640218 0.818221
vt 0.643897 0.818353
vt 0.643897 0.818089
vt 0.641253 0.818211
vt 0.642224 0.818182
vt 0.643098 0.818303
vt 0.643098 0.818139
vt 0.640218 0.815055
vt 0.643897 0.815187
vt 0.643897 0.814923
vt 0.641253 0.815045
vt 0.642224 0.815016
vt 0.643098 0.815137
vt 0.643098 0.814973
vt 0.640218 0.811889
vt 0.643897 0.812021
vt 0.643897 0.811757
vt 0.641253 0.811879
vt 0.642224 0.811850
vt 0.643098 0.811971
vt 0.643098 0.811808
vt 0.640218 0.808723
vt 0.643897 0.808855
vt 0.643897 0.808591
vt 0.641252 0.808713
vt 0.642224 0.808684
vt 0.643098 0.808805
vt 0.643098 0.808642
vt 0.640218 0.805557
vt 0.643897 0.805689
vt 0.643897 0.805425
vt 0.641253 0.805547
vt 0.642224 0.805518
vt 0.643098 0.805639
vt 0.643098 0.805475
vt 0.640218 0.802391
vt 0.643897 0.802523
vt 0.643897 0.802259
vt 0.641253 0.802381
vt 0.642224 0.802352
vt 0.643098 0.802473
vt 0.643098 0.802309
vt 0.640218 0.799225
vt 0.643897 0.799357
vt 0.643897 0.799093
vt 0.641253 0.799215
vt 0.642224 0.799186
vt 0.643098 0.799307
vt 0.643098 0.799143
vt 0.640218 0.796059
vt 0.643897 0.796191
vt 0.643897 0.795927
vt 0.641253 0.796049
vt 0.642224 0.796020
vt 0.643098 0.796141
vt 0.643098 0.795977
vt 0.640218 0.792893
vt 0.643897 0.793025
vt 0.643897 0.792761
vt 0.641253 0.792883
vt 0.642224 0.792854
vt 0.643098 0.792974
vt 0.643098 0.792811
vt 0.640218 0.789727
vt 0.643897 0.789859
vt 0.643897 0.789595
vt 0.641253 0.789717
vt 0.642224 0.789688
vt 0.643098 0.789809
vt 0.643098 0.789645
vt 0.640218 0.786561
vt 0.643897 0.786693
vt 0.643897 0.786429
vt 0.641253 0.786551
vt 0.642224 0.786522
vt 0.643098 0.786643
vt 0.643098 0.786479
vt 0.640218 0.783395
vt 0.643897 0.783527
vt 0.643897 0.783263
vt 0.641253 0.783385
vt 0.642224 0.783356
vt 0.643098 0.783477
vt 0.643098 0.783313
vt 0.640218 0.780229
vt 0.643897 0.780361
vt 0.643897 0.780097
vt 0.641253 0.780219
vt 0.642224 0.780190
vt 0.643098 0.780311
vt 0.643098 0.780147
vt 0.640218 0.777063
vt 0.643897 0.777195
vt 0.643897 0.776931
vt 0.641253 0.777053
vt 0.642224 0.777024
vt 0.643098 0.777144
vt 0.643098 0.776981
vt 0.640218 0.773897
vt 0.643897 0.774029
vt 0.643897 0.773765
vt 0.641253 0.773887
vt 0.642224 0.773858
vt 0.643098 0.773979
vt 0.643098 0.773815
vt 0.640218 0.770731
vt 0.643897 0.770863
vt 0.643897 0.770599
vt 0.641253 0.770721
vt 0.642224 0.770692
vt 0.643098 0.770813
vt 0.643098 0.770649
vt 0.640218 0.767565
vt 0.643897 0.767697
vt 0.643897 0.767433
vt 0.641253 0.767555
vt 0.642224 0.767526
vt 0.643098 0.767647
vt 0.643098 0.767483
vt 0.640218 0.764399
vt 0.643897 0.764531
vt 0.643897 0.764267
vt 0.641253 0.764389
vt 0.642224 0.764360
vt 0.643098 0.764480
vt 0.643098 0.764317
vt 0.640218 0.761233
vt 0.643897 0.761365
vt 0.643897 0.761101
vt 0.641253 0.761223
vt 0.642224 0.761194
vt 0.643098 0.761315
vt 0.643098 0.761151
vt 0.640218 0.758067
vt 0.643897 0.758199
vt 0.643897 0.757935
vt 0.641253 0.758057
vt 0.642224 0.758028
vt 0.643098 0.758149
vt 0.643098 0.757985
vt 0.640218 0.754901
vt 0.643897 0.755033
vt 0.643897 0.754769
vt 0.641253 0.754891
vt 0.642224 0.754862
vt 0.643098 0.754983
vt 0.643098 0.754819
vt 0.640218 0.751735
vt 0.643897 0.751867
vt 0.643897 0.751603
vt 0.641253 0.751725
vt 0.642224 0.751696
vt 0.643098 0.751817
vt 0.643098 0.751653
vt 0.640218 0.748569
vt 0.643897 0.748701
vt 0.643897 0.748437
vt 0.641253 0.748559
vt 0.642224 0.748530
vt 0.643098 0.748650
vt 0.643098 0.748487
vt 0.640218 0.745403
vt 0.643897 0.745535
vt 0.643897 0.745271
vt 0.641253 0.745393
vt 0.642224 0.745364
vt 0.643098 0.745484
vt 0.643098 0.745321
vt 0.640218 0.742237
vt 0.643897 0.742369
vt 0.643897 0.742104
vt 0.641253 0.742227
vt 0.642224 0.742198
vt 0.643098 0.742318
vt 0.643098 0.742155
vt 0.640218 0.739071
vt 0.643897 0.739203
vt 0.643897 0.738939
vt 0.641253 0.739061
vt 0.642224 0.739032
vt 0.643098 0.739152
vt 0.643098 0.738989
vt 0.279542 0.911388
vt 0.281677 0.908389
vt 0.281496 0.908268
vt 0.279986 0.910723
vt 0.280460 0.909987
vt 0.280970 0.909160
vt 0.283431 0.909735
vt 0.283594 0.909878
vt 0.281086 0.912573
vt 0.282870 0.910617
vt 0.282203 0.911324
vt 0.281613 0.911971
vt 0.285157 0.911441
vt 0.285301 0.911605
vt 0.282463 0.913949
vt 0.284486 0.912243
vt 0.283733 0.912857
vt 0.283064 0.913422
vt 0.286646 0.913358
vt 0.286767 0.913539
vt 0.283647 0.915493
vt 0.285876 0.914065
vt 0.285049 0.914576
vt 0.284313 0.915049
vt 0.287872 0.915453
vt 0.287969 0.915648
vt 0.284620 0.917178
vt 0.287016 0.916054
vt 0.286130 0.916452
vt 0.285338 0.916824
vt 0.288815 0.917691
vt 0.288885 0.917896
vt 0.285365 0.918976
vt 0.287888 0.918174
vt 0.286957 0.918453
vt 0.286123 0.918719
vt 0.289457 0.920032
vt 0.289499 0.920245
vt 0.285869 0.920856
vt 0.288455 0.920290
vt 0.288475 0.920390
vt 0.287515 0.920545
vt 0.286654 0.920700
vt 0.289788 0.922436
vt 0.289802 0.922653
vt 0.286123 0.922786
vt 0.288761 0.922562
vt 0.288767 0.922664
vt 0.287796 0.922692
vt 0.286921 0.922733
vt 0.289802 0.924864
vt 0.289788 0.925081
vt 0.286123 0.924732
vt 0.288767 0.924854
vt 0.288761 0.924956
vt 0.287794 0.924857
vt 0.286921 0.924784
vt 0.289499 0.927272
vt 0.289457 0.927486
vt 0.285869 0.926661
vt 0.288475 0.927127
vt 0.288455 0.927228
vt 0.287509 0.927004
vt 0.286654 0.926817
vt 0.288885 0.929621
vt 0.288815 0.929827
vt 0.285366 0.928541
vt 0.287855 0.929440
vt 0.286946 0.929095
vt 0.286123 0.928798
vt 0.287969 0.931869
vt 0.287873 0.932064
vt 0.284621 0.930339
vt 0.286972 0.931555
vt 0.286116 0.931095
vt 0.285338 0.930693
vt 0.286768 0.933978
vt 0.286647 0.934159
vt 0.283648 0.932025
vt 0.285820 0.933537
vt 0.285032 0.932968
vt 0.284313 0.932469
vt 0.285302 0.935913
vt 0.285158 0.936076
vt 0.282463 0.933569
vt 0.284419 0.935352
vt 0.283712 0.934685
vt 0.283065 0.934096
vt 0.283595 0.937640
vt 0.283432 0.937783
vt 0.281087 0.934945
vt 0.282794 0.936968
vt 0.282179 0.936215
vt 0.281614 0.935546
vt 0.281678 0.939129
vt 0.281497 0.939250
vt 0.279543 0.936130
vt 0.280971 0.938358
vt 0.280460 0.937531
vt 0.279987 0.936795
vt 0.279583 0.940355
vt 0.279388 0.940451
vt 0.277858 0.937103
vt 0.278983 0.939499
vt 0.278584 0.938612
vt 0.278211 0.937820
vt 0.277346 0.941297
vt 0.277140 0.941367
vt 0.276060 0.937848
vt 0.276862 0.940370
vt 0.276583 0.939439
vt 0.276317 0.938605
vt 0.275005 0.941939
vt 0.274791 0.941981
vt 0.274180 0.938352
vt 0.274747 0.940937
vt 0.274646 0.940957
vt 0.274491 0.939997
vt 0.274336 0.939136
vt 0.272600 0.942270
vt 0.272383 0.942284
vt 0.272251 0.938606
vt 0.272475 0.941243
vt 0.272373 0.941249
vt 0.272344 0.940278
vt 0.272303 0.939404
vt 0.270172 0.942284
vt 0.269955 0.942270
vt 0.270304 0.938605
vt 0.270182 0.941250
vt 0.270080 0.941243
vt 0.270179 0.940276
vt 0.270253 0.939404
vt 0.267764 0.941982
vt 0.267551 0.941939
vt 0.268375 0.938352
vt 0.267909 0.940957
vt 0.267809 0.940937
vt 0.268032 0.939991
vt 0.268220 0.939136
vt 0.265415 0.941367
vt 0.265209 0.941297
vt 0.266495 0.937848
vt 0.265596 0.940337
vt 0.265941 0.939429
vt 0.266238 0.938605
vt 0.263167 0.940451
vt 0.262972 0.940355
vt 0.264697 0.937103
vt 0.263481 0.939454
vt 0.263942 0.938598
vt 0.264343 0.937820
vt 0.261058 0.939250
vt 0.260877 0.939129
vt 0.263012 0.936130
vt 0.261499 0.938302
vt 0.262068 0.937514
vt 0.262568 0.936795
vt 0.259123 0.937784
vt 0.258960 0.937640
vt 0.261468 0.934945
vt 0.259684 0.936902
vt 0.260351 0.936194
vt 0.260941 0.935547
vt 0.257397 0.936077
vt 0.257253 0.935914
vt 0.260091 0.933569
vt 0.258068 0.935276
vt 0.258821 0.934662
vt 0.259490 0.934097
vt 0.255908 0.934160
vt 0.255787 0.933979
vt 0.258907 0.932025
vt 0.256678 0.933453
vt 0.257505 0.932943
vt 0.258242 0.932470
vt 0.254682 0.932065
vt 0.254585 0.931870
vt 0.257934 0.930340
vt 0.255538 0.931465
vt 0.256424 0.931067
vt 0.257216 0.930694
vt 0.253739 0.929828
vt 0.253669 0.929622
vt 0.257189 0.928542
vt 0.254666 0.929344
vt 0.255597 0.929065
vt 0.256431 0.928799
vt 0.253097 0.927487
vt 0.253055 0.927274
vt 0.256685 0.926662
vt 0.254099 0.927229
vt 0.254079 0.927129
vt 0.255039 0.926973
vt 0.255901 0.926818
vt 0.252766 0.925082
vt 0.252752 0.924865
vt 0.256431 0.924733
vt 0.253793 0.924957
vt 0.253787 0.924855
vt 0.254758 0.924826
vt 0.255633 0.924785
vt 0.252752 0.922655
vt 0.252766 0.922438
vt 0.256431 0.922787
vt 0.253787 0.922665
vt 0.253793 0.922563
vt 0.254760 0.922661
vt 0.255633 0.922734
vt 0.253055 0.920246
vt 0.253097 0.920033
vt 0.256685 0.920857
vt 0.254079 0.920391
vt 0.254099 0.920291
vt 0.255045 0.920515
vt 0.255900 0.920700
vt 0.253669 0.917897
vt 0.253739 0.917692
vt 0.257188 0.918977
vt 0.254699 0.918078
vt 0.255607 0.918424
vt 0.256431 0.918720
vt 0.254585 0.915649
vt 0.254681 0.915454
vt 0.257933 0.917179
vt 0.255582 0.915963
vt 0.256438 0.916424
vt 0.257216 0.916825
vt 0.255786 0.913540
vt 0.255907 0.913359
vt 0.258906 0.915494
vt 0.256734 0.913981
vt 0.257522 0.914550
vt 0.258241 0.915049
vt 0.257253 0.911605
vt 0.257396 0.911442
vt 0.260091 0.913950
vt 0.258135 0.912167
vt 0.258842 0.912833
vt 0.259489 0.913422
vt 0.258959 0.909879
vt 0.259122 0.909736
vt 0.261467 0.912574
vt 0.259760 0.910550
vt 0.260374 0.911304
vt 0.260940 0.911972
vt 0.260876 0.908390
vt 0.261057 0.908269
vt 0.263011 0.911389
vt 0.261583 0.909160
vt 0.262094 0.909987
vt 0.262567 0.910724
vt 0.262971 0.907164
vt 0.263166 0.907068
vt 0.264696 0.910416
vt 0.263572 0.908020
vt 0.263970 0.908907
vt 0.264342 0.909698
vt 0.265208 0.906222
vt 0.265414 0.906152
vt 0.266494 0.909671
vt 0.265692 0.907148
vt 0.265971 0.908080
vt 0.266237 0.908913
vt 0.267549 0.905579
vt 0.267763 0.905537
vt 0.268374 0.909167
vt 0.267808 0.906582
vt 0.267908 0.906562
vt 0.268063 0.907521
vt 0.268218 0.908383
vt 0.269954 0.905248
vt 0.270171 0.905234
vt 0.270303 0.908913
vt 0.270079 0.906276
vt 0.270181 0.906269
vt 0.270210 0.907241
vt 0.270251 0.908115
vt 0.272382 0.905234
vt 0.272599 0.905248
vt 0.272250 0.908913
vt 0.272372 0.906269
vt 0.272473 0.906276
vt 0.272375 0.907243
vt 0.272302 0.908115
vt 0.274790 0.905537
vt 0.275003 0.905579
vt 0.274179 0.909167
vt 0.274645 0.906561
vt 0.274745 0.906581
vt 0.274522 0.907527
vt 0.274335 0.908382
vt 0.277139 0.906151
vt 0.277345 0.906221
vt 0.276059 0.909671
vt 0.276958 0.907181
vt 0.276613 0.908089
vt 0.276316 0.908913
vt 0.279387 0.907067
vt 0.279582 0.907163
vt 0.277857 0.910415
vt 0.279073 0.908064
vt 0.278612 0.908920
vt 0.278210 0.909698
vt 0.893296 0.000887
vt 0.897041 0.000883
vt 0.900786 0.000879
vt 0.904530 0.000880
vt 0.908274 0.000882
vt 0.912018 0.000884
vt 0.915762 0.000886
vt 0.919506 0.000889
vt 0.923250 0.000893
vt 0.878315 0.000908
vt 0.882060 0.000901
vt 0.885805 0.000896
vt 0.889551 0.000891
vt 0.893313 0.020143
vt 0.893325 0.020487
vt 0.897054 0.020312
vt 0.900804 0.020308
vt 0.904530 0.020303
vt 0.908270 0.020132
vt 0.908260 0.020473
vt 0.912007 0.019897
vt 0.911986 0.020705
vt 0.915744 0.019663
vt 0.915711 0.020938
vt 0.919484 0.019493
vt 0.919441 0.021108
vt 0.923227 0.019433
vt 0.878350 0.019454
vt 0.923174 0.021168
vt 0.878412 0.021208
vt 0.882095 0.019511
vt 0.882144 0.021141
vt 0.885836 0.019679
vt 0.885874 0.020966
vt 0.889574 0.019911
vt 0.889599 0.020726
vt 0.893342 0.039918
vt 0.893365 0.040268
vt 0.897071 0.040087
vt 0.900797 0.040080
vt 0.904546 0.040079
vt 0.908275 0.039903
vt 0.908253 0.040257
vt 0.912001 0.039664
vt 0.911957 0.040498
vt 0.915726 0.039425
vt 0.915661 0.040739
vt 0.919456 0.039250
vt 0.919368 0.040918
vt 0.923188 0.039183
vt 0.878427 0.039223
vt 0.923079 0.040987
vt 0.878543 0.041009
vt 0.882160 0.039283
vt 0.882253 0.040937
vt 0.885889 0.039453
vt 0.885959 0.040756
vt 0.889615 0.039685
vt 0.889662 0.040512
vt 0.893414 0.059582
vt 0.893435 0.059916
vt 0.897121 0.059744
vt 0.900827 0.059737
vt 0.904511 0.059739
vt 0.908219 0.059574
vt 0.908195 0.059909
vt 0.911923 0.059346
vt 0.911877 0.060141
vt 0.915628 0.059119
vt 0.915558 0.060373
vt 0.919335 0.058954
vt 0.919243 0.060543
vt 0.923046 0.058897
vt 0.878588 0.058916
vt 0.922931 0.060604
vt 0.878697 0.060620
vt 0.882299 0.058969
vt 0.882386 0.060556
vt 0.886006 0.059131
vt 0.886071 0.060384
vt 0.889710 0.059357
vt 0.889753 0.060150
vt 0.893442 0.079118
vt 0.893443 0.079459
vt 0.897128 0.079288
vt 0.900822 0.079283
vt 0.904515 0.079279
vt 0.908200 0.079107
vt 0.908201 0.079448
vt 0.911881 0.078873
vt 0.911882 0.079680
vt 0.915563 0.078640
vt 0.915564 0.079912
vt 0.919248 0.078468
vt 0.919249 0.080081
vt 0.922936 0.078405
vt 0.878703 0.078424
vt 0.922937 0.080142
vt 0.878706 0.080163
vt 0.882392 0.078485
vt 0.882395 0.080100
vt 0.886078 0.078655
vt 0.886080 0.079928
vt 0.889760 0.078887
vt 0.889761 0.079694
vt 0.893449 0.098659
vt 0.893449 0.099001
vt 0.897134 0.098829
vt 0.900828 0.098824
vt 0.904522 0.098820
vt 0.908207 0.098648
vt 0.908207 0.098989
vt 0.911888 0.098414
vt 0.911889 0.099221
vt 0.915570 0.098180
vt 0.915570 0.099453
vt 0.919255 0.098008
vt 0.919255 0.099622
vt 0.922943 0.097944
vt 0.878712 0.097965
vt 0.922944 0.099684
vt 0.878713 0.099705
vt 0.882401 0.098026
vt 0.882401 0.099641
vt 0.886086 0.098196
vt 0.886086 0.099469
vt 0.889767 0.098428
vt 0.889768 0.099235
vt 0.893456 0.118200
vt 0.893456 0.118542
vt 0.897141 0.118370
vt 0.900834 0.118365
vt 0.904528 0.118361
vt 0.908213 0.118189
vt 0.908213 0.118530
vt 0.911895 0.117955
vt 0.911895 0.118762
vt 0.915576 0.117721
vt 0.915577 0.118994
vt 0.919261 0.117549
vt 0.919262 0.119163
vt 0.922950 0.117485
vt 0.878719 0.117506
vt 0.922950 0.119225
vt 0.878719 0.119246
vt 0.882407 0.117567
vt 0.882408 0.119182
vt 0.886092 0.117737
vt 0.886093 0.119010
vt 0.889774 0.117969
vt 0.889774 0.118776
vt 0.893462 0.137742
vt 0.893462 0.138082
vt 0.897147 0.137911
vt 0.900841 0.137907
vt 0.904535 0.137902
vt 0.908220 0.137730
vt 0.908220 0.138071
vt 0.911901 0.137496
vt 0.911903 0.138303
vt 0.915583 0.137262
vt 0.915585 0.138535
vt 0.919268 0.137090
vt 0.919270 0.138704
vt 0.922956 0.137026
vt 0.878725 0.137047
vt 0.922959 0.138765
vt 0.878727 0.138785
vt 0.882414 0.137108
vt 0.882415 0.138722
vt 0.886099 0.137278
vt 0.886100 0.138550
vt 0.889780 0.137510
vt 0.889781 0.138316
vt 0.893467 0.157281
vt 0.893444 0.157616
vt 0.897152 0.157451
vt 0.900836 0.157453
vt 0.904542 0.157446
vt 0.908227 0.157274
vt 0.908249 0.157608
vt 0.911909 0.157040
vt 0.911953 0.157833
vt 0.915591 0.156805
vt 0.915657 0.158058
vt 0.919277 0.156633
vt 0.919364 0.158220
vt 0.922966 0.156570
vt 0.878731 0.156585
vt 0.923074 0.158274
vt 0.878616 0.158292
vt 0.882419 0.156647
vt 0.882327 0.158236
vt 0.886104 0.156817
vt 0.886035 0.158071
vt 0.889786 0.157049
vt 0.889739 0.157843
vt 0.893409 0.176933
vt 0.893387 0.177287
vt 0.897116 0.177111
vt 0.900865 0.177110
vt 0.904592 0.177102
vt 0.908298 0.176921
vt 0.908321 0.177272
vt 0.912001 0.176677
vt 0.912047 0.177504
vt 0.915703 0.176434
vt 0.915773 0.177737
vt 0.919410 0.176253
vt 0.919502 0.177906
vt 0.923120 0.176180
vt 0.878584 0.176203
vt 0.923235 0.177966
vt 0.878475 0.178007
vt 0.882295 0.176272
vt 0.882207 0.177941
vt 0.886002 0.176450
vt 0.885936 0.177765
vt 0.889706 0.176692
vt 0.889662 0.177526
vt 0.893404 0.196717
vt 0.893427 0.197067
vt 0.897133 0.196886
vt 0.900860 0.196879
vt 0.904609 0.196877
vt 0.908338 0.196702
vt 0.908316 0.197056
vt 0.912063 0.196463
vt 0.912019 0.197297
vt 0.915789 0.196224
vt 0.915723 0.197538
vt 0.919518 0.196048
vt 0.919430 0.197716
vt 0.923250 0.195981
vt 0.878490 0.196022
vt 0.923141 0.197786
vt 0.878605 0.197808
vt 0.882223 0.196082
vt 0.882315 0.197736
vt 0.885952 0.196252
vt 0.886021 0.197555
vt 0.889678 0.196484
vt 0.889724 0.197311
vt 0.893476 0.216380
vt 0.893498 0.216715
vt 0.897183 0.216543
vt 0.900889 0.216536
vt 0.904573 0.216538
vt 0.908281 0.216373
vt 0.908258 0.216708
vt 0.911985 0.216145
vt 0.911939 0.216940
vt 0.915690 0.215917
vt 0.915621 0.217172
vt 0.919398 0.215752
vt 0.919306 0.217342
vt 0.923109 0.215696
vt 0.878650 0.215715
vt 0.922994 0.217403
vt 0.878759 0.217419
vt 0.882361 0.215768
vt 0.882448 0.217355
vt 0.886068 0.215930
vt 0.886134 0.217183
vt 0.889772 0.216155
vt 0.889816 0.216949
vt 0.893505 0.235917
vt 0.893505 0.236258
vt 0.897190 0.236087
vt 0.900884 0.236082
vt 0.904578 0.236078
vt 0.908263 0.235906
vt 0.908263 0.236247
vt 0.911944 0.235672
vt 0.911945 0.236479
vt 0.915625 0.235438
vt 0.915626 0.236711
vt 0.919310 0.235267
vt 0.919311 0.236880
vt 0.922998 0.235204
vt 0.878765 0.235223
vt 0.923000 0.236941
vt 0.878769 0.236962
vt 0.882454 0.235284
vt 0.882457 0.236899
vt 0.886140 0.235454
vt 0.886142 0.236727
vt 0.889822 0.235685
vt 0.889823 0.236493
vt 0.893511 0.255458
vt 0.893512 0.255800
vt 0.897196 0.255628
vt 0.900890 0.255623
vt 0.904584 0.255619
vt 0.908269 0.255447
vt 0.908269 0.255788
vt 0.911951 0.255213
vt 0.911951 0.256020
vt 0.915632 0.254979
vt 0.915633 0.256252
vt 0.919317 0.254807
vt 0.919318 0.256421
vt 0.923006 0.254743
vt 0.878774 0.254764
vt 0.923006 0.256482
vt 0.878775 0.256504
vt 0.882463 0.254825
vt 0.882463 0.256440
vt 0.886148 0.254995
vt 0.886148 0.256268
vt 0.889830 0.255227
vt 0.889830 0.256034
vt 0.893518 0.275000
vt 0.893518 0.275341
vt 0.897203 0.275169
vt 0.900897 0.275164
vt 0.904591 0.275160
vt 0.908276 0.274988
vt 0.908276 0.275329
vt 0.911957 0.274754
vt 0.911958 0.275561
vt 0.915639 0.274520
vt 0.915639 0.275793
vt 0.919324 0.274348
vt 0.919324 0.275962
vt 0.923012 0.274284
vt 0.878781 0.274305
vt 0.923013 0.276024
vt 0.878782 0.276045
vt 0.882470 0.274366
vt 0.882470 0.275981
vt 0.886155 0.274536
vt 0.886155 0.275809
vt 0.889836 0.274768
vt 0.889837 0.275575
vt 0.893524 0.294541
vt 0.893525 0.294882
vt 0.897209 0.294710
vt 0.900903 0.294706
vt 0.904597 0.294701
vt 0.908282 0.294529
vt 0.908283 0.294871
vt 0.911964 0.294295
vt 0.911965 0.295103
vt 0.915645 0.294061
vt 0.915647 0.295335
vt 0.919330 0.293889
vt 0.919333 0.295504
vt 0.923019 0.293825
vt 0.878788 0.293846
vt 0.923022 0.295565
vt 0.878789 0.295586
vt 0.882476 0.293908
vt 0.882477 0.295522
vt 0.886161 0.294077
vt 0.886162 0.295350
vt 0.889843 0.294309
vt 0.889843 0.295116
vt 0.893531 0.314081
vt 0.893553 0.314427
vt 0.897216 0.314250
vt 0.900898 0.314245
vt 0.904603 0.314245
vt 0.908289 0.314074
vt 0.908267 0.314424
vt 0.911971 0.313839
vt 0.911928 0.314664
vt 0.915653 0.313605
vt 0.915588 0.314905
vt 0.919339 0.313433
vt 0.919252 0.315083
vt 0.923028 0.313370
vt 0.878795 0.313387
vt 0.922920 0.315154
vt 0.878905 0.315152
vt 0.882483 0.313448
vt 0.882572 0.315082
vt 0.886168 0.313617
vt 0.886235 0.314905
vt 0.889850 0.313849
vt 0.889894 0.314666
vt 0.893592 0.333513
vt 0.893635 0.333850
vt 0.897255 0.333675
vt 0.900906 0.333669
vt 0.904557 0.333677
vt 0.908222 0.333516
vt 0.908178 0.333853
vt 0.911883 0.333293
vt 0.911794 0.334091
vt 0.915545 0.333070
vt 0.915411 0.334329
vt 0.919209 0.332909
vt 0.919032 0.334505
vt 0.922877 0.332855
vt 0.878941 0.332848
vt 0.922656 0.334575
vt 0.879156 0.334567
vt 0.882608 0.332902
vt 0.882780 0.334498
vt 0.886271 0.333065
vt 0.886401 0.334323
vt 0.889932 0.333289
vt 0.890018 0.334087
vt 0.893673 0.352716
vt 0.893716 0.353049
vt 0.897294 0.352876
vt 0.900903 0.352869
vt 0.904511 0.352877
vt 0.908132 0.352718
vt 0.908088 0.353052
vt 0.911750 0.352498
vt 0.911663 0.353286
vt 0.915368 0.352278
vt 0.915237 0.353521
vt 0.918989 0.352119
vt 0.918815 0.353695
vt 0.922614 0.352066
vt 0.879192 0.352058
vt 0.922396 0.353764
vt 0.879407 0.353756
vt 0.882816 0.352112
vt 0.882988 0.353688
vt 0.886437 0.352272
vt 0.886567 0.353516
vt 0.890055 0.352494
vt 0.890141 0.353282
vt 0.893753 0.371694
vt 0.893775 0.372016
vt 0.897332 0.371852
vt 0.900909 0.371848
vt 0.904465 0.371852
vt 0.908044 0.371695
vt 0.908023 0.372018
vt 0.911619 0.371477
vt 0.911577 0.372243
vt 0.915195 0.371259
vt 0.915130 0.372469
vt 0.918773 0.371102
vt 0.918688 0.372635
vt 0.922355 0.371050
vt 0.879441 0.371043
vt 0.922248 0.372696
vt 0.879549 0.372687
vt 0.883023 0.371097
vt 0.883110 0.372628
vt 0.886602 0.371255
vt 0.886667 0.372464
vt 0.890178 0.371475
vt 0.890221 0.372240
vt 0.893770 0.390550
vt 0.893748 0.390873
vt 0.897327 0.390716
vt 0.900883 0.390720
vt 0.904460 0.390715
vt 0.908017 0.390552
vt 0.908039 0.390874
vt 0.911571 0.390328
vt 0.911614 0.391093
vt 0.915125 0.390104
vt 0.915190 0.391312
vt 0.918683 0.389940
vt 0.918769 0.391471
vt 0.922243 0.389881
vt 0.879544 0.389871
vt 0.922351 0.391524
vt 0.879437 0.391518
vt 0.883105 0.389933
vt 0.883019 0.391466
vt 0.886662 0.390098
vt 0.886597 0.391309
vt 0.890216 0.390324
vt 0.890173 0.391091
vt 0.893704 0.409516
vt 0.893660 0.409849
vt 0.897281 0.409690
vt 0.900890 0.409698
vt 0.904498 0.409692
vt 0.908076 0.409519
vt 0.908119 0.409852
vt 0.911651 0.409285
vt 0.911736 0.410074
vt 0.915225 0.409052
vt 0.915353 0.410295
vt 0.918804 0.408879
vt 0.918974 0.410455
vt 0.922385 0.408811
vt 0.879396 0.408803
vt 0.922598 0.410509
vt 0.879176 0.410502
vt 0.882977 0.408872
vt 0.882801 0.410449
vt 0.886555 0.409047
vt 0.886423 0.410290
vt 0.890129 0.409281
vt 0.890041 0.410070
vt 0.893615 0.428718
vt 0.893593 0.429063
vt 0.897236 0.428894
vt 0.900897 0.428895
vt 0.904537 0.428889
vt 0.908157 0.428714
vt 0.908179 0.429057
vt 0.911773 0.428478
vt 0.911818 0.429286
vt 0.915389 0.428242
vt 0.915457 0.429515
vt 0.919010 0.428067
vt 0.919100 0.429683
vt 0.922633 0.427998
vt 0.879134 0.427996
vt 0.922746 0.429743
vt 0.879028 0.429758
vt 0.882759 0.428066
vt 0.882673 0.429696
vt 0.886380 0.428242
vt 0.886316 0.429526
vt 0.889997 0.428480
vt 0.889954 0.429295
vt 0.893599 0.448041
vt 0.893588 0.448374
vt 0.897241 0.448209
vt 0.900881 0.448206
vt 0.904543 0.448204
vt 0.908185 0.448034
vt 0.908197 0.448371
vt 0.911824 0.447803
vt 0.911848 0.448600
vt 0.915463 0.447571
vt 0.915498 0.448828
vt 0.919106 0.447401
vt 0.919153 0.448994
vt 0.922751 0.447339
vt 0.879032 0.447354
vt 0.922810 0.449052
vt 0.878979 0.449048
vt 0.882678 0.447415
vt 0.882636 0.448992
vt 0.886320 0.447582
vt 0.886288 0.448828
vt 0.889959 0.447812
vt 0.889938 0.448601
vt 0.893574 0.467175
vt 0.897231 0.467179
vt 0.900887 0.467181
vt 0.904545 0.467180
vt 0.908203 0.467178
vt 0.911861 0.467175
vt 0.915519 0.467173
vt 0.919177 0.467170
vt 0.922835 0.467166
vt 0.878947 0.467156
vt 0.882604 0.467162
vt 0.886260 0.467167
vt 0.889917 0.467171
vt 0.173442 0.937078
vt 0.173442 0.933411
vt 0.173442 0.929744
vt 0.173442 0.984747
vt 0.173442 0.926077
vt 0.173442 0.981080
vt 0.173442 0.977413
vt 0.173442 0.973747
vt 0.173442 0.970080
vt 0.173442 0.966413
vt 0.173442 0.962746
vt 0.173442 0.959079
vt 0.173442 0.955412
vt 0.173442 0.951745
vt 0.173442 0.948079
vt 0.173442 0.944412
vt 0.173442 0.940745
vt 0.137752 0.937078
vt 0.842552 0.707409
vt 0.842552 0.706741
vt 0.137752 0.933411
vt 0.842552 0.702408
vt 0.842552 0.703075
vt 0.137752 0.929744
vt 0.842552 0.698074
vt 0.842552 0.698741
vt 0.137752 0.984747
vt 0.137752 0.926077
vt 0.842552 0.763081
vt 0.842552 0.694407
vt 0.137752 0.981080
vt 0.842552 0.758747
vt 0.842552 0.759414
vt 0.842552 0.754413
vt 0.137752 0.977413
vt 0.842552 0.755080
vt 0.842552 0.750746
vt 0.842552 0.750079
vt 0.137752 0.973747
vt 0.842552 0.746413
vt 0.842552 0.745746
vt 0.137752 0.970080
vt 0.842552 0.742079
vt 0.842552 0.741412
vt 0.137752 0.966413
vt 0.842552 0.737745
vt 0.842552 0.737078
vt 0.137752 0.962746
vt 0.842552 0.733411
vt 0.842552 0.732744
vt 0.137752 0.959079
vt 0.842552 0.729077
vt 0.842552 0.728410
vt 0.137752 0.955412
vt 0.842552 0.724744
vt 0.137752 0.951745
vt 0.842552 0.724077
vt 0.137752 0.948078
vt 0.842552 0.719743
vt 0.842552 0.720410
vt 0.137752 0.944412
vt 0.842552 0.715409
vt 0.842552 0.716076
vt 0.137752 0.940745
vt 0.842552 0.711075
vt 0.842552 0.711742
vt 0.836725 0.702741
vt 0.628816 0.949594
vt 0.836726 0.707075
vt 0.631880 0.946530
vt 0.840875 0.707075
vt 0.836726 0.698407
vt 0.627157 0.953598
vt 0.836726 0.694074
vt 0.836725 0.763415
vt 0.627157 0.957932
vt 0.836725 0.759081
vt 0.628816 0.961936
vt 0.836725 0.754747
vt 0.631880 0.965000
vt 0.836725 0.750413
vt 0.635884 0.966659
vt 0.836725 0.746079
vt 0.640218 0.966659
vt 0.836725 0.741745
vt 0.644222 0.965000
vt 0.836725 0.737411
vt 0.647286 0.961936
vt 0.836725 0.733078
vt 0.648945 0.957932
vt 0.836725 0.728744
vt 0.648945 0.953598
vt 0.836725 0.724410
vt 0.647286 0.949594
vt 0.836725 0.720076
vt 0.644222 0.946530
vt 0.836726 0.715742
vt 0.640218 0.944871
vt 0.836725 0.711409
vt 0.635884 0.944871
vt 0.840875 0.702741
vt 0.840875 0.698407
vt 0.840875 0.763414
vt 0.840875 0.694074
vt 0.840875 0.759081
vt 0.840875 0.754747
vt 0.840875 0.750413
vt 0.840875 0.746079
vt 0.840875 0.741745
vt 0.840875 0.737411
vt 0.840875 0.733078
vt 0.840875 0.728744
vt 0.840875 0.724410
vt 0.840875 0.720076
vt 0.840875 0.715742
vt 0.840875 0.711409
vt 0.495049 0.927331
vt 0.495049 0.923664
vt 0.495049 0.919997
vt 0.495049 0.975000
vt 0.495049 0.916330
vt 0.495049 0.971333
vt 0.495049 0.967666
vt 0.495049 0.964000
vt 0.495049 0.960333
vt 0.495049 0.956666
vt 0.495049 0.952999
vt 0.495049 0.949332
vt 0.495049 0.945665
vt 0.495049 0.941998
vt 0.495049 0.938331
vt 0.495049 0.934664
vt 0.495049 0.930998
vt 0.530739 0.927331
vt 0.228480 0.814222
vt 0.228480 0.813556
vt 0.530739 0.923664
vt 0.228480 0.809222
vt 0.228480 0.809889
vt 0.530739 0.919997
vt 0.228480 0.804888
vt 0.228480 0.805555
vt 0.530740 0.975000
vt 0.530739 0.916330
vt 0.228480 0.869895
vt 0.228480 0.801221
vt 0.530740 0.971333
vt 0.228480 0.865561
vt 0.228480 0.866228
vt 0.228480 0.861227
vt 0.530740 0.967666
vt 0.228480 0.861894
vt 0.228480 0.857561
vt 0.228480 0.856894
vt 0.530740 0.964000
vt 0.228480 0.853227
vt 0.228480 0.852560
vt 0.530740 0.960333
vt 0.228480 0.848893
vt 0.228480 0.848226
vt 0.530740 0.956666
vt 0.228480 0.844559
vt 0.228480 0.843892
vt 0.530739 0.952999
vt 0.228480 0.840225
vt 0.228480 0.839558
vt 0.530739 0.949332
vt 0.228480 0.835891
vt 0.228480 0.835224
vt 0.530739 0.945665
vt 0.228480 0.831558
vt 0.530739 0.941998
vt 0.228480 0.830891
vt 0.530740 0.938331
vt 0.228480 0.826557
vt 0.228480 0.827224
vt 0.530739 0.934664
vt 0.228480 0.822223
vt 0.228480 0.822890
vt 0.530739 0.930998
vt 0.228480 0.817889
vt 0.228480 0.818556
vt 0.234306 0.809555
vt 0.973357 0.770420
vt 0.234306 0.813889
vt 0.975015 0.766416
vt 0.230157 0.813889
vt 0.234306 0.805221
vt 0.970292 0.773484
vt 0.234306 0.800888
vt 0.234306 0.870229
vt 0.966288 0.775143
vt 0.234306 0.865895
vt 0.961954 0.775143
vt 0.234306 0.861561
vt 0.957951 0.773484
vt 0.234306 0.857227
vt 0.954886 0.770419
vt 0.234306 0.852893
vt 0.953228 0.766416
vt 0.234306 0.848559
vt 0.953228 0.762082
vt 0.234306 0.844226
vt 0.954886 0.758078
vt 0.234306 0.839892
vt 0.957951 0.755013
vt 0.234306 0.835558
vt 0.961955 0.753355
vt 0.234306 0.831224
vt 0.966288 0.753355
vt 0.234306 0.826890
vt 0.970292 0.755014
vt 0.234306 0.822556
vt 0.973357 0.758078
vt 0.234306 0.818223
vt 0.975015 0.762082
vt 0.230157 0.809555
vt 0.230157 0.805221
vt 0.230157 0.870229
vt 0.230157 0.800888
vt 0.230157 0.865895
vt 0.230157 0.861561
vt 0.230156 0.857227
vt 0.230156 0.852893
vt 0.230156 0.848559
vt 0.230156 0.844226
vt 0.230156 0.839892
vt 0.230157 0.835558
vt 0.230157 0.831224
vt 0.230157 0.826890
vt 0.230157 0.822556
vt 0.230157 0.818223
vt 0.575897 0.919048
vt 0.979840 0.648065
vt 0.979209 0.647612
vt 0.568515 0.916866
vt 0.972225 0.644375
vt 0.971325 0.644241
vt 0.962963 0.645538
vt 0.561132 0.919048
vt 0.963699 0.645290
vt 0.450157 0.934330
vt 0.958728 0.082567
vt 0.450893 0.934082
vt 0.966110 0.080386
vt 0.458519 0.933033
vt 0.459419 0.933167
vt 0.467034 0.936857
vt 0.973493 0.082567
vt 0.466403 0.936404
vt 0.965921 0.811784
vt 0.965185 0.811535
vt 0.973492 0.342911
vt 0.973547 0.812833
vt 0.974447 0.812698
vt 0.966110 0.340729
vt 0.981431 0.809462
vt 0.982063 0.809009
vt 0.958728 0.342911
vt 0.963699 0.681662
vt 0.958728 0.516091
vt 0.962963 0.681910
vt 0.971325 0.680612
vt 0.972224 0.680747
vt 0.966110 0.513909
vt 0.979840 0.684436
vt 0.979209 0.683983
vt 0.973492 0.516091
vt 0.980497 0.657157
vt 0.981337 0.663919
vt 0.446866 0.942831
vt 0.444083 0.949051
vt 0.976728 0.651734
vt 0.452058 0.938750
vt 0.971056 0.649107
vt 0.458250 0.937899
vt 0.964864 0.649958
vt 0.463922 0.940526
vt 0.959673 0.654039
vt 0.467691 0.945949
vt 0.956889 0.660259
vt 0.468531 0.952711
vt 0.957395 0.666970
vt 0.466082 0.958980
vt 0.961165 0.672391
vt 0.460889 0.963059
vt 0.967170 0.675068
vt 0.454364 0.963860
vt 0.973696 0.674267
vt 0.448359 0.961183
vt 0.978888 0.670187
vt 0.444589 0.955762
vt 0.981110 0.786886
vt 0.983560 0.793155
vt 0.978888 0.706559
vt 0.981337 0.700290
vt 0.975918 0.782807
vt 0.973696 0.710639
vt 0.969392 0.782006
vt 0.967170 0.711439
vt 0.963387 0.784683
vt 0.961165 0.708763
vt 0.959617 0.790104
vt 0.957395 0.703341
vt 0.959111 0.796815
vt 0.956889 0.696630
vt 0.961895 0.803034
vt 0.959672 0.690411
vt 0.967086 0.807116
vt 0.964864 0.686330
vt 0.973279 0.807967
vt 0.971056 0.685478
vt 0.978950 0.805339
vt 0.976728 0.688106
vt 0.982719 0.799917
vt 0.980497 0.693528
vt 0.959621 0.477940
vt 0.972155 0.000880
vt 0.960102 0.434690
vt 0.972599 0.044417
vt 0.966110 0.476486
vt 0.966129 0.000880
vt 0.966128 0.434690
vt 0.966110 0.042962
vt 0.972599 0.477940
vt 0.960103 0.000880
vt 0.972154 0.434690
vt 0.959621 0.044417
vt 0.972599 0.304760
vt 0.562470 0.837360
vt 0.972118 0.261510
vt 0.562026 0.880898
vt 0.966110 0.303306
vt 0.966092 0.261510
vt 0.568496 0.837361
vt 0.568515 0.879443
vt 0.959621 0.304760
vt 0.960066 0.261510
vt 0.574522 0.837361
vt 0.575003 0.880898
vt 0.581397 0.922478
vt 0.984483 0.652588
vt 0.000889 0.797554
vt 0.985012 0.653111
vt 0.002439 0.800205
vt 0.001618 0.799449
vt 0.957199 0.648504
vt 0.956540 0.648848
vt 0.555632 0.922478
vt 0.000879 0.866386
vt 0.002428 0.863710
vt 0.001605 0.864475
vt 0.953355 0.659248
vt 0.953228 0.659931
vt 0.000900 0.855344
vt 0.002891 0.855498
vt 0.001895 0.855425
vt 0.953764 0.667893
vt 0.954022 0.668600
vt 0.001105 0.847410
vt 0.003088 0.847448
vt 0.002102 0.847422
vt 0.958477 0.675054
vt 0.959074 0.675545
vt 0.001111 0.839603
vt 0.003108 0.839616
vt 0.002126 0.839605
vt 0.966230 0.678739
vt 0.966993 0.678854
vt 0.001158 0.831843
vt 0.003116 0.831849
vt 0.002135 0.831846
vt 0.974771 0.677895
vt 0.975486 0.677601
vt 0.001158 0.824092
vt 0.003151 0.824089
vt 0.002171 0.824095
vt 0.981636 0.672734
vt 0.982089 0.672133
vt 0.001184 0.816314
vt 0.003155 0.816278
vt 0.002174 0.816304
vt 0.002938 0.808297
vt 0.984934 0.664678
vt 0.000971 0.808458
vt 0.985012 0.663988
vt 0.001953 0.808374
vt 0.033732 0.800131
vt 0.444393 0.937296
vt 0.953228 0.085998
vt 0.443734 0.937640
vt 0.035280 0.797460
vt 0.034554 0.799369
vt 0.033729 0.863576
vt 0.472206 0.941903
vt 0.471677 0.941380
vt 0.978992 0.085998
vt 0.035280 0.866224
vt 0.034550 0.864331
vt 0.033222 0.855491
vt 0.472128 0.953470
vt 0.472206 0.952780
vt 0.035187 0.855328
vt 0.034205 0.855413
vt 0.032992 0.847519
vt 0.469283 0.960925
vt 0.468829 0.961526
vt 0.034961 0.847479
vt 0.033971 0.847491
vt 0.032971 0.839716
vt 0.462680 0.966393
vt 0.461965 0.966687
vt 0.034963 0.839711
vt 0.033952 0.839709
vt 0.033017 0.831960
vt 0.454187 0.967646
vt 0.453424 0.967531
vt 0.034972 0.831966
vt 0.033996 0.831963
vt 0.033014 0.824199
vt 0.445671 0.963846
vt 0.446268 0.964337
vt 0.035010 0.824213
vt 0.033996 0.824210
vt 0.033055 0.816372
vt 0.441216 0.957392
vt 0.440958 0.956685
vt 0.035036 0.816415
vt 0.034040 0.816401
vt 0.440422 0.948723
vt 0.440549 0.948040
vt 0.035251 0.808489
vt 0.033262 0.808333
vt 0.034257 0.808407
vt 0.983858 0.784340
vt 0.984312 0.784941
vt 0.071187 0.816108
vt 0.069203 0.816069
vt 0.070190 0.816096
vt 0.977708 0.779473
vt 0.976993 0.779179
vt 0.071177 0.823915
vt 0.069180 0.823903
vt 0.070162 0.823913
vt 0.969215 0.778220
vt 0.968453 0.778334
vt 0.071146 0.831670
vt 0.069189 0.831667
vt 0.070169 0.831669
vt 0.961297 0.781529
vt 0.960699 0.782020
vt 0.071152 0.839414
vt 0.069162 0.839420
vt 0.070141 0.839413
vt 0.956244 0.788473
vt 0.955986 0.789181
vt 0.071147 0.847179
vt 0.069179 0.847218
vt 0.070158 0.847191
vt 0.955450 0.797143
vt 0.955577 0.797826
vt 0.071363 0.855028
vt 0.069398 0.855188
vt 0.070381 0.855111
vt 0.958762 0.808226
vt 0.978992 0.346341
vt 0.959421 0.808570
vt 0.071438 0.865921
vt 0.069892 0.863271
vt 0.070711 0.864027
vt 0.069886 0.799806
vt 0.987235 0.803963
vt 0.953228 0.346341
vt 0.986705 0.804486
vt 0.071438 0.797133
vt 0.070710 0.799043
vt 0.069410 0.808018
vt 0.987235 0.793086
vt 0.987156 0.792396
vt 0.071401 0.808176
vt 0.070406 0.808093
vt 0.039299 0.815942
vt 0.982090 0.708505
vt 0.981636 0.709105
vt 0.037331 0.815981
vt 0.038320 0.815969
vt 0.039316 0.823740
vt 0.974771 0.714266
vt 0.975486 0.713972
vt 0.037326 0.823747
vt 0.038337 0.823748
vt 0.039289 0.831493
vt 0.966993 0.715225
vt 0.966231 0.715111
vt 0.037333 0.831490
vt 0.038309 0.831491
vt 0.039298 0.839257
vt 0.959074 0.711917
vt 0.958477 0.711426
vt 0.037301 0.839245
vt 0.038316 0.839247
vt 0.039275 0.847091
vt 0.954022 0.704972
vt 0.953764 0.704265
vt 0.037292 0.847052
vt 0.038289 0.847064
vt 0.039068 0.855142
vt 0.953228 0.696303
vt 0.953355 0.695620
vt 0.037078 0.854985
vt 0.038072 0.855067
vt 0.038593 0.863353
vt 0.953228 0.519521
vt 0.956540 0.685220
vt 0.957199 0.684875
vt 0.037041 0.866026
vt 0.037769 0.864116
vt 0.038585 0.799888
vt 0.984483 0.688960
vt 0.978992 0.519521
vt 0.985012 0.689482
vt 0.037039 0.797238
vt 0.037766 0.799132
vt 0.984934 0.701049
vt 0.985012 0.700359
vt 0.037115 0.808133
vt 0.039080 0.807972
vt 0.038097 0.808049
vt 0.070262 0.905450
vt 0.976415 0.307846
vt 0.068653 0.904475
vt 0.069463 0.904756
vt 0.559268 0.837360
vt 0.068205 0.952253
vt 0.004341 0.952882
vt 0.975319 0.261511
vt 0.066453 0.952188
vt 0.006088 0.952814
vt 0.067287 0.952204
vt 0.005256 0.952832
vt 0.003760 0.904954
vt 0.558210 0.883984
vt 0.002155 0.905932
vt 0.002951 0.905237
vt 0.039866 0.904589
vt 0.955805 0.481026
vt 0.038260 0.905565
vt 0.039057 0.904871
vt 0.042111 0.952163
vt 0.030424 0.952803
vt 0.975357 0.000879
vt 0.956900 0.434691
vt 0.040363 0.952229
vt 0.032176 0.952863
vt 0.041279 0.952180
vt 0.031258 0.952817
vt 0.976415 0.047503
vt 0.034169 0.905766
vt 0.032558 0.904793
vt 0.033369 0.905073
vt 0.032421 0.758933
vt 0.955806 0.047503
vt 0.034027 0.757954
vt 0.033230 0.758650
vt 0.030081 0.710970
vt 0.042028 0.710964
vt 0.975356 0.434689
vt 0.956901 0.000880
vt 0.031832 0.710900
vt 0.040276 0.710900
vt 0.030915 0.710951
vt 0.041194 0.710948
vt 0.976415 0.481026
vt 0.038212 0.757703
vt 0.039821 0.758678
vt 0.039011 0.758397
vt 0.068616 0.758563
vt 0.955805 0.307846
vt 0.070223 0.757587
vt 0.069425 0.758281
vt 0.066365 0.710990
vt 0.005748 0.711077
vt 0.577724 0.837361
vt 0.956864 0.261510
vt 0.068113 0.710925
vt 0.004000 0.711016
vt 0.067197 0.710973
vt 0.004916 0.711062
vt 0.578819 0.883984
vt 0.002033 0.757992
vt 0.003642 0.758964
vt 0.002832 0.758685
vt 0.695135 0.520610
vt 0.689012 0.520610
vt 0.682888 0.520610
vt 0.676765 0.520610
vt 0.670642 0.520610
vt 0.664518 0.520610
vt 0.658395 0.520610
vt 0.652272 0.520610
vt 0.725751 0.520610
vt 0.719628 0.520610
vt 0.713505 0.520610
vt 0.707381 0.520610
vt 0.701258 0.520610
vt 0.695135 0.000879
vt 0.689012 0.000879
vt 0.682888 0.000879
vt 0.676765 0.000879
vt 0.670642 0.000879
vt 0.664518 0.000879
vt 0.658395 0.000879
vt 0.652272 0.000879
vt 0.725751 0.000879
vt 0.719628 0.000879
vt 0.713505 0.000879
vt 0.707381 0.000879
vt 0.701258 0.000879
vt 0.495049 0.869531
vt 0.761890 0.848897
vt 0.495049 0.863097
vt 0.761890 0.842463
vt 0.495049 0.856663
vt 0.758673 0.836891
vt 0.495049 0.850229
vt 0.753100 0.833674
vt 0.495049 0.843794
vt 0.746666 0.833674
vt 0.495049 0.914571
vt 0.495049 0.837360
vt 0.741094 0.836891
vt 0.495049 0.908137
vt 0.737877 0.842463
vt 0.495049 0.901703
vt 0.737877 0.848897
vt 0.495049 0.895268
vt 0.741094 0.854469
vt 0.495049 0.888834
vt 0.746666 0.857687
vt 0.495049 0.882400
vt 0.753100 0.857687
vt 0.495049 0.875966
vt 0.758672 0.854470
vt 0.551372 0.869531
vt 0.227204 0.749312
vt 0.227204 0.749949
vt 0.227204 0.757020
vt 0.551372 0.875966
vt 0.227204 0.756383
vt 0.227204 0.742240
vt 0.551372 0.863097
vt 0.227204 0.742877
vt 0.227204 0.735806
vt 0.227204 0.735169
vt 0.551372 0.856663
vt 0.227204 0.728735
vt 0.227204 0.728098
vt 0.551372 0.850229
vt 0.227204 0.721664
vt 0.551372 0.843794
vt 0.227204 0.721027
vt 0.551372 0.914571
vt 0.551372 0.837360
vt 0.227204 0.798811
vt 0.227204 0.714592
vt 0.551372 0.908137
vt 0.227204 0.791739
vt 0.227204 0.792376
vt 0.551372 0.901703
vt 0.227204 0.784668
vt 0.227204 0.785305
vt 0.227204 0.777597
vt 0.551372 0.895268
vt 0.227204 0.778234
vt 0.227204 0.771162
vt 0.227204 0.770525
vt 0.551372 0.888834
vt 0.227204 0.764091
vt 0.227204 0.763454
vt 0.551372 0.882400
vt 0.228393 0.749630
vt 0.234306 0.749630
vt 0.104061 0.957547
vt 0.234306 0.756701
vt 0.097937 0.954011
vt 0.228393 0.756701
vt 0.228393 0.742559
vt 0.234306 0.742559
vt 0.107597 0.963671
vt 0.228393 0.735488
vt 0.234306 0.735488
vt 0.107597 0.970742
vt 0.228393 0.728416
vt 0.234306 0.728416
vt 0.104061 0.976866
vt 0.228393 0.721345
vt 0.234306 0.721345
vt 0.097937 0.980402
vt 0.228393 0.799129
vt 0.228393 0.714274
vt 0.234306 0.714274
vt 0.234306 0.799129
vt 0.090866 0.980402
vt 0.228393 0.792058
vt 0.234306 0.792058
vt 0.084742 0.976866
vt 0.228393 0.784986
vt 0.234306 0.784987
vt 0.081207 0.970742
vt 0.228393 0.777915
vt 0.234306 0.777915
vt 0.081207 0.963671
vt 0.228393 0.770844
vt 0.234306 0.770844
vt 0.084742 0.957547
vt 0.228393 0.763773
vt 0.234306 0.763773
vt 0.090866 0.954011
vt 0.805552 0.694074
vt 0.811435 0.694074
vt 0.817318 0.694074
vt 0.823201 0.694074
vt 0.829084 0.694074
vt 0.834967 0.694074
vt 0.764371 0.694074
vt 0.770254 0.694074
vt 0.776137 0.694074
vt 0.782020 0.694074
vt 0.787903 0.694074
vt 0.793786 0.694074
vt 0.799669 0.694074
vt 0.805552 0.818698
vt 0.811435 0.818698
vt 0.817318 0.818698
vt 0.823201 0.818698
vt 0.829084 0.818698
vt 0.834967 0.818698
vt 0.764371 0.818699
vt 0.770254 0.818699
vt 0.776137 0.818699
vt 0.782020 0.818698
vt 0.787903 0.818698
vt 0.793786 0.818698
vt 0.799669 0.818698
vt 0.925009 0.547104
vt 0.227205 0.459609
vt 0.925009 0.548066
vt 0.951469 0.547585
vt 0.244107 0.099561
vt 0.925009 0.564146
vt 0.227205 0.444492
vt 0.925009 0.563184
vt 0.951469 0.563665
vt 0.239945 0.084029
vt 0.925009 0.579263
vt 0.925009 0.580225
vt 0.227205 0.429374
vt 0.951469 0.579744
vt 0.233792 0.069173
vt 0.925009 0.595343
vt 0.925009 0.596305
vt 0.227205 0.414257
vt 0.951469 0.595824
vt 0.225752 0.055248
vt 0.925009 0.611422
vt 0.925009 0.612384
vt 0.227205 0.399139
vt 0.951469 0.611903
vt 0.215963 0.042491
vt 0.925009 0.627502
vt 0.925009 0.628464
vt 0.227205 0.384022
vt 0.951469 0.627983
vt 0.204593 0.031121
vt 0.925009 0.643581
vt 0.925009 0.644543
vt 0.227205 0.368904
vt 0.951469 0.644062
vt 0.191837 0.021333
vt 0.925009 0.659661
vt 0.925009 0.660623
vt 0.227205 0.353787
vt 0.951469 0.660142
vt 0.177911 0.013293
vt 0.925009 0.675741
vt 0.925009 0.676703
vt 0.227205 0.338669
vt 0.951469 0.676222
vt 0.163056 0.007140
vt 0.925009 0.691820
vt 0.925009 0.692782
vt 0.227205 0.323552
vt 0.951469 0.692301
vt 0.147524 0.002978
vt 0.925009 0.707900
vt 0.925009 0.708862
vt 0.227205 0.308434
vt 0.951469 0.708381
vt 0.131582 0.000879
vt 0.925009 0.723979
vt 0.925009 0.724941
vt 0.227205 0.293317
vt 0.951469 0.724460
vt 0.115503 0.000879
vt 0.925009 0.740059
vt 0.925009 0.741021
vt 0.227204 0.278199
vt 0.951469 0.740540
vt 0.099561 0.002978
vt 0.925009 0.756138
vt 0.925009 0.757100
vt 0.227204 0.263082
vt 0.951469 0.756619
vt 0.084029 0.007140
vt 0.925009 0.772218
vt 0.925009 0.001360
vt 0.227204 0.247964
vt 0.583156 0.951371
vt 0.951469 0.772699
vt 0.951469 0.000879
vt 0.069174 0.013293
vt 0.925009 0.016478
vt 0.925009 0.017440
vt 0.583156 0.936254
vt 0.951469 0.016959
vt 0.055248 0.021333
vt 0.925009 0.032558
vt 0.925009 0.033520
vt 0.583156 0.921136
vt 0.951469 0.033039
vt 0.042491 0.031121
vt 0.925009 0.048637
vt 0.925009 0.049599
vt 0.583156 0.906019
vt 0.951469 0.049118
vt 0.031121 0.042491
vt 0.925009 0.064717
vt 0.925009 0.065679
vt 0.583156 0.890901
vt 0.951469 0.065198
vt 0.021333 0.055248
vt 0.925009 0.080796
vt 0.925009 0.081758
vt 0.583156 0.875784
vt 0.951469 0.081277
vt 0.013293 0.069173
vt 0.925009 0.096876
vt 0.925009 0.097838
vt 0.583156 0.860666
vt 0.951469 0.097357
vt 0.007140 0.084029
vt 0.925009 0.112956
vt 0.925009 0.113918
vt 0.583156 0.845549
vt 0.951469 0.113437
vt 0.002978 0.099561
vt 0.925009 0.129035
vt 0.925009 0.129997
vt 0.583156 0.830431
vt 0.951469 0.129516
vt 0.000879 0.115503
vt 0.925009 0.145115
vt 0.925009 0.146077
vt 0.583156 0.815314
vt 0.951469 0.145596
vt 0.000879 0.131582
vt 0.925009 0.161194
vt 0.925009 0.162156
vt 0.583156 0.800196
vt 0.951469 0.161675
vt 0.002978 0.147524
vt 0.925009 0.177274
vt 0.925009 0.178236
vt 0.583156 0.785079
vt 0.951469 0.177755
vt 0.007140 0.163056
vt 0.925009 0.193353
vt 0.925009 0.194315
vt 0.583156 0.769961
vt 0.951469 0.193834
vt 0.013293 0.177911
vt 0.925009 0.209433
vt 0.925009 0.210395
vt 0.583156 0.754844
vt 0.951469 0.209914
vt 0.021333 0.191837
vt 0.925009 0.225512
vt 0.925009 0.226475
vt 0.583156 0.739726
vt 0.951469 0.225994
vt 0.031121 0.204593
vt 0.925009 0.241592
vt 0.925009 0.242554
vt 0.583156 0.724609
vt 0.951469 0.242073
vt 0.042491 0.215963
vt 0.925009 0.257672
vt 0.925009 0.258634
vt 0.583156 0.709491
vt 0.951469 0.258153
vt 0.055248 0.225752
vt 0.925009 0.273751
vt 0.925009 0.274713
vt 0.583156 0.694374
vt 0.951469 0.274232
vt 0.069173 0.233792
vt 0.925009 0.289831
vt 0.925009 0.290793
vt 0.583156 0.679256
vt 0.951469 0.290312
vt 0.084029 0.239945
vt 0.925009 0.305910
vt 0.925009 0.306872
vt 0.583156 0.664139
vt 0.951469 0.306391
vt 0.099561 0.244107
vt 0.925009 0.321990
vt 0.925009 0.322952
vt 0.583156 0.649021
vt 0.951469 0.322471
vt 0.115503 0.246206
vt 0.925009 0.338069
vt 0.925009 0.339032
vt 0.583156 0.633904
vt 0.951469 0.338551
vt 0.131582 0.246206
vt 0.925009 0.354149
vt 0.925009 0.355111
vt 0.583156 0.618786
vt 0.951469 0.354630
vt 0.147524 0.244107
vt 0.925009 0.370229
vt 0.925009 0.371191
vt 0.583156 0.603669
vt 0.227204 0.625902
vt 0.951469 0.370710
vt 0.163056 0.239945
vt 0.925009 0.386308
vt 0.925009 0.387270
vt 0.227204 0.610784
vt 0.951469 0.386789
vt 0.177911 0.233792
vt 0.925009 0.402388
vt 0.925009 0.403350
vt 0.227204 0.595666
vt 0.951469 0.402869
vt 0.191837 0.225752
vt 0.925009 0.418467
vt 0.925009 0.419430
vt 0.227205 0.580549
vt 0.951469 0.418948
vt 0.204593 0.215963
vt 0.925009 0.434547
vt 0.925009 0.435509
vt 0.227205 0.565432
vt 0.951469 0.435028
vt 0.215963 0.204593
vt 0.925009 0.450627
vt 0.925009 0.451589
vt 0.227205 0.550314
vt 0.951469 0.451108
vt 0.225752 0.191837
vt 0.925009 0.466706
vt 0.925009 0.467668
vt 0.227205 0.535196
vt 0.951469 0.467187
vt 0.233792 0.177911
vt 0.925009 0.482786
vt 0.925009 0.483748
vt 0.227205 0.520079
vt 0.951469 0.483267
vt 0.239945 0.163056
vt 0.925009 0.498865
vt 0.925009 0.499827
vt 0.227205 0.504962
vt 0.951469 0.499346
vt 0.244107 0.147524
vt 0.925009 0.514945
vt 0.925009 0.515907
vt 0.227205 0.489844
vt 0.951469 0.515426
vt 0.246205 0.131582
vt 0.925009 0.531024
vt 0.925009 0.531986
vt 0.227205 0.474727
vt 0.951469 0.531505
vt 0.246205 0.115503
vt 0.232660 0.459609
vt 0.232660 0.429374
vt 0.232660 0.399139
vt 0.232660 0.338669
vt 0.232660 0.308434
vt 0.232660 0.263082
vt 0.588611 0.936254
vt 0.588611 0.921136
vt 0.588611 0.890901
vt 0.588611 0.875784
vt 0.588611 0.845549
vt 0.588611 0.785079
vt 0.588611 0.769961
vt 0.588611 0.754844
vt 0.588611 0.664139
vt 0.588611 0.649021
vt 0.588611 0.633903
vt 0.588611 0.618786
vt 0.232660 0.610784
vt 0.232660 0.595667
vt 0.232660 0.474727
vt 0.235501 0.459423
vt 0.235501 0.459795
vt 0.220862 0.636499
vt 0.235501 0.444678
vt 0.235501 0.444305
vt 0.220862 0.651244
vt 0.235501 0.429560
vt 0.235501 0.429188
vt 0.220862 0.665989
vt 0.235501 0.414443
vt 0.235501 0.414070
vt 0.220862 0.680734
vt 0.235501 0.399325
vt 0.235501 0.398953
vt 0.220862 0.695480
vt 0.235501 0.384208
vt 0.235501 0.383835
vt 0.220862 0.710225
vt 0.235501 0.369090
vt 0.235501 0.368718
vt 0.220862 0.724970
vt 0.235501 0.353973
vt 0.235501 0.353600
vt 0.220862 0.739715
vt 0.235501 0.338855
vt 0.235501 0.338483
vt 0.220861 0.754460
vt 0.235501 0.323738
vt 0.235501 0.323365
vt 0.220861 0.769205
vt 0.235501 0.308620
vt 0.235501 0.308248
vt 0.220861 0.783950
vt 0.235501 0.293503
vt 0.235501 0.293131
vt 0.220861 0.798695
vt 0.235501 0.278385
vt 0.235501 0.278013
vt 0.220860 0.813440
vt 0.235501 0.263268
vt 0.235501 0.262896
vt 0.220860 0.828185
vt 0.235501 0.248150
vt 0.591452 0.951185
vt 0.245131 0.612542
vt 0.220860 0.842930
vt 0.591452 0.936440
vt 0.591452 0.936068
vt 0.245130 0.627288
vt 0.591452 0.921322
vt 0.591452 0.920950
vt 0.245130 0.642033
vt 0.591452 0.906205
vt 0.591452 0.905833
vt 0.245130 0.656778
vt 0.591452 0.891087
vt 0.591452 0.890715
vt 0.245130 0.671523
vt 0.591452 0.875970
vt 0.591452 0.875597
vt 0.245131 0.686268
vt 0.591452 0.860852
vt 0.591452 0.860480
vt 0.245131 0.701013
vt 0.591452 0.845735
vt 0.591452 0.845362
vt 0.245131 0.715758
vt 0.591452 0.830617
vt 0.591452 0.830245
vt 0.245131 0.730503
vt 0.591452 0.815500
vt 0.591452 0.815127
vt 0.245131 0.745248
vt 0.591452 0.800382
vt 0.591452 0.800010
vt 0.245131 0.759993
vt 0.591452 0.785265
vt 0.591452 0.784893
vt 0.245131 0.774738
vt 0.591452 0.770147
vt 0.591452 0.769775
vt 0.245132 0.789483
vt 0.591452 0.755030
vt 0.591452 0.754657
vt 0.245132 0.804228
vt 0.591452 0.739912
vt 0.591452 0.739540
vt 0.245132 0.818973
vt 0.591452 0.724795
vt 0.591452 0.724422
vt 0.245132 0.833718
vt 0.591452 0.709677
vt 0.591452 0.709305
vt 0.245132 0.848463
vt 0.591452 0.694560
vt 0.591452 0.694187
vt 0.245132 0.863208
vt 0.591452 0.679442
vt 0.591452 0.679070
vt 0.245131 0.877954
vt 0.591452 0.664325
vt 0.591452 0.663953
vt 0.245131 0.892699
vt 0.591452 0.649207
vt 0.591452 0.648835
vt 0.245131 0.907444
vt 0.591452 0.634090
vt 0.591452 0.633717
vt 0.245131 0.922189
vt 0.591452 0.618972
vt 0.591452 0.618600
vt 0.245130 0.936934
vt 0.591452 0.603855
vt 0.235501 0.625715
vt 0.220860 0.474303
vt 0.245130 0.951679
vt 0.235501 0.610970
vt 0.235501 0.610598
vt 0.220860 0.489049
vt 0.235501 0.595853
vt 0.235501 0.595480
vt 0.220860 0.503794
vt 0.235501 0.580735
vt 0.235501 0.580363
vt 0.220860 0.518539
vt 0.235501 0.565618
vt 0.235501 0.565245
vt 0.220861 0.533284
vt 0.235501 0.550500
vt 0.235501 0.550128
vt 0.220861 0.548029
vt 0.235501 0.535383
vt 0.235501 0.535010
vt 0.220861 0.562774
vt 0.235501 0.520265
vt 0.235501 0.519893
vt 0.220861 0.577519
vt 0.235501 0.505148
vt 0.235501 0.504775
vt 0.220862 0.592264
vt 0.235501 0.490030
vt 0.235501 0.489658
vt 0.220862 0.607009
vt 0.235501 0.474913
vt 0.235501 0.474540
vt 0.220862 0.621754
vt 0.232660 0.444492
vt 0.232660 0.414257
vt 0.232660 0.384022
vt 0.232660 0.368904
vt 0.232660 0.353787
vt 0.232660 0.323552
vt 0.232660 0.293317
vt 0.232660 0.278199
vt 0.232660 0.247964
vt 0.588611 0.951371
vt 0.588611 0.906019
vt 0.588611 0.860666
vt 0.588611 0.830431
vt 0.588611 0.815314
vt 0.588611 0.800196
vt 0.588611 0.739726
vt 0.588611 0.724609
vt 0.588611 0.709491
vt 0.588611 0.694374
vt 0.588611 0.679256
vt 0.588611 0.603669
vt 0.232660 0.625902
vt 0.232660 0.580549
vt 0.232660 0.565432
vt 0.232660 0.550314
vt 0.232660 0.535196
vt 0.232660 0.520079
vt 0.232660 0.504962
vt 0.232660 0.489844
vt 0.378102 0.344679
vt 0.823977 0.563527
vt 0.379977 0.347142
vt 0.823977 0.560361
vt 0.381514 0.349830
vt 0.823977 0.557195
vt 0.382688 0.352695
vt 0.823977 0.554029
vt 0.383477 0.355690
vt 0.823977 0.550863
vt 0.383868 0.358763
vt 0.823977 0.547697
vt 0.383856 0.361861
vt 0.823977 0.544531
vt 0.383438 0.364931
vt 0.823977 0.541365
vt 0.382625 0.367922
vt 0.823977 0.538199
vt 0.381429 0.370782
vt 0.823977 0.535033
vt 0.379871 0.373463
vt 0.823977 0.531867
vt 0.377977 0.375916
vt 0.823977 0.528701
vt 0.375780 0.378102
vt 0.823977 0.525535
vt 0.373315 0.379983
vt 0.823977 0.522369
vt 0.823977 0.674337
vt 0.370627 0.381527
vt 0.823977 0.671171
vt 0.367762 0.382706
vt 0.823977 0.668005
vt 0.364769 0.383502
vt 0.823977 0.664840
vt 0.361698 0.383900
vt 0.823977 0.661674
vt 0.358603 0.383893
vt 0.823977 0.658507
vt 0.355535 0.383483
vt 0.823977 0.655341
vt 0.352547 0.382675
vt 0.823977 0.652175
vt 0.349691 0.381482
vt 0.823977 0.649009
vt 0.347016 0.379927
vt 0.823977 0.645843
vt 0.344567 0.378035
vt 0.823977 0.642677
vt 0.342386 0.375838
vt 0.823977 0.639511
vt 0.340510 0.373373
vt 0.823977 0.636345
vt 0.338972 0.370683
vt 0.823977 0.633179
vt 0.337798 0.367813
vt 0.823977 0.630013
vt 0.337009 0.364812
vt 0.823977 0.626847
vt 0.336617 0.361728
vt 0.823977 0.623681
vt 0.336631 0.358611
vt 0.823977 0.620515
vt 0.337051 0.355511
vt 0.823977 0.617349
vt 0.337853 0.352527
vt 0.823977 0.614183
vt 0.339039 0.349674
vt 0.823977 0.611017
vt 0.340589 0.347000
vt 0.823977 0.607851
vt 0.342475 0.344553
vt 0.823977 0.604685
vt 0.344669 0.342376
vt 0.823977 0.601519
vt 0.347136 0.340499
vt 0.823977 0.598353
vt 0.349828 0.338958
vt 0.823977 0.595187
vt 0.352699 0.337783
vt 0.823977 0.592021
vt 0.355698 0.336991
vt 0.823977 0.588855
vt 0.358775 0.336597
vt 0.823977 0.585689
vt 0.361877 0.336608
vt 0.823977 0.582523
vt 0.364951 0.337024
vt 0.823977 0.579357
vt 0.367939 0.337836
vt 0.823977 0.576191
vt 0.370795 0.339030
vt 0.823977 0.573025
vt 0.373471 0.340588
vt 0.823977 0.569859
vt 0.375920 0.342482
vt 0.823977 0.566693
vt 0.429380 0.314091
vt 0.422755 0.305471
vt 0.434806 0.323516
vt 0.438954 0.333568
vt 0.441755 0.344074
vt 0.443160 0.354856
vt 0.443145 0.365729
vt 0.441710 0.376506
vt 0.438878 0.387005
vt 0.434735 0.397057
vt 0.429283 0.406462
vt 0.422668 0.415087
vt 0.414980 0.422777
vt 0.406348 0.429382
vt 0.396928 0.434804
vt 0.386890 0.438969
vt 0.376386 0.441768
vt 0.365611 0.443195
vt 0.354739 0.443182
vt 0.343962 0.441751
vt 0.333454 0.438963
vt 0.323414 0.434794
vt 0.314003 0.429350
vt 0.305382 0.422723
vt 0.297701 0.415025
vt 0.291094 0.406386
vt 0.285674 0.396957
vt 0.281517 0.386911
vt 0.278706 0.376409
vt 0.277308 0.365626
vt 0.277325 0.354754
vt 0.278757 0.343977
vt 0.281579 0.333481
vt 0.285744 0.323444
vt 0.291183 0.314038
vt 0.297802 0.305422
vt 0.305488 0.297743
vt 0.314111 0.291133
vt 0.323524 0.285704
vt 0.333565 0.281548
vt 0.344063 0.278737
vt 0.354838 0.277320
vt 0.365708 0.277320
vt 0.376485 0.278739
vt 0.386987 0.281552
vt 0.397031 0.285714
vt 0.406447 0.291152
vt 0.415071 0.297776
vt 0.212992 0.636688
vt 0.212992 0.636311
vt 0.444917 0.286049
vt 0.218680 0.636499
vt 0.214660 0.636594
vt 0.214660 0.636405
vt 0.216622 0.636474
vt 0.218680 0.651244
vt 0.212992 0.651056
vt 0.212992 0.651433
vt 0.453864 0.297758
vt 0.216622 0.651270
vt 0.214660 0.651150
vt 0.214660 0.651338
vt 0.218680 0.665989
vt 0.461208 0.310518
vt 0.212992 0.665801
vt 0.212992 0.666178
vt 0.216622 0.666014
vt 0.214660 0.665895
vt 0.214660 0.666084
vt 0.218680 0.680734
vt 0.466825 0.324126
vt 0.212992 0.680546
vt 0.212992 0.680923
vt 0.216622 0.680760
vt 0.214660 0.680640
vt 0.214660 0.680829
vt 0.218680 0.695480
vt 0.470619 0.338349
vt 0.212992 0.695291
vt 0.212992 0.695668
vt 0.216622 0.695505
vt 0.214660 0.695385
vt 0.214660 0.695574
vt 0.218680 0.710225
vt 0.472526 0.352946
vt 0.212992 0.710036
vt 0.212992 0.710413
vt 0.216622 0.710250
vt 0.214660 0.710130
vt 0.214660 0.710319
vt 0.218680 0.724970
vt 0.472513 0.367668
vt 0.212992 0.724781
vt 0.212992 0.725158
vt 0.216622 0.724995
vt 0.214660 0.724875
vt 0.214660 0.725064
vt 0.218680 0.739715
vt 0.470581 0.382265
vt 0.212991 0.739526
vt 0.212991 0.739903
vt 0.216621 0.739740
vt 0.214659 0.739620
vt 0.214659 0.739809
vt 0.218679 0.754460
vt 0.466760 0.396490
vt 0.212991 0.754271
vt 0.212991 0.754648
vt 0.216621 0.754485
vt 0.214659 0.754365
vt 0.214659 0.754554
vt 0.218679 0.769205
vt 0.461109 0.410085
vt 0.212991 0.769016
vt 0.212991 0.769393
vt 0.216621 0.769230
vt 0.214659 0.769111
vt 0.214659 0.769299
vt 0.218679 0.783950
vt 0.453742 0.422828
vt 0.212990 0.783761
vt 0.212990 0.784138
vt 0.216620 0.783975
vt 0.214658 0.783856
vt 0.214658 0.784044
vt 0.218678 0.798695
vt 0.444770 0.434491
vt 0.212990 0.798506
vt 0.212990 0.798883
vt 0.216620 0.798720
vt 0.214658 0.798601
vt 0.214658 0.798789
vt 0.218678 0.813440
vt 0.434366 0.444891
vt 0.212990 0.813252
vt 0.212990 0.813629
vt 0.216620 0.813465
vt 0.214658 0.813346
vt 0.214658 0.813534
vt 0.218678 0.828185
vt 0.422689 0.453848
vt 0.212990 0.827996
vt 0.212989 0.828374
vt 0.216619 0.828210
vt 0.214658 0.828091
vt 0.214658 0.828279
vt 0.218678 0.842930
vt 0.242949 0.612542
vt 0.409936 0.461208
vt 0.212989 0.842742
vt 0.237260 0.612731
vt 0.216619 0.842905
vt 0.240890 0.612568
vt 0.214657 0.842836
vt 0.238928 0.612636
vt 0.242948 0.627287
vt 0.396330 0.466827
vt 0.237260 0.627099
vt 0.237260 0.627476
vt 0.240890 0.627313
vt 0.238928 0.627193
vt 0.238928 0.627382
vt 0.242948 0.642032
vt 0.382113 0.470632
vt 0.237260 0.641844
vt 0.237260 0.642221
vt 0.240890 0.642058
vt 0.238928 0.641938
vt 0.238928 0.642127
vt 0.242948 0.656778
vt 0.367525 0.472539
vt 0.237260 0.656589
vt 0.237260 0.656966
vt 0.240890 0.656803
vt 0.238928 0.656683
vt 0.238928 0.656872
vt 0.242948 0.671522
vt 0.352814 0.472539
vt 0.237260 0.671334
vt 0.237260 0.671711
vt 0.240890 0.671548
vt 0.238928 0.671428
vt 0.238928 0.671617
vt 0.242948 0.686268
vt 0.338220 0.470621
vt 0.237260 0.686079
vt 0.237260 0.686456
vt 0.240890 0.686293
vt 0.238928 0.686173
vt 0.238928 0.686362
vt 0.242949 0.701013
vt 0.324006 0.466808
vt 0.237260 0.700824
vt 0.237260 0.701201
vt 0.240890 0.701038
vt 0.238928 0.700919
vt 0.238928 0.701107
vt 0.242949 0.715758
vt 0.310410 0.461182
vt 0.237260 0.715569
vt 0.237260 0.715946
vt 0.240890 0.715783
vt 0.238928 0.715664
vt 0.238929 0.715852
vt 0.242949 0.730503
vt 0.297657 0.453827
vt 0.237261 0.730315
vt 0.237261 0.730691
vt 0.240891 0.730528
vt 0.238929 0.730409
vt 0.238929 0.730597
vt 0.242949 0.745248
vt 0.285966 0.444863
vt 0.237261 0.745059
vt 0.237261 0.745437
vt 0.240891 0.745273
vt 0.238929 0.745154
vt 0.238929 0.745342
vt 0.242949 0.759993
vt 0.275542 0.434441
vt 0.237261 0.759805
vt 0.237261 0.760181
vt 0.240891 0.760018
vt 0.238929 0.759899
vt 0.238929 0.760087
vt 0.242949 0.774738
vt 0.266580 0.422731
vt 0.237261 0.774550
vt 0.237261 0.774927
vt 0.240891 0.774763
vt 0.238929 0.774644
vt 0.238929 0.774832
vt 0.242950 0.789483
vt 0.259227 0.409949
vt 0.237261 0.789295
vt 0.237261 0.789672
vt 0.240891 0.789508
vt 0.238929 0.789389
vt 0.238929 0.789577
vt 0.242950 0.804228
vt 0.253626 0.396320
vt 0.237261 0.804040
vt 0.237261 0.804417
vt 0.240891 0.804253
vt 0.238930 0.804134
vt 0.238930 0.804322
vt 0.242950 0.818973
vt 0.249857 0.382097
vt 0.237262 0.818785
vt 0.237262 0.819162
vt 0.240892 0.818998
vt 0.238930 0.818879
vt 0.238930 0.819067
vt 0.242950 0.833718
vt 0.247964 0.367513
vt 0.237262 0.833530
vt 0.237262 0.833907
vt 0.240892 0.833743
vt 0.238930 0.833624
vt 0.238930 0.833812
vt 0.242950 0.848463
vt 0.247985 0.352807
vt 0.237262 0.848275
vt 0.237262 0.848652
vt 0.240892 0.848489
vt 0.238930 0.848369
vt 0.238930 0.848557
vt 0.242950 0.863208
vt 0.249921 0.338227
vt 0.237261 0.863020
vt 0.237261 0.863397
vt 0.240891 0.863234
vt 0.238929 0.863114
vt 0.238929 0.863302
vt 0.242949 0.877953
vt 0.253740 0.324024
vt 0.237261 0.877765
vt 0.237261 0.878142
vt 0.240891 0.877979
vt 0.238929 0.877859
vt 0.238929 0.878048
vt 0.242949 0.892698
vt 0.259377 0.310439
vt 0.237261 0.892510
vt 0.237261 0.892887
vt 0.240891 0.892724
vt 0.238929 0.892604
vt 0.238929 0.892793
vt 0.242949 0.907444
vt 0.266737 0.297706
vt 0.237261 0.907255
vt 0.237261 0.907632
vt 0.240891 0.907469
vt 0.238929 0.907349
vt 0.238929 0.907538
vt 0.242949 0.922189
vt 0.275695 0.286041
vt 0.237260 0.922000
vt 0.237260 0.922377
vt 0.240890 0.922214
vt 0.238928 0.922094
vt 0.238928 0.922283
vt 0.242948 0.936934
vt 0.286098 0.275644
vt 0.237260 0.936745
vt 0.237260 0.937122
vt 0.240890 0.936959
vt 0.238928 0.936839
vt 0.238928 0.937028
vt 0.242948 0.951679
vt 0.218677 0.474304
vt 0.297768 0.266692
vt 0.237260 0.951490
vt 0.212989 0.474492
vt 0.240890 0.951653
vt 0.216619 0.474329
vt 0.238928 0.951584
vt 0.214657 0.474398
vt 0.218678 0.489049
vt 0.310506 0.259338
vt 0.212989 0.488860
vt 0.212989 0.489237
vt 0.216619 0.489074
vt 0.214657 0.488955
vt 0.214657 0.489143
vt 0.218678 0.503794
vt 0.324096 0.253708
vt 0.212990 0.503605
vt 0.212990 0.503982
vt 0.216620 0.503819
vt 0.214658 0.503699
vt 0.214658 0.503888
vt 0.218678 0.518539
vt 0.338305 0.249897
vt 0.212990 0.518350
vt 0.212990 0.518727
vt 0.216620 0.518564
vt 0.214658 0.518445
vt 0.214658 0.518633
vt 0.218678 0.533284
vt 0.352892 0.247971
vt 0.212990 0.533095
vt 0.212990 0.533472
vt 0.216620 0.533309
vt 0.214658 0.533190
vt 0.214658 0.533378
vt 0.218679 0.548029
vt 0.367607 0.247964
vt 0.212990 0.547840
vt 0.212990 0.548217
vt 0.216620 0.548054
vt 0.214659 0.547935
vt 0.214659 0.548123
vt 0.218679 0.562774
vt 0.382200 0.249877
vt 0.212991 0.562586
vt 0.212991 0.562963
vt 0.216621 0.562799
vt 0.214659 0.562680
vt 0.214659 0.562868
vt 0.218679 0.577519
vt 0.396422 0.253677
vt 0.212991 0.577331
vt 0.212991 0.577708
vt 0.216621 0.577544
vt 0.214659 0.577425
vt 0.214659 0.577613
vt 0.218680 0.592264
vt 0.410030 0.259303
vt 0.212991 0.592076
vt 0.212991 0.592452
vt 0.216621 0.592289
vt 0.214659 0.592170
vt 0.214659 0.592358
vt 0.218680 0.607009
vt 0.422792 0.266660
vt 0.212991 0.606820
vt 0.212991 0.607198
vt 0.216621 0.607034
vt 0.214660 0.606915
vt 0.214660 0.607103
vt 0.218680 0.621754
vt 0.434488 0.275625
vt 0.212991 0.621566
vt 0.212992 0.621943
vt 0.216621 0.621779
vt 0.214660 0.621660
vt 0.214660 0.621848
vt 0.930494 0.547463
vt 0.930494 0.547707
vt 0.933811 0.547585
vt 0.931990 0.547549
vt 0.933811 0.563665
vt 0.930494 0.563786
vt 0.930494 0.563543
vt 0.931989 0.563700
vt 0.933811 0.579744
vt 0.930494 0.579623
vt 0.930493 0.579866
vt 0.931989 0.579780
vt 0.933811 0.595824
vt 0.930494 0.595702
vt 0.930493 0.595945
vt 0.931990 0.595859
vt 0.933811 0.611903
vt 0.930494 0.611782
vt 0.930494 0.612025
vt 0.931990 0.611939
vt 0.933811 0.627983
vt 0.930494 0.627861
vt 0.930494 0.628104
vt 0.931989 0.628018
vt 0.933811 0.644063
vt 0.930494 0.643941
vt 0.930494 0.644184
vt 0.931989 0.644098
vt 0.933811 0.660142
vt 0.930494 0.660020
vt 0.930494 0.660264
vt 0.931989 0.660178
vt 0.933811 0.676222
vt 0.930493 0.676100
vt 0.930493 0.676343
vt 0.931989 0.676257
vt 0.933811 0.692301
vt 0.930494 0.692180
vt 0.930494 0.692423
vt 0.931989 0.692337
vt 0.933811 0.708381
vt 0.930494 0.708259
vt 0.930494 0.708502
vt 0.931989 0.708416
vt 0.933811 0.724460
vt 0.930493 0.724339
vt 0.930493 0.724582
vt 0.931989 0.724496
vt 0.933811 0.740540
vt 0.930493 0.740418
vt 0.930493 0.740661
vt 0.931989 0.740575
vt 0.933811 0.756619
vt 0.930493 0.756498
vt 0.930493 0.756741
vt 0.931989 0.756655
vt 0.933811 0.772699
vt 0.933811 0.000879
vt 0.930494 0.772577
vt 0.930494 0.001001
vt 0.931989 0.772663
vt 0.931990 0.000915
vt 0.933811 0.016959
vt 0.930494 0.016838
vt 0.930494 0.017081
vt 0.931990 0.016995
vt 0.933811 0.033039
vt 0.930494 0.032917
vt 0.930494 0.033160
vt 0.931990 0.033074
vt 0.933811 0.049118
vt 0.930493 0.048997
vt 0.930493 0.049240
vt 0.931990 0.049154
vt 0.933811 0.065198
vt 0.930494 0.065076
vt 0.930494 0.065319
vt 0.931990 0.065233
vt 0.933811 0.081277
vt 0.930494 0.081156
vt 0.930493 0.081399
vt 0.931990 0.081313
vt 0.933811 0.097357
vt 0.930494 0.097235
vt 0.930493 0.097479
vt 0.931990 0.097392
vt 0.933811 0.113437
vt 0.930494 0.113315
vt 0.930494 0.113558
vt 0.931990 0.113472
vt 0.933811 0.129516
vt 0.930494 0.129395
vt 0.930494 0.129638
vt 0.931990 0.129552
vt 0.933811 0.145596
vt 0.930494 0.145474
vt 0.930494 0.145717
vt 0.931990 0.145631
vt 0.933811 0.161675
vt 0.930494 0.161554
vt 0.930494 0.161797
vt 0.931990 0.161711
vt 0.933811 0.177755
vt 0.930494 0.177633
vt 0.930494 0.177876
vt 0.931990 0.177791
vt 0.933811 0.193834
vt 0.930494 0.193713
vt 0.930494 0.193956
vt 0.931990 0.193870
vt 0.933811 0.209914
vt 0.930494 0.209792
vt 0.930494 0.210036
vt 0.931990 0.209950
vt 0.933811 0.225994
vt 0.930494 0.225872
vt 0.930494 0.226115
vt 0.931990 0.226029
vt 0.933811 0.242073
vt 0.930494 0.241952
vt 0.930494 0.242195
vt 0.931990 0.242109
vt 0.933811 0.258153
vt 0.930493 0.258031
vt 0.930494 0.258274
vt 0.931990 0.258188
vt 0.933811 0.274232
vt 0.930494 0.274111
vt 0.930494 0.274354
vt 0.931990 0.274268
vt 0.933811 0.290312
vt 0.930494 0.290190
vt 0.930494 0.290433
vt 0.931990 0.290347
vt 0.933811 0.306391
vt 0.930494 0.306270
vt 0.930493 0.306513
vt 0.931990 0.306427
vt 0.933811 0.322471
vt 0.930493 0.322350
vt 0.930493 0.322592
vt 0.931990 0.322507
vt 0.933811 0.338551
vt 0.930494 0.338429
vt 0.930493 0.338672
vt 0.931990 0.338586
vt 0.933811 0.354630
vt 0.930494 0.354509
vt 0.930494 0.354752
vt 0.931990 0.354666
vt 0.933811 0.370710
vt 0.930494 0.370588
vt 0.930494 0.370831
vt 0.931990 0.370745
vt 0.933811 0.386789
vt 0.930493 0.386668
vt 0.930493 0.386911
vt 0.931990 0.386825
vt 0.933811 0.402869
vt 0.930494 0.402747
vt 0.930494 0.402990
vt 0.931990 0.402904
vt 0.933811 0.418948
vt 0.930494 0.418827
vt 0.930494 0.419070
vt 0.931990 0.418984
vt 0.933811 0.435028
vt 0.930493 0.434906
vt 0.930493 0.435150
vt 0.931989 0.435064
vt 0.933811 0.451108
vt 0.930494 0.450986
vt 0.930494 0.451229
vt 0.931990 0.451143
vt 0.933811 0.467187
vt 0.930494 0.467066
vt 0.930494 0.467309
vt 0.931989 0.467223
vt 0.933811 0.483267
vt 0.930494 0.483145
vt 0.930494 0.483388
vt 0.931989 0.483302
vt 0.933811 0.499346
vt 0.930494 0.499225
vt 0.930494 0.499468
vt 0.931989 0.499382
vt 0.933811 0.515426
vt 0.930494 0.515304
vt 0.930494 0.515548
vt 0.931990 0.515462
vt 0.933811 0.531505
vt 0.930494 0.531384
vt 0.930494 0.531627
vt 0.931990 0.531541
vt 0.843372 0.564005
vt 0.820945 0.912040
vt 0.820572 0.912797
vt 0.843372 0.563049
vt 0.822050 0.910126
vt 0.843372 0.559883
vt 0.822519 0.909425
vt 0.843372 0.560839
vt 0.843372 0.556717
vt 0.843372 0.557673
vt 0.824421 0.907037
vt 0.823865 0.907671
vt 0.843372 0.554507
vt 0.843372 0.553551
vt 0.825984 0.905473
vt 0.826618 0.904917
vt 0.843372 0.551341
vt 0.843372 0.550385
vt 0.828372 0.903572
vt 0.829074 0.903103
vt 0.843372 0.548175
vt 0.843372 0.547219
vt 0.830988 0.901998
vt 0.831745 0.901625
vt 0.843372 0.545009
vt 0.843372 0.544053
vt 0.833787 0.900779
vt 0.834586 0.900507
vt 0.843373 0.541843
vt 0.843372 0.540887
vt 0.836721 0.899935
vt 0.837549 0.899771
vt 0.843372 0.538677
vt 0.843373 0.537721
vt 0.839740 0.899482
vt 0.840582 0.899427
vt 0.843373 0.535511
vt 0.843373 0.534555
vt 0.842793 0.899427
vt 0.843635 0.899482
vt 0.846654 0.899935
vt 0.843372 0.531389
vt 0.843372 0.532344
vt 0.845826 0.899771
vt 0.848789 0.900508
vt 0.843372 0.529179
vt 0.843372 0.528223
vt 0.849588 0.900779
vt 0.843372 0.526012
vt 0.843372 0.525057
vt 0.851630 0.901625
vt 0.852387 0.901998
vt 0.843372 0.522847
vt 0.843372 0.673860
vt 0.854301 0.903103
vt 0.855003 0.903572
vt 0.843372 0.671649
vt 0.843372 0.670694
vt 0.856756 0.904918
vt 0.857390 0.905474
vt 0.843372 0.668483
vt 0.843372 0.667528
vt 0.858953 0.907037
vt 0.859510 0.907671
vt 0.843372 0.665317
vt 0.843372 0.664362
vt 0.860855 0.909425
vt 0.861324 0.910127
vt 0.843372 0.662151
vt 0.843372 0.661196
vt 0.862429 0.912041
vt 0.862802 0.912798
vt 0.843372 0.658985
vt 0.843372 0.658030
vt 0.863648 0.914840
vt 0.863920 0.915639
vt 0.843372 0.655819
vt 0.843372 0.654864
vt 0.864492 0.917774
vt 0.864656 0.918601
vt 0.843372 0.652653
vt 0.843372 0.651698
vt 0.864945 0.920793
vt 0.865000 0.921635
vt 0.843372 0.649487
vt 0.843372 0.648532
vt 0.865000 0.923846
vt 0.864945 0.924687
vt 0.843372 0.646321
vt 0.843372 0.645366
vt 0.864656 0.926879
vt 0.864492 0.927707
vt 0.843372 0.642200
vt 0.843372 0.643155
vt 0.863919 0.929842
vt 0.863648 0.930641
vt 0.843372 0.639989
vt 0.843372 0.639034
vt 0.862429 0.933439
vt 0.862802 0.932683
vt 0.843372 0.636823
vt 0.843372 0.635868
vt 0.861324 0.935354
vt 0.860855 0.936055
vt 0.843372 0.633657
vt 0.843372 0.632702
vt 0.859509 0.937809
vt 0.858953 0.938443
vt 0.843372 0.630491
vt 0.843372 0.629536
vt 0.857390 0.940006
vt 0.856756 0.940563
vt 0.843372 0.627325
vt 0.843372 0.626370
vt 0.855002 0.941908
vt 0.854300 0.942377
vt 0.843372 0.624159
vt 0.843372 0.623204
vt 0.852386 0.943482
vt 0.851629 0.943855
vt 0.843372 0.620993
vt 0.843372 0.620038
vt 0.849587 0.944701
vt 0.848788 0.944973
vt 0.843372 0.617827
vt 0.843372 0.616872
vt 0.846653 0.945545
vt 0.845826 0.945709
vt 0.843372 0.614661
vt 0.843372 0.613706
vt 0.843634 0.945998
vt 0.842792 0.946053
vt 0.843373 0.611495
vt 0.843373 0.610539
vt 0.840582 0.946053
vt 0.839740 0.945998
vt 0.843372 0.608329
vt 0.843372 0.607373
vt 0.837548 0.945709
vt 0.836721 0.945545
vt 0.843373 0.605163
vt 0.843372 0.604207
vt 0.834585 0.944972
vt 0.833786 0.944701
vt 0.843372 0.601041
vt 0.843372 0.601997
vt 0.831744 0.943855
vt 0.830988 0.943482
vt 0.843372 0.598831
vt 0.843372 0.597876
vt 0.828372 0.941908
vt 0.829073 0.942377
vt 0.843372 0.595665
vt 0.843372 0.594709
vt 0.826618 0.940562
vt 0.825984 0.940006
vt 0.843372 0.592499
vt 0.843372 0.591543
vt 0.824421 0.938443
vt 0.823864 0.937809
vt 0.843372 0.589333
vt 0.843373 0.588378
vt 0.822519 0.936055
vt 0.822050 0.935353
vt 0.843373 0.586167
vt 0.843373 0.585211
vt 0.820945 0.933439
vt 0.820572 0.932682
vt 0.843372 0.583001
vt 0.843373 0.582045
vt 0.819726 0.930640
vt 0.819454 0.929841
vt 0.843372 0.579835
vt 0.843372 0.578879
vt 0.818882 0.927706
vt 0.818718 0.926879
vt 0.843373 0.576669
vt 0.843373 0.575713
vt 0.818429 0.924687
vt 0.818374 0.923845
vt 0.843372 0.573503
vt 0.843372 0.572547
vt 0.818374 0.921634
vt 0.818429 0.920793
vt 0.843372 0.570337
vt 0.843372 0.569381
vt 0.818718 0.918601
vt 0.818882 0.917773
vt 0.843372 0.566215
vt 0.843372 0.567171
vt 0.819726 0.914839
vt 0.819455 0.915638
vt 0.838101 0.563659
vt 0.838101 0.563395
vt 0.834422 0.563527
vt 0.837303 0.563445
vt 0.837303 0.563609
vt 0.836429 0.563566
vt 0.835457 0.563537
vt 0.834422 0.560361
vt 0.838101 0.560229
vt 0.838101 0.560493
vt 0.835457 0.560351
vt 0.836429 0.560322
vt 0.837303 0.560443
vt 0.837303 0.560279
vt 0.834422 0.557195
vt 0.838101 0.557327
vt 0.838101 0.557063
vt 0.835457 0.557185
vt 0.836429 0.557156
vt 0.837303 0.557277
vt 0.837303 0.557113
vt 0.834422 0.554029
vt 0.838101 0.554161
vt 0.838101 0.553897
vt 0.835457 0.554019
vt 0.836429 0.553990
vt 0.837303 0.554110
vt 0.837303 0.553947
vt 0.834422 0.550863
vt 0.838101 0.550995
vt 0.838101 0.550731
vt 0.835457 0.550853
vt 0.836429 0.550824
vt 0.837303 0.550945
vt 0.837303 0.550781
vt 0.834422 0.547697
vt 0.838101 0.547829
vt 0.838101 0.547565
vt 0.835457 0.547687
vt 0.836429 0.547658
vt 0.837303 0.547779
vt 0.837303 0.547615
vt 0.834422 0.544531
vt 0.838101 0.544663
vt 0.838101 0.544399
vt 0.835457 0.544521
vt 0.836429 0.544492
vt 0.837303 0.544612
vt 0.837303 0.544449
vt 0.834422 0.541365
vt 0.838101 0.541497
vt 0.838101 0.541233
vt 0.835457 0.541355
vt 0.836429 0.541326
vt 0.837303 0.541447
vt 0.837303 0.541283
vt 0.834422 0.538199
vt 0.838101 0.538331
vt 0.838101 0.538067
vt 0.835457 0.538189
vt 0.836429 0.538160
vt 0.837303 0.538280
vt 0.837303 0.538117
vt 0.834422 0.535033
vt 0.838101 0.535165
vt 0.838101 0.534901
vt 0.835457 0.535023
vt 0.836429 0.534994
vt 0.837303 0.535114
vt 0.837303 0.534951
vt 0.834422 0.531867
vt 0.838101 0.531999
vt 0.838101 0.531735
vt 0.835457 0.531857
vt 0.836429 0.531828
vt 0.837303 0.531948
vt 0.837303 0.531785
vt 0.834422 0.528701
vt 0.838101 0.528833
vt 0.838101 0.528569
vt 0.835457 0.528691
vt 0.836429 0.528662
vt 0.837303 0.528782
vt 0.837303 0.528619
vt 0.834422 0.525535
vt 0.838101 0.525667
vt 0.838101 0.525403
vt 0.835457 0.525525
vt 0.836429 0.525496
vt 0.837303 0.525617
vt 0.837303 0.525453
vt 0.834422 0.522369
vt 0.834422 0.674337
vt 0.838101 0.522501
vt 0.838101 0.674205
vt 0.835457 0.522379
vt 0.835457 0.674327
vt 0.836429 0.522408
vt 0.836429 0.674299
vt 0.837303 0.522450
vt 0.837303 0.674256
vt 0.834422 0.671171
vt 0.838101 0.671304
vt 0.838101 0.671039
vt 0.835457 0.671161
vt 0.836429 0.671133
vt 0.837303 0.671253
vt 0.837303 0.671090
vt 0.834422 0.668005
vt 0.838101 0.668138
vt 0.838101 0.667873
vt 0.835457 0.667995
vt 0.836429 0.667967
vt 0.837303 0.668087
vt 0.837303 0.667924
vt 0.834422 0.664840
vt 0.838101 0.664972
vt 0.838101 0.664707
vt 0.835457 0.664829
vt 0.836429 0.664801
vt 0.837303 0.664921
vt 0.837303 0.664758
vt 0.834422 0.661673
vt 0.838101 0.661806
vt 0.838101 0.661541
vt 0.835457 0.661663
vt 0.836429 0.661635
vt 0.837303 0.661755
vt 0.837303 0.661592
vt 0.834422 0.658507
vt 0.838101 0.658640
vt 0.838101 0.658375
vt 0.835457 0.658497
vt 0.836429 0.658469
vt 0.837303 0.658589
vt 0.837303 0.658426
vt 0.834422 0.655341
vt 0.838101 0.655474
vt 0.838101 0.655209
vt 0.835457 0.655331
vt 0.836429 0.655303
vt 0.837303 0.655423
vt 0.837303 0.655260
vt 0.834422 0.652175
vt 0.838101 0.652308
vt 0.838101 0.652043
vt 0.835457 0.652165
vt 0.836429 0.652137
vt 0.837303 0.652257
vt 0.837303 0.652094
vt 0.834422 0.649010
vt 0.838101 0.649142
vt 0.838101 0.648877
vt 0.835457 0.648999
vt 0.836429 0.648971
vt 0.837303 0.649091
vt 0.837303 0.648928
vt 0.834422 0.645843
vt 0.838101 0.645976
vt 0.838101 0.645711
vt 0.835457 0.645833
vt 0.836429 0.645805
vt 0.837303 0.645925
vt 0.837303 0.645762
vt 0.834422 0.642677
vt 0.838101 0.642810
vt 0.838101 0.642545
vt 0.835457 0.642667
vt 0.836429 0.642639
vt 0.837303 0.642759
vt 0.837303 0.642596
vt 0.834422 0.639511
vt 0.838101 0.639644
vt 0.838101 0.639379
vt 0.835457 0.639501
vt 0.836429 0.639473
vt 0.837303 0.639593
vt 0.837303 0.639430
vt 0.834422 0.636345
vt 0.838101 0.636478
vt 0.838101 0.636213
vt 0.835457 0.636335
vt 0.836429 0.636307
vt 0.837303 0.636427
vt 0.837303 0.636264
vt 0.834422 0.633179
vt 0.838101 0.633312
vt 0.838101 0.633047
vt 0.835457 0.633169
vt 0.836429 0.633141
vt 0.837303 0.633261
vt 0.837303 0.633098
vt 0.834422 0.630013
vt 0.838101 0.630145
vt 0.838101 0.629881
vt 0.835457 0.630003
vt 0.836429 0.629975
vt 0.837303 0.630095
vt 0.837303 0.629932
vt 0.834422 0.626847
vt 0.838101 0.626980
vt 0.838101 0.626715
vt 0.835457 0.626837
vt 0.836429 0.626809
vt 0.837303 0.626929
vt 0.837303 0.626766
vt 0.834422 0.623681
vt 0.838101 0.623814
vt 0.838101 0.623549
vt 0.835457 0.623671
vt 0.836429 0.623643
vt 0.837303 0.623763
vt 0.837303 0.623600
vt 0.834422 0.620515
vt 0.838101 0.620647
vt 0.838101 0.620383
vt 0.835457 0.620505
vt 0.836429 0.620477
vt 0.837303 0.620597
vt 0.837303 0.620434
vt 0.834422 0.617349
vt 0.838101 0.617481
vt 0.838101 0.617217
vt 0.835457 0.617339
vt 0.836429 0.617311
vt 0.837303 0.617431
vt 0.837303 0.617268
vt 0.834422 0.614183
vt 0.838101 0.614316
vt 0.838101 0.614051
vt 0.835457 0.614173
vt 0.836429 0.614145
vt 0.837303 0.614265
vt 0.837303 0.614102
vt 0.834422 0.611017
vt 0.838101 0.611150
vt 0.838101 0.610885
vt 0.835457 0.611007
vt 0.836429 0.610979
vt 0.837303 0.611099
vt 0.837303 0.610936
vt 0.834422 0.607851
vt 0.838101 0.607983
vt 0.838101 0.607719
vt 0.835457 0.607841
vt 0.836429 0.607812
vt 0.837303 0.607933
vt 0.837303 0.607770
vt 0.834422 0.604685
vt 0.838101 0.604817
vt 0.838101 0.604553
vt 0.835457 0.604675
vt 0.836429 0.604646
vt 0.837303 0.604767
vt 0.837303 0.604604
vt 0.834422 0.601519
vt 0.838101 0.601651
vt 0.838101 0.601387
vt 0.835457 0.601509
vt 0.836429 0.601480
vt 0.837303 0.601601
vt 0.837303 0.601438
vt 0.834422 0.598353
vt 0.838101 0.598485
vt 0.838101 0.598221
vt 0.835457 0.598343
vt 0.836429 0.598315
vt 0.837303 0.598435
vt 0.837303 0.598272
vt 0.834422 0.595187
vt 0.838101 0.595319
vt 0.838101 0.595055
vt 0.835457 0.595177
vt 0.836429 0.595148
vt 0.837303 0.595269
vt 0.837303 0.595106
vt 0.834422 0.592021
vt 0.838101 0.592153
vt 0.838101 0.591889
vt 0.835457 0.592011
vt 0.836429 0.591982
vt 0.837303 0.592103
vt 0.837303 0.591940
vt 0.834422 0.588855
vt 0.838101 0.588987
vt 0.838101 0.588723
vt 0.835457 0.588845
vt 0.836429 0.588816
vt 0.837303 0.588937
vt 0.837303 0.588774
vt 0.834422 0.585689
vt 0.838101 0.585821
vt 0.838101 0.585557
vt 0.835457 0.585679
vt 0.836429 0.585650
vt 0.837303 0.585771
vt 0.837303 0.585608
vt 0.834422 0.582523
vt 0.838101 0.582655
vt 0.838101 0.582391
vt 0.835457 0.582513
vt 0.836429 0.582484
vt 0.837303 0.582605
vt 0.837303 0.582441
vt 0.834422 0.579357
vt 0.838101 0.579489
vt 0.838101 0.579225
vt 0.835457 0.579347
vt 0.836429 0.579318
vt 0.837303 0.579439
vt 0.837303 0.579275
vt 0.834422 0.576191
vt 0.838101 0.576323
vt 0.838101 0.576059
vt 0.835457 0.576181
vt 0.836429 0.576152
vt 0.837303 0.576273
vt 0.837303 0.576109
vt 0.834422 0.573025
vt 0.838101 0.573157
vt 0.838101 0.572893
vt 0.835457 0.573015
vt 0.836429 0.572986
vt 0.837303 0.573107
vt 0.837303 0.572944
vt 0.834422 0.569859
vt 0.838101 0.569991
vt 0.838101 0.569727
vt 0.835457 0.569849
vt 0.836429 0.569820
vt 0.837303 0.569941
vt 0.837303 0.569777
vt 0.834422 0.566693
vt 0.838101 0.566825
vt 0.838101 0.566561
vt 0.835457 0.566683
vt 0.836429 0.566654
vt 0.837303 0.566775
vt 0.837303 0.566611
vt 0.828344 0.916159
vt 0.825091 0.914434
vt 0.824995 0.914629
vt 0.827626 0.915806
vt 0.826834 0.915433
vt 0.825947 0.915035
vt 0.826197 0.912520
vt 0.826318 0.912339
vt 0.829316 0.914474
vt 0.827145 0.912961
vt 0.827933 0.913530
vt 0.828651 0.914030
vt 0.827663 0.910586
vt 0.827806 0.910422
vt 0.830501 0.912930
vt 0.828545 0.911147
vt 0.829253 0.911814
vt 0.829900 0.912403
vt 0.829370 0.908859
vt 0.829533 0.908716
vt 0.831877 0.911554
vt 0.830171 0.909531
vt 0.830785 0.910284
vt 0.831350 0.910953
vt 0.831287 0.907370
vt 0.831468 0.907249
vt 0.833421 0.910369
vt 0.831994 0.908141
vt 0.832504 0.908968
vt 0.832977 0.909704
vt 0.833382 0.906144
vt 0.833577 0.906048
vt 0.835107 0.909396
vt 0.833982 0.907000
vt 0.834381 0.907887
vt 0.834753 0.908679
vt 0.835619 0.905202
vt 0.835825 0.905132
vt 0.836905 0.908651
vt 0.836103 0.906129
vt 0.836382 0.907060
vt 0.836647 0.907894
vt 0.837960 0.904560
vt 0.838173 0.904518
vt 0.838785 0.908148
vt 0.838218 0.905562
vt 0.838318 0.905542
vt 0.838474 0.906502
vt 0.838628 0.907363
vt 0.840365 0.904229
vt 0.840582 0.904215
vt 0.840714 0.907894
vt 0.840490 0.905256
vt 0.840592 0.905250
vt 0.840621 0.906221
vt 0.840662 0.907096
vt 0.842793 0.904215
vt 0.843009 0.904229
vt 0.842660 0.907894
vt 0.842782 0.905250
vt 0.842884 0.905256
vt 0.842786 0.906223
vt 0.842713 0.907096
vt 0.845201 0.904518
vt 0.845414 0.904560
vt 0.844590 0.908148
vt 0.845056 0.905542
vt 0.845156 0.905562
vt 0.844932 0.906508
vt 0.844746 0.907363
vt 0.847550 0.905132
vt 0.847755 0.905202
vt 0.846470 0.908652
vt 0.847369 0.906162
vt 0.847023 0.907071
vt 0.846727 0.907894
vt 0.849798 0.906048
vt 0.849993 0.906144
vt 0.848268 0.909396
vt 0.849484 0.907045
vt 0.849023 0.907901
vt 0.848621 0.908679
vt 0.851907 0.907250
vt 0.852088 0.907370
vt 0.849953 0.910369
vt 0.851466 0.908198
vt 0.850897 0.908986
vt 0.850397 0.909704
vt 0.853841 0.908716
vt 0.854005 0.908859
vt 0.851497 0.911554
vt 0.853280 0.909598
vt 0.852614 0.910305
vt 0.852024 0.910953
vt 0.855568 0.910423
vt 0.855711 0.910586
vt 0.852873 0.912930
vt 0.854897 0.911224
vt 0.854143 0.911838
vt 0.853475 0.912403
vt 0.857057 0.912340
vt 0.857178 0.912520
vt 0.854058 0.914474
vt 0.856287 0.913046
vt 0.855459 0.913557
vt 0.854723 0.914030
vt 0.858283 0.914435
vt 0.858379 0.914630
vt 0.855031 0.916160
vt 0.857427 0.915035
vt 0.856540 0.915433
vt 0.855748 0.915806
vt 0.859225 0.916672
vt 0.859295 0.916878
vt 0.855776 0.917958
vt 0.858298 0.917156
vt 0.857367 0.917435
vt 0.856533 0.917701
vt 0.859867 0.919013
vt 0.859909 0.919226
vt 0.856279 0.919838
vt 0.858865 0.919271
vt 0.858885 0.919371
vt 0.857925 0.919527
vt 0.857064 0.919682
vt 0.860198 0.921418
vt 0.860212 0.921635
vt 0.856533 0.921767
vt 0.859171 0.921543
vt 0.859177 0.921645
vt 0.858206 0.921674
vt 0.857331 0.921714
vt 0.860212 0.923845
vt 0.860198 0.924062
vt 0.856533 0.923713
vt 0.859177 0.923835
vt 0.859171 0.923937
vt 0.858204 0.923839
vt 0.857332 0.923765
vt 0.859909 0.926254
vt 0.859867 0.926467
vt 0.856279 0.925643
vt 0.858885 0.926109
vt 0.858865 0.926209
vt 0.857919 0.925985
vt 0.857064 0.925798
vt 0.859295 0.928603
vt 0.859225 0.928808
vt 0.855775 0.927523
vt 0.858265 0.928422
vt 0.857356 0.928076
vt 0.856533 0.927780
vt 0.858379 0.930851
vt 0.858283 0.931045
vt 0.855031 0.929321
vt 0.857382 0.930537
vt 0.856526 0.930076
vt 0.855748 0.929674
vt 0.857177 0.932960
vt 0.857057 0.933141
vt 0.854058 0.931006
vt 0.856230 0.932519
vt 0.855441 0.931950
vt 0.854723 0.931450
vt 0.855711 0.934894
vt 0.855568 0.935058
vt 0.852873 0.932550
vt 0.854829 0.934333
vt 0.854122 0.933666
vt 0.853474 0.933077
vt 0.854005 0.936621
vt 0.853841 0.936764
vt 0.851497 0.933926
vt 0.853203 0.935949
vt 0.852589 0.935196
vt 0.852024 0.934527
vt 0.852087 0.938110
vt 0.851907 0.938231
vt 0.849953 0.935111
vt 0.851381 0.937339
vt 0.850870 0.936512
vt 0.850397 0.935776
vt 0.849992 0.939336
vt 0.849797 0.939432
vt 0.848267 0.936084
vt 0.849392 0.938480
vt 0.848994 0.937593
vt 0.848621 0.936801
vt 0.847755 0.940278
vt 0.847549 0.940348
vt 0.846469 0.936829
vt 0.847272 0.939351
vt 0.846992 0.938420
vt 0.846726 0.937586
vt 0.845414 0.940920
vt 0.845201 0.940962
vt 0.844589 0.937332
vt 0.845156 0.939918
vt 0.845056 0.939938
vt 0.844900 0.938978
vt 0.844746 0.938117
vt 0.843009 0.941251
vt 0.842792 0.941265
vt 0.842660 0.937586
vt 0.842884 0.940224
vt 0.842782 0.940230
vt 0.842753 0.939259
vt 0.842712 0.938384
vt 0.840582 0.941265
vt 0.840365 0.941251
vt 0.840714 0.937586
vt 0.840592 0.940230
vt 0.840490 0.940224
vt 0.840588 0.939256
vt 0.840661 0.938384
vt 0.838173 0.940962
vt 0.837960 0.940920
vt 0.838784 0.937332
vt 0.838318 0.939938
vt 0.838218 0.939918
vt 0.838442 0.938972
vt 0.838628 0.938117
vt 0.835824 0.940348
vt 0.835619 0.940278
vt 0.836904 0.936828
vt 0.836005 0.939318
vt 0.836351 0.938409
vt 0.836647 0.937586
vt 0.833577 0.939432
vt 0.833382 0.939336
vt 0.835106 0.936084
vt 0.833890 0.938434
vt 0.834351 0.937579
vt 0.834753 0.936801
vt 0.831467 0.938231
vt 0.831286 0.938110
vt 0.833421 0.935111
vt 0.831908 0.937283
vt 0.832477 0.936494
vt 0.832977 0.935776
vt 0.829533 0.936764
vt 0.829369 0.936621
vt 0.831877 0.933926
vt 0.830094 0.935882
vt 0.830761 0.935175
vt 0.831350 0.934527
vt 0.827806 0.935057
vt 0.827663 0.934894
vt 0.830501 0.932550
vt 0.828478 0.934256
vt 0.829231 0.933642
vt 0.829899 0.933077
vt 0.826317 0.933140
vt 0.826196 0.932960
vt 0.829316 0.931006
vt 0.827088 0.932433
vt 0.827915 0.931923
vt 0.828651 0.931450
vt 0.825091 0.931045
vt 0.824995 0.930850
vt 0.828343 0.929320
vt 0.825947 0.930445
vt 0.826834 0.930047
vt 0.827626 0.929673
vt 0.824149 0.928808
vt 0.824079 0.928602
vt 0.827599 0.927522
vt 0.825076 0.928324
vt 0.826007 0.928045
vt 0.826841 0.927779
vt 0.823507 0.926467
vt 0.823465 0.926254
vt 0.827095 0.925642
vt 0.824509 0.926209
vt 0.824489 0.926108
vt 0.825449 0.925953
vt 0.826310 0.925798
vt 0.823176 0.924062
vt 0.823162 0.923845
vt 0.826841 0.923713
vt 0.824204 0.923937
vt 0.824197 0.923835
vt 0.825168 0.923806
vt 0.826043 0.923765
vt 0.823162 0.921634
vt 0.823176 0.921418
vt 0.826841 0.921767
vt 0.824197 0.921645
vt 0.824204 0.921543
vt 0.825171 0.921641
vt 0.826043 0.921714
vt 0.823465 0.919226
vt 0.823507 0.919013
vt 0.827095 0.919837
vt 0.824490 0.919371
vt 0.824509 0.919271
vt 0.825455 0.919495
vt 0.826311 0.919681
vt 0.824079 0.916878
vt 0.824149 0.916672
vt 0.827599 0.917957
vt 0.825109 0.917058
vt 0.826018 0.917404
vt 0.826841 0.917700
vt 0.984425 0.019939
vt 0.980751 0.019939
vt 0.809950 0.947429
vt 0.813624 0.947429
vt 0.225027 0.972559
vt 0.221353 0.972558
vt 0.999120 0.259751
vt 0.995446 0.259749
vt 0.991773 0.259747
vt 0.988099 0.259745
vt 0.984425 0.259742
vt 0.980751 0.259738
vt 0.999121 0.019936
vt 0.995447 0.019937
vt 0.991773 0.019938
vt 0.988099 0.019939
vt 0.984430 0.001049
vt 0.687054 0.960980
vt 0.980760 0.000879
vt 0.809951 0.966489
vt 0.690724 0.960810
vt 0.844310 0.758169
vt 0.813624 0.966550
vt 0.225027 0.953437
vt 0.847984 0.758107
vt 0.847984 0.756349
vt 0.221353 0.953499
vt 0.999120 0.240691
vt 0.844311 0.756286
vt 0.345921 0.996492
vt 0.995450 0.240859
vt 0.342251 0.996322
vt 0.991784 0.241090
vt 0.338585 0.996090
vt 0.988117 0.241319
vt 0.334918 0.995858
vt 0.984447 0.241487
vt 0.331248 0.995688
vt 0.980773 0.241545
vt 0.999107 0.001742
vt 0.327575 0.995626
vt 0.672377 0.961676
vt 0.995434 0.001682
vt 0.676051 0.961614
vt 0.991764 0.001513
vt 0.679721 0.961444
vt 0.988097 0.001281
vt 0.683387 0.961212
vt 0.687054 0.980101
vt 0.391863 0.960318
vt 0.690724 0.980271
vt 0.844310 0.777631
vt 0.395533 0.960148
vt 0.914396 0.582790
vt 0.847984 0.777693
vt 0.847984 0.736763
vt 0.918069 0.582728
vt 0.920964 0.947261
vt 0.844310 0.736825
vt 0.345921 0.977030
vt 0.917291 0.947200
vt 0.019226 0.995322
vt 0.342251 0.977200
vt 0.015556 0.995152
vt 0.338585 0.977432
vt 0.011889 0.994920
vt 0.334918 0.977664
vt 0.008223 0.994688
vt 0.331248 0.977834
vt 0.004553 0.994518
vt 0.327575 0.977897
vt 0.672377 0.979405
vt 0.000879 0.994456
vt 0.377186 0.961014
vt 0.676051 0.979467
vt 0.380859 0.960952
vt 0.679721 0.979637
vt 0.384529 0.960782
vt 0.683387 0.979869
vt 0.388196 0.960550
vt 0.391863 0.979440
vt 0.644449 0.848644
vt 0.395533 0.979610
vt 0.914396 0.602252
vt 0.648119 0.848474
vt 0.914396 0.604135
vt 0.918069 0.602314
vt 0.920964 0.927676
vt 0.918069 0.604073
vt 0.874697 0.940357
vt 0.917291 0.927738
vt 0.019226 0.975860
vt 0.871024 0.940295
vt 0.986484 0.985761
vt 0.015556 0.976030
vt 0.982814 0.985591
vt 0.011889 0.976262
vt 0.979147 0.985359
vt 0.008223 0.976494
vt 0.975481 0.985127
vt 0.004553 0.976664
vt 0.971811 0.984957
vt 0.000879 0.976727
vt 0.377186 0.978744
vt 0.968137 0.984895
vt 0.629772 0.849340
vt 0.380859 0.978806
vt 0.633445 0.849278
vt 0.384529 0.978976
vt 0.637115 0.849108
vt 0.388196 0.979208
vt 0.640782 0.848876
vt 0.644449 0.867765
vt 0.990232 0.835982
vt 0.648119 0.867935
vt 0.914396 0.623596
vt 0.993902 0.835812
vt 0.870269 0.799175
vt 0.918069 0.623659
vt 0.874697 0.920771
vt 0.873942 0.799113
vt 0.482538 0.780887
vt 0.871023 0.920834
vt 0.986484 0.966299
vt 0.478864 0.780825
vt 0.366027 0.996492
vt 0.982814 0.966469
vt 0.362357 0.996322
vt 0.979147 0.966701
vt 0.358690 0.996090
vt 0.975481 0.966933
vt 0.355023 0.995858
vt 0.971811 0.967103
vt 0.351353 0.995688
vt 0.968137 0.967165
vt 0.629772 0.867069
vt 0.347680 0.995626
vt 0.975555 0.836678
vt 0.633445 0.867131
vt 0.979228 0.836616
vt 0.637115 0.867301
vt 0.982898 0.836446
vt 0.640782 0.867533
vt 0.986565 0.836214
vt 0.990232 0.855103
vt 0.757852 0.974678
vt 0.993902 0.855273
vt 0.870269 0.818636
vt 0.761522 0.974508
vt 0.914396 0.561446
vt 0.873942 0.818699
vt 0.482538 0.761301
vt 0.918069 0.561384
vt 0.915532 0.947262
vt 0.478864 0.761364
vt 0.366027 0.977030
vt 0.911859 0.947199
vt 0.530740 0.996220
vt 0.362357 0.977200
vt 0.527070 0.996050
vt 0.358690 0.977432
vt 0.523403 0.995818
vt 0.355023 0.977665
vt 0.519736 0.995586
vt 0.351353 0.977834
vt 0.516066 0.995416
vt 0.347680 0.977897
vt 0.975555 0.854407
vt 0.512393 0.995354
vt 0.743176 0.975374
vt 0.979228 0.854469
vt 0.746849 0.975312
vt 0.982898 0.854639
vt 0.750519 0.975142
vt 0.986565 0.854871
vt 0.754185 0.974910
vt 0.757852 0.993800
vt 0.411968 0.960318
vt 0.761522 0.993970
vt 0.914396 0.580908
vt 0.415638 0.960148
vt 0.914396 0.668168
vt 0.918069 0.580970
vt 0.915532 0.927676
vt 0.918069 0.668106
vt 0.435762 0.939729
vt 0.911859 0.927738
vt 0.530740 0.976759
vt 0.432089 0.939667
vt 0.973796 0.855273
vt 0.527070 0.976929
vt 0.970126 0.855103
vt 0.523403 0.977161
vt 0.966460 0.854871
vt 0.519736 0.977393
vt 0.962793 0.854639
vt 0.516066 0.977563
vt 0.959123 0.854469
vt 0.512393 0.977625
vt 0.743176 0.993103
vt 0.955450 0.854407
vt 0.397291 0.961015
vt 0.746849 0.993166
vt 0.400965 0.960952
vt 0.750519 0.993335
vt 0.404635 0.960782
vt 0.754186 0.993568
vt 0.408301 0.960550
vt 0.411968 0.979440
vt 0.015556 0.954810
vt 0.415638 0.979610
vt 0.914396 0.687630
vt 0.019226 0.954640
vt 0.809950 0.926146
vt 0.918069 0.687692
vt 0.435762 0.920143
vt 0.813624 0.926084
vt 0.536172 0.935916
vt 0.432089 0.920206
vt 0.973796 0.835812
vt 0.532498 0.935854
vt 0.986192 0.917296
vt 0.970126 0.835982
vt 0.982522 0.917126
vt 0.966460 0.836214
vt 0.978855 0.916894
vt 0.962793 0.836446
vt 0.975189 0.916662
vt 0.959123 0.836616
vt 0.971519 0.916492
vt 0.955450 0.836678
vt 0.397291 0.978744
vt 0.967845 0.916430
vt 0.000879 0.955506
vt 0.400965 0.978806
vt 0.004553 0.955444
vt 0.404635 0.978976
vt 0.008223 0.955274
vt 0.408301 0.979208
vt 0.011889 0.955042
vt 0.015556 0.973932
vt 0.962708 0.966469
vt 0.019226 0.974102
vt 0.809950 0.945608
vt 0.966379 0.966299
vt 0.228480 0.872050
vt 0.813624 0.945670
vt 0.536172 0.916330
vt 0.232154 0.871987
vt 0.541604 0.957260
vt 0.532498 0.916392
vt 0.986192 0.897834
vt 0.537930 0.957198
vt 0.645504 0.987879
vt 0.982522 0.898004
vt 0.641834 0.987709
vt 0.978855 0.898236
vt 0.638168 0.987477
vt 0.975189 0.898468
vt 0.634501 0.987245
vt 0.971519 0.898638
vt 0.630831 0.987075
vt 0.967845 0.898701
vt 0.000879 0.973235
vt 0.627157 0.987013
vt 0.948032 0.967165
vt 0.004553 0.973298
vt 0.951705 0.967103
vt 0.008223 0.973467
vt 0.955375 0.966933
vt 0.011889 0.973700
vt 0.959042 0.966701
vt 0.962708 0.985591
vt 0.644449 0.891084
vt 0.966379 0.985761
vt 0.228480 0.891511
vt 0.648119 0.890914
vt 0.319065 0.928658
vt 0.232154 0.891573
vt 0.541604 0.937674
vt 0.322739 0.928595
vt 0.488314 0.777947
vt 0.537930 0.937737
vt 0.645504 0.968417
vt 0.484640 0.777885
vt 0.946273 0.985761
vt 0.641834 0.968587
vt 0.942603 0.985591
vt 0.638168 0.968819
vt 0.938937 0.985359
vt 0.634501 0.969051
vt 0.935270 0.985127
vt 0.630831 0.969221
vt 0.931600 0.984957
vt 0.627157 0.969284
vt 0.948032 0.984895
vt 0.927927 0.984894
vt 0.629772 0.891780
vt 0.951705 0.984957
vt 0.633445 0.891718
vt 0.955375 0.985126
vt 0.637115 0.891548
vt 0.959042 0.985359
vt 0.640782 0.891316
vt 0.644449 0.910206
vt 0.644449 0.912304
vt 0.648119 0.910376
vt 0.319065 0.948119
vt 0.648119 0.912134
vt 0.228480 0.893394
vt 0.322739 0.948181
vt 0.488314 0.758361
vt 0.232153 0.893332
vt 0.918069 0.730381
vt 0.484641 0.758424
vt 0.946273 0.966299
vt 0.914396 0.730319
vt 0.993902 0.834053
vt 0.942603 0.966469
vt 0.990232 0.833883
vt 0.938937 0.966701
vt 0.986565 0.833651
vt 0.935270 0.966933
vt 0.982898 0.833419
vt 0.931600 0.967103
vt 0.979228 0.833249
vt 0.927927 0.967165
vt 0.629772 0.909510
vt 0.975555 0.833187
vt 0.629772 0.913001
vt 0.633445 0.909572
vt 0.633445 0.912938
vt 0.637115 0.909742
vt 0.637115 0.912768
vt 0.640782 0.909974
vt 0.640782 0.912536
vt 0.644449 0.931426
vt 0.241462 0.974827
vt 0.648119 0.931596
vt 0.228480 0.912856
vt 0.245132 0.974658
vt 0.425757 0.933389
vt 0.232153 0.912918
vt 0.918069 0.710795
vt 0.429430 0.933326
vt 0.429430 0.931568
vt 0.914396 0.710857
vt 0.993902 0.814592
vt 0.425757 0.931506
vt 0.782718 0.991125
vt 0.990232 0.814761
vt 0.779048 0.990955
vt 0.986565 0.814994
vt 0.775381 0.990723
vt 0.982898 0.815226
vt 0.771715 0.990490
vt 0.979228 0.815396
vt 0.768045 0.990321
vt 0.975555 0.815458
vt 0.629772 0.930730
vt 0.764371 0.990258
vt 0.226785 0.975524
vt 0.633445 0.930792
vt 0.230459 0.975461
vt 0.637115 0.930962
vt 0.234129 0.975292
vt 0.640782 0.931194
vt 0.237795 0.975059
vt 0.241462 0.993949
vt 0.804522 0.971833
vt 0.245132 0.994119
vt 0.425757 0.952850
vt 0.808192 0.971663
vt 0.532498 0.937737
vt 0.429430 0.952912
vt 0.429430 0.911982
vt 0.536172 0.937675
vt 0.178874 0.967007
vt 0.425757 0.912044
vt 0.782718 0.971663
vt 0.175201 0.966945
vt 0.870264 0.990819
vt 0.779048 0.971833
vt 0.866594 0.990649
vt 0.775382 0.972065
vt 0.862928 0.990417
vt 0.771715 0.972297
vt 0.859261 0.990185
vt 0.768045 0.972467
vt 0.855591 0.990015
vt 0.764371 0.972529
vt 0.226785 0.993253
vt 0.851918 0.989953
vt 0.789845 0.972529
vt 0.230459 0.993315
vt 0.793518 0.972467
vt 0.234129 0.993485
vt 0.797188 0.972297
vt 0.237795 0.993717
vt 0.800855 0.972065
vt 0.804522 0.990955
vt 0.982522 0.940444
vt 0.808192 0.991124
vt 0.532498 0.957198
vt 0.986192 0.940275
vt 0.914396 0.625479
vt 0.536172 0.957260
vt 0.178874 0.947422
vt 0.918069 0.625417
vt 0.918069 0.751725
vt 0.175201 0.947484
vt 0.870264 0.971358
vt 0.914396 0.751663
vt 0.986192 0.938516
vt 0.866594 0.971528
vt 0.982522 0.938346
vt 0.862928 0.971760
vt 0.978855 0.938114
vt 0.859261 0.971992
vt 0.975189 0.937882
vt 0.855591 0.972162
vt 0.971519 0.937712
vt 0.851918 0.972224
vt 0.789845 0.990258
vt 0.967845 0.937650
vt 0.967845 0.941141
vt 0.793518 0.990320
vt 0.971519 0.941078
vt 0.797188 0.990490
vt 0.975189 0.940909
vt 0.800855 0.990722
vt 0.978855 0.940677
vt 0.982522 0.959566
vt 0.342251 0.955980
vt 0.986192 0.959736
vt 0.914396 0.644941
vt 0.345921 0.955810
vt 0.221788 0.926139
vt 0.918069 0.645003
vt 0.918069 0.732139
vt 0.225461 0.926077
vt 0.708595 0.932229
vt 0.914396 0.732202
vt 0.986192 0.919054
vt 0.704921 0.932167
vt 0.458768 0.988866
vt 0.982522 0.919224
vt 0.455098 0.988696
vt 0.978855 0.919456
vt 0.451432 0.988464
vt 0.975189 0.919689
vt 0.447765 0.988232
vt 0.971519 0.919858
vt 0.444095 0.988062
vt 0.967845 0.919921
vt 0.967845 0.958870
vt 0.440421 0.988000
vt 0.327575 0.956677
vt 0.971519 0.958932
vt 0.331248 0.956614
vt 0.975189 0.959102
vt 0.334918 0.956445
vt 0.978855 0.959334
vt 0.338585 0.956212
vt 0.342251 0.975102
vt 0.991450 0.753525
vt 0.345921 0.975272
vt 0.221788 0.945601
vt 0.995120 0.753355
vt 0.223048 0.800950
vt 0.225461 0.945663
vt 0.708595 0.912644
vt 0.226721 0.800888
vt 0.918069 0.773070
vt 0.704921 0.912706
vt 0.458768 0.969404
vt 0.914396 0.773008
vt 0.366027 0.975272
vt 0.455098 0.969574
vt 0.362357 0.975102
vt 0.451432 0.969806
vt 0.358690 0.974870
vt 0.447765 0.970038
vt 0.355023 0.974638
vt 0.444095 0.970208
vt 0.351353 0.974468
vt 0.440421 0.970271
vt 0.327575 0.974406
vt 0.347680 0.974406
vt 0.976774 0.754221
vt 0.331248 0.974468
vt 0.980447 0.754159
vt 0.334918 0.974638
vt 0.984117 0.753989
vt 0.338585 0.974870
vt 0.987784 0.753757
vt 0.991450 0.772647
vt 0.432073 0.960318
vt 0.995120 0.772816
vt 0.223048 0.820412
vt 0.435743 0.960148
vt 0.914396 0.540102
vt 0.226721 0.820474
vt 0.918069 0.753484
vt 0.918069 0.540039
vt 0.847984 0.735004
vt 0.914396 0.753546
vt 0.366027 0.955810
vt 0.844310 0.734942
vt 0.916767 0.983509
vt 0.362357 0.955980
vt 0.913097 0.983339
vt 0.358690 0.956212
vt 0.909430 0.983107
vt 0.355024 0.956445
vt 0.905764 0.982875
vt 0.351353 0.956614
vt 0.902094 0.982705
vt 0.347680 0.956676
vt 0.976774 0.771950
vt 0.898420 0.982643
vt 0.417396 0.961015
vt 0.980447 0.772012
vt 0.421070 0.960952
vt 0.984117 0.772182
vt 0.424740 0.960782
vt 0.987784 0.772414
vt 0.428406 0.960550
vt 0.432073 0.979440
vt 0.488642 0.954423
vt 0.435743 0.979610
vt 0.914396 0.559563
vt 0.492312 0.954253
vt 0.914396 0.646824
vt 0.918069 0.559625
vt 0.847984 0.715418
vt 0.918069 0.646762
vt 0.873942 0.797354
vt 0.844310 0.715480
vt 0.916767 0.964047
vt 0.870269 0.797292
vt 0.973796 0.876493
vt 0.913097 0.964217
vt 0.970126 0.876324
vt 0.909430 0.964449
vt 0.966460 0.876091
vt 0.905764 0.964681
vt 0.962793 0.875859
vt 0.902094 0.964851
vt 0.959123 0.875689
vt 0.898420 0.964913
vt 0.417396 0.978744
vt 0.955450 0.875627
vt 0.473965 0.955119
vt 0.421070 0.978806
vt 0.477638 0.955057
vt 0.424740 0.978976
vt 0.481308 0.954887
vt 0.428406 0.979208
vt 0.484975 0.954655
vt 0.488642 0.973544
vt 0.488642 0.975643
vt 0.492312 0.973714
vt 0.914396 0.666285
vt 0.492312 0.975473
vt 0.914396 0.689513
vt 0.918069 0.666347
vt 0.873942 0.777768
vt 0.918069 0.689450
vt 0.847984 0.713660
vt 0.870269 0.777830
vt 0.973796 0.857032
vt 0.844310 0.713597
vt 0.896662 0.983509
vt 0.970126 0.857202
vt 0.892992 0.983339
vt 0.966460 0.857434
vt 0.889325 0.983107
vt 0.962793 0.857666
vt 0.885659 0.982875
vt 0.959123 0.857836
vt 0.881989 0.982705
vt 0.955450 0.857898
vt 0.473965 0.972848
vt 0.878315 0.982643
vt 0.473965 0.976339
vt 0.477638 0.972910
vt 0.477638 0.976277
vt 0.481308 0.973080
vt 0.481308 0.976107
vt 0.484975 0.973312
vt 0.484975 0.975875
vt 0.488642 0.994764
vt 0.970126 0.814761
vt 0.492312 0.994934
vt 0.914396 0.708974
vt 0.973796 0.814592
vt 0.704921 0.934050
vt 0.918069 0.709036
vt 0.847984 0.694074
vt 0.708595 0.933988
vt 0.435762 0.897040
vt 0.844310 0.694136
vt 0.896662 0.964047
vt 0.432089 0.896978
vt 0.492312 0.952494
vt 0.892992 0.964217
vt 0.488642 0.952324
vt 0.889325 0.964449
vt 0.484975 0.952092
vt 0.885659 0.964681
vt 0.481308 0.951860
vt 0.881989 0.964851
vt 0.477638 0.951690
vt 0.878315 0.964913
vt 0.473965 0.994068
vt 0.473965 0.951628
vt 0.955450 0.815458
vt 0.477638 0.994130
vt 0.959123 0.815396
vt 0.481308 0.994300
vt 0.962793 0.815226
vt 0.484975 0.994532
vt 0.966460 0.814993
vt 0.970126 0.833883
vt 0.990232 0.857202
vt 0.973796 0.834053
vt 0.704921 0.953512
vt 0.993902 0.857032
vt 0.871023 0.899489
vt 0.708595 0.953574
vt 0.435762 0.877455
vt 0.874697 0.899427
vt 0.435762 0.918385
vt 0.432089 0.877517
vt 0.492312 0.933033
vt 0.432089 0.918323
vt 0.245132 0.972899
vt 0.488642 0.933203
vt 0.241462 0.972729
vt 0.484975 0.933435
vt 0.237796 0.972497
vt 0.481308 0.933667
vt 0.234129 0.972265
vt 0.477638 0.933837
vt 0.230459 0.972095
vt 0.473965 0.933899
vt 0.955450 0.833187
vt 0.226785 0.972033
vt 0.975555 0.857898
vt 0.959123 0.833249
vt 0.979228 0.857836
vt 0.962793 0.833419
vt 0.982898 0.857666
vt 0.966460 0.833651
vt 0.986565 0.857434
vt 0.990232 0.876324
vt 0.757852 0.953458
vt 0.993902 0.876493
vt 0.871023 0.918951
vt 0.761522 0.953288
vt 0.537930 0.916392
vt 0.874697 0.919013
vt 0.435762 0.898799
vt 0.541604 0.916330
vt 0.178874 0.945663
vt 0.432089 0.898861
vt 0.245132 0.953437
vt 0.175201 0.945601
vt 0.670619 0.980271
vt 0.241462 0.953607
vt 0.666949 0.980101
vt 0.237796 0.953839
vt 0.663282 0.979869
vt 0.234129 0.954072
vt 0.659616 0.979637
vt 0.230459 0.954241
vt 0.655945 0.979467
vt 0.226785 0.954304
vt 0.975555 0.875627
vt 0.652272 0.979405
vt 0.743176 0.954154
vt 0.979228 0.875689
vt 0.746849 0.954092
vt 0.982898 0.875859
vt 0.750519 0.953922
vt 0.986565 0.876091
vt 0.754186 0.953690
vt 0.757852 0.972580
vt 0.644448 0.869864
vt 0.761522 0.972750
vt 0.537930 0.935854
vt 0.648118 0.869694
vt 0.228480 0.914738
vt 0.541604 0.935916
vt 0.178874 0.926077
vt 0.232154 0.914676
vt 0.226721 0.841819
vt 0.175201 0.926139
vt 0.670619 0.960810
vt 0.223048 0.841756
vt 0.127702 0.997739
vt 0.666949 0.960980
vt 0.124032 0.997569
vt 0.663282 0.961212
vt 0.120366 0.997337
vt 0.659616 0.961444
vt 0.116699 0.997104
vt 0.655945 0.961614
vt 0.113029 0.996935
vt 0.652272 0.961676
vt 0.743176 0.971883
vt 0.109356 0.996872
vt 0.629772 0.870560
vt 0.746849 0.971946
vt 0.633445 0.870498
vt 0.750519 0.972115
vt 0.637115 0.870328
vt 0.754186 0.972348
vt 0.640782 0.870096
vt 0.644449 0.888986
vt 0.995451 0.021865
vt 0.648118 0.889156
vt 0.228480 0.934200
vt 0.999121 0.021697
vt 0.583156 0.953191
vt 0.232154 0.934262
vt 0.226721 0.822232
vt 0.586830 0.953130
vt 0.322739 0.969062
vt 0.223048 0.822295
vt 0.127702 0.978277
vt 0.319066 0.969000
vt 0.999121 0.193692
vt 0.124032 0.978447
vt 0.995450 0.193524
vt 0.120366 0.978679
vt 0.991784 0.193294
vt 0.116699 0.978911
vt 0.988117 0.193064
vt 0.113029 0.979081
vt 0.984447 0.192897
vt 0.109356 0.979143
vt 0.629772 0.888289
vt 0.980773 0.192839
vt 0.980773 0.022551
vt 0.633445 0.888352
vt 0.984447 0.022493
vt 0.637115 0.888521
vt 0.988117 0.022325
vt 0.640782 0.888754
vt 0.991784 0.022095
vt 0.995447 0.040755
vt 0.999121 0.040757
vt 0.583156 0.972250
vt 0.586830 0.972251
vt 0.322739 0.949940
vt 0.319065 0.949941
vt 0.999121 0.174633
vt 0.995447 0.174635
vt 0.991773 0.174637
vt 0.988099 0.174639
vt 0.984425 0.174642
vt 0.980751 0.174645
vt 0.980751 0.040744
vt 0.984425 0.040748
vt 0.988099 0.040751
vt 0.991773 0.040753
vt 0.182486 0.970080
vt 0.182486 0.973747
vt 0.182486 0.977414
vt 0.182486 0.981081
vt 0.182486 0.926077
vt 0.182486 0.984747
vt 0.182486 0.929744
vt 0.182486 0.933411
vt 0.182486 0.937078
vt 0.182486 0.940745
vt 0.182486 0.944412
vt 0.182486 0.948078
vt 0.182486 0.951745
vt 0.182486 0.955412
vt 0.182486 0.959079
vt 0.182486 0.962746
vt 0.182486 0.966413
vt 0.218176 0.970080
vt 0.437915 0.824024
vt 0.437915 0.823357
vt 0.218176 0.973747
vt 0.437915 0.819023
vt 0.437915 0.819690
vt 0.218176 0.977414
vt 0.437915 0.814689
vt 0.437915 0.815356
vt 0.218176 0.981081
vt 0.437915 0.810355
vt 0.437915 0.811022
vt 0.218176 0.926077
vt 0.218176 0.984747
vt 0.437915 0.875362
vt 0.437915 0.806688
vt 0.437915 0.871029
vt 0.218176 0.929744
vt 0.437915 0.871696
vt 0.437915 0.867362
vt 0.437915 0.866695
vt 0.218176 0.933411
vt 0.437915 0.863028
vt 0.437915 0.862361
vt 0.218176 0.937078
vt 0.437915 0.858694
vt 0.437915 0.858027
vt 0.218176 0.940745
vt 0.437915 0.854360
vt 0.437915 0.853693
vt 0.218176 0.944412
vt 0.437915 0.850027
vt 0.437915 0.849360
vt 0.218176 0.948078
vt 0.437915 0.845693
vt 0.437915 0.845026
vt 0.218176 0.951745
vt 0.437915 0.841359
vt 0.218176 0.955412
vt 0.437915 0.840692
vt 0.218176 0.959079
vt 0.437915 0.836358
vt 0.437915 0.837025
vt 0.218176 0.962746
vt 0.437915 0.832024
vt 0.437915 0.832691
vt 0.218176 0.966413
vt 0.437915 0.827691
vt 0.437915 0.828358
vt 0.432089 0.819356
vt 0.739535 0.915712
vt 0.432089 0.823690
vt 0.742599 0.912647
vt 0.436239 0.823690
vt 0.432089 0.815023
vt 0.737877 0.919716
vt 0.432089 0.810689
vt 0.737877 0.924050
vt 0.432089 0.806355
vt 0.432089 0.875696
vt 0.739535 0.928054
vt 0.432089 0.871362
vt 0.742600 0.931118
vt 0.432089 0.867028
vt 0.746604 0.932776
vt 0.432089 0.862695
vt 0.750937 0.932776
vt 0.432089 0.858361
vt 0.754941 0.931118
vt 0.432089 0.854027
vt 0.758006 0.928053
vt 0.432089 0.849693
vt 0.759664 0.924049
vt 0.432089 0.845359
vt 0.759664 0.919716
vt 0.432089 0.841025
vt 0.758005 0.915712
vt 0.432089 0.836692
vt 0.754941 0.912647
vt 0.432089 0.832358
vt 0.750937 0.910989
vt 0.432089 0.828024
vt 0.746603 0.910989
vt 0.436239 0.819356
vt 0.436239 0.815023
vt 0.436239 0.810689
vt 0.436239 0.875696
vt 0.436239 0.806355
vt 0.436239 0.871362
vt 0.436239 0.867028
vt 0.436239 0.862695
vt 0.436239 0.858361
vt 0.436239 0.854027
vt 0.436239 0.849693
vt 0.436239 0.845359
vt 0.436239 0.841025
vt 0.436239 0.836692
vt 0.436239 0.832358
vt 0.436239 0.828024
vt 0.545706 0.938905
vt 0.545706 0.935238
vt 0.545706 0.931571
vt 0.545706 0.927904
vt 0.545706 0.982907
vt 0.545706 0.924237
vt 0.545706 0.979240
vt 0.545706 0.975574
vt 0.545706 0.971907
vt 0.545706 0.968240
vt 0.545706 0.964573
vt 0.545706 0.960906
vt 0.545706 0.957239
vt 0.545706 0.953572
vt 0.545706 0.949905
vt 0.545706 0.946238
vt 0.545706 0.942571
vt 0.581397 0.938905
vt 0.222621 0.480730
vt 0.222621 0.527043
vt 0.581397 0.935238
vt 0.481155 0.463243
vt 0.222621 0.523376
vt 0.581397 0.931571
vt 0.222621 0.490489
vt 0.481155 0.459576
vt 0.581397 0.927904
vt 0.474285 0.463243
vt 0.222621 0.486822
vt 0.581397 0.982907
vt 0.581397 0.924237
vt 0.477720 0.463243
vt 0.474285 0.459576
vt 0.474285 0.469336
vt 0.581397 0.979240
vt 0.477720 0.459576
vt 0.474285 0.465669
vt 0.222621 0.520951
vt 0.581397 0.975573
vt 0.222621 0.517284
vt 0.222621 0.533135
vt 0.581397 0.971906
vt 0.222621 0.529468
vt 0.222621 0.508766
vt 0.581397 0.968239
vt 0.222621 0.505099
vt 0.222621 0.514858
vt 0.581397 0.964573
vt 0.222621 0.511191
vt 0.222621 0.502674
vt 0.581397 0.960906
vt 0.222621 0.499007
vt 0.222621 0.478304
vt 0.581397 0.957239
vt 0.222621 0.474637
vt 0.581397 0.953572
vt 0.481154 0.469336
vt 0.581397 0.949905
vt 0.477720 0.469336
vt 0.481154 0.465669
vt 0.581397 0.946238
vt 0.222621 0.496581
vt 0.477720 0.465669
vt 0.581397 0.942571
vt 0.222621 0.484397
vt 0.222621 0.492915
vt 0.918546 0.481942
vt 0.873705 0.956538
vt 0.918546 0.486275
vt 0.872047 0.952534
vt 0.914396 0.486275
vt 0.224297 0.480396
vt 0.224298 0.527376
vt 0.918546 0.477608
vt 0.873705 0.960872
vt 0.918546 0.473274
vt 0.872047 0.964876
vt 0.918546 0.468940
vt 0.918546 0.538281
vt 0.868982 0.967940
vt 0.918546 0.533947
vt 0.864978 0.969599
vt 0.918546 0.529613
vt 0.860644 0.969599
vt 0.918546 0.525280
vt 0.856640 0.967940
vt 0.918546 0.520946
vt 0.853576 0.964876
vt 0.918546 0.516612
vt 0.851918 0.960872
vt 0.918546 0.512278
vt 0.851918 0.956538
vt 0.918546 0.507944
vt 0.853576 0.952534
vt 0.918546 0.503611
vt 0.856641 0.949470
vt 0.918546 0.499277
vt 0.860644 0.947811
vt 0.918546 0.494943
vt 0.864978 0.947811
vt 0.918546 0.490609
vt 0.868982 0.949470
vt 0.914396 0.481942
vt 0.482831 0.463577
vt 0.224298 0.523043
vt 0.914396 0.477608
vt 0.224297 0.490822
vt 0.482831 0.459243
vt 0.914396 0.473274
vt 0.475961 0.463577
vt 0.224297 0.486489
vt 0.914396 0.468940
vt 0.914396 0.538281
vt 0.479396 0.463577
vt 0.475961 0.459243
vt 0.475961 0.469669
vt 0.914396 0.533947
vt 0.479396 0.459243
vt 0.475961 0.465335
vt 0.224297 0.521284
vt 0.914396 0.529613
vt 0.224297 0.516950
vt 0.224298 0.533468
vt 0.914396 0.525279
vt 0.224298 0.529135
vt 0.224298 0.509099
vt 0.914396 0.520946
vt 0.224298 0.504766
vt 0.224298 0.515192
vt 0.914396 0.516612
vt 0.224298 0.510858
vt 0.224297 0.503007
vt 0.914396 0.512278
vt 0.224297 0.498674
vt 0.224297 0.478638
vt 0.914396 0.507944
vt 0.224297 0.474303
vt 0.914396 0.503611
vt 0.482831 0.469669
vt 0.914396 0.499277
vt 0.479396 0.469669
vt 0.482831 0.465335
vt 0.914396 0.494943
vt 0.224297 0.496915
vt 0.479396 0.465335
vt 0.914396 0.490609
vt 0.224297 0.484730
vt 0.224297 0.492581
vt 0.973492 0.256321
vt 0.979840 0.611694
vt 0.979209 0.611241
vt 0.966110 0.254139
vt 0.972225 0.608004
vt 0.971325 0.607869
vt 0.962963 0.609167
vt 0.958727 0.256321
vt 0.963699 0.608919
vt 0.904928 0.958464
vt 0.958728 0.169444
vt 0.904297 0.958917
vt 0.966110 0.167262
vt 0.897312 0.962154
vt 0.896413 0.962289
vt 0.888050 0.960991
vt 0.973492 0.169444
vt 0.888787 0.961239
vt 0.604086 0.978435
vt 0.603349 0.978186
vt 0.973492 0.602681
vt 0.611712 0.979484
vt 0.612611 0.979349
vt 0.966110 0.600499
vt 0.619596 0.976113
vt 0.620227 0.975660
vt 0.958728 0.602681
vt 0.963699 0.718033
vt 0.958728 0.429501
vt 0.962963 0.718281
vt 0.971325 0.716984
vt 0.972225 0.717118
vt 0.966110 0.427319
vt 0.979840 0.720808
vt 0.979209 0.720355
vt 0.973492 0.429501
vt 0.980497 0.620786
vt 0.981337 0.627547
vt 0.905584 0.949373
vt 0.906425 0.942611
vt 0.976728 0.615363
vt 0.901816 0.954795
vt 0.971057 0.612735
vt 0.896144 0.957422
vt 0.964864 0.613587
vt 0.889951 0.956571
vt 0.959673 0.617668
vt 0.884760 0.952490
vt 0.956889 0.623887
vt 0.881976 0.946271
vt 0.957395 0.630598
vt 0.882482 0.939560
vt 0.961165 0.636020
vt 0.886253 0.934138
vt 0.967170 0.638696
vt 0.892258 0.931462
vt 0.973696 0.637896
vt 0.898783 0.932262
vt 0.978888 0.633816
vt 0.903976 0.936342
vt 0.619275 0.953537
vt 0.621724 0.959806
vt 0.978888 0.742930
vt 0.981337 0.736662
vt 0.614082 0.949458
vt 0.973695 0.747010
vt 0.607556 0.948657
vt 0.967170 0.747811
vt 0.601552 0.951334
vt 0.961165 0.745134
vt 0.597781 0.956755
vt 0.957395 0.739713
vt 0.597275 0.963466
vt 0.956889 0.733002
vt 0.600059 0.969685
vt 0.959673 0.726782
vt 0.605250 0.973767
vt 0.964864 0.722701
vt 0.611443 0.974618
vt 0.971057 0.721850
vt 0.617115 0.971990
vt 0.976728 0.724477
vt 0.620883 0.966568
vt 0.980497 0.729900
vt 0.959621 0.391350
vt 0.972155 0.087756
vt 0.960102 0.348101
vt 0.972599 0.131294
vt 0.966110 0.389896
vt 0.966129 0.087757
vt 0.966128 0.348100
vt 0.966110 0.129839
vt 0.972599 0.391350
vt 0.960103 0.087757
vt 0.972154 0.348100
vt 0.959621 0.131294
vt 0.972599 0.564530
vt 0.960065 0.174633
vt 0.972118 0.521280
vt 0.959621 0.218171
vt 0.966110 0.563076
vt 0.966091 0.521280
vt 0.966091 0.174633
vt 0.966110 0.216716
vt 0.959621 0.564530
vt 0.960066 0.521280
vt 0.972117 0.174634
vt 0.972598 0.218171
vt 0.978992 0.259751
vt 0.984483 0.616217
vt 0.593617 0.787732
vt 0.985012 0.616739
vt 0.595166 0.790383
vt 0.594345 0.789627
vt 0.957199 0.612132
vt 0.956540 0.612477
vt 0.953228 0.259751
vt 0.593614 0.856525
vt 0.595166 0.853853
vt 0.594342 0.854616
vt 0.953355 0.622877
vt 0.953228 0.623560
vt 0.593652 0.845485
vt 0.595642 0.845643
vt 0.594646 0.845568
vt 0.953764 0.631521
vt 0.954022 0.632229
vt 0.593867 0.837553
vt 0.595851 0.837593
vt 0.594864 0.837566
vt 0.958477 0.638683
vt 0.959074 0.639174
vt 0.593878 0.829747
vt 0.595875 0.829758
vt 0.594893 0.829748
vt 0.966231 0.642368
vt 0.966993 0.642482
vt 0.593912 0.821991
vt 0.595868 0.821995
vt 0.594888 0.821993
vt 0.974771 0.641523
vt 0.975486 0.641229
vt 0.593907 0.814248
vt 0.595897 0.814241
vt 0.594918 0.814249
vt 0.981636 0.636363
vt 0.982090 0.635762
vt 0.593913 0.806482
vt 0.595882 0.806443
vt 0.594903 0.806470
vt 0.595663 0.798472
vt 0.984934 0.628306
vt 0.593697 0.798633
vt 0.985012 0.627616
vt 0.594679 0.798549
vt 0.626464 0.790325
vt 0.909571 0.953941
vt 0.953228 0.172874
vt 0.910100 0.953419
vt 0.628013 0.787654
vt 0.627287 0.789563
vt 0.626466 0.853783
vt 0.881627 0.957681
vt 0.882287 0.958026
vt 0.978992 0.172874
vt 0.628013 0.856434
vt 0.627286 0.854539
vt 0.625973 0.845697
vt 0.878315 0.946598
vt 0.878442 0.947281
vt 0.627938 0.845537
vt 0.626956 0.845621
vt 0.625754 0.837727
vt 0.878852 0.938636
vt 0.879110 0.937929
vt 0.627723 0.837689
vt 0.626734 0.837700
vt 0.625739 0.829929
vt 0.883565 0.931475
vt 0.884162 0.930984
vt 0.627730 0.829923
vt 0.626719 0.829922
vt 0.625769 0.822176
vt 0.891318 0.927790
vt 0.892081 0.927676
vt 0.627725 0.822179
vt 0.626748 0.822178
vt 0.625761 0.814413
vt 0.900574 0.928929
vt 0.899859 0.928635
vt 0.627758 0.814424
vt 0.626743 0.814422
vt 0.625785 0.806579
vt 0.906723 0.933795
vt 0.907177 0.934396
vt 0.627768 0.806619
vt 0.626772 0.806606
vt 0.910021 0.941852
vt 0.910100 0.942542
vt 0.627982 0.798688
vt 0.625993 0.798531
vt 0.626988 0.798606
vt 0.622022 0.950991
vt 0.622476 0.951592
vt 0.107345 0.816108
vt 0.105362 0.816069
vt 0.106348 0.816096
vt 0.615872 0.946124
vt 0.615157 0.945830
vt 0.107335 0.823915
vt 0.105339 0.823903
vt 0.106321 0.823913
vt 0.607380 0.944871
vt 0.606617 0.944985
vt 0.107304 0.831670
vt 0.105348 0.831667
vt 0.106327 0.831669
vt 0.599461 0.948180
vt 0.598863 0.948671
vt 0.107311 0.839414
vt 0.105320 0.839421
vt 0.106300 0.839413
vt 0.594408 0.955125
vt 0.594151 0.955832
vt 0.107306 0.847179
vt 0.105337 0.847218
vt 0.106316 0.847191
vt 0.593614 0.963794
vt 0.593741 0.964477
vt 0.107522 0.855028
vt 0.105557 0.855188
vt 0.106540 0.855111
vt 0.596926 0.974877
vt 0.978992 0.606111
vt 0.597585 0.975221
vt 0.107597 0.865921
vt 0.106051 0.863271
vt 0.106870 0.864027
vt 0.106044 0.799806
vt 0.625399 0.970614
vt 0.953228 0.606111
vt 0.624870 0.971137
vt 0.107597 0.797133
vt 0.106869 0.799043
vt 0.105569 0.808019
vt 0.625399 0.959737
vt 0.625320 0.959047
vt 0.107559 0.808176
vt 0.106565 0.808093
vt 0.075458 0.815942
vt 0.982089 0.744876
vt 0.981636 0.745477
vt 0.073490 0.815981
vt 0.074479 0.815969
vt 0.075475 0.823740
vt 0.974771 0.750638
vt 0.975486 0.750343
vt 0.073484 0.823747
vt 0.074495 0.823748
vt 0.075447 0.831493
vt 0.966993 0.751596
vt 0.966230 0.751482
vt 0.073491 0.831490
vt 0.074468 0.831492
vt 0.075456 0.839257
vt 0.959074 0.748288
vt 0.958477 0.747797
vt 0.073460 0.839246
vt 0.074474 0.839247
vt 0.075433 0.847092
vt 0.954022 0.741343
vt 0.953764 0.740636
vt 0.073450 0.847052
vt 0.074447 0.847064
vt 0.075227 0.855142
vt 0.953228 0.732674
vt 0.953355 0.731991
vt 0.073236 0.854985
vt 0.074230 0.855067
vt 0.074751 0.863353
vt 0.953228 0.432931
vt 0.956540 0.721591
vt 0.957199 0.721247
vt 0.073199 0.866026
vt 0.073927 0.864116
vt 0.074744 0.799888
vt 0.984483 0.725331
vt 0.978992 0.432931
vt 0.985012 0.725854
vt 0.073197 0.797238
vt 0.073924 0.799132
vt 0.984934 0.737421
vt 0.985012 0.736730
vt 0.073273 0.808133
vt 0.075238 0.807972
vt 0.074255 0.808049
vt 0.106421 0.905450
vt 0.976415 0.567616
vt 0.104811 0.904475
vt 0.105621 0.904756
vt 0.956863 0.174633
vt 0.104363 0.952253
vt 0.597026 0.943113
vt 0.975319 0.521280
vt 0.102611 0.952188
vt 0.598777 0.943044
vt 0.103445 0.952204
vt 0.597943 0.943063
vt 0.596439 0.895089
vt 0.955805 0.221257
vt 0.594831 0.896067
vt 0.595629 0.895371
vt 0.076024 0.904589
vt 0.955805 0.394436
vt 0.074418 0.905565
vt 0.075215 0.904871
vt 0.078269 0.952163
vt 0.623107 0.942924
vt 0.975357 0.087756
vt 0.956900 0.348101
vt 0.076522 0.952229
vt 0.624856 0.942984
vt 0.077437 0.952180
vt 0.623940 0.942938
vt 0.976415 0.134380
vt 0.626840 0.895981
vt 0.625230 0.895008
vt 0.626040 0.895288
vt 0.625162 0.749118
vt 0.955805 0.134380
vt 0.626769 0.748139
vt 0.625972 0.748835
vt 0.622834 0.701148
vt 0.078187 0.710964
vt 0.975356 0.348100
vt 0.956901 0.087757
vt 0.624585 0.701079
vt 0.076434 0.710900
vt 0.623668 0.701129
vt 0.077353 0.710948
vt 0.976414 0.394436
vt 0.074370 0.757703
vt 0.075980 0.758678
vt 0.075170 0.758398
vt 0.104774 0.758563
vt 0.955805 0.567616
vt 0.106381 0.757587
vt 0.105584 0.758281
vt 0.102524 0.710990
vt 0.598498 0.701250
vt 0.975319 0.174634
vt 0.956864 0.521279
vt 0.104271 0.710925
vt 0.596750 0.701189
vt 0.103356 0.710973
vt 0.597666 0.701235
vt 0.976414 0.221257
vt 0.594770 0.748170
vt 0.596379 0.749142
vt 0.595569 0.748863
vt 0.343313 0.569647
vt 0.737245 0.607342
vt 0.400390 0.935186
vt 0.675476 0.935847
vt 0.786282 0.947994
vt 0.309544 0.913641
vt 0.749883 0.871452
vt 0.297379 0.966770
vt 0.834246 0.965751
vt 0.852597 0.802025
vt 0.263836 0.966770
vt 0.947006 0.931188
vt 0.770430 0.826516
vt 0.383244 0.812414
vt 0.122551 0.963323
vt 0.749883 0.897224
vt 0.370627 0.123542
vt 0.271277 0.923759
vt 0.638051 0.955765
vt 0.964122 0.764249
vt 0.969099 0.662180
vt 0.456293 0.950973
vt 0.971321 0.794894
vt 0.969099 0.698552
vt 0.094402 0.967207
vt 0.749883 0.845680
vt 0.123542 0.123542
vt 0.841687 0.922740
vt 0.748770 0.921883
vt 0.862811 0.958705
vt 0.969100 0.625809
vt 0.894187 0.944349
vt 0.609486 0.961545
vt 0.969099 0.734923
s 1
usemtl SurgeryLamp
f 96/194/1 32/63/1 1/1/2 34/69/2
f 38/77/3 3/5/3 4/7/4 40/81/4
f 40/81/4 4/7/4 5/9/5 42/85/5
f 42/85/5 5/9/5 6/11/6 44/89/6
f 44/89/6 6/11/6 7/13/7 46/93/7
f 46/93/7 7/13/7 8/15/8 48/97/8
f 48/97/8 8/15/8 9/17/9 50/101/9
f 50/101/9 9/17/9 10/19/10 52/105/10
f 52/105/10 10/19/10 11/21/11 54/109/11
f 54/109/11 11/21/11 12/23/12 56/113/12
f 56/113/12 12/23/12 13/25/13 58/117/13
f 58/117/13 13/25/13 14/27/14 60/121/14
f 60/121/14 14/27/14 15/29/15 62/125/15
f 62/125/15 15/29/15 16/31/16 64/129/16
f 64/129/16 16/31/16 17/33/17 66/133/17
f 66/133/17 17/33/17 18/35/18 68/137/18
f 68/137/18 18/35/18 19/37/19 70/141/19
f 70/141/19 19/37/19 20/39/20 72/145/20
f 72/145/20 20/39/20 21/41/21 74/149/21
f 74/149/21 21/41/21 22/43/22 76/153/22
f 76/153/22 22/43/22 23/45/23 78/157/23
f 78/157/23 23/45/23 24/47/24 80/161/24
f 80/161/24 24/47/24 25/49/25 82/165/25
f 82/165/25 25/49/25 26/51/26 84/169/26
f 84/169/26 26/51/26 27/53/27 86/173/27
f 86/173/27 27/53/27 28/55/28 88/177/28
f 88/177/28 28/55/28 29/57/29 90/181/29
f 90/181/29 29/57/29 30/59/30 92/185/30
f 92/185/30 30/59/30 31/61/31 94/189/31
f 94/189/31 31/61/31 32/64/1 96/193/1
f 33/68/32 35/72/32 4968/8853/32
f 36/73/33 2/3/33 3/5/3 38/77/3
f 34/69/2 1/1/2 2/3/33 36/73/33
f 34/69/34 36/73/35 35/70/35 33/66/34
f 36/73/35 38/77/36 37/74/36 35/71/35
f 38/77/36 40/81/37 39/78/37 37/75/36
f 40/81/37 42/85/38 41/82/38 39/79/37
f 42/85/38 44/89/39 43/86/39 41/83/38
f 44/89/39 46/93/40 45/90/40 43/87/39
f 46/93/40 48/97/41 47/94/41 45/91/40
f 48/97/41 50/101/42 49/98/42 47/95/41
f 50/101/42 52/105/43 51/102/43 49/99/42
f 52/105/43 54/109/44 53/106/44 51/103/43
f 54/109/44 56/113/45 55/110/45 53/107/44
f 56/113/45 58/117/46 57/114/46 55/111/45
f 58/117/46 60/121/47 59/118/47 57/115/46
f 60/121/47 62/125/48 61/122/48 59/119/47
f 62/125/48 64/129/49 63/126/49 61/123/48
f 64/129/49 66/133/50 65/130/50 63/127/49
f 66/133/50 68/137/51 67/134/51 65/131/50
f 68/137/51 70/141/52 69/138/52 67/135/51
f 70/141/52 72/145/53 71/142/53 69/139/52
f 72/145/53 74/149/54 73/146/54 71/143/53
f 74/149/54 76/153/55 75/150/55 73/147/54
f 76/153/55 78/157/56 77/154/56 75/151/55
f 78/157/56 80/161/57 79/158/57 77/155/56
f 80/161/57 82/165/58 81/162/58 79/159/57
f 82/165/58 84/169/59 83/166/59 81/163/58
f 84/169/59 86/173/60 85/170/60 83/167/59
f 86/173/60 88/177/61 87/174/61 85/171/60
f 88/177/61 90/181/62 89/178/62 87/175/61
f 90/181/62 92/185/63 91/182/63 89/179/62
f 92/185/63 94/189/64 93/186/64 91/183/63
f 94/189/64 96/193/65 95/190/65 93/187/64
f 96/194/65 34/69/34 33/67/34 95/191/65
f 146/264/66 145/262/66 4969/8854/66
f 144/260/31 112/211/31 97/195/2 114/214/2
f 118/220/5 99/197/5 100/198/7 120/223/7
f 120/223/7 100/198/7 101/199/9 122/226/9
f 122/226/9 101/199/9 102/200/11 124/229/11
f 124/229/11 102/200/11 103/201/13 126/232/13
f 126/232/13 103/201/13 104/202/15 128/235/15
f 128/235/15 104/202/15 105/203/17 130/238/17
f 130/238/17 105/203/17 106/204/19 132/241/19
f 132/241/19 106/204/19 107/205/21 134/244/21
f 134/244/21 107/205/21 108/206/23 136/247/23
f 136/247/23 108/206/23 109/207/25 138/250/25
f 138/250/25 109/207/25 110/208/27 140/253/27
f 140/254/27 110/209/27 111/210/29 142/257/29
f 142/257/29 111/210/29 112/211/31 144/260/31
f 116/217/3 98/196/3 99/197/5 118/220/5
f 114/214/2 97/195/2 98/196/3 116/217/3
f 114/214/67 116/217/68 115/215/68 113/212/67
f 116/217/68 118/220/69 117/218/69 115/216/68
f 118/220/69 120/223/70 119/221/70 117/219/69
f 120/223/70 122/226/71 121/224/71 119/222/70
f 122/226/71 124/229/72 123/227/72 121/225/71
f 124/229/72 126/232/73 125/230/73 123/228/72
f 126/232/73 128/235/74 127/233/74 125/231/73
f 128/235/74 130/238/75 129/236/75 127/234/74
f 130/238/75 132/241/76 131/239/76 129/237/75
f 132/241/76 134/244/77 133/242/77 131/240/76
f 134/244/77 136/247/78 135/245/78 133/243/77
f 136/247/78 138/250/79 137/248/79 135/246/78
f 138/250/79 140/253/80 139/251/80 137/249/79
f 140/254/80 142/257/81 141/255/81 139/252/80
f 142/257/81 144/260/82 143/258/82 141/256/81
f 144/260/82 114/214/67 113/213/67 143/259/82
f 192/342/31 160/292/31 145/261/2 162/296/2
f 166/302/5 147/265/5 148/267/7 168/305/7
f 168/305/7 148/267/7 149/269/9 170/308/9
f 170/308/9 149/269/9 150/271/11 172/311/11
f 172/311/11 150/271/11 151/273/13 174/314/13
f 174/314/13 151/273/13 152/275/15 176/317/15
f 176/317/15 152/275/15 153/277/17 178/320/17
f 178/320/17 153/277/17 154/279/19 180/323/19
f 180/323/19 154/279/19 155/281/21 182/326/21
f 182/326/21 155/281/21 156/283/23 184/329/23
f 184/329/23 156/283/23 157/285/25 186/332/25
f 186/332/25 157/285/25 158/287/27 188/335/27
f 188/336/27 158/288/27 159/290/29 190/339/29
f 190/339/29 159/290/29 160/292/31 192/342/31
f 194/346/66 193/344/66 4970/8855/66
f 164/299/3 146/263/3 147/265/5 166/302/5
f 162/296/2 145/261/2 146/263/3 164/299/3
f 162/296/67 164/299/68 163/297/68 161/294/67
f 164/299/68 166/302/69 165/300/69 163/298/68
f 166/302/69 168/305/70 167/303/70 165/301/69
f 168/305/70 170/308/71 169/306/71 167/304/70
f 170/308/71 172/311/72 171/309/72 169/307/71
f 172/311/72 174/314/73 173/312/73 171/310/72
f 174/314/73 176/317/74 175/315/74 173/313/73
f 176/317/74 178/320/75 177/318/75 175/316/74
f 178/320/75 180/323/76 179/321/76 177/319/75
f 180/323/76 182/326/77 181/324/77 179/322/76
f 182/326/77 184/329/78 183/327/78 181/325/77
f 184/329/78 186/332/79 185/330/79 183/328/78
f 186/332/79 188/335/80 187/333/80 185/331/79
f 188/336/80 190/339/81 189/337/81 187/334/80
f 190/339/81 192/342/82 191/340/82 189/338/81
f 192/342/82 162/296/67 161/295/67 191/341/82
f 240/440/31 208/374/31 193/343/2 210/379/2
f 214/387/5 195/347/5 196/349/7 216/391/7
f 216/391/7 196/349/7 197/351/9 218/395/9
f 218/395/9 197/351/9 198/353/11 220/399/11
f 220/399/11 198/353/11 199/355/13 222/403/13
f 222/403/13 199/355/13 200/357/15 224/407/15
f 224/407/15 200/357/15 201/359/17 226/411/17
f 226/411/17 201/359/17 202/361/19 228/415/19
f 228/415/19 202/361/19 203/363/21 230/419/21
f 230/419/21 203/363/21 204/365/23 232/423/23
f 232/423/23 204/365/23 205/367/25 234/427/25
f 234/427/25 205/367/25 206/369/27 236/431/27
f 236/432/27 206/370/27 207/372/29 238/436/29
f 238/436/29 207/372/29 208/374/31 240/440/31
f 209/378/32 211/382/32 4971/8856/32
f 212/383/3 194/345/3 195/347/5 214/387/5
f 210/379/2 193/343/2 194/345/3 212/383/3
f 210/379/67 212/383/68 211/380/68 209/376/67
f 212/383/68 214/387/69 213/384/69 211/381/68
f 214/387/69 216/391/70 215/388/70 213/385/69
f 216/391/70 218/395/71 217/392/71 215/389/70
f 218/395/71 220/399/72 219/396/72 217/393/71
f 220/399/72 222/403/73 221/400/73 219/397/72
f 222/403/73 224/407/74 223/404/74 221/401/73
f 224/407/74 226/411/75 225/408/75 223/405/74
f 226/411/75 228/415/76 227/412/76 225/409/75
f 228/415/76 230/419/77 229/416/77 227/413/76
f 230/419/77 232/423/78 231/420/78 229/417/77
f 232/423/78 234/427/79 233/424/79 231/421/78
f 234/427/79 236/431/80 235/428/80 233/425/79
f 236/432/80 238/436/81 237/433/81 235/429/80
f 238/436/81 240/440/82 239/437/82 237/434/81
f 240/440/82 210/379/67 209/377/67 239/438/82
f 291/533/66 290/531/66 4972/8857/66
f 241/441/83 253/454/83 264/466/84 252/453/84
f 242/442/85 254/455/85 253/454/83 241/441/83
f 243/443/66 255/456/66 254/455/85 242/442/85
f 244/444/86 256/457/86 255/456/66 243/443/66
f 245/445/87 257/458/87 256/457/86 244/444/86
f 246/446/88 258/459/88 257/458/87 245/445/87
f 247/447/89 259/460/89 258/459/88 246/446/88
f 248/448/90 260/461/90 259/460/89 247/447/89
f 249/450/32 261/463/32 260/462/90 248/449/90
f 250/451/91 262/464/91 261/463/32 249/450/32
f 251/452/92 263/465/92 262/464/91 250/451/91
f 252/453/84 264/466/84 263/465/92 251/452/92
f 286/519/32 287/523/32 309/561/32 307/556/32
f 279/498/32 280/501/32 295/538/32 293/535/32
f 287/524/32 288/526/32 311/564/32 309/561/32
f 280/502/32 281/504/32 297/541/32 295/538/32
f 288/527/32 278/495/32 292/534/32 311/564/32
f 276/491/32 275/489/32 4973/8858/32
f 281/505/32 282/507/32 299/544/32 297/541/32
f 350/630/93 371/651/94 4974/8859/95
f 276/490/84 278/496/84 288/528/25 275/488/25
f 275/488/25 288/528/25 287/525/96 274/486/96
f 274/486/96 287/525/96 286/520/97 273/483/97
f 273/484/97 286/521/97 285/516/2 272/481/2
f 272/481/2 285/516/2 284/513/98 271/479/98
f 271/479/98 284/513/98 283/510/88 270/477/88
f 270/477/88 283/510/88 282/508/9 269/475/9
f 269/475/9 282/508/9 281/506/99 268/473/99
f 268/473/99 281/506/99 280/503/100 267/471/100
f 267/471/100 280/503/100 279/499/17 266/469/17
f 266/469/17 279/499/17 277/492/101 265/467/101
f 265/467/101 277/492/101 278/496/84 276/490/84
f 289/529/101 290/530/101 291/532/84 292/534/84
f 293/535/17 294/536/17 290/530/101 289/529/101
f 295/538/100 296/539/100 294/536/17 293/535/17
f 297/541/99 298/542/99 296/539/100 295/538/100
f 299/544/9 300/545/9 298/542/99 297/541/99
f 301/547/88 302/548/88 300/545/9 299/544/9
f 303/550/98 304/551/98 302/548/88 301/547/88
f 305/553/2 306/554/2 304/551/98 303/550/98
f 307/557/97 308/558/97 306/554/2 305/553/2
f 309/561/96 310/562/96 308/559/97 307/556/97
f 311/564/25 312/565/25 310/562/96 309/561/96
f 292/534/84 291/532/84 312/565/25 311/564/25
f 277/493/32 279/500/32 293/535/32 289/529/32
f 285/517/32 286/522/32 307/557/32 305/553/32
f 278/497/32 277/494/32 289/529/32 292/534/32
f 284/514/32 285/518/32 305/553/32 303/550/32
f 283/511/32 284/515/32 303/550/32 301/547/32
f 282/509/32 283/512/32 301/547/32 299/544/32
f 313/567/101 325/580/101 336/592/84 324/579/84
f 314/568/17 326/581/17 325/580/101 313/567/101
f 315/569/100 327/582/100 326/581/17 314/568/17
f 316/570/99 328/583/99 327/582/100 315/569/100
f 317/571/9 329/584/9 328/583/99 316/570/99
f 318/572/88 330/585/88 329/584/9 317/571/9
f 319/573/98 331/586/98 330/585/88 318/572/88
f 320/574/2 332/587/2 331/586/98 319/573/98
f 321/575/97 333/588/97 332/587/2 320/574/2
f 322/577/96 334/590/96 333/589/97 321/576/97
f 323/578/25 335/591/25 334/590/96 322/577/96
f 324/579/84 336/592/84 335/591/25 323/578/25
f 426/712/102 592/993/103 427/713/104 337/593/105
f 421/706/106 426/712/102 337/593/105 338/596/107
f 416/700/108 421/706/106 338/596/107 339/600/109
f 430/719/110 339/599/109 357/637/111 359/639/112
f 434/728/113 460/772/114 457/766/115 431/723/116
f 433/725/117 430/720/110 359/639/112 361/641/118
f 436/730/119 433/726/117 361/641/118 363/643/120
f 439/735/121 436/731/119 363/643/120 365/645/122
f 442/740/123 439/736/121 365/645/122 367/647/124
f 445/745/125 442/741/123 367/647/124 369/649/126
f 448/750/127 445/746/125 369/649/126 371/651/94
f 452/756/128 448/751/127 371/651/94 350/630/93
f 512/860/129 515/865/130 380/660/131 378/658/132
f 461/773/133 464/778/134 364/644/135 362/642/136
f 485/815/137 511/859/138 508/854/139 482/810/140
f 484/812/141 481/807/142 373/653/143 377/657/144
f 487/817/145 484/813/141 377/657/144 379/659/146
f 490/822/147 487/818/145 379/659/146 381/661/148
f 493/827/149 490/823/147 381/661/148 383/663/150
f 496/832/151 493/828/149 383/663/150 385/665/152
f 499/837/153 496/833/151 385/665/152 387/667/154
f 458/767/155 461/774/133 362/642/136 360/640/156
f 406/688/157 401/682/158 342/609/159 341/605/160
f 411/694/161 406/688/157 341/605/160 340/603/162
f 455/761/163 340/602/162 354/634/164 351/631/165
f 506/850/166 503/844/167 395/675/168 374/654/169
f 526/884/170 500/841/171 536/903/172 550/925/173
f 449/753/174 475/797/175 472/792/176 446/748/177
f 593/995/178 565/949/179 454/760/180 428/717/181
f 337/594/105 427/714/104 349/629/182 353/633/183
f 352/632/184 351/631/165 4975/8860/185
f 374/654/169 395/675/168 4976/8861/186
f 376/656/187 375/655/188 4977/8862/189
f 650/1124/190 649/1121/190 4978/8863/190
f 535/901/191 412/695/192 413/696/193 538/905/194
f 566/950/195 411/694/161 340/603/162 455/762/163
f 548/922/196 416/700/108 339/600/109 430/721/110
f 491/825/197 517/869/198 514/864/199 488/820/200
f 532/896/201 509/855/202 375/655/188 376/656/187
f 473/793/203 476/798/204 372/652/205 370/650/206
f 346/621/207 527/885/208 551/926/209 397/677/210
f 348/626/211 530/891/212 396/676/213 394/674/214
f 563/947/215 547/921/216 431/723/116 457/766/115
f 451/755/217 479/805/218 475/797/175 449/753/174
f 345/619/219 503/845/167 581/974/220 422/707/221
f 342/608/159 458/768/155 360/640/156 358/638/222
f 515/866/130 518/870/223 382/662/224 380/660/131
f 440/738/225 466/782/226 463/777/227 437/733/228
f 494/830/229 520/874/230 517/869/198 491/825/197
f 401/682/158 562/945/231 458/769/155 342/609/159
f 476/799/204 478/802/232 352/632/184 372/652/205
f 530/892/212 348/628/211 407/689/233 577/969/234
f 338/597/107 337/595/105 353/633/183 355/635/235
f 478/803/232 455/763/163 351/631/165 352/632/184
f 344/614/236 343/611/237 389/669/238 391/671/239
f 464/779/134 467/783/240 366/646/241 364/644/135
f 518/871/223 521/875/242 384/664/243 382/662/224
f 481/808/142 506/851/166 374/654/169 373/653/143
f 443/743/244 469/787/245 466/782/226 440/738/225
f 497/835/246 523/879/247 520/874/230 494/830/229
f 340/604/162 341/606/160 356/636/248 354/634/164
f 482/810/140 508/854/139 533/899/249 505/849/250
f 346/620/207 347/623/251 392/672/252 390/670/253
f 339/601/109 338/598/107 355/635/235 357/637/111
f 345/617/219 344/615/236 391/671/239 393/673/254
f 467/784/240 470/788/255 368/648/256 366/646/241
f 521/876/242 524/880/257 386/666/258 384/664/243
f 509/856/202 512/861/129 378/658/132 375/655/188
f 446/748/177 472/792/176 469/787/245 443/743/244
f 500/841/171 526/884/170 523/879/247 497/835/246
f 341/607/160 342/610/159 358/638/222 356/636/248
f 347/624/251 348/627/211 394/674/214 392/672/252
f 437/733/228 463/777/227 460/772/114 434/728/113
f 488/820/200 514/864/199 511/859/138 485/815/137
f 502/843/259 529/890/260 578/971/261 580/973/262
f 428/717/181 454/760/180 479/805/218 451/755/217
f 470/789/255 473/794/203 370/650/206 368/648/256
f 524/881/257 527/886/208 388/668/263 386/666/258
f 505/849/250 533/899/249 529/890/260 502/843/259
f 422/707/221 581/974/220 584/978/264 423/708/265
f 577/969/234 407/689/233 408/690/266 575/966/267
f 575/966/267 408/690/266 409/691/268 572/959/269
f 572/960/269 409/692/268 410/693/270 569/954/271
f 503/846/167 345/618/219 393/673/254 395/675/168
f 423/708/265 584/978/264 587/983/272 424/709/273
f 424/710/273 587/984/272 590/990/274 425/711/275
f 425/711/275 590/990/274 592/993/103 426/712/102
f 530/893/212 532/897/201 376/656/187 396/676/213
f 580/973/262 578/971/261 574/965/276 583/977/277
f 583/977/277 574/965/276 571/958/278 586/981/279
f 586/982/279 571/957/278 568/953/280 589/989/281
f 589/989/281 568/953/280 565/949/179 593/995/178
f 348/628/211 347/625/251 402/683/282 407/689/233
f 407/689/233 402/683/282 403/684/283 408/690/266
f 408/690/266 403/684/283 404/685/88 409/691/268
f 409/692/268 404/686/88 405/687/284 410/693/270
f 410/693/270 405/687/284 406/688/157 411/694/161
f 347/625/251 346/621/207 397/677/210 402/683/282
f 402/683/282 397/677/210 398/678/285 403/684/283
f 403/684/283 398/678/285 399/679/286 404/685/88
f 404/686/88 399/680/286 400/681/287 405/687/284
f 405/687/284 400/681/287 401/682/158 406/688/157
f 527/887/208 346/622/207 390/670/253 388/668/263
f 398/678/285 554/930/288 557/935/289 399/679/286
f 399/680/286 557/936/289 560/942/290 400/681/287
f 400/681/287 560/942/290 562/945/231 401/682/158
f 569/954/271 410/693/270 411/694/161 566/950/195
f 499/838/153 343/613/237 412/695/192 535/901/191
f 538/905/194 413/696/193 414/697/291 541/909/292
f 541/910/292 414/698/291 415/699/293 544/917/294
f 544/917/294 415/699/293 416/700/108 548/922/196
f 397/677/210 551/926/209 554/930/288 398/678/285
f 343/612/237 499/839/153 387/667/154 389/669/238
f 550/925/173 536/903/172 539/907/295 553/929/296
f 553/929/296 539/907/295 542/913/297 556/933/298
f 556/934/298 542/914/297 545/919/299 559/941/300
f 559/941/300 545/919/299 547/921/216 563/947/215
f 343/613/237 344/616/236 417/701/301 412/695/192
f 412/695/192 417/701/301 418/702/302 413/696/193
f 413/696/193 418/702/302 419/703/84 414/697/291
f 414/698/291 419/704/84 420/705/303 415/699/293
f 415/699/293 420/705/303 421/706/106 416/700/108
f 344/616/236 345/619/219 422/707/221 417/701/301
f 417/701/301 422/707/221 423/708/265 418/702/302
f 418/702/302 423/708/265 424/709/273 419/703/84
f 419/704/84 424/710/273 425/711/275 420/705/303
f 420/705/303 425/711/275 426/712/102 421/706/106
f 428/717/181 451/755/217 453/759/304 429/718/305
f 429/718/305 453/759/304 452/757/128 427/715/104
f 455/764/163 478/804/232 480/806/306 456/765/307
f 456/765/307 480/806/306 479/805/218 454/760/180
f 548/923/196 430/722/110 432/724/308 549/924/309
f 549/924/309 432/724/308 431/723/116 547/921/216
f 563/947/215 457/766/115 459/771/310 564/948/311
f 564/948/311 459/771/310 458/770/155 562/946/231
f 430/722/110 433/727/117 435/729/312 432/724/308
f 432/724/308 435/729/312 434/728/113 431/723/116
f 457/766/115 460/772/114 462/776/313 459/771/310
f 459/771/310 462/776/313 461/775/133 458/770/155
f 433/727/117 436/732/119 438/734/314 435/729/312
f 435/729/312 438/734/314 437/733/228 434/728/113
f 460/772/114 463/777/227 465/781/315 462/776/313
f 462/776/313 465/781/315 464/780/134 461/775/133
f 436/732/119 439/737/121 441/739/316 438/734/314
f 438/734/314 441/739/316 440/738/225 437/733/228
f 463/777/227 466/782/226 468/786/317 465/781/315
f 465/781/315 468/786/317 467/785/240 464/780/134
f 439/737/121 442/742/123 444/744/318 441/739/316
f 441/739/316 444/744/318 443/743/244 440/738/225
f 466/782/226 469/787/245 471/791/319 468/786/317
f 468/786/317 471/791/319 470/790/255 467/785/240
f 442/742/123 445/747/125 447/749/320 444/744/318
f 444/744/318 447/749/320 446/748/177 443/743/244
f 469/787/245 472/792/176 474/796/321 471/791/319
f 471/791/319 474/796/321 473/795/203 470/790/255
f 445/747/125 448/752/127 450/754/322 447/749/320
f 447/749/320 450/754/322 449/753/174 446/748/177
f 472/792/176 475/797/175 477/801/323 474/796/321
f 474/796/321 477/801/323 476/800/204 473/795/203
f 448/752/127 452/757/128 453/759/304 450/754/322
f 450/754/322 453/759/304 451/755/217 449/753/174
f 475/797/175 479/805/218 480/806/306 477/801/323
f 477/801/323 480/806/306 478/804/232 476/800/204
f 482/810/140 505/849/250 507/853/324 483/811/325
f 483/811/325 507/853/324 506/852/166 481/809/142
f 509/857/202 532/898/201 534/900/326 510/858/327
f 510/858/327 534/900/326 533/899/249 508/854/139
f 481/809/142 484/814/141 486/816/328 483/811/325
f 483/811/325 486/816/328 485/815/137 482/810/140
f 508/854/139 511/859/138 513/863/329 510/858/327
f 510/858/327 513/863/329 512/862/129 509/857/202
f 484/814/141 487/819/145 489/821/330 486/816/328
f 486/816/328 489/821/330 488/820/200 485/815/137
f 511/859/138 514/864/199 516/868/331 513/863/329
f 513/863/329 516/868/331 515/867/130 512/862/129
f 487/819/145 490/824/147 492/826/332 489/821/330
f 489/821/330 492/826/332 491/825/197 488/820/200
f 514/864/199 517/869/198 519/873/333 516/868/331
f 516/868/331 519/873/333 518/872/223 515/867/130
f 490/824/147 493/829/149 495/831/334 492/826/332
f 492/826/332 495/831/334 494/830/229 491/825/197
f 517/869/198 520/874/230 522/878/335 519/873/333
f 519/873/333 522/878/335 521/877/242 518/872/223
f 493/829/149 496/834/151 498/836/336 495/831/334
f 495/831/334 498/836/336 497/835/246 494/830/229
f 520/874/230 523/879/247 525/883/337 522/878/335
f 522/878/335 525/883/337 524/882/257 521/877/242
f 496/834/151 499/840/153 501/842/338 498/836/336
f 498/836/336 501/842/338 500/841/171 497/835/246
f 523/879/247 526/884/170 528/889/339 525/883/337
f 525/883/337 528/889/339 527/888/208 524/882/257
f 578/971/261 529/890/260 531/895/340 579/972/341
f 579/972/341 531/895/340 530/894/212 577/970/234
f 503/847/167 506/852/166 507/853/324 504/848/342
f 504/848/342 507/853/324 505/849/250 502/843/259
f 529/890/260 533/899/249 534/900/326 531/895/340
f 531/895/340 534/900/326 532/898/201 530/894/212
f 593/995/178 428/717/181 429/718/305 594/996/343
f 594/996/343 429/718/305 427/715/104 592/994/103
f 499/840/153 535/902/191 537/904/344 501/842/338
f 501/842/338 537/904/344 536/903/172 500/841/171
f 535/902/191 538/906/194 540/908/345 537/904/344
f 537/904/344 540/908/345 539/907/295 536/903/172
f 538/906/194 541/911/292 543/915/346 540/908/345
f 540/908/345 543/915/346 542/913/297 539/907/295
f 541/912/292 544/918/294 546/920/347 543/916/346
f 543/916/346 546/920/347 545/919/299 542/914/297
f 544/918/294 548/923/196 549/924/309 546/920/347
f 546/920/347 549/924/309 547/921/216 545/919/299
f 526/884/170 550/925/173 552/928/348 528/889/339
f 528/889/339 552/928/348 551/927/209 527/888/208
f 550/925/173 553/929/296 555/932/349 552/928/348
f 552/928/348 555/932/349 554/931/288 551/927/209
f 553/929/296 556/933/298 558/939/350 555/932/349
f 555/932/349 558/939/350 557/937/289 554/931/288
f 556/934/298 559/941/300 561/944/351 558/940/350
f 558/940/350 561/944/351 560/943/290 557/938/289
f 559/941/300 563/947/215 564/948/311 561/944/351
f 561/944/351 564/948/311 562/946/231 560/943/290
f 454/760/180 565/949/179 567/952/352 456/765/307
f 456/765/307 567/952/352 566/951/195 455/764/163
f 565/949/179 568/953/280 570/956/353 567/952/352
f 567/952/352 570/956/353 569/955/271 566/951/195
f 568/953/280 571/957/278 573/963/354 570/956/353
f 570/956/353 573/963/354 572/961/269 569/955/271
f 571/958/278 574/965/276 576/968/355 573/964/354
f 573/964/354 576/968/355 575/967/267 572/962/269
f 574/965/276 578/971/261 579/972/341 576/968/355
f 576/968/355 579/972/341 577/970/234 575/967/267
f 502/843/259 580/973/262 582/976/356 504/848/342
f 504/848/342 582/976/356 581/975/220 503/847/167
f 580/973/262 583/977/277 585/980/357 582/976/356
f 582/976/356 585/980/357 584/979/264 581/975/220
f 583/977/277 586/981/279 588/987/358 585/980/357
f 585/980/357 588/987/358 587/985/272 584/979/264
f 586/982/279 589/989/281 591/992/359 588/988/358
f 588/988/358 591/992/359 590/991/274 587/986/272
f 589/989/281 593/995/178 594/996/343 591/992/359
f 591/992/359 594/996/343 592/994/103 590/991/274
f 427/716/104 452/758/128 350/630/93 349/629/182
f 615/1049/360 611/1045/360 612/1046/360 616/1050/360
f 616/1050/360 612/1046/360 614/1048/361 618/1052/361
f 595/997/362 612/1046/362 611/1045/363 596/1001/363
f 624/1064/364 608/1040/364 610/1044/362 626/1068/362
f 625/1066/363 609/1042/363 605/1034/365 621/1057/365
f 604/1031/366 620/1055/366 622/1059/367 606/1036/367
f 621/1058/365 605/1033/365 606/1035/367 622/1060/367
f 623/1061/368 607/1037/368 608/1039/364 624/1063/364
f 609/1041/363 625/1065/363 626/1067/362 610/1043/362
f 596/1002/360 603/1030/360 604/1032/360 595/998/360
f 619/1053/369 603/1029/369 607/1038/368 623/1062/368
f 598/1009/360 606/1035/360 605/1033/360 597/1005/360
f 600/1017/360 608/1039/360 607/1037/360 599/1013/360
f 602/1025/360 609/1041/360 610/1043/360 601/1021/360
f 597/1006/368 613/1047/368 614/1048/364 598/1010/364
f 599/1014/360 607/1038/360 603/1029/360 596/1003/360
f 595/999/360 604/1031/360 606/1036/360 598/1011/360
f 601/1022/360 610/1044/360 608/1040/360 600/1018/360
f 597/1007/360 605/1034/360 609/1042/360 602/1026/360
f 614/1048/361 613/1047/361 617/1051/361 618/1052/361
f 600/1019/367 616/1050/367 618/1052/370 601/1023/366
f 602/1027/369 601/1024/366 618/1052/370 617/1051/369
f 599/1015/365 615/1049/365 616/1050/367 600/1020/367
f 602/1028/369 617/1051/369 613/1047/368 597/1008/368
f 596/1004/363 611/1045/363 615/1049/365 599/1016/365
f 598/1012/364 614/1048/364 612/1046/362 595/1000/362
f 634/1083/371 626/1067/372 625/1065/373 633/1081/374
f 632/1080/375 631/1077/376 623/1061/377 624/1063/378
f 628/1072/379 620/1056/380 619/1054/381 627/1069/382
f 627/1070/382 619/1053/381 623/1062/377 631/1078/376
f 630/1075/383 622/1059/384 620/1055/380 628/1071/379
f 633/1082/374 625/1066/373 621/1057/385 629/1073/386
f 632/1079/375 624/1064/378 626/1068/372 634/1084/371
f 630/1076/383 629/1074/386 621/1058/385 622/1060/384
f 633/1081/374 638/1092/387 635/1085/388 634/1083/371
f 603/1030/369 619/1054/369 620/1056/366 604/1032/366
f 641/1097/389 649/1119/390 650/1122/391 642/1099/392
f 628/1071/379 639/1093/393 640/1096/394 630/1075/383
f 634/1084/371 635/1086/388 636/1087/395 632/1079/375
f 627/1069/382 642/1100/396 639/1094/393 628/1072/379
f 632/1080/375 636/1088/395 641/1098/397 631/1077/376
f 631/1078/376 641/1097/397 642/1099/396 627/1070/382
f 629/1073/386 637/1089/398 638/1091/387 633/1082/374
f 630/1076/383 640/1095/394 637/1090/398 629/1074/386
f 841/1505/399 835/1493/400 4979/8864/88
f 637/1089/401 645/1107/402 646/1110/403 638/1091/404
f 640/1095/405 648/1116/406 645/1108/402 637/1090/401
f 638/1092/404 646/1111/403 643/1101/407 635/1085/408
f 639/1093/409 647/1113/410 648/1117/406 640/1096/405
f 635/1086/408 643/1102/407 644/1104/411 636/1087/412
f 642/1100/392 650/1123/391 647/1114/410 639/1094/409
f 636/1088/412 644/1105/411 649/1120/390 641/1098/389
f 651/1125/413 663/1138/414 674/1160/415 662/1137/416
f 652/1126/417 664/1139/418 663/1138/414 651/1125/413
f 653/1127/100 665/1141/419 664/1139/418 652/1126/417
f 654/1128/420 666/1143/421 665/1141/419 653/1127/100
f 655/1129/422 667/1145/423 666/1143/421 654/1128/420
f 656/1130/424 668/1147/425 667/1145/423 655/1129/422
f 657/1132/426 669/1151/427 668/1148/425 656/1131/424
f 658/1133/428 670/1153/429 669/1151/427 657/1132/426
f 659/1134/97 671/1155/430 670/1153/429 658/1133/428
f 660/1135/431 672/1157/432 671/1155/430 659/1134/97
f 661/1136/433 673/1159/434 672/1157/432 660/1135/431
f 662/1137/416 674/1160/415 673/1159/434 661/1136/433
f 663/1138/414 675/1161/435 686/1183/436 674/1160/415
f 664/1140/418 676/1162/437 675/1161/435 663/1138/414
f 665/1142/419 677/1164/438 676/1162/437 664/1140/418
f 666/1144/421 678/1166/439 677/1164/438 665/1142/419
f 667/1146/423 679/1168/440 678/1166/439 666/1144/421
f 668/1149/425 680/1170/441 679/1168/440 667/1146/423
f 669/1152/427 681/1174/442 680/1171/441 668/1150/425
f 670/1154/429 682/1176/443 681/1174/442 669/1152/427
f 671/1156/430 683/1178/444 682/1176/443 670/1154/429
f 672/1158/432 684/1180/445 683/1178/444 671/1156/430
f 673/1159/434 685/1182/446 684/1180/445 672/1158/432
f 674/1160/415 686/1183/436 685/1182/446 673/1159/434
f 675/1161/435 687/1184/447 698/1206/448 686/1183/436
f 676/1163/437 688/1185/449 687/1184/447 675/1161/435
f 677/1165/438 689/1187/450 688/1185/449 676/1163/437
f 678/1167/439 690/1189/451 689/1187/450 677/1165/438
f 679/1169/440 691/1191/452 690/1189/451 678/1167/439
f 680/1172/441 692/1193/453 691/1191/452 679/1169/440
f 681/1175/442 693/1197/454 692/1194/453 680/1173/441
f 682/1177/443 694/1199/455 693/1197/454 681/1175/442
f 683/1179/444 695/1201/456 694/1199/455 682/1177/443
f 684/1181/445 696/1203/457 695/1201/456 683/1179/444
f 685/1182/446 697/1205/458 696/1203/457 684/1181/445
f 686/1183/436 698/1206/448 697/1205/458 685/1182/446
f 687/1184/447 699/1207/459 710/1229/460 698/1206/448
f 688/1186/449 700/1208/461 699/1207/459 687/1184/447
f 689/1188/450 701/1210/462 700/1208/461 688/1186/449
f 690/1190/451 702/1212/463 701/1210/462 689/1188/450
f 691/1192/452 703/1214/464 702/1212/463 690/1190/451
f 692/1195/453 704/1216/465 703/1214/464 691/1192/452
f 693/1198/454 705/1220/466 704/1217/465 692/1196/453
f 694/1200/455 706/1222/467 705/1220/466 693/1198/454
f 695/1202/456 707/1224/468 706/1222/467 694/1200/455
f 696/1204/457 708/1226/469 707/1224/468 695/1202/456
f 697/1205/458 709/1228/470 708/1226/469 696/1204/457
f 698/1206/448 710/1229/460 709/1228/470 697/1205/458
f 699/1207/459 711/1230/471 722/1252/472 710/1229/460
f 700/1209/461 712/1231/473 711/1230/471 699/1207/459
f 701/1211/462 713/1233/474 712/1231/473 700/1209/461
f 702/1213/463 714/1235/475 713/1233/474 701/1211/462
f 703/1215/464 715/1237/476 714/1235/475 702/1213/463
f 704/1218/465 716/1239/477 715/1237/476 703/1215/464
f 705/1221/466 717/1243/478 716/1240/477 704/1219/465
f 706/1223/467 718/1245/479 717/1243/478 705/1221/466
f 707/1225/468 719/1247/480 718/1245/479 706/1223/467
f 708/1227/469 720/1249/481 719/1247/480 707/1225/468
f 709/1228/470 721/1251/482 720/1249/481 708/1227/469
f 710/1229/460 722/1252/472 721/1251/482 709/1228/470
f 711/1230/471 723/1253/483 734/1275/484 722/1252/472
f 712/1232/473 724/1254/485 723/1253/483 711/1230/471
f 713/1234/474 725/1256/486 724/1254/485 712/1232/473
f 714/1236/475 726/1258/487 725/1256/486 713/1234/474
f 715/1238/476 727/1260/488 726/1258/487 714/1236/475
f 716/1241/477 728/1262/489 727/1260/488 715/1238/476
f 717/1244/478 729/1266/490 728/1263/489 716/1242/477
f 718/1246/479 730/1268/491 729/1266/490 717/1244/478
f 719/1248/480 731/1270/492 730/1268/491 718/1246/479
f 720/1250/481 732/1272/493 731/1270/492 719/1248/480
f 721/1251/482 733/1274/494 732/1272/493 720/1250/481
f 722/1252/472 734/1275/484 733/1274/494 721/1251/482
f 723/1253/483 735/1276/495 746/1298/496 734/1275/484
f 724/1255/485 736/1277/497 735/1276/495 723/1253/483
f 725/1257/486 737/1279/498 736/1277/497 724/1255/485
f 726/1259/487 738/1281/499 737/1279/498 725/1257/486
f 727/1261/488 739/1283/500 738/1281/499 726/1259/487
f 728/1264/489 740/1285/501 739/1283/500 727/1261/488
f 729/1267/490 741/1289/502 740/1286/501 728/1265/489
f 730/1269/491 742/1291/503 741/1289/502 729/1267/490
f 731/1271/492 743/1293/504 742/1291/503 730/1269/491
f 732/1273/493 744/1295/505 743/1293/504 731/1271/492
f 733/1274/494 745/1297/506 744/1295/505 732/1273/493
f 734/1275/484 746/1298/496 745/1297/506 733/1274/494
f 735/1276/495 747/1299/507 758/1321/508 746/1298/496
f 736/1278/497 748/1300/509 747/1299/507 735/1276/495
f 737/1280/498 749/1302/510 748/1300/509 736/1278/497
f 738/1282/499 750/1304/511 749/1302/510 737/1280/498
f 739/1284/500 751/1306/512 750/1304/511 738/1282/499
f 740/1287/501 752/1308/513 751/1306/512 739/1284/500
f 741/1290/502 753/1312/514 752/1309/513 740/1288/501
f 742/1292/503 754/1314/515 753/1312/514 741/1290/502
f 743/1294/504 755/1316/516 754/1314/515 742/1292/503
f 744/1296/505 756/1318/517 755/1316/516 743/1294/504
f 745/1297/506 757/1320/518 756/1318/517 744/1296/505
f 746/1298/496 758/1321/508 757/1320/518 745/1297/506
f 747/1299/507 759/1322/519 770/1344/520 758/1321/508
f 748/1301/509 760/1323/521 759/1322/519 747/1299/507
f 749/1303/510 761/1325/522 760/1323/521 748/1301/509
f 750/1305/511 762/1327/523 761/1325/522 749/1303/510
f 751/1307/512 763/1329/524 762/1327/523 750/1305/511
f 752/1310/513 764/1331/525 763/1329/524 751/1307/512
f 753/1313/514 765/1335/526 764/1332/525 752/1311/513
f 754/1315/515 766/1337/527 765/1335/526 753/1313/514
f 755/1317/516 767/1339/528 766/1337/527 754/1315/515
f 756/1319/517 768/1341/529 767/1339/528 755/1317/516
f 757/1320/518 769/1343/530 768/1341/529 756/1319/517
f 758/1321/508 770/1344/520 769/1343/530 757/1320/518
f 759/1322/519 771/1345/531 782/1367/532 770/1344/520
f 760/1324/521 772/1346/533 771/1345/531 759/1322/519
f 761/1326/522 773/1348/534 772/1346/533 760/1324/521
f 762/1328/523 774/1350/535 773/1348/534 761/1326/522
f 763/1330/524 775/1352/536 774/1350/535 762/1328/523
f 764/1333/525 776/1354/537 775/1352/536 763/1330/524
f 765/1336/526 777/1358/538 776/1355/537 764/1334/525
f 766/1338/527 778/1360/539 777/1358/538 765/1336/526
f 767/1340/528 779/1362/540 778/1360/539 766/1338/527
f 768/1342/529 780/1364/541 779/1362/540 767/1340/528
f 769/1343/530 781/1366/542 780/1364/541 768/1342/529
f 770/1344/520 782/1367/532 781/1366/542 769/1343/530
f 771/1345/531 783/1368/543 794/1390/544 782/1367/532
f 772/1347/533 784/1369/545 783/1368/543 771/1345/531
f 773/1349/534 785/1371/546 784/1369/545 772/1347/533
f 774/1351/535 786/1373/547 785/1371/546 773/1349/534
f 775/1353/536 787/1375/548 786/1373/547 774/1351/535
f 776/1356/537 788/1377/549 787/1375/548 775/1353/536
f 777/1359/538 789/1381/550 788/1378/549 776/1357/537
f 778/1361/539 790/1383/551 789/1381/550 777/1359/538
f 779/1363/540 791/1385/552 790/1383/551 778/1361/539
f 780/1365/541 792/1387/553 791/1385/552 779/1363/540
f 781/1366/542 793/1389/554 792/1387/553 780/1365/541
f 782/1367/532 794/1390/544 793/1389/554 781/1366/542
f 783/1368/543 795/1391/555 806/1413/556 794/1390/544
f 784/1370/545 796/1392/557 795/1391/555 783/1368/543
f 785/1372/546 797/1394/558 796/1392/557 784/1370/545
f 786/1374/547 798/1396/559 797/1394/558 785/1372/546
f 787/1376/548 799/1398/560 798/1396/559 786/1374/547
f 788/1379/549 800/1400/561 799/1398/560 787/1376/548
f 789/1382/550 801/1404/562 800/1401/561 788/1380/549
f 790/1384/551 802/1406/563 801/1404/562 789/1382/550
f 791/1386/552 803/1408/564 802/1406/563 790/1384/551
f 792/1388/553 804/1410/565 803/1408/564 791/1386/552
f 793/1389/554 805/1412/566 804/1410/565 792/1388/553
f 794/1390/544 806/1413/556 805/1412/566 793/1389/554
f 795/1391/555 807/1414/422 818/1426/424 806/1413/556
f 796/1393/557 808/1415/420 807/1414/422 795/1391/555
f 797/1395/558 809/1416/100 808/1415/420 796/1393/557
f 798/1397/559 810/1417/417 809/1416/100 797/1395/558
f 799/1399/560 811/1418/413 810/1417/417 798/1397/559
f 800/1402/561 812/1419/416 811/1418/413 799/1399/560
f 801/1405/562 813/1421/433 812/1420/416 800/1403/561
f 802/1407/563 814/1422/431 813/1421/433 801/1405/562
f 803/1409/564 815/1423/97 814/1422/431 802/1407/563
f 804/1411/565 816/1424/428 815/1423/97 803/1409/564
f 805/1412/566 817/1425/426 816/1424/428 804/1411/565
f 806/1413/556 818/1426/424 817/1425/426 805/1412/566
f 946/1698/567 926/1673/568 836/1494/569 931/1682/97
f 933/1684/570 848/1518/571 854/1529/572 934/1685/573
f 934/1685/573 854/1529/572 860/1540/574 935/1686/32
f 935/1687/32 860/1541/574 866/1553/575 936/1688/576
f 936/1688/576 866/1553/575 872/1565/577 937/1689/578
f 937/1689/578 872/1565/577 878/1577/579 938/1690/580
f 938/1690/580 878/1577/579 884/1589/581 939/1691/100
f 939/1691/100 884/1589/581 890/1601/582 940/1692/583
f 940/1692/583 890/1601/582 896/1613/584 941/1693/585
f 941/1693/585 896/1613/584 902/1625/586 942/1694/587
f 942/1694/587 902/1625/586 908/1637/588 943/1695/66
f 943/1695/66 908/1637/588 914/1649/589 944/1696/590
f 944/1696/590 914/1649/589 920/1661/591 945/1697/592
f 945/1697/592 920/1661/591 926/1673/568 946/1698/567
f 931/1682/97 836/1494/569 842/1506/593 932/1683/594
f 932/1683/594 842/1506/593 848/1518/571 933/1684/570
f 824/1447/576 825/1451/578 969/1738/578 968/1737/576
f 842/1506/593 836/1494/569 840/1501/595 846/1513/596
f 846/1513/596 840/1501/595 839/1499/597 845/1511/598
f 845/1511/598 839/1499/597 838/1497/599 844/1509/600
f 844/1509/600 838/1497/599 837/1495/601 843/1507/602
f 843/1507/602 837/1495/601 835/1491/400 841/1503/399
f 848/1518/571 842/1506/593 846/1514/596 852/1525/603
f 852/1525/603 846/1514/596 845/1512/598 851/1523/604
f 851/1523/604 845/1512/598 844/1510/600 850/1521/605
f 850/1521/605 844/1510/600 843/1508/602 849/1519/606
f 849/1519/606 843/1508/602 841/1504/399 847/1515/607
f 854/1529/572 848/1518/571 852/1526/603 858/1536/608
f 858/1536/608 852/1526/603 851/1524/604 857/1534/609
f 857/1534/609 851/1524/604 850/1522/605 856/1532/610
f 856/1532/610 850/1522/605 849/1520/606 855/1530/611
f 855/1530/611 849/1520/606 847/1516/607 853/1527/612
f 860/1540/574 854/1529/572 858/1537/608 864/1548/613
f 864/1548/613 858/1537/608 857/1535/609 863/1546/614
f 863/1546/614 857/1535/609 856/1533/610 862/1544/615
f 862/1544/615 856/1533/610 855/1531/611 861/1542/616
f 861/1542/616 855/1531/611 853/1528/612 859/1539/617
f 866/1553/575 860/1541/574 864/1549/613 870/1560/618
f 870/1560/618 864/1549/613 863/1547/614 869/1558/619
f 869/1558/619 863/1547/614 862/1545/615 868/1556/620
f 868/1556/620 862/1545/615 861/1543/616 867/1554/621
f 867/1554/621 861/1543/616 859/1538/617 865/1550/622
f 872/1565/577 866/1553/575 870/1561/618 876/1572/623
f 876/1572/623 870/1561/618 869/1559/619 875/1570/624
f 875/1570/624 869/1559/619 868/1557/620 874/1568/625
f 874/1568/625 868/1557/620 867/1555/621 873/1566/626
f 873/1566/626 867/1555/621 865/1551/622 871/1562/627
f 878/1577/579 872/1565/577 876/1573/623 882/1584/628
f 882/1584/628 876/1573/623 875/1571/624 881/1582/629
f 881/1582/629 875/1571/624 874/1569/625 880/1580/630
f 880/1580/630 874/1569/625 873/1567/626 879/1578/631
f 879/1578/631 873/1567/626 871/1563/627 877/1574/632
f 884/1589/581 878/1577/579 882/1585/628 888/1596/633
f 888/1596/633 882/1585/628 881/1583/629 887/1594/634
f 887/1594/634 881/1583/629 880/1581/630 886/1592/635
f 886/1592/635 880/1581/630 879/1579/631 885/1590/636
f 885/1590/636 879/1579/631 877/1575/632 883/1586/637
f 890/1601/582 884/1589/581 888/1597/633 894/1608/638
f 894/1608/638 888/1597/633 887/1595/634 893/1606/639
f 893/1606/639 887/1595/634 886/1593/635 892/1604/640
f 892/1604/640 886/1593/635 885/1591/636 891/1602/641
f 891/1602/641 885/1591/636 883/1587/637 889/1598/642
f 896/1613/584 890/1601/582 894/1609/638 900/1620/643
f 900/1620/643 894/1609/638 893/1607/639 899/1618/644
f 899/1618/644 893/1607/639 892/1605/640 898/1616/645
f 898/1616/645 892/1605/640 891/1603/641 897/1614/646
f 897/1614/646 891/1603/641 889/1599/642 895/1610/647
f 902/1625/586 896/1613/584 900/1621/643 906/1632/648
f 906/1632/648 900/1621/643 899/1619/644 905/1630/649
f 905/1630/649 899/1619/644 898/1617/645 904/1628/650
f 904/1628/650 898/1617/645 897/1615/646 903/1626/651
f 903/1626/651 897/1615/646 895/1611/647 901/1622/652
f 908/1637/588 902/1625/586 906/1633/648 912/1644/653
f 912/1644/653 906/1633/648 905/1631/649 911/1642/654
f 911/1642/654 905/1631/649 904/1629/650 910/1640/655
f 910/1640/655 904/1629/650 903/1627/651 909/1638/656
f 909/1638/656 903/1627/651 901/1623/652 907/1634/657
f 914/1649/589 908/1637/588 912/1645/653 918/1656/658
f 918/1656/658 912/1645/653 911/1643/654 917/1654/659
f 917/1654/659 911/1643/654 910/1641/655 916/1652/660
f 916/1652/660 910/1641/655 909/1639/656 915/1650/661
f 915/1650/661 909/1639/656 907/1635/657 913/1646/662
f 920/1661/591 914/1649/589 918/1657/658 924/1668/663
f 924/1668/663 918/1657/658 917/1655/659 923/1666/664
f 923/1666/664 917/1655/659 916/1653/660 922/1664/665
f 922/1664/665 916/1653/660 915/1651/661 921/1662/666
f 921/1662/666 915/1651/661 913/1647/662 919/1658/667
f 926/1673/568 920/1661/591 924/1669/663 930/1680/668
f 930/1680/668 924/1669/663 923/1667/664 929/1678/669
f 929/1678/669 923/1667/664 922/1665/665 928/1676/670
f 928/1676/670 922/1665/665 921/1663/666 927/1674/671
f 927/1674/671 921/1663/666 919/1659/667 925/1670/672
f 836/1494/569 926/1673/568 930/1681/668 840/1502/595
f 840/1502/595 930/1681/668 929/1679/669 839/1500/597
f 839/1500/597 929/1679/669 928/1677/670 838/1498/599
f 838/1498/599 928/1677/670 927/1675/671 837/1496/601
f 837/1496/601 927/1675/671 925/1671/672 835/1492/400
f 1017/1843/673 1023/1855/674 4980/8865/84
f 820/1431/84 819/1427/84 931/1682/84 932/1683/84
f 821/1435/84 820/1432/84 932/1683/84 933/1684/84
f 822/1439/84 821/1436/84 933/1684/84 934/1685/84
f 823/1443/84 822/1440/84 934/1685/84 935/1686/84
f 824/1448/84 823/1444/84 935/1687/84 936/1688/84
f 825/1452/84 824/1449/84 936/1688/84 937/1689/84
f 826/1455/84 825/1453/84 937/1689/84 938/1690/84
f 827/1459/84 826/1456/84 938/1690/84 939/1691/84
f 828/1463/84 827/1460/84 939/1691/84 940/1692/84
f 829/1467/84 828/1464/84 940/1692/84 941/1693/84
f 830/1471/84 829/1468/84 941/1693/84 942/1694/84
f 831/1475/84 830/1472/84 942/1694/84 943/1695/84
f 832/1479/84 831/1476/84 943/1695/84 944/1696/84
f 833/1483/84 832/1480/84 944/1696/84 945/1697/84
f 834/1487/84 833/1484/84 945/1697/84 946/1698/84
f 819/1428/84 834/1488/84 946/1698/84 931/1682/84
f 954/1715/580 955/1717/100 987/1757/100 986/1756/580
f 832/1481/590 833/1485/675 977/1746/675 976/1745/590
f 825/1454/578 826/1457/580 970/1739/580 969/1738/578
f 833/1486/675 834/1489/567 978/1747/567 977/1746/675
f 826/1458/580 827/1461/100 971/1740/100 970/1739/580
f 819/1429/97 820/1433/594 964/1733/594 963/1732/97
f 834/1490/567 819/1430/97 963/1732/97 978/1747/567
f 827/1462/100 828/1465/583 972/1741/583 971/1740/100
f 820/1434/594 821/1437/676 965/1734/676 964/1733/594
f 828/1466/583 829/1469/585 973/1742/585 972/1741/583
f 821/1438/676 822/1441/573 966/1735/573 965/1734/676
f 829/1470/585 830/1473/587 974/1743/587 973/1742/585
f 822/1442/573 823/1445/32 967/1736/32 966/1735/573
f 830/1474/587 831/1477/66 975/1744/66 974/1743/587
f 823/1446/32 824/1450/576 968/1737/576 967/1736/32
f 831/1478/66 832/1482/590 976/1745/590 975/1744/66
f 948/1701/84 947/1699/84 963/1732/84 964/1733/84
f 949/1703/84 948/1701/84 964/1733/84 965/1734/84
f 950/1705/84 949/1703/84 965/1734/84 966/1735/84
f 951/1707/84 950/1705/84 966/1735/84 967/1736/84
f 952/1709/84 951/1707/84 967/1736/84 968/1737/84
f 953/1712/84 952/1709/84 968/1737/84 969/1738/84
f 954/1714/84 953/1712/84 969/1738/84 970/1739/84
f 955/1716/84 954/1714/84 970/1739/84 971/1740/84
f 956/1718/84 955/1716/84 971/1740/84 972/1741/84
f 957/1720/84 956/1718/84 972/1741/84 973/1742/84
f 958/1722/84 957/1720/84 973/1742/84 974/1743/84
f 959/1724/84 958/1722/84 974/1743/84 975/1744/84
f 960/1726/84 959/1724/84 975/1744/84 976/1745/84
f 961/1728/84 960/1726/84 976/1745/84 977/1746/84
f 962/1730/84 961/1728/84 977/1746/84 978/1747/84
f 947/1699/84 962/1730/84 978/1747/84 963/1732/84
f 947/1700/97 948/1702/594 980/1749/594 979/1748/97
f 962/1731/567 947/1700/97 979/1748/97 994/1764/567
f 955/1717/100 956/1719/583 988/1758/583 987/1757/100
f 948/1702/594 949/1704/570 981/1750/570 980/1749/594
f 956/1719/583 957/1721/677 989/1759/677 988/1758/583
f 949/1704/570 950/1706/573 982/1751/573 981/1750/570
f 957/1721/677 958/1723/587 990/1760/587 989/1759/677
f 950/1706/573 951/1708/32 983/1752/32 982/1751/573
f 958/1723/587 959/1725/66 991/1761/66 990/1760/587
f 951/1708/32 952/1710/576 984/1753/576 983/1752/32
f 959/1725/66 960/1727/590 992/1762/590 991/1761/66
f 952/1711/576 953/1713/578 985/1755/578 984/1754/576
f 960/1727/590 961/1729/592 993/1763/592 992/1762/590
f 953/1713/578 954/1715/580 986/1756/580 985/1755/578
f 961/1729/592 962/1731/567 994/1764/567 993/1763/592
f 1122/2036/567 1107/2020/97 1012/1832/678 1102/2011/679
f 1109/2022/570 1110/2023/573 1030/1868/680 1024/1856/681
f 1110/2023/573 1111/2024/32 1036/1879/682 1030/1868/680
f 1111/2025/32 1112/2026/576 1042/1891/683 1036/1880/682
f 1112/2026/576 1113/2027/578 1048/1903/684 1042/1891/683
f 1113/2027/578 1114/2028/580 1054/1915/685 1048/1903/684
f 1114/2028/580 1115/2029/100 1060/1927/686 1054/1915/685
f 1115/2029/100 1116/2030/583 1066/1939/687 1060/1927/686
f 1116/2030/583 1117/2031/585 1072/1951/688 1066/1939/687
f 1117/2031/585 1118/2032/587 1078/1963/689 1072/1951/688
f 1118/2032/587 1119/2033/66 1084/1975/690 1078/1963/689
f 1119/2033/66 1120/2034/590 1090/1987/691 1084/1975/690
f 1120/2034/590 1121/2035/592 1096/1999/692 1090/1987/691
f 1121/2035/592 1122/2036/567 1102/2011/679 1096/1999/692
f 1107/2020/97 1108/2021/594 1018/1844/693 1012/1832/678
f 1108/2021/594 1109/2022/570 1024/1856/681 1018/1844/693
f 1000/1785/576 1144/2075/576 1145/2076/694 1001/1789/694
f 1018/1844/693 1022/1851/695 1016/1839/696 1012/1832/678
f 1022/1851/695 1021/1849/697 1015/1837/698 1016/1839/696
f 1021/1849/697 1020/1847/699 1014/1835/700 1015/1837/698
f 1020/1847/699 1019/1845/701 1013/1833/702 1014/1835/700
f 1019/1845/701 1017/1841/673 1011/1829/703 1013/1833/702
f 1024/1856/681 1028/1863/704 1022/1852/695 1018/1844/693
f 1028/1863/704 1027/1861/705 1021/1850/697 1022/1852/695
f 1027/1861/705 1026/1859/706 1020/1848/699 1021/1850/697
f 1026/1859/706 1025/1857/707 1019/1846/701 1020/1848/699
f 1025/1857/707 1023/1853/674 1017/1842/673 1019/1846/701
f 1030/1868/680 1034/1875/708 1028/1864/704 1024/1856/681
f 1034/1875/708 1033/1873/709 1027/1862/705 1028/1864/704
f 1033/1873/709 1032/1871/710 1026/1860/706 1027/1862/705
f 1032/1871/710 1031/1869/711 1025/1858/707 1026/1860/706
f 1031/1869/711 1029/1865/712 1023/1854/674 1025/1858/707
f 1036/1879/682 1040/1887/713 1034/1876/708 1030/1868/680
f 1040/1887/713 1039/1885/714 1033/1874/709 1034/1876/708
f 1039/1885/714 1038/1883/715 1032/1872/710 1033/1874/709
f 1038/1883/715 1037/1881/716 1031/1870/711 1032/1872/710
f 1037/1881/716 1035/1877/717 1029/1866/712 1031/1870/711
f 1042/1891/683 1046/1898/718 1040/1888/713 1036/1880/682
f 1046/1898/718 1045/1896/719 1039/1886/714 1040/1888/713
f 1045/1896/719 1044/1894/720 1038/1884/715 1039/1886/714
f 1044/1894/720 1043/1892/721 1037/1882/716 1038/1884/715
f 1043/1892/721 1041/1890/722 1035/1878/717 1037/1882/716
f 1048/1903/684 1052/1910/723 1046/1899/718 1042/1891/683
f 1052/1910/723 1051/1908/724 1045/1897/719 1046/1899/718
f 1051/1908/724 1050/1906/725 1044/1895/720 1045/1897/719
f 1050/1906/725 1049/1904/726 1043/1893/721 1044/1895/720
f 1049/1904/726 1047/1900/727 1041/1889/722 1043/1893/721
f 1054/1915/685 1058/1922/728 1052/1911/723 1048/1903/684
f 1058/1922/728 1057/1920/729 1051/1909/724 1052/1911/723
f 1057/1920/729 1056/1918/730 1050/1907/725 1051/1909/724
f 1056/1918/730 1055/1916/731 1049/1905/726 1050/1907/725
f 1055/1916/731 1053/1912/732 1047/1901/727 1049/1905/726
f 1060/1927/686 1064/1934/733 1058/1923/728 1054/1915/685
f 1064/1934/733 1063/1932/734 1057/1921/729 1058/1923/728
f 1063/1932/734 1062/1930/735 1056/1919/730 1057/1921/729
f 1062/1930/735 1061/1928/736 1055/1917/731 1056/1919/730
f 1061/1928/736 1059/1924/737 1053/1913/732 1055/1917/731
f 1066/1939/687 1070/1946/738 1064/1935/733 1060/1927/686
f 1070/1946/738 1069/1944/739 1063/1933/734 1064/1935/733
f 1069/1944/739 1068/1942/740 1062/1931/735 1063/1933/734
f 1068/1942/740 1067/1940/741 1061/1929/736 1062/1931/735
f 1067/1940/741 1065/1936/742 1059/1925/737 1061/1929/736
f 1072/1951/688 1076/1958/743 1070/1947/738 1066/1939/687
f 1076/1958/743 1075/1956/744 1069/1945/739 1070/1947/738
f 1075/1956/744 1074/1954/745 1068/1943/740 1069/1945/739
f 1074/1954/745 1073/1952/746 1067/1941/741 1068/1943/740
f 1073/1952/746 1071/1948/747 1065/1937/742 1067/1941/741
f 1078/1963/689 1082/1970/748 1076/1959/743 1072/1951/688
f 1082/1970/748 1081/1968/749 1075/1957/744 1076/1959/743
f 1081/1968/749 1080/1966/750 1074/1955/745 1075/1957/744
f 1080/1966/750 1079/1964/751 1073/1953/746 1074/1955/745
f 1079/1964/751 1077/1960/752 1071/1949/747 1073/1953/746
f 1084/1975/690 1088/1982/753 1082/1971/748 1078/1963/689
f 1088/1982/753 1087/1980/754 1081/1969/749 1082/1971/748
f 1087/1980/754 1086/1978/755 1080/1967/750 1081/1969/749
f 1086/1978/755 1085/1976/756 1079/1965/751 1080/1967/750
f 1085/1976/756 1083/1972/757 1077/1961/752 1079/1965/751
f 1090/1987/691 1094/1994/758 1088/1983/753 1084/1975/690
f 1094/1994/758 1093/1992/759 1087/1981/754 1088/1983/753
f 1093/1992/759 1092/1990/760 1086/1979/755 1087/1981/754
f 1092/1990/760 1091/1988/761 1085/1977/756 1086/1979/755
f 1091/1988/761 1089/1984/762 1083/1973/757 1085/1977/756
f 1096/1999/692 1100/2006/763 1094/1995/758 1090/1987/691
f 1100/2006/763 1099/2004/764 1093/1993/759 1094/1995/758
f 1099/2004/764 1098/2002/765 1092/1991/760 1093/1993/759
f 1098/2002/765 1097/2000/766 1091/1989/761 1092/1991/760
f 1097/2000/766 1095/1996/767 1089/1985/762 1091/1989/761
f 1102/2011/679 1106/2018/768 1100/2007/763 1096/1999/692
f 1106/2018/768 1105/2016/769 1099/2005/764 1100/2007/763
f 1105/2016/769 1104/2014/770 1098/2003/765 1099/2005/764
f 1104/2014/770 1103/2012/771 1097/2001/766 1098/2003/765
f 1103/2012/771 1101/2008/772 1095/1997/767 1097/2001/766
f 1012/1832/678 1016/1840/696 1106/2019/768 1102/2011/679
f 1016/1840/696 1015/1838/698 1105/2017/769 1106/2019/768
f 1015/1838/698 1014/1836/700 1104/2015/770 1105/2017/769
f 1014/1836/700 1013/1834/702 1103/2013/771 1104/2015/770
f 1013/1834/702 1011/1830/703 1101/2009/772 1103/2013/771
f 1221/2197/66 1220/2195/66 4981/8866/66
f 996/1769/88 1108/2021/88 1107/2020/88 995/1765/88
f 997/1773/88 1109/2022/88 1108/2021/88 996/1770/88
f 998/1777/88 1110/2023/88 1109/2022/88 997/1774/88
f 999/1781/88 1111/2024/88 1110/2023/88 998/1778/88
f 1000/1786/88 1112/2026/88 1111/2025/88 999/1782/88
f 1001/1790/88 1113/2027/88 1112/2026/88 1000/1787/88
f 1002/1793/88 1114/2028/88 1113/2027/88 1001/1791/88
f 1003/1797/88 1115/2029/88 1114/2028/88 1002/1794/88
f 1004/1801/88 1116/2030/88 1115/2029/88 1003/1798/88
f 1005/1805/88 1117/2031/88 1116/2030/88 1004/1802/88
f 1006/1809/88 1118/2032/88 1117/2031/88 1005/1806/88
f 1007/1813/88 1119/2033/88 1118/2032/88 1006/1810/88
f 1008/1817/88 1120/2034/88 1119/2033/88 1007/1814/88
f 1009/1821/88 1121/2035/88 1120/2034/88 1008/1818/88
f 1010/1825/88 1122/2036/88 1121/2035/88 1009/1822/88
f 995/1766/88 1107/2020/88 1122/2036/88 1010/1826/88
f 1130/2053/580 1162/2094/580 1163/2095/100 1131/2055/100
f 1008/1819/590 1152/2083/590 1153/2084/592 1009/1823/592
f 1001/1792/694 1145/2076/694 1146/2077/580 1002/1795/580
f 1009/1824/592 1153/2084/592 1154/2085/567 1010/1827/567
f 1002/1796/580 1146/2077/580 1147/2078/100 1003/1799/100
f 995/1767/97 1139/2070/97 1140/2071/594 996/1771/594
f 1010/1828/567 1154/2085/567 1139/2070/97 995/1768/97
f 1003/1800/100 1147/2078/100 1148/2079/583 1004/1803/583
f 996/1772/594 1140/2071/594 1141/2072/570 997/1775/570
f 1004/1804/583 1148/2079/583 1149/2080/585 1005/1807/585
f 997/1776/570 1141/2072/570 1142/2073/573 998/1779/573
f 1005/1808/585 1149/2080/585 1150/2081/587 1006/1811/587
f 998/1780/573 1142/2073/573 1143/2074/32 999/1783/32
f 1006/1812/587 1150/2081/587 1151/2082/66 1007/1815/66
f 999/1784/32 1143/2074/32 1144/2075/576 1000/1788/576
f 1007/1816/66 1151/2082/66 1152/2083/590 1008/1820/590
f 1124/2039/88 1140/2071/88 1139/2070/88 1123/2037/88
f 1125/2041/88 1141/2072/88 1140/2071/88 1124/2039/88
f 1126/2043/88 1142/2073/88 1141/2072/88 1125/2041/88
f 1127/2045/88 1143/2074/88 1142/2073/88 1126/2043/88
f 1128/2048/88 1144/2075/88 1143/2074/88 1127/2045/88
f 1129/2050/88 1145/2076/88 1144/2075/88 1128/2048/88
f 1130/2052/88 1146/2077/88 1145/2076/88 1129/2050/88
f 1131/2054/88 1147/2078/88 1146/2077/88 1130/2052/88
f 1132/2056/88 1148/2079/88 1147/2078/88 1131/2054/88
f 1133/2058/88 1149/2080/88 1148/2079/88 1132/2056/88
f 1134/2060/88 1150/2081/88 1149/2080/88 1133/2058/88
f 1135/2062/88 1151/2082/88 1150/2081/88 1134/2060/88
f 1136/2064/88 1152/2083/88 1151/2082/88 1135/2062/88
f 1137/2066/88 1153/2084/88 1152/2083/88 1136/2064/88
f 1138/2068/88 1154/2085/88 1153/2084/88 1137/2066/88
f 1123/2037/88 1139/2070/88 1154/2085/88 1138/2068/88
f 1123/2038/97 1155/2086/97 1156/2087/594 1124/2040/594
f 1138/2069/567 1170/2102/567 1155/2086/97 1123/2038/97
f 1131/2055/100 1163/2095/100 1164/2096/583 1132/2057/583
f 1124/2040/594 1156/2087/594 1157/2088/676 1125/2042/676
f 1132/2057/583 1164/2096/583 1165/2097/585 1133/2059/585
f 1125/2042/676 1157/2088/676 1158/2089/573 1126/2044/573
f 1133/2059/585 1165/2097/585 1166/2098/587 1134/2061/587
f 1126/2044/573 1158/2089/573 1159/2090/32 1127/2046/32
f 1134/2061/587 1166/2098/587 1167/2099/66 1135/2063/66
f 1127/2047/32 1159/2091/32 1160/2092/576 1128/2049/576
f 1135/2063/66 1167/2099/66 1168/2100/590 1136/2065/590
f 1128/2049/576 1160/2092/576 1161/2093/578 1129/2051/578
f 1136/2065/590 1168/2100/590 1169/2101/592 1137/2067/592
f 1129/2051/578 1161/2093/578 1162/2094/580 1130/2053/580
f 1137/2067/592 1169/2101/592 1170/2102/567 1138/2069/567
f 1171/2103/773 1183/2116/773 1194/2128/29 1182/2115/29
f 1172/2104/774 1184/2117/774 1183/2116/773 1171/2103/773
f 1173/2105/66 1185/2118/66 1184/2117/774 1172/2104/774
f 1174/2106/775 1186/2119/775 1185/2118/66 1173/2105/66
f 1175/2107/776 1187/2120/776 1186/2119/775 1174/2106/775
f 1176/2108/13 1188/2121/13 1187/2120/776 1175/2107/776
f 1177/2109/777 1189/2122/777 1188/2121/13 1176/2108/13
f 1178/2110/778 1190/2123/778 1189/2122/777 1177/2109/777
f 1179/2112/32 1191/2125/32 1190/2124/778 1178/2111/778
f 1180/2113/779 1192/2126/779 1191/2125/32 1179/2112/32
f 1181/2114/780 1193/2127/780 1192/2126/779 1180/2113/779
f 1182/2115/29 1194/2128/29 1193/2127/780 1181/2114/780
f 1216/2182/32 1217/2185/32 1239/2223/32 1237/2220/32
f 1209/2161/32 1210/2164/32 1225/2202/32 1223/2199/32
f 1217/2186/32 1218/2188/32 1241/2226/32 1239/2223/32
f 1210/2165/32 1211/2167/32 1227/2205/32 1225/2202/32
f 1218/2189/32 1208/2158/32 1222/2198/32 1241/2226/32
f 1206/2153/32 1205/2151/32 4982/8867/32
f 1211/2168/32 1212/2170/32 1229/2208/32 1227/2205/32
f 1270/2264/781 1268/2259/781 4983/8868/781
f 1206/2152/29 1208/2159/29 1218/2190/782 1205/2150/782
f 1205/2150/782 1218/2190/782 1217/2187/783 1204/2148/783
f 1204/2148/783 1217/2187/783 1216/2183/5 1203/2146/5
f 1203/2146/5 1216/2183/5 1215/2179/784 1202/2144/784
f 1202/2144/784 1215/2179/784 1214/2176/785 1201/2142/785
f 1201/2142/785 1214/2176/785 1213/2173/13 1200/2140/13
f 1200/2140/13 1213/2173/13 1212/2171/786 1199/2138/786
f 1199/2138/786 1212/2171/786 1211/2169/787 1198/2136/787
f 1198/2136/787 1211/2169/787 1210/2166/21 1197/2134/21
f 1197/2134/21 1210/2166/21 1209/2162/788 1196/2132/788
f 1196/2132/788 1209/2162/788 1207/2154/789 1195/2129/789
f 1195/2130/789 1207/2155/789 1208/2159/29 1206/2152/29
f 1219/2192/789 1220/2193/789 1221/2196/29 1222/2198/29
f 1223/2199/788 1224/2200/788 1220/2194/789 1219/2191/789
f 1225/2202/21 1226/2203/21 1224/2200/788 1223/2199/788
f 1227/2205/787 1228/2206/787 1226/2203/21 1225/2202/21
f 1229/2208/786 1230/2209/786 1228/2206/787 1227/2205/787
f 1231/2211/13 1232/2212/13 1230/2209/786 1229/2208/786
f 1233/2214/785 1234/2215/785 1232/2212/13 1231/2211/13
f 1235/2217/784 1236/2218/784 1234/2215/785 1233/2214/785
f 1237/2220/5 1238/2221/5 1236/2218/784 1235/2217/784
f 1239/2223/783 1240/2224/783 1238/2221/5 1237/2220/5
f 1241/2226/782 1242/2227/782 1240/2224/783 1239/2223/783
f 1222/2198/29 1221/2196/29 1242/2227/782 1241/2226/782
f 1207/2156/32 1209/2163/32 1223/2199/32 1219/2191/32
f 1215/2180/32 1216/2184/32 1237/2220/32 1235/2217/32
f 1208/2160/32 1207/2157/32 1219/2192/32 1222/2198/32
f 1214/2177/32 1215/2181/32 1235/2217/32 1233/2214/32
f 1213/2174/32 1214/2178/32 1233/2214/32 1231/2211/32
f 1212/2172/32 1213/2175/32 1231/2211/32 1229/2208/32
f 1243/2229/789 1255/2242/789 1266/2254/29 1254/2241/29
f 1244/2231/788 1256/2244/788 1255/2243/789 1243/2230/789
f 1245/2232/21 1257/2245/21 1256/2244/788 1244/2231/788
f 1246/2233/787 1258/2246/787 1257/2245/21 1245/2232/21
f 1247/2234/786 1259/2247/786 1258/2246/787 1246/2233/787
f 1248/2235/13 1260/2248/13 1259/2247/786 1247/2234/786
f 1249/2236/785 1261/2249/785 1260/2248/13 1248/2235/13
f 1250/2237/784 1262/2250/784 1261/2249/785 1249/2236/785
f 1251/2238/5 1263/2251/5 1262/2250/784 1250/2237/784
f 1252/2239/783 1264/2252/783 1263/2251/5 1251/2238/5
f 1253/2240/782 1265/2253/782 1264/2252/783 1252/2239/783
f 1254/2241/29 1266/2254/29 1265/2253/782 1253/2240/782
f 1888/3366/790 1362/2496/791 1268/2258/29 1748/3179/792
f 1271/2265/793 1269/2260/793 1751/3182/794 1754/3186/795
f 1273/2270/793 1271/2266/793 1754/3187/795 1757/3190/796
f 1275/2275/793 1273/2271/793 1757/3191/796 1760/3194/797
f 1277/2280/793 1275/2276/793 1760/3195/797 1763/3198/798
f 1279/2285/793 1277/2281/793 1763/3199/798 1766/3202/799
f 1281/2290/793 1279/2286/793 1766/3203/799 1769/3206/800
f 1283/2295/793 1281/2291/793 1769/3207/800 1772/3210/801
f 1285/2300/793 1283/2296/793 1772/3211/801 1775/3214/802
f 1287/2305/793 1285/2301/793 1775/3215/802 1778/3218/803
f 1289/2310/793 1287/2306/793 1778/3219/803 1781/3223/804
f 1291/2316/793 1289/2311/793 1781/3224/804 1784/3228/805
f 1293/2321/793 1291/2317/793 1784/3229/805 1787/3232/806
f 1295/2327/793 1293/2322/793 1787/3232/806 1790/3235/807
f 1297/2332/793 1295/2328/793 1790/3236/807 1793/3239/808
f 1299/2337/793 1297/2333/793 1793/3240/808 1796/3243/809
f 1301/2342/793 1299/2338/793 1796/3244/809 1799/3247/810
f 1303/2347/793 1301/2343/793 1799/3248/810 1802/3251/811
f 1305/2352/793 1303/2348/793 1802/3252/811 1805/3255/812
f 1307/2357/793 1305/2353/793 1805/3256/812 1808/3259/813
f 1309/2362/793 1307/2358/793 1808/3260/813 1811/3263/814
f 1311/2367/793 1309/2363/793 1811/3264/814 1814/3267/815
f 1313/2372/793 1311/2368/793 1814/3268/815 1817/3271/816
f 1315/2377/793 1313/2373/793 1817/3272/816 1820/3275/817
f 1317/2382/793 1315/2378/793 1820/3276/817 1823/3279/818
f 1319/2387/793 1317/2383/793 1823/3280/818 1826/3283/819
f 1321/2392/793 1319/2388/793 1826/3284/819 1829/3287/820
f 1323/2397/793 1321/2393/793 1829/3288/820 1832/3291/821
f 1325/2402/793 1323/2398/793 1832/3292/821 1835/3295/822
f 1327/2407/793 1325/2403/793 1835/3296/822 1838/3299/823
f 1329/2412/793 1327/2408/793 1838/3300/823 1841/3303/824
f 1331/2417/793 1329/2413/793 1841/3304/824 1844/3307/825
f 1333/2422/793 1331/2418/793 1844/3308/825 1847/3311/826
f 1335/2427/793 1333/2423/793 1847/3312/826 1850/3315/827
f 1337/2432/793 1335/2428/793 1850/3316/827 1853/3319/828
f 1339/2437/793 1337/2433/793 1853/3320/828 1856/3323/829
f 1341/2442/793 1339/2438/793 1856/3324/829 1859/3327/830
f 1343/2448/793 1341/2443/793 1859/3328/830 1862/3331/831
f 1345/2453/793 1343/2449/793 1862/3332/831 1865/3335/832
f 1347/2458/793 1345/2454/793 1865/3336/832 1868/3339/833
f 1349/2463/793 1347/2459/793 1868/3340/833 1871/3343/834
f 1351/2468/793 1349/2464/793 1871/3344/834 1874/3347/835
f 1353/2473/793 1351/2469/793 1874/3348/835 1877/3351/836
f 1355/2478/793 1353/2474/793 1877/3352/836 1880/3355/837
f 1357/2483/793 1355/2479/793 1880/3356/837 1883/3359/838
f 1359/2488/793 1357/2484/793 1883/3360/838 1886/3363/839
f 2179/3904/840 2185/3912/841 4984/8869/793
f 1361/2493/793 1359/2489/793 1886/3364/839 1889/3367/842
f 1267/2255/793 1361/2494/793 1889/3368/842 1747/3177/843
f 1285/2302/844 1287/2307/845 1367/2502/845 1437/2670/844
f 1748/3179/792 1268/2258/29 1270/2263/846 1750/3181/847
f 1753/3185/848 1272/2268/849 1274/2273/850 1756/3189/851
f 1756/3189/851 1274/2273/850 1276/2278/852 1759/3193/853
f 1759/3193/853 1276/2278/852 1278/2283/854 1762/3197/855
f 1762/3197/855 1278/2283/854 1280/2288/856 1765/3201/857
f 1765/3201/857 1280/2288/856 1282/2293/858 1768/3205/859
f 1768/3205/859 1282/2293/858 1284/2298/860 1771/3209/861
f 1771/3209/861 1284/2298/860 1286/2303/862 1774/3213/863
f 1774/3213/863 1286/2303/862 1288/2308/864 1777/3217/865
f 1777/3217/865 1288/2308/864 1290/2313/866 1780/3221/867
f 1780/3222/867 1290/2314/866 1292/2319/868 1783/3227/869
f 1783/3227/869 1292/2319/868 1294/2325/870 1786/3231/871
f 1786/3231/871 1294/2325/870 1296/2330/872 1789/3234/873
f 1789/3234/873 1296/2330/872 1298/2335/874 1792/3238/875
f 1792/3238/875 1298/2335/874 1300/2340/876 1795/3242/877
f 1795/3242/877 1300/2340/876 1302/2345/878 1798/3246/879
f 1798/3246/879 1302/2345/878 1304/2350/880 1801/3250/881
f 1801/3250/881 1304/2350/880 1306/2355/882 1804/3254/883
f 1804/3254/883 1306/2355/882 1308/2360/884 1807/3258/885
f 1807/3258/885 1308/2360/884 1310/2365/886 1810/3262/887
f 1810/3262/887 1310/2365/886 1312/2370/888 1813/3266/889
f 1813/3266/889 1312/2370/888 1314/2375/890 1816/3270/891
f 1816/3270/891 1314/2375/890 1316/2380/13 1819/3274/892
f 1819/3274/892 1316/2380/13 1318/2385/893 1822/3278/894
f 1822/3278/894 1318/2385/893 1320/2390/895 1825/3282/896
f 1825/3282/896 1320/2390/895 1322/2395/897 1828/3286/898
f 1828/3286/898 1322/2395/897 1324/2400/899 1831/3290/900
f 1831/3290/900 1324/2400/899 1326/2405/901 1834/3294/902
f 1834/3294/902 1326/2405/901 1328/2410/903 1837/3298/904
f 1837/3298/904 1328/2410/903 1330/2415/905 1840/3302/906
f 1840/3302/906 1330/2415/905 1332/2420/907 1843/3306/908
f 1843/3306/908 1332/2420/907 1334/2425/844 1846/3310/909
f 1846/3310/909 1334/2425/844 1336/2430/845 1849/3314/910
f 1849/3314/910 1336/2430/845 1338/2435/911 1852/3318/912
f 1852/3318/912 1338/2435/911 1340/2440/913 1855/3322/914
f 1855/3322/914 1340/2440/913 1342/2446/915 1858/3326/916
f 1858/3326/916 1342/2446/915 1344/2451/917 1861/3330/918
f 1861/3330/918 1344/2451/917 1346/2456/919 1864/3334/920
f 1864/3334/920 1346/2456/919 1348/2461/921 1867/3338/922
f 1867/3338/922 1348/2461/921 1350/2466/923 1870/3342/924
f 1870/3342/924 1350/2466/923 1352/2471/925 1873/3346/926
f 1873/3346/926 1352/2471/925 1354/2476/927 1876/3350/928
f 1876/3350/928 1354/2476/927 1356/2481/929 1879/3354/930
f 1879/3354/930 1356/2481/929 1358/2486/931 1882/3358/932
f 1882/3358/932 1358/2486/931 1360/2491/933 1885/3362/934
f 1885/3362/934 1360/2491/933 1362/2496/791 1888/3366/790
f 1750/3181/847 1270/2263/846 1272/2268/849 1753/3185/848
f 1339/2439/868 1341/2444/870 1451/2684/870 1380/2516/868
f 1313/2374/791 1315/2379/29 1445/2678/29 1444/2677/791
f 1287/2307/845 1289/2312/911 1438/2671/911 1367/2502/845
f 1341/2445/870 1343/2450/872 1381/2517/872 1451/2685/870
f 1315/2379/29 1317/2384/846 1374/2510/846 1445/2678/29
f 1289/2312/911 1291/2318/913 1439/2672/913 1438/2671/911
f 1343/2450/872 1345/2455/874 1382/2518/874 1381/2517/872
f 1317/2384/846 1319/2389/849 1375/2511/849 1374/2510/846
f 1291/2318/913 1293/2323/915 1368/2503/915 1439/2672/913
f 1345/2455/874 1347/2460/876 1452/2686/876 1382/2518/874
f 1319/2389/849 1321/2394/850 1376/2512/850 1375/2511/849
f 1293/2324/915 1295/2329/917 1440/2673/917 1368/2504/915
f 1347/2460/876 1349/2465/878 1453/2687/878 1452/2686/876
f 1267/2256/13 1269/2261/893 1432/2665/893 1363/2498/13
f 1321/2394/850 1323/2399/852 1446/2679/852 1376/2512/850
f 1295/2329/917 1297/2334/919 1369/2505/919 1440/2673/917
f 1349/2465/878 1351/2470/880 1454/2688/880 1453/2687/878
f 1269/2261/893 1271/2267/895 1364/2499/895 1432/2665/893
f 1323/2399/852 1325/2404/854 1447/2680/854 1446/2679/852
f 1297/2334/919 1299/2339/921 1370/2506/921 1369/2505/919
f 1351/2470/880 1353/2475/882 1455/2689/882 1454/2688/880
f 1271/2267/895 1273/2272/897 1433/2666/897 1364/2499/895
f 1325/2404/854 1327/2409/856 1448/2681/856 1447/2680/854
f 1299/2339/921 1301/2344/923 1441/2674/923 1370/2506/921
f 1353/2475/882 1355/2480/935 1456/2690/935 1455/2689/882
f 1273/2272/897 1275/2277/936 1365/2500/936 1433/2666/897
f 1327/2409/856 1329/2414/858 1449/2682/858 1448/2681/856
f 1301/2344/923 1303/2349/925 1371/2507/925 1441/2674/923
f 1355/2480/935 1357/2485/886 1457/2691/886 1456/2690/935
f 1275/2277/936 1277/2282/901 1434/2667/901 1365/2500/936
f 1329/2414/858 1331/2419/860 1450/2683/860 1449/2682/858
f 1303/2349/925 1305/2354/927 1372/2508/927 1371/2507/925
f 1357/2485/886 1359/2490/888 1458/2692/888 1457/2691/886
f 1277/2282/901 1279/2287/903 1435/2668/903 1434/2667/901
f 1331/2419/860 1333/2424/862 1377/2513/862 1450/2683/860
f 1305/2354/927 1307/2359/929 1442/2675/929 1372/2508/927
f 1359/2490/888 1361/2495/890 1383/2519/890 1458/2692/888
f 1279/2287/903 1281/2292/905 1436/2669/905 1435/2668/903
f 1333/2424/862 1335/2429/864 1378/2514/864 1377/2513/862
f 1307/2359/929 1309/2364/931 1373/2509/931 1442/2675/929
f 1361/2495/890 1267/2256/13 1363/2498/13 1383/2519/890
f 1281/2292/905 1283/2297/907 1366/2501/907 1436/2669/905
f 1335/2429/864 1337/2434/866 1379/2515/866 1378/2514/864
f 1309/2364/931 1311/2369/933 1443/2676/933 1373/2509/931
f 1283/2297/907 1285/2302/844 1437/2670/844 1366/2501/907
f 1337/2434/866 1339/2439/868 1380/2516/868 1379/2515/866
f 1311/2369/933 1313/2374/791 1444/2677/791 1443/2676/933
f 1612/2940/937 1616/2947/938 1522/2806/939 1521/2805/940
f 1385/2523/793 1384/2520/793 1363/2498/793 1432/2665/793
f 1386/2526/793 1385/2524/793 1432/2665/793 1364/2499/793
f 1387/2529/793 1386/2527/793 1364/2499/793 1433/2666/793
f 1388/2532/793 1387/2530/793 1433/2666/793 1365/2500/793
f 1389/2535/793 1388/2533/793 1365/2500/793 1434/2667/793
f 1390/2538/793 1389/2536/793 1434/2667/793 1435/2668/793
f 1391/2541/793 1390/2539/793 1435/2668/793 1436/2669/793
f 1392/2544/793 1391/2542/793 1436/2669/793 1366/2501/793
f 1393/2547/793 1392/2545/793 1366/2501/793 1437/2670/793
f 1394/2550/793 1393/2548/793 1437/2670/793 1367/2502/793
f 1395/2553/793 1394/2551/793 1367/2502/793 1438/2671/793
f 1396/2556/793 1395/2554/793 1438/2671/793 1439/2672/793
f 1397/2559/793 1396/2557/793 1439/2672/793 1368/2503/793
f 1398/2563/793 1397/2560/793 1368/2504/793 1440/2673/793
f 1399/2566/793 1398/2564/793 1440/2673/793 1369/2505/793
f 1400/2569/793 1399/2567/793 1369/2505/793 1370/2506/793
f 1401/2572/793 1400/2570/793 1370/2506/793 1441/2674/793
f 1402/2575/793 1401/2573/793 1441/2674/793 1371/2507/793
f 1403/2578/793 1402/2576/793 1371/2507/793 1372/2508/793
f 1404/2581/793 1403/2579/793 1372/2508/793 1442/2675/793
f 1405/2584/793 1404/2582/793 1442/2675/793 1373/2509/793
f 1406/2587/793 1405/2585/793 1373/2509/793 1443/2676/793
f 1407/2590/793 1406/2588/793 1443/2676/793 1444/2677/793
f 1408/2593/793 1407/2591/793 1444/2677/793 1445/2678/793
f 1409/2596/793 1408/2594/793 1445/2678/793 1374/2510/793
f 1410/2599/793 1409/2597/793 1374/2510/793 1375/2511/793
f 1411/2602/793 1410/2600/793 1375/2511/793 1376/2512/793
f 1412/2605/793 1411/2603/793 1376/2512/793 1446/2679/793
f 1413/2608/793 1412/2606/793 1446/2679/793 1447/2680/793
f 1414/2611/793 1413/2609/793 1447/2680/793 1448/2681/793
f 1415/2614/793 1414/2612/793 1448/2681/793 1449/2682/793
f 1416/2617/793 1415/2615/793 1449/2682/793 1450/2683/793
f 1417/2620/793 1416/2618/793 1450/2683/793 1377/2513/793
f 1418/2623/793 1417/2621/793 1377/2513/793 1378/2514/793
f 1419/2626/793 1418/2624/793 1378/2514/793 1379/2515/793
f 1420/2629/793 1419/2627/793 1379/2515/793 1380/2516/793
f 1421/2632/793 1420/2630/793 1380/2516/793 1451/2684/793
f 1422/2635/793 1421/2633/793 1451/2685/793 1381/2517/793
f 1423/2638/793 1422/2636/793 1381/2517/793 1382/2518/793
f 1424/2641/793 1423/2639/793 1382/2518/793 1452/2686/793
f 1425/2644/793 1424/2642/793 1452/2686/793 1453/2687/793
f 1426/2647/793 1425/2645/793 1453/2687/793 1454/2688/793
f 1427/2650/793 1426/2648/793 1454/2688/793 1455/2689/793
f 1428/2653/793 1427/2651/793 1455/2689/793 1456/2690/793
f 1429/2656/793 1428/2654/793 1456/2690/793 1457/2691/793
f 1430/2659/793 1429/2657/793 1457/2691/793 1458/2692/793
f 1431/2662/793 1430/2660/793 1458/2692/793 1383/2519/793
f 1384/2521/793 1431/2663/793 1383/2519/793 1363/2498/793
f 1928/3518/793 1927/3514/793 2120/3822/941 2125/3828/942
f 1720/3129/943 1724/3136/944 1549/2833/945 1548/2832/946
f 1744/3171/947 1555/2841/948 1508/2792/949 1554/2838/950
f 1668/3038/951 1672/3045/952 1536/2820/953 1535/2819/954
f 1616/2947/938 1620/2954/955 1523/2807/956 1522/2806/939
f 1724/3136/944 1728/3143/957 1550/2834/958 1549/2833/945
f 1564/2854/959 1568/2861/960 1510/2794/961 1509/2793/962
f 1672/3045/952 1676/3052/963 1537/2821/964 1536/2820/953
f 1620/2954/955 1624/2961/965 1524/2808/966 1523/2807/956
f 1728/3143/957 1732/3150/967 1551/2835/968 1550/2834/958
f 1568/2861/960 1572/2868/969 1511/2795/970 1510/2794/961
f 1676/3052/963 1680/3059/971 1538/2822/972 1537/2821/964
f 1624/2961/965 1628/2968/973 1525/2809/974 1524/2808/966
f 1732/3150/967 1736/3157/975 1552/2836/976 1551/2835/968
f 1572/2868/969 1576/2875/977 1512/2796/978 1511/2795/970
f 1680/3059/971 1684/3066/979 1539/2823/980 1538/2822/972
f 1628/2968/973 1632/2975/981 1526/2810/982 1525/2809/974
f 1736/3157/975 1740/3164/983 1553/2837/984 1552/2836/976
f 1576/2875/977 1580/2882/985 1513/2797/986 1512/2796/978
f 1684/3066/979 1688/3073/987 1540/2824/988 1539/2823/980
f 1632/2975/981 1636/2982/989 1527/2811/990 1526/2810/982
f 1740/3164/983 1744/3171/947 1554/2838/950 1553/2837/984
f 1580/2882/985 1584/2889/991 1514/2798/992 1513/2797/986
f 1688/3073/987 1692/3080/993 1541/2825/994 1540/2824/988
f 1636/2982/989 1640/2989/995 1528/2812/996 1527/2811/990
f 1584/2889/991 1588/2896/997 1515/2799/998 1514/2798/992
f 1692/3080/993 1696/3087/999 1542/2826/1000 1541/2825/994
f 1640/2989/995 1644/2996/1001 1529/2813/1002 1528/2812/996
f 1384/2522/29 1385/2525/846 1559/2846/1003 1556/2842/1004
f 1588/2896/997 1592/2903/1005 1516/2800/1006 1515/2799/998
f 1696/3087/999 1700/3094/1007 1543/2827/1008 1542/2826/1000
f 1644/2996/1001 1648/3003/1009 1530/2814/1010 1529/2813/1002
f 1592/2903/1005 1596/2910/1011 1517/2801/1012 1516/2800/1006
f 1700/3094/1007 1704/3101/1013 1544/2828/1014 1543/2827/1008
f 1648/3003/1009 1652/3010/1015 1531/2815/1016 1530/2814/1010
f 1596/2910/1011 1600/2917/1017 1518/2802/1018 1517/2801/1012
f 1704/3101/1013 1708/3108/1019 1545/2829/1020 1544/2828/1014
f 1652/3010/1015 1656/3017/1021 1532/2816/1022 1531/2815/1016
f 1600/2917/1017 1604/2924/1023 1519/2803/1024 1518/2802/1018
f 1708/3108/1019 1712/3115/1025 1546/2830/1026 1545/2829/1020
f 1656/3017/1021 1660/3024/1027 1533/2817/1028 1532/2816/1022
f 1604/2924/1023 1608/2932/1029 1520/2804/1030 1519/2803/1024
f 1712/3115/1025 1716/3122/1031 1547/2831/1032 1546/2830/1026
f 1660/3024/1027 1664/3031/1033 1534/2818/1034 1533/2817/1028
f 1608/2932/1029 1612/2940/937 1521/2805/940 1520/2804/1030
f 1716/3122/1031 1720/3129/943 1548/2832/946 1547/2831/1032
f 1664/3031/1033 1668/3038/951 1535/2819/954 1534/2818/1034
f 1508/2792/949 1507/2791/1035 1460/2695/1036 1459/2693/1037
f 1507/2791/1035 1509/2793/962 1461/2697/1038 1460/2695/1036
f 1509/2793/962 1510/2794/961 1462/2699/1039 1461/2697/1038
f 1510/2794/961 1511/2795/970 1463/2701/1040 1462/2699/1039
f 1511/2795/970 1512/2796/978 1464/2703/1041 1463/2701/1040
f 1512/2796/978 1513/2797/986 1465/2705/1042 1464/2703/1041
f 1513/2797/986 1514/2798/992 1466/2707/1043 1465/2705/1042
f 1514/2798/992 1515/2799/998 1467/2709/1044 1466/2707/1043
f 1515/2799/998 1516/2800/1006 1468/2711/1045 1467/2709/1044
f 1516/2800/1006 1517/2801/1012 1469/2713/1046 1468/2711/1045
f 1517/2801/1012 1518/2802/1018 1470/2715/1047 1469/2713/1046
f 1518/2802/1018 1519/2803/1024 1471/2718/1048 1470/2715/1047
f 1519/2803/1024 1520/2804/1030 1472/2720/1049 1471/2718/1048
f 1520/2804/1030 1521/2805/940 1473/2723/1050 1472/2720/1049
f 1521/2805/940 1522/2806/939 1474/2725/1051 1473/2723/1050
f 1522/2806/939 1523/2807/956 1475/2727/1052 1474/2725/1051
f 1523/2807/956 1524/2808/966 1476/2729/1053 1475/2727/1052
f 1524/2808/966 1525/2809/974 1477/2731/1054 1476/2729/1053
f 1525/2809/974 1526/2810/982 1478/2733/1055 1477/2731/1054
f 1526/2810/982 1527/2811/990 1479/2735/1056 1478/2733/1055
f 1527/2811/990 1528/2812/996 1480/2737/1057 1479/2735/1056
f 1528/2812/996 1529/2813/1002 1481/2739/1058 1480/2737/1057
f 1529/2813/1002 1530/2814/1010 1482/2741/1059 1481/2739/1058
f 1530/2814/1010 1531/2815/1016 1483/2743/1060 1482/2741/1059
f 1531/2815/1016 1532/2816/1022 1484/2745/1061 1483/2743/1060
f 1532/2816/1022 1533/2817/1028 1485/2747/1062 1484/2745/1061
f 1533/2817/1028 1534/2818/1034 1486/2749/1063 1485/2747/1062
f 1534/2818/1034 1535/2819/954 1487/2751/1064 1486/2749/1063
f 1535/2819/954 1536/2820/953 1488/2753/1065 1487/2751/1064
f 1536/2820/953 1537/2821/964 1489/2755/1066 1488/2753/1065
f 1537/2821/964 1538/2822/972 1490/2757/1067 1489/2755/1066
f 1538/2822/972 1539/2823/980 1491/2759/1068 1490/2757/1067
f 1539/2823/980 1540/2824/988 1492/2761/1069 1491/2759/1068
f 1540/2824/988 1541/2825/994 1493/2763/1070 1492/2761/1069
f 1541/2825/994 1542/2826/1000 1494/2765/1071 1493/2763/1070
f 1542/2826/1000 1543/2827/1008 1495/2767/1072 1494/2765/1071
f 1543/2827/1008 1544/2828/1014 1496/2769/1073 1495/2767/1072
f 1544/2828/1014 1545/2829/1020 1497/2771/1074 1496/2769/1073
f 1545/2829/1020 1546/2830/1026 1498/2773/1075 1497/2771/1074
f 1546/2830/1026 1547/2831/1032 1499/2775/1076 1498/2773/1075
f 1547/2831/1032 1548/2832/946 1500/2777/1077 1499/2775/1076
f 1548/2832/946 1549/2833/945 1501/2779/1078 1500/2777/1077
f 1549/2833/945 1550/2834/958 1502/2781/1079 1501/2779/1078
f 1550/2834/958 1551/2835/968 1503/2783/1080 1502/2781/1079
f 1551/2835/968 1552/2836/976 1504/2785/1081 1503/2783/1080
f 1552/2836/976 1553/2837/984 1505/2787/1082 1504/2785/1081
f 1553/2837/984 1554/2838/950 1506/2789/1083 1505/2787/1082
f 1554/2838/950 1508/2792/949 1459/2693/1037 1506/2789/1083
f 1560/2849/1084 1564/2854/959 1509/2793/962 1507/2791/1035
f 1430/2661/933 1431/2664/791 1743/3170/1085 1739/3163/1086
f 1429/2658/931 1430/2661/933 1739/3163/1086 1735/3156/1087
f 1428/2655/929 1429/2658/931 1735/3156/1087 1731/3149/1088
f 1427/2652/927 1428/2655/929 1731/3149/1088 1727/3142/1089
f 1426/2649/925 1427/2652/927 1727/3142/1089 1723/3135/1090
f 1425/2646/923 1426/2649/925 1723/3135/1090 1719/3128/1091
f 1424/2643/921 1425/2646/923 1719/3128/1091 1715/3121/1092
f 1423/2640/919 1424/2643/921 1715/3121/1092 1711/3114/1093
f 1422/2637/917 1423/2640/919 1711/3114/1093 1707/3107/1094
f 1421/2634/915 1422/2637/917 1707/3107/1094 1703/3100/1095
f 1420/2631/1096 1421/2634/915 1703/3100/1095 1699/3093/1097
f 1419/2628/911 1420/2631/1096 1699/3093/1097 1695/3086/1098
f 1418/2625/845 1419/2628/911 1695/3086/1098 1691/3079/1099
f 1417/2622/844 1418/2625/845 1691/3079/1099 1687/3072/1100
f 1416/2619/907 1417/2622/844 1687/3072/1100 1683/3065/1101
f 1415/2616/1102 1416/2619/907 1683/3065/1101 1679/3058/1103
f 1414/2613/903 1415/2616/1102 1679/3058/1103 1675/3051/1104
f 1413/2610/901 1414/2613/903 1675/3051/1104 1671/3044/1105
f 1412/2607/899 1413/2610/901 1671/3044/1105 1667/3037/1106
f 1411/2604/897 1412/2607/899 1667/3037/1106 1663/3030/1107
f 1410/2601/895 1411/2604/897 1663/3030/1107 1659/3023/1108
f 1409/2598/893 1410/2601/895 1659/3023/1108 1655/3016/1109
f 1408/2595/13 1409/2598/893 1655/3016/1109 1651/3009/1110
f 1407/2592/890 1408/2595/13 1651/3009/1110 1647/3002/1111
f 1406/2589/888 1407/2592/890 1647/3002/1111 1643/2995/1112
f 1405/2586/886 1406/2589/888 1643/2995/1112 1639/2988/1113
f 1404/2583/884 1405/2586/886 1639/2988/1113 1635/2981/1114
f 1403/2580/882 1404/2583/884 1635/2981/1114 1631/2974/1115
f 1402/2577/880 1403/2580/882 1631/2974/1115 1627/2967/1116
f 1401/2574/878 1402/2577/880 1627/2967/1116 1623/2960/1117
f 1400/2571/1118 1401/2574/878 1623/2960/1117 1619/2953/1119
f 1399/2568/874 1400/2571/1118 1619/2953/1119 1615/2946/1120
f 1398/2565/872 1399/2568/874 1615/2946/1120 1611/2939/1121
f 1397/2561/870 1398/2565/872 1611/2939/1121 1607/2931/1122
f 1396/2558/868 1397/2562/870 1607/2930/1122 1603/2923/1123
f 1395/2555/866 1396/2558/868 1603/2923/1123 1599/2916/1124
f 1394/2552/864 1395/2555/866 1599/2916/1124 1595/2909/1125
f 1393/2549/1126 1394/2552/864 1595/2909/1125 1591/2902/1127
f 1392/2546/860 1393/2549/1126 1591/2902/1127 1587/2895/1128
f 1391/2543/858 1392/2546/860 1587/2895/1128 1583/2888/1129
f 1390/2540/856 1391/2543/858 1583/2888/1129 1579/2881/1130
f 1389/2537/854 1390/2540/856 1579/2881/1130 1575/2874/1131
f 1388/2534/852 1389/2537/854 1575/2874/1131 1571/2867/1132
f 1387/2531/850 1388/2534/852 1571/2867/1132 1567/2860/1133
f 1386/2528/849 1387/2531/850 1567/2860/1133 1563/2853/1134
f 1385/2525/846 1386/2528/849 1563/2853/1134 1559/2846/1003
f 1431/2664/791 1384/2522/29 1556/2842/1004 1743/3170/1085
f 1556/2842/1004 1559/2846/1003 1561/2850/1135 1558/2845/1136
f 1558/2845/1136 1561/2850/1135 1562/2851/1137 1557/2843/1138
f 1557/2843/1138 1562/2851/1137 1560/2847/1084 1555/2839/948
f 1559/2846/1003 1563/2853/1134 1565/2857/1139 1561/2850/1135
f 1561/2850/1135 1565/2857/1139 1566/2858/1140 1562/2852/1137
f 1562/2852/1137 1566/2858/1140 1564/2855/959 1560/2848/1084
f 1563/2853/1134 1567/2860/1133 1569/2864/1141 1565/2857/1139
f 1565/2857/1139 1569/2864/1141 1570/2865/1142 1566/2859/1140
f 1566/2859/1140 1570/2865/1142 1568/2862/960 1564/2856/959
f 1567/2860/1133 1571/2867/1132 1573/2871/1143 1569/2864/1141
f 1569/2864/1141 1573/2871/1143 1574/2872/1144 1570/2866/1142
f 1570/2866/1142 1574/2872/1144 1572/2869/969 1568/2863/960
f 1571/2867/1132 1575/2874/1131 1577/2878/1145 1573/2871/1143
f 1573/2871/1143 1577/2878/1145 1578/2879/1146 1574/2873/1144
f 1574/2873/1144 1578/2879/1146 1576/2876/977 1572/2870/969
f 1575/2874/1131 1579/2881/1130 1581/2885/1147 1577/2878/1145
f 1577/2878/1145 1581/2885/1147 1582/2886/1148 1578/2880/1146
f 1578/2880/1146 1582/2886/1148 1580/2883/985 1576/2877/977
f 1579/2881/1130 1583/2888/1129 1585/2892/1149 1581/2885/1147
f 1581/2885/1147 1585/2892/1149 1586/2893/1150 1582/2887/1148
f 1582/2887/1148 1586/2893/1150 1584/2890/991 1580/2884/985
f 1583/2888/1129 1587/2895/1128 1589/2899/1151 1585/2892/1149
f 1585/2892/1149 1589/2899/1151 1590/2900/1152 1586/2894/1150
f 1586/2894/1150 1590/2900/1152 1588/2897/997 1584/2891/991
f 1587/2895/1128 1591/2902/1127 1593/2906/1153 1589/2899/1151
f 1589/2899/1151 1593/2906/1153 1594/2907/1154 1590/2901/1152
f 1590/2901/1152 1594/2907/1154 1592/2904/1005 1588/2898/997
f 1591/2902/1127 1595/2909/1125 1597/2913/1155 1593/2906/1153
f 1593/2906/1153 1597/2913/1155 1598/2914/1156 1594/2908/1154
f 1594/2908/1154 1598/2914/1156 1596/2911/1011 1592/2905/1005
f 1595/2909/1125 1599/2916/1124 1601/2920/1157 1597/2913/1155
f 1597/2913/1155 1601/2920/1157 1602/2921/1158 1598/2915/1156
f 1598/2915/1156 1602/2921/1158 1600/2918/1017 1596/2912/1011
f 1599/2916/1124 1603/2923/1123 1605/2927/1159 1601/2920/1157
f 1601/2920/1157 1605/2927/1159 1606/2928/1160 1602/2922/1158
f 1602/2922/1158 1606/2928/1160 1604/2925/1023 1600/2919/1017
f 1603/2923/1123 1607/2930/1122 1609/2935/1161 1605/2927/1159
f 1605/2927/1159 1609/2935/1161 1610/2937/1162 1606/2929/1160
f 1606/2929/1160 1610/2937/1162 1608/2933/1029 1604/2926/1023
f 1607/2931/1122 1611/2939/1121 1613/2943/1163 1609/2936/1161
f 1609/2936/1161 1613/2943/1163 1614/2944/1164 1610/2938/1162
f 1610/2938/1162 1614/2944/1164 1612/2941/937 1608/2934/1029
f 1611/2939/1121 1615/2946/1120 1617/2950/1165 1613/2943/1163
f 1613/2943/1163 1617/2950/1165 1618/2951/1166 1614/2945/1164
f 1614/2945/1164 1618/2951/1166 1616/2948/938 1612/2942/937
f 1615/2946/1120 1619/2953/1119 1621/2957/1167 1617/2950/1165
f 1617/2950/1165 1621/2957/1167 1622/2958/1168 1618/2952/1166
f 1618/2952/1166 1622/2958/1168 1620/2955/955 1616/2949/938
f 1619/2953/1119 1623/2960/1117 1625/2964/1169 1621/2957/1167
f 1621/2957/1167 1625/2964/1169 1626/2965/1170 1622/2959/1168
f 1622/2959/1168 1626/2965/1170 1624/2962/965 1620/2956/955
f 1623/2960/1117 1627/2967/1116 1629/2971/1171 1625/2964/1169
f 1625/2964/1169 1629/2971/1171 1630/2972/1172 1626/2966/1170
f 1626/2966/1170 1630/2972/1172 1628/2969/973 1624/2963/965
f 1627/2967/1116 1631/2974/1115 1633/2978/1173 1629/2971/1171
f 1629/2971/1171 1633/2978/1173 1634/2979/1174 1630/2973/1172
f 1630/2973/1172 1634/2979/1174 1632/2976/981 1628/2970/973
f 1631/2974/1115 1635/2981/1114 1637/2985/1175 1633/2978/1173
f 1633/2978/1173 1637/2985/1175 1638/2986/1176 1634/2980/1174
f 1634/2980/1174 1638/2986/1176 1636/2983/989 1632/2977/981
f 1635/2981/1114 1639/2988/1113 1641/2992/1177 1637/2985/1175
f 1637/2985/1175 1641/2992/1177 1642/2993/1178 1638/2987/1176
f 1638/2987/1176 1642/2993/1178 1640/2990/995 1636/2984/989
f 1639/2988/1113 1643/2995/1112 1645/2999/1179 1641/2992/1177
f 1641/2992/1177 1645/2999/1179 1646/3000/1180 1642/2994/1178
f 1642/2994/1178 1646/3000/1180 1644/2997/1001 1640/2991/995
f 1643/2995/1112 1647/3002/1111 1649/3006/1181 1645/2999/1179
f 1645/2999/1179 1649/3006/1181 1650/3007/1182 1646/3001/1180
f 1646/3001/1180 1650/3007/1182 1648/3004/1009 1644/2998/1001
f 1647/3002/1111 1651/3009/1110 1653/3013/1183 1649/3006/1181
f 1649/3006/1181 1653/3013/1183 1654/3014/1184 1650/3008/1182
f 1650/3008/1182 1654/3014/1184 1652/3011/1015 1648/3005/1009
f 1651/3009/1110 1655/3016/1109 1657/3020/1185 1653/3013/1183
f 1653/3013/1183 1657/3020/1185 1658/3021/1186 1654/3015/1184
f 1654/3015/1184 1658/3021/1186 1656/3018/1021 1652/3012/1015
f 1655/3016/1109 1659/3023/1108 1661/3027/1187 1657/3020/1185
f 1657/3020/1185 1661/3027/1187 1662/3028/1188 1658/3022/1186
f 1658/3022/1186 1662/3028/1188 1660/3025/1027 1656/3019/1021
f 1659/3023/1108 1663/3030/1107 1665/3034/1189 1661/3027/1187
f 1661/3027/1187 1665/3034/1189 1666/3035/1190 1662/3029/1188
f 1662/3029/1188 1666/3035/1190 1664/3032/1033 1660/3026/1027
f 1663/3030/1107 1667/3037/1106 1669/3041/1191 1665/3034/1189
f 1665/3034/1189 1669/3041/1191 1670/3042/1192 1666/3036/1190
f 1666/3036/1190 1670/3042/1192 1668/3039/951 1664/3033/1033
f 1667/3037/1106 1671/3044/1105 1673/3048/1193 1669/3041/1191
f 1669/3041/1191 1673/3048/1193 1674/3049/1194 1670/3043/1192
f 1670/3043/1192 1674/3049/1194 1672/3046/952 1668/3040/951
f 1671/3044/1105 1675/3051/1104 1677/3055/1195 1673/3048/1193
f 1673/3048/1193 1677/3055/1195 1678/3056/1196 1674/3050/1194
f 1674/3050/1194 1678/3056/1196 1676/3053/963 1672/3047/952
f 1675/3051/1104 1679/3058/1103 1681/3062/1197 1677/3055/1195
f 1677/3055/1195 1681/3062/1197 1682/3063/1198 1678/3057/1196
f 1678/3057/1196 1682/3063/1198 1680/3060/971 1676/3054/963
f 1679/3058/1103 1683/3065/1101 1685/3069/1199 1681/3062/1197
f 1681/3062/1197 1685/3069/1199 1686/3070/1200 1682/3064/1198
f 1682/3064/1198 1686/3070/1200 1684/3067/979 1680/3061/971
f 1683/3065/1101 1687/3072/1100 1689/3076/1201 1685/3069/1199
f 1685/3069/1199 1689/3076/1201 1690/3077/1202 1686/3071/1200
f 1686/3071/1200 1690/3077/1202 1688/3074/987 1684/3068/979
f 1687/3072/1100 1691/3079/1099 1693/3083/1203 1689/3076/1201
f 1689/3076/1201 1693/3083/1203 1694/3084/1204 1690/3078/1202
f 1690/3078/1202 1694/3084/1204 1692/3081/993 1688/3075/987
f 1691/3079/1099 1695/3086/1098 1697/3090/1205 1693/3083/1203
f 1693/3083/1203 1697/3090/1205 1698/3091/1206 1694/3085/1204
f 1694/3085/1204 1698/3091/1206 1696/3088/999 1692/3082/993
f 1695/3086/1098 1699/3093/1097 1701/3097/1207 1697/3090/1205
f 1697/3090/1205 1701/3097/1207 1702/3098/1208 1698/3092/1206
f 1698/3092/1206 1702/3098/1208 1700/3095/1007 1696/3089/999
f 1699/3093/1097 1703/3100/1095 1705/3104/1209 1701/3097/1207
f 1701/3097/1207 1705/3104/1209 1706/3105/1210 1702/3099/1208
f 1702/3099/1208 1706/3105/1210 1704/3102/1013 1700/3096/1007
f 1703/3100/1095 1707/3107/1094 1709/3111/1211 1705/3104/1209
f 1705/3104/1209 1709/3111/1211 1710/3112/1212 1706/3106/1210
f 1706/3106/1210 1710/3112/1212 1708/3109/1019 1704/3103/1013
f 1707/3107/1094 1711/3114/1093 1713/3118/1213 1709/3111/1211
f 1709/3111/1211 1713/3118/1213 1714/3119/1214 1710/3113/1212
f 1710/3113/1212 1714/3119/1214 1712/3116/1025 1708/3110/1019
f 1711/3114/1093 1715/3121/1092 1717/3125/1215 1713/3118/1213
f 1713/3118/1213 1717/3125/1215 1718/3126/1216 1714/3120/1214
f 1714/3120/1214 1718/3126/1216 1716/3123/1031 1712/3117/1025
f 1715/3121/1092 1719/3128/1091 1721/3132/1217 1717/3125/1215
f 1717/3125/1215 1721/3132/1217 1722/3133/1218 1718/3127/1216
f 1718/3127/1216 1722/3133/1218 1720/3130/943 1716/3124/1031
f 1719/3128/1091 1723/3135/1090 1725/3139/1219 1721/3132/1217
f 1721/3132/1217 1725/3139/1219 1726/3140/1220 1722/3134/1218
f 1722/3134/1218 1726/3140/1220 1724/3137/944 1720/3131/943
f 1723/3135/1090 1727/3142/1089 1729/3146/1221 1725/3139/1219
f 1725/3139/1219 1729/3146/1221 1730/3147/1222 1726/3141/1220
f 1726/3141/1220 1730/3147/1222 1728/3144/957 1724/3138/944
f 1727/3142/1089 1731/3149/1088 1733/3153/1223 1729/3146/1221
f 1729/3146/1221 1733/3153/1223 1734/3154/1224 1730/3148/1222
f 1730/3148/1222 1734/3154/1224 1732/3151/967 1728/3145/957
f 1731/3149/1088 1735/3156/1087 1737/3160/1225 1733/3153/1223
f 1733/3153/1223 1737/3160/1225 1738/3161/1226 1734/3155/1224
f 1734/3155/1224 1738/3161/1226 1736/3158/975 1732/3152/967
f 1735/3156/1087 1739/3163/1086 1741/3167/1227 1737/3160/1225
f 1737/3160/1225 1741/3167/1227 1742/3168/1228 1738/3162/1226
f 1738/3162/1226 1742/3168/1228 1740/3165/983 1736/3159/975
f 1739/3163/1086 1743/3170/1085 1745/3174/1229 1741/3167/1227
f 1741/3167/1227 1745/3174/1229 1746/3175/1230 1742/3169/1228
f 1742/3169/1228 1746/3175/1230 1744/3172/947 1740/3166/983
f 1743/3170/1085 1556/2842/1004 1558/2845/1136 1745/3174/1229
f 1745/3174/1229 1558/2845/1136 1557/2844/1138 1746/3176/1230
f 1746/3176/1230 1557/2844/1138 1555/2840/948 1744/3173/947
f 1555/2841/948 1560/2849/1084 1507/2791/1035 1508/2792/949
f 1748/3179/792 1750/3181/847 1752/3184/1231 1749/3180/1232
f 1749/3180/1232 1752/3184/1231 1751/3183/794 1747/3178/843
f 1750/3181/847 1753/3185/848 1755/3188/1233 1752/3184/1231
f 1752/3184/1231 1755/3188/1233 1754/3186/795 1751/3182/794
f 1753/3185/848 1756/3189/851 1758/3192/1234 1755/3188/1233
f 1755/3188/1233 1758/3192/1234 1757/3190/796 1754/3187/795
f 1756/3189/851 1759/3193/853 1761/3196/1235 1758/3192/1234
f 1758/3192/1234 1761/3196/1235 1760/3194/797 1757/3191/796
f 1759/3193/853 1762/3197/855 1764/3200/1236 1761/3196/1235
f 1761/3196/1235 1764/3200/1236 1763/3198/798 1760/3195/797
f 1762/3197/855 1765/3201/857 1767/3204/1237 1764/3200/1236
f 1764/3200/1236 1767/3204/1237 1766/3202/799 1763/3199/798
f 1765/3201/857 1768/3205/859 1770/3208/1238 1767/3204/1237
f 1767/3204/1237 1770/3208/1238 1769/3206/800 1766/3203/799
f 1768/3205/859 1771/3209/861 1773/3212/1239 1770/3208/1238
f 1770/3208/1238 1773/3212/1239 1772/3210/801 1769/3207/800
f 1771/3209/861 1774/3213/863 1776/3216/1240 1773/3212/1239
f 1773/3212/1239 1776/3216/1240 1775/3214/802 1772/3211/801
f 1774/3213/863 1777/3217/865 1779/3220/1241 1776/3216/1240
f 1776/3216/1240 1779/3220/1241 1778/3218/803 1775/3215/802
f 1777/3217/865 1780/3221/867 1782/3225/1242 1779/3220/1241
f 1779/3220/1241 1782/3225/1242 1781/3223/804 1778/3219/803
f 1780/3222/867 1783/3227/869 1785/3230/1243 1782/3226/1242
f 1782/3226/1242 1785/3230/1243 1784/3228/805 1781/3224/804
f 1783/3227/869 1786/3231/871 1788/3233/1244 1785/3230/1243
f 1785/3230/1243 1788/3233/1244 1787/3232/806 1784/3229/805
f 1786/3231/871 1789/3234/873 1791/3237/1245 1788/3233/1244
f 1788/3233/1244 1791/3237/1245 1790/3235/807 1787/3232/806
f 1789/3234/873 1792/3238/875 1794/3241/1246 1791/3237/1245
f 1791/3237/1245 1794/3241/1246 1793/3239/808 1790/3236/807
f 1792/3238/875 1795/3242/877 1797/3245/1247 1794/3241/1246
f 1794/3241/1246 1797/3245/1247 1796/3243/809 1793/3240/808
f 1795/3242/877 1798/3246/879 1800/3249/1248 1797/3245/1247
f 1797/3245/1247 1800/3249/1248 1799/3247/810 1796/3244/809
f 1798/3246/879 1801/3250/881 1803/3253/1249 1800/3249/1248
f 1800/3249/1248 1803/3253/1249 1802/3251/811 1799/3248/810
f 1801/3250/881 1804/3254/883 1806/3257/1250 1803/3253/1249
f 1803/3253/1249 1806/3257/1250 1805/3255/812 1802/3252/811
f 1804/3254/883 1807/3258/885 1809/3261/1251 1806/3257/1250
f 1806/3257/1250 1809/3261/1251 1808/3259/813 1805/3256/812
f 1807/3258/885 1810/3262/887 1812/3265/1252 1809/3261/1251
f 1809/3261/1251 1812/3265/1252 1811/3263/814 1808/3260/813
f 1810/3262/887 1813/3266/889 1815/3269/1253 1812/3265/1252
f 1812/3265/1252 1815/3269/1253 1814/3267/815 1811/3264/814
f 1813/3266/889 1816/3270/891 1818/3273/1254 1815/3269/1253
f 1815/3269/1253 1818/3273/1254 1817/3271/816 1814/3268/815
f 1816/3270/891 1819/3274/892 1821/3277/1255 1818/3273/1254
f 1818/3273/1254 1821/3277/1255 1820/3275/817 1817/3272/816
f 1819/3274/892 1822/3278/894 1824/3281/1256 1821/3277/1255
f 1821/3277/1255 1824/3281/1256 1823/3279/818 1820/3276/817
f 1822/3278/894 1825/3282/896 1827/3285/1257 1824/3281/1256
f 1824/3281/1256 1827/3285/1257 1826/3283/819 1823/3280/818
f 1825/3282/896 1828/3286/898 1830/3289/1258 1827/3285/1257
f 1827/3285/1257 1830/3289/1258 1829/3287/820 1826/3284/819
f 1828/3286/898 1831/3290/900 1833/3293/1259 1830/3289/1258
f 1830/3289/1258 1833/3293/1259 1832/3291/821 1829/3288/820
f 1831/3290/900 1834/3294/902 1836/3297/1260 1833/3293/1259
f 1833/3293/1259 1836/3297/1260 1835/3295/822 1832/3292/821
f 1834/3294/902 1837/3298/904 1839/3301/1261 1836/3297/1260
f 1836/3297/1260 1839/3301/1261 1838/3299/823 1835/3296/822
f 1837/3298/904 1840/3302/906 1842/3305/1262 1839/3301/1261
f 1839/3301/1261 1842/3305/1262 1841/3303/824 1838/3300/823
f 1840/3302/906 1843/3306/908 1845/3309/1263 1842/3305/1262
f 1842/3305/1262 1845/3309/1263 1844/3307/825 1841/3304/824
f 1843/3306/908 1846/3310/909 1848/3313/1264 1845/3309/1263
f 1845/3309/1263 1848/3313/1264 1847/3311/826 1844/3308/825
f 1846/3310/909 1849/3314/910 1851/3317/1265 1848/3313/1264
f 1848/3313/1264 1851/3317/1265 1850/3315/827 1847/3312/826
f 1849/3314/910 1852/3318/912 1854/3321/1266 1851/3317/1265
f 1851/3317/1265 1854/3321/1266 1853/3319/828 1850/3316/827
f 1852/3318/912 1855/3322/914 1857/3325/1267 1854/3321/1266
f 1854/3321/1266 1857/3325/1267 1856/3323/829 1853/3320/828
f 1855/3322/914 1858/3326/916 1860/3329/1268 1857/3325/1267
f 1857/3325/1267 1860/3329/1268 1859/3327/830 1856/3324/829
f 1858/3326/916 1861/3330/918 1863/3333/1269 1860/3329/1268
f 1860/3329/1268 1863/3333/1269 1862/3331/831 1859/3328/830
f 1861/3330/918 1864/3334/920 1866/3337/1270 1863/3333/1269
f 1863/3333/1269 1866/3337/1270 1865/3335/832 1862/3332/831
f 1864/3334/920 1867/3338/922 1869/3341/1271 1866/3337/1270
f 1866/3337/1270 1869/3341/1271 1868/3339/833 1865/3336/832
f 1867/3338/922 1870/3342/924 1872/3345/1272 1869/3341/1271
f 1869/3341/1271 1872/3345/1272 1871/3343/834 1868/3340/833
f 1870/3342/924 1873/3346/926 1875/3349/1273 1872/3345/1272
f 1872/3345/1272 1875/3349/1273 1874/3347/835 1871/3344/834
f 1873/3346/926 1876/3350/928 1878/3353/1274 1875/3349/1273
f 1875/3349/1273 1878/3353/1274 1877/3351/836 1874/3348/835
f 1876/3350/928 1879/3354/930 1881/3357/1275 1878/3353/1274
f 1878/3353/1274 1881/3357/1275 1880/3355/837 1877/3352/836
f 1879/3354/930 1882/3358/932 1884/3361/1276 1881/3357/1275
f 1881/3357/1275 1884/3361/1276 1883/3359/838 1880/3356/837
f 1882/3358/932 1885/3362/934 1887/3365/1277 1884/3361/1276
f 1884/3361/1276 1887/3365/1277 1886/3363/839 1883/3360/838
f 1885/3362/934 1888/3366/790 1890/3369/1278 1887/3365/1277
f 1887/3365/1277 1890/3369/1278 1889/3367/842 1886/3364/839
f 1888/3366/790 1748/3179/792 1749/3180/1232 1890/3369/1278
f 1890/3369/1278 1749/3180/1232 1747/3177/843 1889/3368/842
f 1269/2262/793 1267/2257/793 1747/3178/843 1751/3183/794
f 1901/3410/864 1902/3414/866 2234/3974/1279 2229/3969/1280
f 1915/3466/793 1914/3462/793 2055/3731/1281 2060/3737/1282
f 1902/3415/793 1901/3411/793 1990/3634/1283 1995/3641/1284
f 1929/3522/793 1928/3519/793 2125/3829/942 2130/3835/1285
f 1916/3470/793 1915/3467/793 2060/3738/1282 2065/3744/1286
f 1903/3418/793 1902/3416/793 1995/3642/1284 2000/3650/1287
f 1930/3526/793 1929/3523/793 2130/3836/1285 2135/3842/1288
f 1917/3474/793 1916/3471/793 2065/3745/1286 2070/3751/1289
f 1904/3422/793 1903/3419/793 2000/3651/1287 2005/3658/1290
f 1931/3530/793 1930/3527/793 2135/3843/1288 2140/3849/1291
f 1918/3478/793 1917/3475/793 2070/3752/1289 2075/3758/1292
f 1905/3426/793 1904/3423/793 2005/3659/1290 2010/3667/1293
f 1932/3534/793 1931/3531/793 2140/3850/1291 2145/3856/1294
f 1919/3482/793 1918/3479/793 2075/3759/1292 2080/3765/1295
f 1906/3430/793 1905/3427/793 2010/3668/1293 2015/3674/1296
f 1933/3538/793 1932/3535/793 2145/3857/1294 2150/3863/1297
f 1891/3370/793 1938/3558/793 2175/3899/1298 1939/3562/840
f 1920/3486/793 1919/3483/793 2080/3766/1295 2085/3772/1299
f 1907/3434/793 1906/3431/793 2015/3675/1296 2020/3681/1300
f 1934/3542/793 1933/3539/793 2150/3864/1297 2155/3870/1301
f 1894/3382/793 1893/3378/793 1950/3578/1302 1955/3584/1303
f 1921/3490/793 1920/3487/793 2085/3773/1299 2090/3779/1304
f 1908/3438/793 1907/3435/793 2020/3682/1300 2025/3688/1305
f 1935/3546/793 1934/3543/793 2155/3871/1301 2160/3877/1306
f 1895/3386/793 1894/3383/793 1955/3585/1303 1960/3591/1307
f 1922/3494/793 1921/3491/793 2090/3780/1304 2095/3786/1308
f 1909/3442/793 1908/3439/793 2025/3689/1305 2030/3695/1309
f 1936/3550/793 1935/3547/793 2160/3878/1306 2165/3884/1310
f 1896/3390/793 1895/3387/793 1960/3592/1307 1965/3598/1311
f 1923/3498/793 1922/3495/793 2095/3787/1308 2100/3793/1312
f 1910/3446/793 1909/3443/793 2030/3696/1309 2035/3702/1313
f 1937/3554/793 1936/3551/793 2165/3885/1310 2170/3891/1314
f 1897/3394/793 1896/3391/793 1965/3599/1311 1970/3605/1315
f 1924/3502/793 1923/3499/793 2100/3794/1312 2105/3800/1316
f 1911/3450/793 1910/3447/793 2035/3703/1313 2040/3709/1317
f 1938/3559/793 1937/3555/793 2170/3892/1314 2175/3898/1298
f 1898/3398/793 1897/3395/793 1970/3606/1315 1975/3612/1318
f 1925/3506/793 1924/3503/793 2105/3801/1316 2110/3807/1319
f 1912/3454/793 1911/3451/793 2040/3710/1317 2045/3716/1320
f 1891/3371/29 1892/3374/846 2184/3910/1321 2180/3905/1322
f 1899/3402/793 1898/3399/793 1975/3613/1318 1980/3619/1323
f 1926/3510/793 1925/3507/793 2110/3808/1319 2115/3814/1324
f 1913/3458/793 1912/3455/793 2045/3717/1320 2050/3723/1325
f 1459/2694/29 1460/2696/846 1944/3569/1321 1940/3564/1322
f 1900/3406/793 1899/3403/793 1980/3620/1323 1985/3626/1326
f 1927/3515/793 1926/3511/793 2115/3815/1324 2120/3821/941
f 1914/3463/793 1913/3459/793 2050/3724/1325 2055/3730/1281
f 1901/3412/793 1900/3407/793 1985/3627/1326 1990/3633/1283
f 1506/2790/791 1459/2694/29 1940/3564/1322 2174/3897/1327
f 1460/2696/846 1461/2698/849 1949/3576/1328 1944/3569/1321
f 1461/2698/849 1462/2700/850 1954/3583/1329 1949/3576/1328
f 1462/2700/850 1463/2702/852 1959/3590/1330 1954/3583/1329
f 1463/2702/852 1464/2704/854 1964/3597/1331 1959/3590/1330
f 1464/2704/854 1465/2706/856 1969/3604/1332 1964/3597/1331
f 1465/2706/856 1466/2708/1333 1974/3611/1334 1969/3604/1332
f 1466/2708/1333 1467/2710/860 1979/3618/1335 1974/3611/1334
f 1467/2710/860 1468/2712/862 1984/3625/1336 1979/3618/1335
f 1468/2712/862 1469/2714/864 1989/3632/1280 1984/3625/1336
f 1469/2714/864 1470/2716/866 1994/3639/1279 1989/3632/1280
f 1470/2717/866 1471/2719/868 1999/3649/1337 1994/3640/1279
f 1471/2719/868 1472/2721/870 2004/3656/1338 1999/3649/1337
f 1472/2722/870 1473/2724/872 2009/3666/1339 2004/3657/1338
f 1473/2724/872 1474/2726/874 2014/3673/1340 2009/3666/1339
f 1474/2726/874 1475/2728/876 2019/3680/1341 2014/3673/1340
f 1475/2728/876 1476/2730/878 2024/3687/1342 2019/3680/1341
f 1476/2730/878 1477/2732/880 2029/3694/1343 2024/3687/1342
f 1477/2732/880 1478/2734/882 2034/3701/1344 2029/3694/1343
f 1478/2734/882 1479/2736/935 2039/3708/1345 2034/3701/1344
f 1479/2736/935 1480/2738/886 2044/3715/1346 2039/3708/1345
f 1480/2738/886 1481/2740/888 2049/3722/1347 2044/3715/1346
f 1481/2740/888 1482/2742/890 2054/3729/1348 2049/3722/1347
f 1482/2742/890 1483/2744/13 2059/3736/1349 2054/3729/1348
f 1483/2744/13 1484/2746/893 2064/3743/1350 2059/3736/1349
f 1484/2746/893 1485/2748/895 2069/3750/1351 2064/3743/1350
f 1485/2748/895 1486/2750/897 2074/3757/1352 2069/3750/1351
f 1486/2750/897 1487/2752/899 2079/3764/1353 2074/3757/1352
f 1487/2752/899 1488/2754/901 2084/3771/1354 2079/3764/1353
f 1488/2754/901 1489/2756/903 2089/3778/1355 2084/3771/1354
f 1489/2756/903 1490/2758/905 2094/3785/1356 2089/3778/1355
f 1490/2758/905 1491/2760/907 2099/3792/1357 2094/3785/1356
f 1491/2760/907 1492/2762/844 2104/3799/1358 2099/3792/1357
f 1492/2762/844 1493/2764/845 2109/3806/1359 2104/3799/1358
f 1493/2764/845 1494/2766/911 2114/3813/1360 2109/3806/1359
f 1494/2766/911 1495/2768/913 2119/3820/1361 2114/3813/1360
f 1495/2768/913 1496/2770/915 2124/3827/1362 2119/3820/1361
f 1496/2770/915 1497/2772/917 2129/3834/1363 2124/3827/1362
f 1497/2772/917 1498/2774/919 2134/3841/1364 2129/3834/1363
f 1498/2774/919 1499/2776/921 2139/3848/1365 2134/3841/1364
f 1499/2776/921 1500/2778/923 2144/3855/1366 2139/3848/1365
f 1500/2778/923 1501/2780/925 2149/3862/1367 2144/3855/1366
f 1501/2780/925 1502/2782/927 2154/3869/1368 2149/3862/1367
f 1502/2782/927 1503/2784/929 2159/3876/1369 2154/3869/1368
f 1503/2784/929 1504/2786/931 2164/3883/1370 2159/3876/1369
f 1504/2786/931 1505/2788/933 2169/3890/1371 2164/3883/1370
f 1505/2788/933 1506/2790/791 2174/3897/1327 2169/3890/1371
f 1893/3379/793 1892/3375/793 1945/3570/841 1950/3577/1302
f 1938/3560/791 1891/3372/29 2180/3906/1322 2414/4203/1372
f 1928/3520/915 1929/3524/917 2369/4144/1363 2364/4139/1362
f 1915/3468/13 1916/3472/893 2304/4062/1350 2299/4057/1349
f 1902/3417/866 1903/3420/1373 2239/3980/1337 2234/3975/1279
f 1929/3525/917 1930/3528/919 2374/4150/1364 2369/4145/1363
f 1916/3473/893 1917/3476/895 2309/4068/1351 2304/4063/1350
f 1903/3421/1373 1904/3424/870 2244/3986/1338 2239/3981/1337
f 1930/3529/919 1931/3532/921 2379/4156/1365 2374/4151/1364
f 1917/3477/895 1918/3480/897 2314/4074/1352 2309/4069/1351
f 1904/3425/870 1905/3428/872 2249/3992/1374 2244/3987/1338
f 1931/3533/921 1932/3536/923 2384/4162/1375 2379/4157/1365
f 1918/3481/897 1919/3484/936 2319/4080/1353 2314/4075/1352
f 1905/3429/872 1906/3432/874 2254/3998/1340 2249/3993/1374
f 1932/3537/923 1933/3540/925 2389/4168/1367 2384/4163/1375
f 2751/4830/13 2752/4832/13 4985/8870/13
f 1919/3485/936 1920/3488/901 2324/4086/1354 2319/4081/1353
f 1906/3433/874 1907/3436/876 2259/4004/1341 2254/3999/1340
f 1933/3541/925 1934/3544/927 2394/4175/1368 2389/4169/1367
f 1893/3380/849 1894/3384/850 2194/3922/1329 2189/3917/1328
f 1920/3489/901 1921/3492/903 2329/4092/1355 2324/4087/1354
f 1907/3437/876 1908/3440/1376 2264/4010/1342 2259/4005/1341
f 1934/3545/927 1935/3548/929 2399/4182/1369 2394/4176/1368
f 1894/3385/850 1895/3388/852 2199/3928/1330 2194/3923/1329
f 1921/3493/903 1922/3496/1102 2334/4099/1356 2329/4093/1355
f 1908/3441/1376 1909/3444/880 2269/4016/1343 2264/4011/1342
f 1935/3549/929 1936/3552/931 2404/4189/1370 2399/4183/1369
f 1895/3389/852 1896/3392/854 2204/3934/1331 2199/3929/1330
f 1922/3497/1102 1923/3500/907 2339/4106/1357 2334/4100/1356
f 1909/3445/880 1910/3448/882 2274/4023/1344 2269/4017/1343
f 1936/3553/931 1937/3556/933 2409/4196/1371 2404/4190/1370
f 1896/3393/854 1897/3396/856 2209/3940/1332 2204/3935/1331
f 1923/3501/907 1924/3504/844 2344/4113/1358 2339/4107/1357
f 1910/3449/882 1911/3452/884 2279/4030/1345 2274/4024/1344
f 1937/3557/933 1938/3561/791 2414/4202/1372 2409/4197/1371
f 1897/3397/856 1898/3400/858 2214/3947/1334 2209/3941/1332
f 1924/3505/844 1925/3508/845 2349/4120/1359 2344/4114/1358
f 1911/3453/884 1912/3456/886 2284/4037/1377 2279/4031/1345
f 1898/3401/858 1899/3404/860 2219/3954/1378 2214/3948/1334
f 1925/3509/845 1926/3512/911 2354/4126/1360 2349/4121/1359
f 1912/3457/886 1913/3460/888 2289/4044/1347 2284/4038/1377
f 1892/3376/846 1893/3381/849 2189/3916/1328 2184/3911/1321
f 1899/3405/860 1900/3408/862 2224/3961/1336 2219/3955/1378
f 1926/3513/911 1927/3516/1096 2359/4132/1361 2354/4127/1360
f 1913/3461/888 1914/3464/890 2294/4050/1348 2289/4045/1347
f 1900/3409/862 1901/3413/864 2229/3968/1280 2224/3962/1336
f 1927/3517/1096 1928/3521/915 2364/4138/1362 2359/4133/1361
f 1914/3465/890 1915/3469/13 2299/4056/1349 2294/4051/1348
f 1940/3564/1322 1944/3569/1321 1946/3572/1379 1943/3568/1380
f 1943/3568/1380 1946/3572/1379 1947/3573/1381 1942/3567/1382
f 1942/3567/1382 1947/3573/1381 1948/3574/1383 1941/3565/1384
f 1941/3565/1384 1948/3574/1383 1945/3571/841 1939/3563/840
f 1944/3569/1321 1949/3576/1328 1951/3579/1385 1946/3572/1379
f 1946/3572/1379 1951/3579/1385 1952/3580/1386 1947/3573/1381
f 1947/3573/1381 1952/3580/1386 1953/3581/1387 1948/3575/1383
f 1948/3575/1383 1953/3581/1387 1950/3577/1302 1945/3570/841
f 1949/3576/1328 1954/3583/1329 1956/3586/1388 1951/3579/1385
f 1951/3579/1385 1956/3586/1388 1957/3587/1389 1952/3580/1386
f 1952/3580/1386 1957/3587/1389 1958/3588/1390 1953/3582/1387
f 1953/3582/1387 1958/3588/1390 1955/3584/1303 1950/3578/1302
f 1954/3583/1329 1959/3590/1330 1961/3593/1391 1956/3586/1388
f 1956/3586/1388 1961/3593/1391 1962/3594/1392 1957/3587/1389
f 1957/3587/1389 1962/3594/1392 1963/3595/1393 1958/3589/1390
f 1958/3589/1390 1963/3595/1393 1960/3591/1307 1955/3585/1303
f 1959/3590/1330 1964/3597/1331 1966/3600/1394 1961/3593/1391
f 1961/3593/1391 1966/3600/1394 1967/3601/1395 1962/3594/1392
f 1962/3594/1392 1967/3601/1395 1968/3602/1396 1963/3596/1393
f 1963/3596/1393 1968/3602/1396 1965/3598/1311 1960/3592/1307
f 1964/3597/1331 1969/3604/1332 1971/3607/1397 1966/3600/1394
f 1966/3600/1394 1971/3607/1397 1972/3608/1398 1967/3601/1395
f 1967/3601/1395 1972/3608/1398 1973/3609/1399 1968/3603/1396
f 1968/3603/1396 1973/3609/1399 1970/3605/1315 1965/3599/1311
f 1969/3604/1332 1974/3611/1334 1976/3614/1400 1971/3607/1397
f 1971/3607/1397 1976/3614/1400 1977/3615/1401 1972/3608/1398
f 1972/3608/1398 1977/3615/1401 1978/3616/1402 1973/3610/1399
f 1973/3610/1399 1978/3616/1402 1975/3612/1318 1970/3606/1315
f 1974/3611/1334 1979/3618/1335 1981/3621/1403 1976/3614/1400
f 1976/3614/1400 1981/3621/1403 1982/3622/1404 1977/3615/1401
f 1977/3615/1401 1982/3622/1404 1983/3623/1405 1978/3617/1402
f 1978/3617/1402 1983/3623/1405 1980/3619/1323 1975/3613/1318
f 1979/3618/1335 1984/3625/1336 1986/3628/1406 1981/3621/1403
f 1981/3621/1403 1986/3628/1406 1987/3629/1407 1982/3622/1404
f 1982/3622/1404 1987/3629/1407 1988/3630/1408 1983/3624/1405
f 1983/3624/1405 1988/3630/1408 1985/3626/1326 1980/3620/1323
f 1984/3625/1336 1989/3632/1280 1991/3635/1409 1986/3628/1406
f 1986/3628/1406 1991/3635/1409 1992/3636/1410 1987/3629/1407
f 1987/3629/1407 1992/3636/1410 1993/3637/1411 1988/3631/1408
f 1988/3631/1408 1993/3637/1411 1990/3633/1283 1985/3627/1326
f 1989/3632/1280 1994/3639/1279 1996/3643/1412 1991/3635/1409
f 1991/3635/1409 1996/3643/1412 1997/3645/1413 1992/3636/1410
f 1992/3636/1410 1997/3645/1413 1998/3647/1414 1993/3638/1411
f 1993/3638/1411 1998/3647/1414 1995/3641/1284 1990/3634/1283
f 1994/3640/1279 1999/3649/1337 2001/3652/1415 1996/3644/1412
f 1996/3644/1412 2001/3652/1415 2002/3653/1416 1997/3646/1413
f 1997/3646/1413 2002/3653/1416 2003/3654/1417 1998/3648/1414
f 1998/3648/1414 2003/3654/1417 2000/3650/1287 1995/3642/1284
f 1999/3649/1337 2004/3656/1338 2006/3660/1418 2001/3652/1415
f 2001/3652/1415 2006/3660/1418 2007/3662/1419 2002/3653/1416
f 2002/3653/1416 2007/3662/1419 2008/3664/1420 2003/3655/1417
f 2003/3655/1417 2008/3664/1420 2005/3658/1290 2000/3651/1287
f 2004/3657/1338 2009/3666/1339 2011/3669/1421 2006/3661/1418
f 2006/3661/1418 2011/3669/1421 2012/3670/1422 2007/3663/1419
f 2007/3663/1419 2012/3670/1422 2013/3671/1423 2008/3665/1420
f 2008/3665/1420 2013/3671/1423 2010/3667/1293 2005/3659/1290
f 2009/3666/1339 2014/3673/1340 2016/3676/1424 2011/3669/1421
f 2011/3669/1421 2016/3676/1424 2017/3677/1425 2012/3670/1422
f 2012/3670/1422 2017/3677/1425 2018/3678/1426 2013/3672/1423
f 2013/3672/1423 2018/3678/1426 2015/3674/1296 2010/3668/1293
f 2014/3673/1340 2019/3680/1341 2021/3683/1427 2016/3676/1424
f 2016/3676/1424 2021/3683/1427 2022/3684/1428 2017/3677/1425
f 2017/3677/1425 2022/3684/1428 2023/3685/1429 2018/3679/1426
f 2018/3679/1426 2023/3685/1429 2020/3681/1300 2015/3675/1296
f 2019/3680/1341 2024/3687/1342 2026/3690/1430 2021/3683/1427
f 2021/3683/1427 2026/3690/1430 2027/3691/1431 2022/3684/1428
f 2022/3684/1428 2027/3691/1431 2028/3692/1432 2023/3686/1429
f 2023/3686/1429 2028/3692/1432 2025/3688/1305 2020/3682/1300
f 2024/3687/1342 2029/3694/1343 2031/3697/1433 2026/3690/1430
f 2026/3690/1430 2031/3697/1433 2032/3698/1434 2027/3691/1431
f 2027/3691/1431 2032/3698/1434 2033/3699/1435 2028/3693/1432
f 2028/3693/1432 2033/3699/1435 2030/3695/1309 2025/3689/1305
f 2029/3694/1343 2034/3701/1344 2036/3704/1436 2031/3697/1433
f 2031/3697/1433 2036/3704/1436 2037/3705/1437 2032/3698/1434
f 2032/3698/1434 2037/3705/1437 2038/3706/1438 2033/3700/1435
f 2033/3700/1435 2038/3706/1438 2035/3702/1313 2030/3696/1309
f 2034/3701/1344 2039/3708/1345 2041/3711/1439 2036/3704/1436
f 2036/3704/1436 2041/3711/1439 2042/3712/1440 2037/3705/1437
f 2037/3705/1437 2042/3712/1440 2043/3713/1441 2038/3707/1438
f 2038/3707/1438 2043/3713/1441 2040/3709/1317 2035/3703/1313
f 2039/3708/1345 2044/3715/1346 2046/3718/1442 2041/3711/1439
f 2041/3711/1439 2046/3718/1442 2047/3719/1443 2042/3712/1440
f 2042/3712/1440 2047/3719/1443 2048/3720/1444 2043/3714/1441
f 2043/3714/1441 2048/3720/1444 2045/3716/1320 2040/3710/1317
f 2044/3715/1346 2049/3722/1347 2051/3725/1445 2046/3718/1442
f 2046/3718/1442 2051/3725/1445 2052/3726/1446 2047/3719/1443
f 2047/3719/1443 2052/3726/1446 2053/3727/1447 2048/3721/1444
f 2048/3721/1444 2053/3727/1447 2050/3723/1325 2045/3717/1320
f 2049/3722/1347 2054/3729/1348 2056/3732/1448 2051/3725/1445
f 2051/3725/1445 2056/3732/1448 2057/3733/1449 2052/3726/1446
f 2052/3726/1446 2057/3733/1449 2058/3734/1450 2053/3728/1447
f 2053/3728/1447 2058/3734/1450 2055/3730/1281 2050/3724/1325
f 2054/3729/1348 2059/3736/1349 2061/3739/1451 2056/3732/1448
f 2056/3732/1448 2061/3739/1451 2062/3740/1452 2057/3733/1449
f 2057/3733/1449 2062/3740/1452 2063/3741/1453 2058/3735/1450
f 2058/3735/1450 2063/3741/1453 2060/3737/1282 2055/3731/1281
f 2059/3736/1349 2064/3743/1350 2066/3746/1454 2061/3739/1451
f 2061/3739/1451 2066/3746/1454 2067/3747/1455 2062/3740/1452
f 2062/3740/1452 2067/3747/1455 2068/3748/1456 2063/3742/1453
f 2063/3742/1453 2068/3748/1456 2065/3744/1286 2060/3738/1282
f 2064/3743/1350 2069/3750/1351 2071/3753/1457 2066/3746/1454
f 2066/3746/1454 2071/3753/1457 2072/3754/1458 2067/3747/1455
f 2067/3747/1455 2072/3754/1458 2073/3755/1459 2068/3749/1456
f 2068/3749/1456 2073/3755/1459 2070/3751/1289 2065/3745/1286
f 2069/3750/1351 2074/3757/1352 2076/3760/1460 2071/3753/1457
f 2071/3753/1457 2076/3760/1460 2077/3761/1461 2072/3754/1458
f 2072/3754/1458 2077/3761/1461 2078/3762/1462 2073/3756/1459
f 2073/3756/1459 2078/3762/1462 2075/3758/1292 2070/3752/1289
f 2074/3757/1352 2079/3764/1353 2081/3767/1463 2076/3760/1460
f 2076/3760/1460 2081/3767/1463 2082/3768/1464 2077/3761/1461
f 2077/3761/1461 2082/3768/1464 2083/3769/1465 2078/3763/1462
f 2078/3763/1462 2083/3769/1465 2080/3765/1295 2075/3759/1292
f 2079/3764/1353 2084/3771/1354 2086/3774/1466 2081/3767/1463
f 2081/3767/1463 2086/3774/1466 2087/3775/1467 2082/3768/1464
f 2082/3768/1464 2087/3775/1467 2088/3776/1468 2083/3770/1465
f 2083/3770/1465 2088/3776/1468 2085/3772/1299 2080/3766/1295
f 2084/3771/1354 2089/3778/1355 2091/3781/1469 2086/3774/1466
f 2086/3774/1466 2091/3781/1469 2092/3782/1470 2087/3775/1467
f 2087/3775/1467 2092/3782/1470 2093/3783/1471 2088/3777/1468
f 2088/3777/1468 2093/3783/1471 2090/3779/1304 2085/3773/1299
f 2089/3778/1355 2094/3785/1356 2096/3788/1472 2091/3781/1469
f 2091/3781/1469 2096/3788/1472 2097/3789/1473 2092/3782/1470
f 2092/3782/1470 2097/3789/1473 2098/3790/1474 2093/3784/1471
f 2093/3784/1471 2098/3790/1474 2095/3786/1308 2090/3780/1304
f 2094/3785/1356 2099/3792/1357 2101/3795/1475 2096/3788/1472
f 2096/3788/1472 2101/3795/1475 2102/3796/1476 2097/3789/1473
f 2097/3789/1473 2102/3796/1476 2103/3797/1477 2098/3791/1474
f 2098/3791/1474 2103/3797/1477 2100/3793/1312 2095/3787/1308
f 2099/3792/1357 2104/3799/1358 2106/3802/1478 2101/3795/1475
f 2101/3795/1475 2106/3802/1478 2107/3803/1479 2102/3796/1476
f 2102/3796/1476 2107/3803/1479 2108/3804/1480 2103/3798/1477
f 2103/3798/1477 2108/3804/1480 2105/3800/1316 2100/3794/1312
f 2104/3799/1358 2109/3806/1359 2111/3809/1481 2106/3802/1478
f 2106/3802/1478 2111/3809/1481 2112/3810/1482 2107/3803/1479
f 2107/3803/1479 2112/3810/1482 2113/3811/1483 2108/3805/1480
f 2108/3805/1480 2113/3811/1483 2110/3807/1319 2105/3801/1316
f 2109/3806/1359 2114/3813/1360 2116/3816/1484 2111/3809/1481
f 2111/3809/1481 2116/3816/1484 2117/3817/1485 2112/3810/1482
f 2112/3810/1482 2117/3817/1485 2118/3818/1486 2113/3812/1483
f 2113/3812/1483 2118/3818/1486 2115/3814/1324 2110/3808/1319
f 2114/3813/1360 2119/3820/1361 2121/3823/1487 2116/3816/1484
f 2116/3816/1484 2121/3823/1487 2122/3824/1488 2117/3817/1485
f 2117/3817/1485 2122/3824/1488 2123/3825/1489 2118/3819/1486
f 2118/3819/1486 2123/3825/1489 2120/3821/941 2115/3815/1324
f 2119/3820/1361 2124/3827/1362 2126/3830/1490 2121/3823/1487
f 2121/3823/1487 2126/3830/1490 2127/3831/1491 2122/3824/1488
f 2122/3824/1488 2127/3831/1491 2128/3832/1492 2123/3826/1489
f 2123/3826/1489 2128/3832/1492 2125/3828/942 2120/3822/941
f 2124/3827/1362 2129/3834/1363 2131/3837/1493 2126/3830/1490
f 2126/3830/1490 2131/3837/1493 2132/3838/1494 2127/3831/1491
f 2127/3831/1491 2132/3838/1494 2133/3839/1495 2128/3833/1492
f 2128/3833/1492 2133/3839/1495 2130/3835/1285 2125/3829/942
f 2129/3834/1363 2134/3841/1364 2136/3844/1496 2131/3837/1493
f 2131/3837/1493 2136/3844/1496 2137/3845/1497 2132/3838/1494
f 2132/3838/1494 2137/3845/1497 2138/3846/1498 2133/3840/1495
f 2133/3840/1495 2138/3846/1498 2135/3842/1288 2130/3836/1285
f 2134/3841/1364 2139/3848/1365 2141/3851/1499 2136/3844/1496
f 2136/3844/1496 2141/3851/1499 2142/3852/1500 2137/3845/1497
f 2137/3845/1497 2142/3852/1500 2143/3853/1501 2138/3847/1498
f 2138/3847/1498 2143/3853/1501 2140/3849/1291 2135/3843/1288
f 2139/3848/1365 2144/3855/1366 2146/3858/1502 2141/3851/1499
f 2141/3851/1499 2146/3858/1502 2147/3859/1503 2142/3852/1500
f 2142/3852/1500 2147/3859/1503 2148/3860/1504 2143/3854/1501
f 2143/3854/1501 2148/3860/1504 2145/3856/1294 2140/3850/1291
f 2144/3855/1366 2149/3862/1367 2151/3865/1505 2146/3858/1502
f 2146/3858/1502 2151/3865/1505 2152/3866/1506 2147/3859/1503
f 2147/3859/1503 2152/3866/1506 2153/3867/1507 2148/3861/1504
f 2148/3861/1504 2153/3867/1507 2150/3863/1297 2145/3857/1294
f 2149/3862/1367 2154/3869/1368 2156/3872/1508 2151/3865/1505
f 2151/3865/1505 2156/3872/1508 2157/3873/1509 2152/3866/1506
f 2152/3866/1506 2157/3873/1509 2158/3874/1510 2153/3868/1507
f 2153/3868/1507 2158/3874/1510 2155/3870/1301 2150/3864/1297
f 2154/3869/1368 2159/3876/1369 2161/3879/1511 2156/3872/1508
f 2156/3872/1508 2161/3879/1511 2162/3880/1512 2157/3873/1509
f 2157/3873/1509 2162/3880/1512 2163/3881/1513 2158/3875/1510
f 2158/3875/1510 2163/3881/1513 2160/3877/1306 2155/3871/1301
f 2159/3876/1369 2164/3883/1370 2166/3886/1514 2161/3879/1511
f 2161/3879/1511 2166/3886/1514 2167/3887/1515 2162/3880/1512
f 2162/3880/1512 2167/3887/1515 2168/3888/1516 2163/3882/1513
f 2163/3882/1513 2168/3888/1516 2165/3884/1310 2160/3878/1306
f 2164/3883/1370 2169/3890/1371 2171/3893/1517 2166/3886/1514
f 2166/3886/1514 2171/3893/1517 2172/3894/1518 2167/3887/1515
f 2167/3887/1515 2172/3894/1518 2173/3895/1519 2168/3889/1516
f 2168/3889/1516 2173/3895/1519 2170/3891/1314 2165/3885/1310
f 2169/3890/1371 2174/3897/1327 2176/3900/1520 2171/3893/1517
f 2171/3893/1517 2176/3900/1520 2177/3901/1521 2172/3894/1518
f 2172/3894/1518 2177/3901/1521 2178/3902/1522 2173/3896/1519
f 2173/3896/1519 2178/3902/1522 2175/3898/1298 2170/3892/1314
f 2174/3897/1327 1940/3564/1322 1943/3568/1380 2176/3900/1520
f 2176/3900/1520 1943/3568/1380 1942/3567/1382 2177/3901/1521
f 2177/3901/1521 1942/3567/1382 1941/3566/1384 2178/3903/1522
f 2178/3903/1522 1941/3566/1384 1939/3562/840 2175/3899/1298
f 2180/3905/1322 2184/3910/1321 2186/3913/1379 2183/3909/1380
f 2183/3909/1380 2186/3913/1379 2187/3914/1381 2182/3908/1382
f 2182/3908/1382 2187/3914/1381 2188/3915/1383 2181/3907/1523
f 2181/3907/1523 2188/3915/1383 2185/3912/841 2179/3904/840
f 2184/3911/1321 2189/3916/1328 2191/3919/1385 2186/3913/1379
f 2186/3913/1379 2191/3919/1385 2192/3920/1386 2187/3914/1381
f 2187/3914/1381 2192/3920/1386 2193/3921/1387 2188/3915/1383
f 2188/3915/1383 2193/3921/1387 2190/3918/1302 2185/3912/841
f 2189/3917/1328 2194/3922/1329 2196/3925/1388 2191/3919/1385
f 2191/3919/1385 2196/3925/1388 2197/3926/1524 2192/3920/1386
f 2192/3920/1386 2197/3926/1524 2198/3927/1390 2193/3921/1387
f 2193/3921/1387 2198/3927/1390 2195/3924/1303 2190/3918/1302
f 2194/3923/1329 2199/3928/1330 2201/3931/1391 2196/3925/1388
f 2196/3925/1388 2201/3931/1391 2202/3932/1392 2197/3926/1524
f 2197/3926/1524 2202/3932/1392 2203/3933/1393 2198/3927/1390
f 2198/3927/1390 2203/3933/1393 2200/3930/1525 2195/3924/1303
f 2199/3929/1330 2204/3934/1331 2206/3937/1394 2201/3931/1391
f 2201/3931/1391 2206/3937/1394 2207/3938/1526 2202/3932/1392
f 2202/3932/1392 2207/3938/1526 2208/3939/1396 2203/3933/1393
f 2203/3933/1393 2208/3939/1396 2205/3936/1311 2200/3930/1525
f 2204/3935/1331 2209/3940/1332 2211/3943/1397 2206/3937/1394
f 2206/3937/1394 2211/3943/1397 2212/3945/1398 2207/3938/1526
f 2207/3938/1526 2212/3945/1398 2213/3946/1399 2208/3939/1396
f 2208/3939/1396 2213/3946/1399 2210/3942/1315 2205/3936/1311
f 2209/3941/1332 2214/3947/1334 2216/3950/1400 2211/3944/1397
f 2211/3944/1397 2216/3950/1400 2217/3952/1401 2212/3945/1398
f 2212/3945/1398 2217/3952/1401 2218/3953/1402 2213/3946/1399
f 2213/3946/1399 2218/3953/1402 2215/3949/1318 2210/3942/1315
f 2214/3948/1334 2219/3954/1378 2221/3957/1403 2216/3951/1400
f 2216/3951/1400 2221/3957/1403 2222/3959/1404 2217/3952/1401
f 2217/3952/1401 2222/3959/1404 2223/3960/1527 2218/3953/1402
f 2218/3953/1402 2223/3960/1527 2220/3956/1323 2215/3949/1318
f 2219/3955/1378 2224/3961/1336 2226/3964/1406 2221/3958/1403
f 2221/3958/1403 2226/3964/1406 2227/3966/1407 2222/3959/1404
f 2222/3959/1404 2227/3966/1407 2228/3967/1528 2223/3960/1527
f 2223/3960/1527 2228/3967/1528 2225/3963/1326 2220/3956/1323
f 2224/3962/1336 2229/3968/1280 2231/3971/1409 2226/3965/1406
f 2226/3965/1406 2231/3971/1409 2232/3972/1410 2227/3966/1407
f 2227/3966/1407 2232/3972/1410 2233/3973/1411 2228/3967/1528
f 2228/3967/1528 2233/3973/1411 2230/3970/1283 2225/3963/1326
f 2229/3969/1280 2234/3974/1279 2236/3977/1529 2231/3971/1409
f 2231/3971/1409 2236/3977/1529 2237/3978/1413 2232/3972/1410
f 2232/3972/1410 2237/3978/1413 2238/3979/1414 2233/3973/1411
f 2233/3973/1411 2238/3979/1414 2235/3976/1284 2230/3970/1283
f 2234/3975/1279 2239/3980/1337 2241/3983/1530 2236/3977/1529
f 2236/3977/1529 2241/3983/1530 2242/3984/1416 2237/3978/1413
f 2237/3978/1413 2242/3984/1416 2243/3985/1531 2238/3979/1414
f 2238/3979/1414 2243/3985/1531 2240/3982/1287 2235/3976/1284
f 2239/3981/1337 2244/3986/1338 2246/3989/1418 2241/3983/1530
f 2241/3983/1530 2246/3989/1418 2247/3990/1419 2242/3984/1416
f 2242/3984/1416 2247/3990/1419 2248/3991/1420 2243/3985/1531
f 2243/3985/1531 2248/3991/1420 2245/3988/1290 2240/3982/1287
f 2244/3987/1338 2249/3992/1374 2251/3995/1421 2246/3989/1418
f 2246/3989/1418 2251/3995/1421 2252/3996/1422 2247/3990/1419
f 2247/3990/1419 2252/3996/1422 2253/3997/1532 2248/3991/1420
f 2248/3991/1420 2253/3997/1532 2250/3994/1533 2245/3988/1290
f 2249/3993/1374 2254/3998/1340 2256/4001/1424 2251/3995/1421
f 2251/3995/1421 2256/4001/1424 2257/4002/1425 2252/3996/1422
f 2252/3996/1422 2257/4002/1425 2258/4003/1534 2253/3997/1532
f 2253/3997/1532 2258/4003/1534 2255/4000/1296 2250/3994/1533
f 2254/3999/1340 2259/4004/1341 2261/4007/1427 2256/4001/1424
f 2256/4001/1424 2261/4007/1427 2262/4008/1428 2257/4002/1425
f 2257/4002/1425 2262/4008/1428 2263/4009/1429 2258/4003/1534
f 2258/4003/1534 2263/4009/1429 2260/4006/1300 2255/4000/1296
f 2259/4005/1341 2264/4010/1342 2266/4013/1430 2261/4007/1427
f 2261/4007/1427 2266/4013/1430 2267/4014/1431 2262/4008/1428
f 2262/4008/1428 2267/4014/1431 2268/4015/1432 2263/4009/1429
f 2263/4009/1429 2268/4015/1432 2265/4012/1535 2260/4006/1300
f 2264/4011/1342 2269/4016/1343 2271/4019/1433 2266/4013/1430
f 2266/4013/1430 2271/4019/1433 2272/4021/1434 2267/4014/1431
f 2267/4014/1431 2272/4021/1434 2273/4022/1435 2268/4015/1432
f 2268/4015/1432 2273/4022/1435 2270/4018/1309 2265/4012/1535
f 2269/4017/1343 2274/4023/1344 2276/4026/1436 2271/4020/1433
f 2271/4020/1433 2276/4026/1436 2277/4028/1437 2272/4021/1434
f 2272/4021/1434 2277/4028/1437 2278/4029/1438 2273/4022/1435
f 2273/4022/1435 2278/4029/1438 2275/4025/1313 2270/4018/1309
f 2274/4024/1344 2279/4030/1345 2281/4033/1439 2276/4027/1436
f 2276/4027/1436 2281/4033/1439 2282/4035/1440 2277/4028/1437
f 2277/4028/1437 2282/4035/1440 2283/4036/1536 2278/4029/1438
f 2278/4029/1438 2283/4036/1536 2280/4032/1317 2275/4025/1313
f 2279/4031/1345 2284/4037/1377 2286/4040/1442 2281/4034/1439
f 2281/4034/1439 2286/4040/1442 2287/4042/1443 2282/4035/1440
f 2282/4035/1440 2287/4042/1443 2288/4043/1537 2283/4036/1536
f 2283/4036/1536 2288/4043/1537 2285/4039/1320 2280/4032/1317
f 2284/4038/1377 2289/4044/1347 2291/4047/1445 2286/4041/1442
f 2286/4041/1442 2291/4047/1445 2292/4048/1446 2287/4042/1443
f 2287/4042/1443 2292/4048/1446 2293/4049/1447 2288/4043/1537
f 2288/4043/1537 2293/4049/1447 2290/4046/1325 2285/4039/1320
f 2289/4045/1347 2294/4050/1348 2296/4053/1538 2291/4047/1445
f 2291/4047/1445 2296/4053/1538 2297/4054/1449 2292/4048/1446
f 2292/4048/1446 2297/4054/1449 2298/4055/1450 2293/4049/1447
f 2293/4049/1447 2298/4055/1450 2295/4052/1281 2290/4046/1325
f 2294/4051/1348 2299/4056/1349 2301/4059/1451 2296/4053/1538
f 2296/4053/1538 2301/4059/1451 2302/4060/1452 2297/4054/1449
f 2297/4054/1449 2302/4060/1452 2303/4061/1539 2298/4055/1450
f 2298/4055/1450 2303/4061/1539 2300/4058/1282 2295/4052/1281
f 2299/4057/1349 2304/4062/1350 2306/4065/1454 2301/4059/1451
f 2301/4059/1451 2306/4065/1454 2307/4066/1455 2302/4060/1452
f 2302/4060/1452 2307/4066/1455 2308/4067/1540 2303/4061/1539
f 2303/4061/1539 2308/4067/1540 2305/4064/1286 2300/4058/1282
f 2304/4063/1350 2309/4068/1351 2311/4071/1457 2306/4065/1454
f 2306/4065/1454 2311/4071/1457 2312/4072/1458 2307/4066/1455
f 2307/4066/1455 2312/4072/1458 2313/4073/1459 2308/4067/1540
f 2308/4067/1540 2313/4073/1459 2310/4070/1289 2305/4064/1286
f 2309/4069/1351 2314/4074/1352 2316/4077/1460 2311/4071/1457
f 2311/4071/1457 2316/4077/1460 2317/4078/1541 2312/4072/1458
f 2312/4072/1458 2317/4078/1541 2318/4079/1462 2313/4073/1459
f 2313/4073/1459 2318/4079/1462 2315/4076/1542 2310/4070/1289
f 2314/4075/1352 2319/4080/1353 2321/4083/1463 2316/4077/1460
f 2316/4077/1460 2321/4083/1463 2322/4084/1543 2317/4078/1541
f 2317/4078/1541 2322/4084/1543 2323/4085/1465 2318/4079/1462
f 2318/4079/1462 2323/4085/1465 2320/4082/1295 2315/4076/1542
f 2319/4081/1353 2324/4086/1354 2326/4089/1466 2321/4083/1463
f 2321/4083/1463 2326/4089/1466 2327/4090/1467 2322/4084/1543
f 2322/4084/1543 2327/4090/1467 2328/4091/1468 2323/4085/1465
f 2323/4085/1465 2328/4091/1468 2325/4088/1299 2320/4082/1295
f 2324/4087/1354 2329/4092/1355 2331/4095/1469 2326/4089/1466
f 2326/4089/1466 2331/4095/1469 2332/4097/1470 2327/4090/1467
f 2327/4090/1467 2332/4097/1470 2333/4098/1471 2328/4091/1468
f 2328/4091/1468 2333/4098/1471 2330/4094/1304 2325/4088/1299
f 2329/4093/1355 2334/4099/1356 2336/4102/1472 2331/4096/1469
f 2331/4096/1469 2336/4102/1472 2337/4104/1473 2332/4097/1470
f 2332/4097/1470 2337/4104/1473 2338/4105/1474 2333/4098/1471
f 2333/4098/1471 2338/4105/1474 2335/4101/1544 2330/4094/1304
f 2334/4100/1356 2339/4106/1357 2341/4109/1475 2336/4103/1472
f 2336/4103/1472 2341/4109/1475 2342/4111/1476 2337/4104/1473
f 2337/4104/1473 2342/4111/1476 2343/4112/1477 2338/4105/1474
f 2338/4105/1474 2343/4112/1477 2340/4108/1312 2335/4101/1544
f 2339/4107/1357 2344/4113/1358 2346/4116/1545 2341/4110/1475
f 2341/4110/1475 2346/4116/1545 2347/4118/1479 2342/4111/1476
f 2342/4111/1476 2347/4118/1479 2348/4119/1480 2343/4112/1477
f 2343/4112/1477 2348/4119/1480 2345/4115/1316 2340/4108/1312
f 2344/4114/1358 2349/4120/1359 2351/4123/1481 2346/4117/1545
f 2346/4117/1545 2351/4123/1481 2352/4124/1546 2347/4118/1479
f 2347/4118/1479 2352/4124/1546 2353/4125/1483 2348/4119/1480
f 2348/4119/1480 2353/4125/1483 2350/4122/1319 2345/4115/1316
f 2349/4121/1359 2354/4126/1360 2356/4129/1484 2351/4123/1481
f 2351/4123/1481 2356/4129/1484 2357/4130/1485 2352/4124/1546
f 2352/4124/1546 2357/4130/1485 2358/4131/1486 2353/4125/1483
f 2353/4125/1483 2358/4131/1486 2355/4128/1324 2350/4122/1319
f 2354/4127/1360 2359/4132/1361 2361/4135/1487 2356/4129/1484
f 2356/4129/1484 2361/4135/1487 2362/4136/1547 2357/4130/1485
f 2357/4130/1485 2362/4136/1547 2363/4137/1489 2358/4131/1486
f 2358/4131/1486 2363/4137/1489 2360/4134/941 2355/4128/1324
f 2359/4133/1361 2364/4138/1362 2366/4141/1490 2361/4135/1487
f 2361/4135/1487 2366/4141/1490 2367/4142/1491 2362/4136/1547
f 2362/4136/1547 2367/4142/1491 2368/4143/1492 2363/4137/1489
f 2363/4137/1489 2368/4143/1492 2365/4140/1548 2360/4134/941
f 2364/4139/1362 2369/4144/1363 2371/4147/1493 2366/4141/1490
f 2366/4141/1490 2371/4147/1493 2372/4148/1494 2367/4142/1491
f 2367/4142/1491 2372/4148/1494 2373/4149/1495 2368/4143/1492
f 2368/4143/1492 2373/4149/1495 2370/4146/1285 2365/4140/1548
f 2369/4145/1363 2374/4150/1364 2376/4153/1549 2371/4147/1493
f 2371/4147/1493 2376/4153/1549 2377/4154/1497 2372/4148/1494
f 2372/4148/1494 2377/4154/1497 2378/4155/1498 2373/4149/1495
f 2373/4149/1495 2378/4155/1498 2375/4152/1550 2370/4146/1285
f 2374/4151/1364 2379/4156/1365 2381/4159/1499 2376/4153/1549
f 2376/4153/1549 2381/4159/1499 2382/4160/1500 2377/4154/1497
f 2377/4154/1497 2382/4160/1500 2383/4161/1501 2378/4155/1498
f 2378/4155/1498 2383/4161/1501 2380/4158/1291 2375/4152/1550
f 2379/4157/1365 2384/4162/1375 2386/4165/1502 2381/4159/1499
f 2381/4159/1499 2386/4165/1502 2387/4166/1503 2382/4160/1500
f 2382/4160/1500 2387/4166/1503 2388/4167/1504 2383/4161/1501
f 2383/4161/1501 2388/4167/1504 2385/4164/1294 2380/4158/1291
f 2384/4163/1375 2389/4168/1367 2391/4171/1505 2386/4165/1502
f 2386/4165/1502 2391/4171/1505 2392/4173/1506 2387/4166/1503
f 2387/4166/1503 2392/4173/1506 2393/4174/1507 2388/4167/1504
f 2388/4167/1504 2393/4174/1507 2390/4170/1297 2385/4164/1294
f 2389/4169/1367 2394/4175/1368 2396/4178/1508 2391/4172/1505
f 2391/4172/1505 2396/4178/1508 2397/4180/1509 2392/4173/1506
f 2392/4173/1506 2397/4180/1509 2398/4181/1510 2393/4174/1507
f 2393/4174/1507 2398/4181/1510 2395/4177/1301 2390/4170/1297
f 2394/4176/1368 2399/4182/1369 2401/4185/1511 2396/4179/1508
f 2396/4179/1508 2401/4185/1511 2402/4187/1512 2397/4180/1509
f 2397/4180/1509 2402/4187/1512 2403/4188/1513 2398/4181/1510
f 2398/4181/1510 2403/4188/1513 2400/4184/1306 2395/4177/1301
f 2399/4183/1369 2404/4189/1370 2406/4192/1514 2401/4186/1511
f 2401/4186/1511 2406/4192/1514 2407/4194/1551 2402/4187/1512
f 2402/4187/1512 2407/4194/1551 2408/4195/1516 2403/4188/1513
f 2403/4188/1513 2408/4195/1516 2405/4191/1552 2400/4184/1306
f 2404/4190/1370 2409/4196/1371 2411/4199/1517 2406/4193/1514
f 2406/4193/1514 2411/4199/1517 2412/4200/1518 2407/4194/1551
f 2407/4194/1551 2412/4200/1518 2413/4201/1519 2408/4195/1516
f 2408/4195/1516 2413/4201/1519 2410/4198/1314 2405/4191/1552
f 2409/4197/1371 2414/4202/1372 2416/4205/1553 2411/4199/1517
f 2411/4199/1517 2416/4205/1553 2417/4206/1521 2412/4200/1518
f 2412/4200/1518 2417/4206/1521 2418/4207/1522 2413/4201/1519
f 2413/4201/1519 2418/4207/1522 2415/4204/1298 2410/4198/1314
f 2414/4203/1372 2180/3906/1322 2183/3909/1380 2416/4205/1553
f 2416/4205/1553 2183/3909/1380 2182/3908/1382 2417/4206/1521
f 2417/4206/1521 2182/3908/1382 2181/3907/1523 2418/4207/1522
f 2418/4207/1522 2181/3907/1523 2179/3904/840 2415/4204/1298
f 1892/3377/793 1891/3373/793 1939/3563/840 1945/3571/841
f 2419/4208/1554 2431/4221/1555 2442/4242/1556 2430/4220/1557
f 2420/4209/1558 2432/4223/1559 2431/4221/1555 2419/4208/1554
f 2421/4210/1560 2433/4224/1561 2432/4223/1559 2420/4209/1558
f 2422/4211/1562 2434/4225/1563 2433/4224/1561 2421/4210/1560
f 2423/4212/1564 2435/4226/1565 2434/4225/1563 2422/4211/1562
f 2424/4213/1566 2436/4228/1567 2435/4226/1565 2423/4212/1564
f 2425/4214/1568 2437/4230/1569 2436/4228/1567 2424/4213/1566
f 2426/4215/1570 2438/4232/1571 2437/4230/1569 2425/4214/1568
f 2427/4216/1572 2439/4234/1573 2438/4232/1571 2426/4215/1570
f 2428/4218/1574 2440/4238/1575 2439/4235/1573 2427/4217/1572
f 2429/4219/1576 2441/4240/1577 2440/4238/1575 2428/4218/1574
f 2430/4220/1557 2442/4242/1556 2441/4240/1577 2429/4219/1576
f 2431/4222/1555 2443/4244/1578 2454/4265/1579 2442/4243/1556
f 2432/4223/1559 2444/4246/1580 2443/4244/1578 2431/4222/1555
f 2433/4224/1561 2445/4247/1581 2444/4246/1580 2432/4223/1559
f 2434/4225/1563 2446/4248/1582 2445/4247/1581 2433/4224/1561
f 2435/4227/1565 2447/4249/1583 2446/4248/1582 2434/4225/1563
f 2436/4229/1567 2448/4251/1584 2447/4249/1583 2435/4227/1565
f 2437/4231/1569 2449/4253/1585 2448/4251/1584 2436/4229/1567
f 2438/4233/1571 2450/4255/1586 2449/4253/1585 2437/4231/1569
f 2439/4236/1573 2451/4257/1587 2450/4255/1586 2438/4233/1571
f 2440/4239/1575 2452/4261/1588 2451/4258/1587 2439/4237/1573
f 2441/4241/1577 2453/4263/1589 2452/4261/1588 2440/4239/1575
f 2442/4243/1556 2454/4265/1579 2453/4263/1589 2441/4241/1577
f 2443/4245/1578 2455/4267/1590 2466/4288/1591 2454/4266/1579
f 2444/4246/1580 2456/4269/1592 2455/4267/1590 2443/4245/1578
f 2445/4247/1581 2457/4270/1593 2456/4269/1592 2444/4246/1580
f 2446/4248/1582 2458/4271/1594 2457/4270/1593 2445/4247/1581
f 2447/4250/1583 2459/4272/1595 2458/4271/1594 2446/4248/1582
f 2448/4252/1584 2460/4274/1596 2459/4272/1595 2447/4250/1583
f 2449/4254/1585 2461/4276/1597 2460/4274/1596 2448/4252/1584
f 2450/4256/1586 2462/4278/1598 2461/4276/1597 2449/4254/1585
f 2451/4259/1587 2463/4280/1599 2462/4278/1598 2450/4256/1586
f 2452/4262/1588 2464/4284/1600 2463/4281/1599 2451/4260/1587
f 2453/4264/1589 2465/4286/1601 2464/4284/1600 2452/4262/1588
f 2454/4266/1579 2466/4288/1591 2465/4286/1601 2453/4264/1589
f 2455/4268/1590 2467/4290/1602 2478/4311/1603 2466/4289/1591
f 2456/4269/1592 2468/4292/1604 2467/4290/1602 2455/4268/1590
f 2457/4270/1593 2469/4293/773 2468/4292/1604 2456/4269/1592
f 2458/4271/1594 2470/4294/1605 2469/4293/773 2457/4270/1593
f 2459/4273/1595 2471/4295/1606 2470/4294/1605 2458/4271/1594
f 2460/4275/1596 2472/4297/1607 2471/4295/1606 2459/4273/1595
f 2461/4277/1597 2473/4299/1608 2472/4297/1607 2460/4275/1596
f 2462/4279/1598 2474/4301/1609 2473/4299/1608 2461/4277/1597
f 2463/4282/1599 2475/4303/777 2474/4301/1609 2462/4279/1598
f 2464/4285/1600 2476/4307/1610 2475/4304/777 2463/4283/1599
f 2465/4287/1601 2477/4309/1611 2476/4307/1610 2464/4285/1600
f 2466/4289/1591 2478/4311/1603 2477/4309/1611 2465/4287/1601
f 2467/4291/1602 2479/4313/1612 2490/4334/1613 2478/4312/1603
f 2468/4292/1604 2480/4315/1614 2479/4313/1612 2467/4291/1602
f 2469/4293/773 2481/4316/1615 2480/4315/1614 2468/4292/1604
f 2470/4294/1605 2482/4317/1616 2481/4316/1615 2469/4293/773
f 2471/4296/1606 2483/4318/1617 2482/4317/1616 2470/4294/1605
f 2472/4298/1607 2484/4320/1618 2483/4318/1617 2471/4296/1606
f 2473/4300/1608 2485/4322/1619 2484/4320/1618 2472/4298/1607
f 2474/4302/1609 2486/4324/1620 2485/4322/1619 2473/4300/1608
f 2475/4305/777 2487/4326/1621 2486/4324/1620 2474/4302/1609
f 2476/4308/1610 2488/4330/1622 2487/4327/1621 2475/4306/777
f 2477/4310/1611 2489/4332/1623 2488/4330/1622 2476/4308/1610
f 2478/4312/1603 2490/4334/1613 2489/4332/1623 2477/4310/1611
f 2479/4314/1612 2491/4336/1624 2502/4357/1625 2490/4335/1613
f 2480/4315/1614 2492/4338/1626 2491/4336/1624 2479/4314/1612
f 2481/4316/1615 2493/4339/1627 2492/4338/1626 2480/4315/1614
f 2482/4317/1616 2494/4340/1628 2493/4339/1627 2481/4316/1615
f 2483/4319/1617 2495/4341/1629 2494/4340/1628 2482/4317/1616
f 2484/4321/1618 2496/4343/1630 2495/4341/1629 2483/4319/1617
f 2485/4323/1619 2497/4345/1631 2496/4343/1630 2484/4321/1618
f 2486/4325/1620 2498/4347/1632 2497/4345/1631 2485/4323/1619
f 2487/4328/1621 2499/4349/1633 2498/4347/1632 2486/4325/1620
f 2488/4331/1622 2500/4353/1634 2499/4350/1633 2487/4329/1621
f 2489/4333/1623 2501/4355/1635 2500/4353/1634 2488/4331/1622
f 2490/4335/1613 2502/4357/1625 2501/4355/1635 2489/4333/1623
f 2491/4337/1624 2503/4359/1636 2514/4380/1637 2502/4358/1625
f 2492/4338/1626 2504/4361/1638 2503/4359/1636 2491/4337/1624
f 2493/4339/1627 2505/4362/1639 2504/4361/1638 2492/4338/1626
f 2494/4340/1628 2506/4363/1640 2505/4362/1639 2493/4339/1627
f 2495/4342/1629 2507/4364/1641 2506/4363/1640 2494/4340/1628
f 2496/4344/1630 2508/4366/1642 2507/4364/1641 2495/4342/1629
f 2497/4346/1631 2509/4368/1643 2508/4366/1642 2496/4344/1630
f 2498/4348/1632 2510/4370/1644 2509/4368/1643 2497/4346/1631
f 2499/4351/1633 2511/4372/1645 2510/4370/1644 2498/4348/1632
f 2500/4354/1634 2512/4376/1646 2511/4373/1645 2499/4352/1633
f 2501/4356/1635 2513/4378/1647 2512/4376/1646 2500/4354/1634
f 2502/4358/1625 2514/4380/1637 2513/4378/1647 2501/4356/1635
f 2503/4360/1636 2515/4382/1648 2526/4403/1649 2514/4381/1637
f 2504/4361/1638 2516/4384/1650 2515/4382/1648 2503/4360/1636
f 2505/4362/1639 2517/4385/774 2516/4384/1650 2504/4361/1638
f 2506/4363/1640 2518/4386/1651 2517/4385/774 2505/4362/1639
f 2507/4365/1641 2519/4387/1652 2518/4386/1651 2506/4363/1640
f 2508/4367/1642 2520/4389/1653 2519/4387/1652 2507/4365/1641
f 2509/4369/1643 2521/4391/1654 2520/4389/1653 2508/4367/1642
f 2510/4371/1644 2522/4393/1655 2521/4391/1654 2509/4369/1643
f 2511/4374/1645 2523/4395/1656 2522/4393/1655 2510/4371/1644
f 2512/4377/1646 2524/4399/1657 2523/4396/1656 2511/4375/1645
f 2513/4379/1647 2525/4401/1658 2524/4399/1657 2512/4377/1646
f 2514/4381/1637 2526/4403/1649 2525/4401/1658 2513/4379/1647
f 2515/4383/1648 2527/4405/1659 2538/4426/1660 2526/4404/1649
f 2516/4384/1650 2528/4407/1661 2527/4405/1659 2515/4383/1648
f 2517/4385/774 2529/4408/1662 2528/4407/1661 2516/4384/1650
f 2518/4386/1651 2530/4409/1663 2529/4408/1662 2517/4385/774
f 2519/4388/1652 2531/4410/1664 2530/4409/1663 2518/4386/1651
f 2520/4390/1653 2532/4412/1665 2531/4410/1664 2519/4388/1652
f 2521/4392/1654 2533/4414/1666 2532/4412/1665 2520/4390/1653
f 2522/4394/1655 2534/4416/1667 2533/4414/1666 2521/4392/1654
f 2523/4397/1656 2535/4418/1668 2534/4416/1667 2522/4394/1655
f 2524/4400/1657 2536/4422/1669 2535/4419/1668 2523/4398/1656
f 2525/4402/1658 2537/4424/1670 2536/4422/1669 2524/4400/1657
f 2526/4404/1649 2538/4426/1660 2537/4424/1670 2525/4402/1658
f 2527/4406/1659 2539/4428/1671 2550/4449/1672 2538/4427/1660
f 2528/4407/1661 2540/4430/1673 2539/4428/1671 2527/4406/1659
f 2529/4408/1662 2541/4431/1674 2540/4430/1673 2528/4407/1661
f 2530/4409/1663 2542/4432/1675 2541/4431/1674 2529/4408/1662
f 2531/4411/1664 2543/4433/1676 2542/4432/1675 2530/4409/1663
f 2532/4413/1665 2544/4435/1677 2543/4433/1676 2531/4411/1664
f 2533/4415/1666 2545/4437/1678 2544/4435/1677 2532/4413/1665
f 2534/4417/1667 2546/4439/1679 2545/4437/1678 2533/4415/1666
f 2535/4420/1668 2547/4441/1680 2546/4439/1679 2534/4417/1667
f 2536/4423/1669 2548/4445/1681 2547/4442/1680 2535/4421/1668
f 2537/4425/1670 2549/4447/1682 2548/4445/1681 2536/4423/1669
f 2538/4427/1660 2550/4449/1672 2549/4447/1682 2537/4425/1670
f 2539/4429/1671 2551/4451/1683 2562/4472/1684 2550/4450/1672
f 2540/4430/1673 2552/4453/1685 2551/4451/1683 2539/4429/1671
f 2541/4431/1674 2553/4454/1686 2552/4453/1685 2540/4430/1673
f 2542/4432/1675 2554/4455/1687 2553/4454/1686 2541/4431/1674
f 2543/4434/1676 2555/4456/1688 2554/4455/1687 2542/4432/1675
f 2544/4436/1677 2556/4458/1689 2555/4456/1688 2543/4434/1676
f 2545/4438/1678 2557/4460/1690 2556/4458/1689 2544/4436/1677
f 2546/4440/1679 2558/4462/1691 2557/4460/1690 2545/4438/1678
f 2547/4443/1680 2559/4464/1692 2558/4462/1691 2546/4440/1679
f 2548/4446/1681 2560/4468/1693 2559/4465/1692 2547/4444/1680
f 2549/4448/1682 2561/4470/1694 2560/4468/1693 2548/4446/1681
f 2550/4450/1672 2562/4472/1684 2561/4470/1694 2549/4448/1682
f 2551/4452/1683 2563/4474/1695 2574/4495/1696 2562/4473/1684
f 2552/4453/1685 2564/4476/1697 2563/4474/1695 2551/4452/1683
f 2553/4454/1686 2565/4477/66 2564/4476/1697 2552/4453/1685
f 2554/4455/1687 2566/4478/1698 2565/4477/66 2553/4454/1686
f 2555/4457/1688 2567/4479/1699 2566/4478/1698 2554/4455/1687
f 2556/4459/1689 2568/4481/1700 2567/4479/1699 2555/4457/1688
f 2557/4461/1690 2569/4483/1701 2568/4481/1700 2556/4459/1689
f 2558/4463/1691 2570/4485/1702 2569/4483/1701 2557/4461/1690
f 2559/4466/1692 2571/4487/32 2570/4485/1702 2558/4463/1691
f 2560/4469/1693 2572/4491/1703 2571/4488/32 2559/4467/1692
f 2561/4471/1694 2573/4493/1704 2572/4491/1703 2560/4469/1693
f 2562/4473/1684 2574/4495/1696 2573/4493/1704 2561/4471/1694
f 2563/4475/1695 2575/4497/1705 2586/4518/1706 2574/4496/1696
f 2564/4476/1697 2576/4499/1707 2575/4497/1705 2563/4475/1695
f 2565/4477/66 2577/4500/1708 2576/4499/1707 2564/4476/1697
f 2566/4478/1698 2578/4501/1709 2577/4500/1708 2565/4477/66
f 2567/4480/1699 2579/4502/1710 2578/4501/1709 2566/4478/1698
f 2568/4482/1700 2580/4504/1711 2579/4502/1710 2567/4480/1699
f 2569/4484/1701 2581/4506/1712 2580/4504/1711 2568/4482/1700
f 2570/4486/1702 2582/4508/1713 2581/4506/1712 2569/4484/1701
f 2571/4489/32 2583/4510/1714 2582/4508/1713 2570/4486/1702
f 2572/4492/1703 2584/4514/1715 2583/4511/1714 2571/4490/32
f 2573/4494/1704 2585/4516/1716 2584/4514/1715 2572/4492/1703
f 2574/4496/1696 2586/4518/1706 2585/4516/1716 2573/4494/1704
f 2575/4498/1705 2587/4520/1717 2598/4541/1718 2586/4519/1706
f 2576/4499/1707 2588/4522/1719 2587/4520/1717 2575/4498/1705
f 2577/4500/1708 2589/4523/1720 2588/4522/1719 2576/4499/1707
f 2578/4501/1709 2590/4524/1721 2589/4523/1720 2577/4500/1708
f 2579/4503/1710 2591/4525/1722 2590/4524/1721 2578/4501/1709
f 2580/4505/1711 2592/4527/1723 2591/4525/1722 2579/4503/1710
f 2581/4507/1712 2593/4529/1724 2592/4527/1723 2580/4505/1711
f 2582/4509/1713 2594/4531/1725 2593/4529/1724 2581/4507/1712
f 2583/4512/1714 2595/4533/1726 2594/4531/1725 2582/4509/1713
f 2584/4515/1715 2596/4537/1727 2595/4534/1726 2583/4513/1714
f 2585/4517/1716 2597/4539/1728 2596/4537/1727 2584/4515/1715
f 2586/4519/1706 2598/4541/1718 2597/4539/1728 2585/4517/1716
f 2587/4521/1717 2599/4543/1729 2610/4564/1730 2598/4542/1718
f 2588/4522/1719 2600/4545/1731 2599/4543/1729 2587/4521/1717
f 2589/4523/1720 2601/4546/1732 2600/4545/1731 2588/4522/1719
f 2590/4524/1721 2602/4547/1733 2601/4546/1732 2589/4523/1720
f 2591/4526/1722 2603/4548/1734 2602/4547/1733 2590/4524/1721
f 2592/4528/1723 2604/4550/1735 2603/4548/1734 2591/4526/1722
f 2593/4530/1724 2605/4552/1736 2604/4550/1735 2592/4528/1723
f 2594/4532/1725 2606/4554/1737 2605/4552/1736 2593/4530/1724
f 2595/4535/1726 2607/4556/1738 2606/4554/1737 2594/4532/1725
f 2596/4538/1727 2608/4560/1739 2607/4557/1738 2595/4536/1726
f 2597/4540/1728 2609/4562/1740 2608/4560/1739 2596/4538/1727
f 2598/4542/1718 2610/4564/1730 2609/4562/1740 2597/4540/1728
f 2599/4544/1729 2611/4566/1741 2622/4587/1742 2610/4565/1730
f 2600/4545/1731 2612/4568/1743 2611/4566/1741 2599/4544/1729
f 2601/4546/1732 2613/4569/775 2612/4568/1743 2600/4545/1731
f 2602/4547/1733 2614/4570/1744 2613/4569/775 2601/4546/1732
f 2603/4549/1734 2615/4571/1745 2614/4570/1744 2602/4547/1733
f 2604/4551/1735 2616/4573/1746 2615/4571/1745 2603/4549/1734
f 2605/4553/1736 2617/4575/1747 2616/4573/1746 2604/4551/1735
f 2606/4555/1737 2618/4577/1748 2617/4575/1747 2605/4553/1736
f 2607/4558/1738 2619/4579/779 2618/4577/1748 2606/4555/1737
f 2608/4561/1739 2620/4583/1749 2619/4580/779 2607/4559/1738
f 2609/4563/1740 2621/4585/1750 2620/4583/1749 2608/4561/1739
f 2610/4565/1730 2622/4587/1742 2621/4585/1750 2609/4563/1740
f 2611/4567/1741 2623/4589/1751 2634/4610/1752 2622/4588/1742
f 2612/4568/1743 2624/4591/1753 2623/4589/1751 2611/4567/1741
f 2613/4569/775 2625/4592/1754 2624/4591/1753 2612/4568/1743
f 2614/4570/1744 2626/4593/1755 2625/4592/1754 2613/4569/775
f 2615/4572/1745 2627/4594/1756 2626/4593/1755 2614/4570/1744
f 2616/4574/1746 2628/4596/1757 2627/4594/1756 2615/4572/1745
f 2617/4576/1747 2629/4598/1758 2628/4596/1757 2616/4574/1746
f 2618/4578/1748 2630/4600/1759 2629/4598/1758 2617/4576/1747
f 2619/4581/779 2631/4602/1760 2630/4600/1759 2618/4578/1748
f 2620/4584/1749 2632/4606/1761 2631/4603/1760 2619/4582/779
f 2621/4586/1750 2633/4608/1762 2632/4606/1761 2620/4584/1749
f 2622/4588/1742 2634/4610/1752 2633/4608/1762 2621/4586/1750
f 2623/4590/1751 2635/4612/1763 2646/4633/1764 2634/4611/1752
f 2624/4591/1753 2636/4614/1765 2635/4612/1763 2623/4590/1751
f 2625/4592/1754 2637/4615/1766 2636/4614/1765 2624/4591/1753
f 2626/4593/1755 2638/4616/1767 2637/4615/1766 2625/4592/1754
f 2627/4595/1756 2639/4617/1768 2638/4616/1767 2626/4593/1755
f 2628/4597/1757 2640/4619/1769 2639/4617/1768 2627/4595/1756
f 2629/4599/1758 2641/4621/1770 2640/4619/1769 2628/4597/1757
f 2630/4601/1759 2642/4623/1771 2641/4621/1770 2629/4599/1758
f 2631/4604/1760 2643/4625/1772 2642/4623/1771 2630/4601/1759
f 2632/4607/1761 2644/4629/1773 2643/4626/1772 2631/4605/1760
f 2633/4609/1762 2645/4631/1774 2644/4629/1773 2632/4607/1761
f 2634/4611/1752 2646/4633/1764 2645/4631/1774 2633/4609/1762
f 2635/4613/1763 2647/4635/1775 2658/4656/1776 2646/4634/1764
f 2636/4614/1765 2648/4637/1777 2647/4635/1775 2635/4613/1763
f 2637/4615/1766 2649/4638/1778 2648/4637/1777 2636/4614/1765
f 2638/4616/1767 2650/4639/1779 2649/4638/1778 2637/4615/1766
f 2639/4618/1768 2651/4640/1780 2650/4639/1779 2638/4616/1767
f 2640/4620/1769 2652/4642/1781 2651/4640/1780 2639/4618/1768
f 2641/4622/1770 2653/4644/1782 2652/4642/1781 2640/4620/1769
f 2642/4624/1771 2654/4646/1783 2653/4644/1782 2641/4622/1770
f 2643/4627/1772 2655/4648/1784 2654/4646/1783 2642/4624/1771
f 2644/4630/1773 2656/4652/1785 2655/4649/1784 2643/4628/1772
f 2645/4632/1774 2657/4654/1786 2656/4652/1785 2644/4630/1773
f 2646/4634/1764 2658/4656/1776 2657/4654/1786 2645/4632/1774
f 2647/4636/1775 2659/4658/1787 2670/4679/1788 2658/4657/1776
f 2648/4637/1777 2660/4660/1789 2659/4658/1787 2647/4636/1775
f 2649/4638/1778 2661/4661/776 2660/4660/1789 2648/4637/1777
f 2650/4639/1779 2662/4662/1790 2661/4661/776 2649/4638/1778
f 2651/4641/1780 2663/4663/1791 2662/4662/1790 2650/4639/1779
f 2652/4643/1781 2664/4665/1792 2663/4663/1791 2651/4641/1780
f 2653/4645/1782 2665/4667/1793 2664/4665/1792 2652/4643/1781
f 2654/4647/1783 2666/4669/1794 2665/4667/1793 2653/4645/1782
f 2655/4650/1784 2667/4671/780 2666/4669/1794 2654/4647/1783
f 2656/4653/1785 2668/4675/1795 2667/4672/780 2655/4651/1784
f 2657/4655/1786 2669/4677/1796 2668/4675/1795 2656/4653/1785
f 2658/4657/1776 2670/4679/1788 2669/4677/1796 2657/4655/1786
f 2659/4659/1787 2671/4681/1797 2682/4702/1798 2670/4680/1788
f 2660/4660/1789 2672/4683/1799 2671/4681/1797 2659/4659/1787
f 2661/4661/776 2673/4684/1800 2672/4683/1799 2660/4660/1789
f 2662/4662/1790 2674/4685/1801 2673/4684/1800 2661/4661/776
f 2663/4664/1791 2675/4686/1802 2674/4685/1801 2662/4662/1790
f 2664/4666/1792 2676/4688/1803 2675/4686/1802 2663/4664/1791
f 2665/4668/1793 2677/4690/1804 2676/4688/1803 2664/4666/1792
f 2666/4670/1794 2678/4692/1805 2677/4690/1804 2665/4668/1793
f 2667/4673/780 2679/4694/1806 2678/4692/1805 2666/4670/1794
f 2668/4676/1795 2680/4698/1807 2679/4695/1806 2667/4674/780
f 2669/4678/1796 2681/4700/1808 2680/4698/1807 2668/4676/1795
f 2670/4680/1788 2682/4702/1798 2681/4700/1808 2669/4678/1796
f 2671/4682/1797 2683/4704/1809 2694/4725/1810 2682/4703/1798
f 2672/4683/1799 2684/4706/1811 2683/4704/1809 2671/4682/1797
f 2673/4684/1800 2685/4707/1812 2684/4706/1811 2672/4683/1799
f 2674/4685/1801 2686/4708/1813 2685/4707/1812 2673/4684/1800
f 2675/4687/1802 2687/4709/1814 2686/4708/1813 2674/4685/1801
f 2676/4689/1803 2688/4711/1815 2687/4709/1814 2675/4687/1802
f 2677/4691/1804 2689/4713/1816 2688/4711/1815 2676/4689/1803
f 2678/4693/1805 2690/4715/1817 2689/4713/1816 2677/4691/1804
f 2679/4696/1806 2691/4717/1818 2690/4715/1817 2678/4693/1805
f 2680/4699/1807 2692/4721/1819 2691/4718/1818 2679/4697/1806
f 2681/4701/1808 2693/4723/1820 2692/4721/1819 2680/4699/1807
f 2682/4703/1798 2694/4725/1810 2693/4723/1820 2681/4701/1808
f 2683/4705/1809 2695/4727/1821 2706/4748/1822 2694/4726/1810
f 2684/4706/1811 2696/4729/1823 2695/4727/1821 2683/4705/1809
f 2685/4707/1812 2697/4730/1824 2696/4729/1823 2684/4706/1811
f 2686/4708/1813 2698/4731/1825 2697/4730/1824 2685/4707/1812
f 2687/4710/1814 2699/4732/1826 2698/4731/1825 2686/4708/1813
f 2688/4712/1815 2700/4734/1827 2699/4732/1826 2687/4710/1814
f 2689/4714/1816 2701/4736/1828 2700/4734/1827 2688/4712/1815
f 2690/4716/1817 2702/4738/1829 2701/4736/1828 2689/4714/1816
f 2691/4719/1818 2703/4740/1830 2702/4738/1829 2690/4716/1817
f 2692/4722/1819 2704/4744/1831 2703/4741/1830 2691/4720/1818
f 2693/4724/1820 2705/4746/1832 2704/4744/1831 2692/4722/1819
f 2694/4726/1810 2706/4748/1822 2705/4746/1832 2693/4724/1820
f 2695/4728/1821 2707/4750/1833 2718/4762/1557 2706/4749/1822
f 2696/4729/1823 2708/4751/1834 2707/4750/1833 2695/4728/1821
f 2697/4730/1824 2709/4752/1835 2708/4751/1834 2696/4729/1823
f 2698/4731/1825 2710/4753/1836 2709/4752/1835 2697/4730/1824
f 2699/4733/1826 2711/4754/1837 2710/4753/1836 2698/4731/1825
f 2700/4735/1827 2712/4755/1566 2711/4754/1837 2699/4733/1826
f 2701/4737/1828 2713/4756/1838 2712/4755/1566 2700/4735/1827
f 2702/4739/1829 2714/4757/1839 2713/4756/1838 2701/4737/1828
f 2703/4742/1830 2715/4758/1840 2714/4757/1839 2702/4739/1829
f 2704/4745/1831 2716/4760/1841 2715/4759/1840 2703/4743/1830
f 2705/4747/1832 2717/4761/1842 2716/4760/1841 2704/4745/1831
f 2706/4749/1822 2718/4762/1557 2717/4761/1842 2705/4747/1832
f 2741/4799/29 2740/4796/29 2772/4868/29 2773/4869/29
f 2742/4802/29 2741/4800/29 2773/4869/29 2774/4870/29
f 2743/4805/29 2742/4803/29 2774/4870/29 2775/4871/29
f 2744/4808/29 2743/4806/29 2775/4871/29 2776/4872/29
f 2745/4811/29 2744/4809/29 2776/4872/29 2777/4873/29
f 2746/4814/29 2745/4812/29 2777/4873/29 2778/4874/29
f 2815/4946/29 2818/4951/29 4986/8871/29
f 2747/4817/29 2746/4815/29 2778/4874/29 2779/4875/29
f 2734/4779/1843 2750/4826/1843 2735/4780/5 2719/4763/5
f 2733/4778/1844 2749/4823/1844 2750/4826/1843 2734/4779/1843
f 2732/4777/1845 2748/4820/1845 2749/4823/1844 2733/4778/1844
f 2731/4776/66 2747/4818/66 2748/4820/1845 2732/4777/1845
f 2730/4775/1846 2746/4816/1846 2747/4818/66 2731/4776/66
f 2729/4774/1847 2745/4813/1847 2746/4816/1846 2730/4775/1846
f 2728/4773/1848 2744/4810/1848 2745/4813/1847 2729/4774/1847
f 2727/4772/21 2743/4807/21 2744/4810/1848 2728/4773/1848
f 2726/4771/1849 2742/4804/1849 2743/4807/21 2727/4772/21
f 2725/4770/1850 2741/4801/1850 2742/4804/1849 2726/4771/1849
f 2724/4769/1851 2740/4797/1851 2741/4801/1850 2725/4770/1850
f 2723/4768/32 2739/4793/32 2740/4797/1851 2724/4769/1851
f 2722/4766/1852 2738/4789/1852 2739/4793/32 2723/4768/32
f 2721/4765/1853 2737/4786/1853 2738/4790/1852 2722/4767/1852
f 2720/4764/1854 2736/4783/1854 2737/4786/1853 2721/4765/1853
f 2719/4763/5 2735/4780/5 2736/4783/1854 2720/4764/1854
f 2753/4833/5 2752/4831/5 2751/4829/1854 2768/4863/1854
f 2768/4863/1854 2751/4829/1854 2754/4834/1853 2769/4864/1853
f 2769/4864/1853 2754/4834/1853 2755/4836/1852 2770/4866/1852
f 2770/4865/1852 2755/4837/1852 2756/4839/32 2771/4867/32
f 2771/4867/32 2756/4839/32 2757/4841/1851 2772/4868/1851
f 2772/4868/1851 2757/4841/1851 2758/4843/1850 2773/4869/1850
f 2773/4869/1850 2758/4843/1850 2759/4845/1849 2774/4870/1849
f 2774/4870/1849 2759/4845/1849 2760/4847/21 2775/4871/21
f 2775/4871/21 2760/4847/21 2761/4849/1848 2776/4872/1848
f 2776/4872/1848 2761/4849/1848 2762/4851/1847 2777/4873/1847
f 2777/4873/1847 2762/4851/1847 2763/4853/1846 2778/4874/1846
f 2778/4874/1846 2763/4853/1846 2764/4855/66 2779/4875/66
f 2779/4875/66 2764/4855/66 2765/4857/1845 2780/4876/1845
f 2780/4876/1845 2765/4857/1845 2766/4859/1844 2781/4877/1844
f 2781/4877/1844 2766/4859/1844 2767/4861/1843 2782/4878/1843
f 2782/4878/1843 2767/4861/1843 2752/4831/5 2753/4833/5
f 2740/4798/29 2739/4794/29 2771/4867/29 2772/4868/29
f 2739/4795/29 2738/4791/29 2770/4865/29 2771/4867/29
f 2738/4792/29 2737/4787/29 2769/4864/29 2770/4866/29
f 2735/4781/29 2750/4827/29 2782/4878/29 2753/4833/29
f 2737/4788/29 2736/4784/29 2768/4863/29 2769/4864/29
f 2750/4828/29 2749/4824/29 2781/4877/29 2782/4878/29
f 2736/4785/29 2735/4782/29 2753/4833/29 2768/4863/29
f 2749/4825/29 2748/4821/29 2780/4876/29 2781/4877/29
f 2748/4822/29 2747/4819/29 2779/4875/29 2780/4876/29
f 2805/4915/13 2837/4985/13 2836/4984/13 2804/4912/13
f 2806/4918/13 2838/4986/13 2837/4985/13 2805/4916/13
f 2807/4921/13 2839/4987/13 2838/4986/13 2806/4919/13
f 2808/4924/13 2840/4988/13 2839/4987/13 2807/4922/13
f 2809/4927/13 2841/4989/13 2840/4988/13 2808/4925/13
f 2810/4930/13 2842/4990/13 2841/4989/13 2809/4928/13
f 2860/5032/1855 2881/5053/1856 4987/8872/1857
f 2811/4933/13 2843/4991/13 2842/4990/13 2810/4931/13
f 2798/4895/1843 2783/4879/5 2799/4896/5 2814/4942/1843
f 2797/4894/1844 2798/4895/1843 2814/4942/1843 2813/4939/1844
f 2796/4893/1845 2797/4894/1844 2813/4939/1844 2812/4936/1845
f 2795/4892/66 2796/4893/1845 2812/4936/1845 2811/4934/66
f 2794/4891/1846 2795/4892/66 2811/4934/66 2810/4932/1846
f 2793/4890/1847 2794/4891/1846 2810/4932/1846 2809/4929/1847
f 2792/4889/1848 2793/4890/1847 2809/4929/1847 2808/4926/1848
f 2791/4888/21 2792/4889/1848 2808/4926/1848 2807/4923/21
f 2790/4887/1849 2791/4888/21 2807/4923/21 2806/4920/1849
f 2789/4886/1850 2790/4887/1849 2806/4920/1849 2805/4917/1850
f 2788/4885/1851 2789/4886/1850 2805/4917/1850 2804/4913/1851
f 2787/4884/32 2788/4885/1851 2804/4913/1851 2803/4909/32
f 2786/4882/1852 2787/4884/32 2803/4909/32 2802/4905/1852
f 2785/4881/1853 2786/4883/1852 2802/4906/1852 2801/4902/1853
f 2784/4880/1854 2785/4881/1853 2801/4902/1853 2800/4899/1854
f 2783/4879/5 2784/4880/1854 2800/4899/1854 2799/4896/5
f 2817/4949/5 2832/4979/1854 2815/4945/1854 2816/4947/5
f 2832/4979/1854 2833/4980/1853 2818/4950/1853 2815/4945/1854
f 2833/4980/1853 2834/4982/1852 2819/4952/1852 2818/4950/1853
f 2834/4981/1852 2835/4983/32 2820/4955/32 2819/4953/1852
f 2835/4983/32 2836/4984/1851 2821/4957/1851 2820/4955/32
f 2836/4984/1851 2837/4985/1850 2822/4959/1850 2821/4957/1851
f 2837/4985/1850 2838/4986/1849 2823/4961/1849 2822/4959/1850
f 2838/4986/1849 2839/4987/21 2824/4963/21 2823/4961/1849
f 2839/4987/21 2840/4988/1848 2825/4965/1848 2824/4963/21
f 2840/4988/1848 2841/4989/1847 2826/4967/1847 2825/4965/1848
f 2841/4989/1847 2842/4990/1846 2827/4969/1846 2826/4967/1847
f 2842/4990/1846 2843/4991/66 2828/4971/66 2827/4969/1846
f 2843/4991/66 2844/4992/1845 2829/4973/1845 2828/4971/66
f 2844/4992/1845 2845/4993/1844 2830/4975/1844 2829/4973/1845
f 2845/4993/1844 2846/4994/1843 2831/4977/1843 2830/4975/1844
f 2846/4994/1843 2817/4949/5 2816/4947/5 2831/4977/1843
f 2804/4914/13 2836/4984/13 2835/4983/13 2803/4910/13
f 2803/4911/13 2835/4983/13 2834/4981/13 2802/4907/13
f 2802/4908/13 2834/4982/13 2833/4980/13 2801/4903/13
f 2799/4897/13 2817/4949/13 2846/4994/13 2814/4943/13
f 2801/4904/13 2833/4980/13 2832/4979/13 2800/4900/13
f 2814/4944/13 2846/4994/13 2845/4993/13 2813/4940/13
f 2800/4901/13 2832/4979/13 2817/4949/13 2799/4898/13
f 2813/4941/13 2845/4993/13 2844/4992/13 2812/4937/13
f 2812/4938/13 2844/4992/13 2843/4991/13 2811/4935/13
f 2924/5102/1858 3066/5351/1859 2925/5103/1860 2847/4995/1861
f 2921/5098/1862 2924/5102/1858 2847/4995/1861 2848/4998/1863
f 2918/5094/1864 2921/5098/1862 2848/4998/1863 2849/5002/1865
f 2928/5109/1866 2849/5001/1865 2867/5039/1867 2869/5041/1868
f 2932/5118/1869 2958/5162/1870 2955/5156/1871 2929/5113/1872
f 2931/5115/1873 2928/5110/1866 2869/5041/1868 2871/5043/1874
f 2934/5120/1875 2931/5116/1873 2871/5043/1874 2873/5045/1876
f 2937/5125/1877 2934/5121/1875 2873/5045/1876 2875/5047/1878
f 2940/5130/1879 2937/5126/1877 2875/5047/1878 2877/5049/1880
f 2943/5135/1881 2940/5131/1879 2877/5049/1880 2879/5051/1882
f 2946/5140/1883 2943/5136/1881 2879/5051/1882 2881/5053/1856
f 2950/5146/1884 2946/5141/1883 2881/5053/1856 2860/5032/1855
f 3010/5250/1885 3013/5255/1886 2890/5062/1887 2888/5060/1888
f 2959/5163/1889 2962/5168/1890 2874/5046/1891 2872/5044/1892
f 2983/5205/1893 3009/5249/1894 3006/5244/1895 2980/5200/1896
f 2982/5202/1897 2979/5197/1898 2883/5055/1899 2887/5059/1900
f 2985/5207/1901 2982/5203/1897 2887/5059/1900 2889/5061/1902
f 2988/5212/1903 2985/5208/1901 2889/5061/1902 2891/5063/1904
f 2991/5217/1905 2988/5213/1903 2891/5063/1904 2893/5065/1906
f 2994/5222/1907 2991/5218/1905 2893/5065/1906 2895/5067/1908
f 2997/5227/1909 2994/5223/1907 2895/5067/1908 2897/5069/1910
f 2956/5157/1911 2959/5164/1889 2872/5044/1892 2870/5042/1912
f 2912/5086/1913 2909/5082/1914 2852/5011/1915 2851/5007/1916
f 2915/5090/1917 2912/5086/1913 2851/5007/1916 2850/5005/1918
f 2953/5151/1919 2850/5004/1918 2864/5036/1920 2861/5033/1921
f 3004/5240/1922 3001/5234/1923 2905/5077/1924 2884/5056/1925
f 3024/5274/1926 2998/5231/1927 3034/5293/1928 3042/5307/1929
f 2947/5143/1930 2973/5187/1931 2970/5182/1932 2944/5138/1933
f 3067/5353/1934 3051/5323/1935 2952/5150/1936 2926/5107/1937
f 2847/4996/1861 2925/5104/1860 2859/5031/1938 2863/5035/1939
f 2862/5034/1940 2861/5033/1921 4988/8873/1941
f 2884/5056/1925 2905/5077/1924 4989/8874/1942
f 2886/5058/1943 2885/5057/1944 4990/8875/1945
f 3119/5447/66 3118/5445/66 4991/8876/66
f 3034/5293/1928 3037/5299/1946 3045/5311/1947 3042/5307/1929
f 3052/5324/1948 2915/5090/1917 2850/5005/1918 2953/5152/1919
f 3040/5304/1949 2918/5094/1864 2849/5002/1865 2928/5111/1866
f 2989/5215/1950 3015/5259/1951 3012/5254/1952 2986/5210/1953
f 3030/5286/1954 3007/5245/1955 2885/5057/1944 2886/5058/1943
f 2971/5183/1956 2974/5188/1957 2882/5054/1958 2880/5052/1959
f 2856/5023/1960 3025/5275/1961 3043/5308/1962 2907/5079/1963
f 2858/5028/1964 3028/5281/1965 2906/5078/1966 2904/5076/1967
f 3049/5321/1968 3039/5303/1969 2929/5113/1872 2955/5156/1871
f 2949/5145/1970 2977/5195/1971 2973/5187/1931 2947/5143/1930
f 2855/5021/1972 3001/5235/1923 3061/5340/1973 2922/5099/1974
f 2852/5010/1915 2956/5158/1911 2870/5042/1912 2868/5040/1975
f 3013/5256/1886 3016/5260/1976 2892/5064/1977 2890/5062/1887
f 2938/5128/1978 2964/5172/1979 2961/5167/1980 2935/5123/1981
f 2992/5220/1982 3018/5264/1983 3015/5259/1951 2989/5215/1950
f 2909/5082/1914 3048/5319/1984 2956/5159/1911 2852/5011/1915
f 2974/5189/1957 2976/5192/1985 2862/5034/1940 2882/5054/1958
f 3028/5282/1965 2858/5030/1964 2913/5087/1986 3057/5335/1987
f 2848/4999/1863 2847/4997/1861 2863/5035/1939 2865/5037/1988
f 2976/5193/1985 2953/5153/1919 2861/5033/1921 2862/5034/1940
f 2854/5016/1989 2853/5013/1990 2899/5071/1991 2901/5073/1992
f 2962/5169/1890 2965/5173/1993 2876/5048/1994 2874/5046/1891
f 3016/5261/1976 3019/5265/1995 2894/5066/1996 2892/5064/1977
f 2979/5198/1898 3004/5241/1922 2884/5056/1925 2883/5055/1899
f 2941/5133/1997 2967/5177/1998 2964/5172/1979 2938/5128/1978
f 2995/5225/1999 3021/5269/2000 3018/5264/1983 2992/5220/1982
f 2850/5006/1918 2851/5008/1916 2866/5038/2001 2864/5036/1920
f 2980/5200/1896 3006/5244/1895 3031/5289/2002 3003/5239/2003
f 2856/5022/1960 2857/5025/2004 2902/5074/2005 2900/5072/2006
f 2849/5003/1865 2848/5000/1863 2865/5037/1988 2867/5039/1867
f 2855/5019/1972 2854/5017/1989 2901/5073/1992 2903/5075/2007
f 2965/5174/1993 2968/5178/2008 2878/5050/2009 2876/5048/1994
f 3019/5266/1995 3022/5270/2010 2896/5068/2011 2894/5066/1996
f 3007/5246/1955 3010/5251/1885 2888/5060/1888 2885/5057/1944
f 2944/5138/1933 2970/5182/1932 2967/5177/1998 2941/5133/1997
f 2998/5231/1927 3024/5274/1926 3021/5269/2000 2995/5225/1999
f 2851/5009/1916 2852/5012/1915 2868/5040/1975 2866/5038/2001
f 2857/5026/2004 2858/5029/1964 2904/5076/1967 2902/5074/2005
f 2935/5123/1981 2961/5167/1980 2958/5162/1870 2932/5118/1869
f 2986/5210/1953 3012/5254/1952 3009/5249/1894 2983/5205/1893
f 3000/5233/2012 3027/5280/2013 3058/5337/2014 3060/5339/2015
f 2926/5107/1937 2952/5150/1936 2977/5195/1971 2949/5145/1970
f 2968/5179/2008 2971/5184/1956 2880/5052/1959 2878/5050/2009
f 3022/5271/2010 3025/5276/1961 2898/5070/2016 2896/5068/2011
f 3003/5239/2003 3031/5289/2002 3027/5280/2013 3000/5233/2012
f 3064/5345/2017 3066/5351/1859 2924/5102/1858 2923/5101/2018
f 3054/5328/2019 3063/5343/2020 3060/5339/2015 3058/5337/2014
f 3051/5323/1935 3067/5353/1934 3063/5344/2020 3054/5327/2019
f 3001/5236/1923 2855/5020/1972 2903/5075/2007 2905/5077/1924
f 3028/5283/1965 3030/5287/1954 2886/5058/1943 2906/5078/1966
f 3061/5340/1973 3064/5346/2017 2923/5100/2018 2922/5099/1974
f 2913/5087/1986 2914/5089/2021 3055/5329/2022 3057/5335/1987
f 2858/5030/1964 2857/5027/2004 2910/5083/2023 2913/5087/1986
f 2911/5084/2024 2912/5086/1913 2915/5090/1917 2914/5088/2021
f 2907/5079/1963 2908/5081/2025 2911/5085/2024 2910/5083/2023
f 2857/5027/2004 2856/5023/1960 2907/5079/1963 2910/5083/2023
f 2908/5080/2025 2909/5082/1914 2912/5086/1913 2911/5084/2024
f 2919/5095/2026 2920/5096/2027 2917/5093/2028 2916/5091/2029
f 3025/5277/1961 2856/5024/1960 2900/5072/2006 2898/5070/2016
f 3046/5313/2030 3048/5319/1984 2909/5082/1914 2908/5080/2025
f 2914/5088/2021 2915/5090/1917 3052/5324/1948 3055/5330/2022
f 2997/5228/1909 2853/5015/1990 2916/5091/2029 3033/5292/2031
f 3037/5300/1946 3039/5303/1969 3049/5321/1968 3045/5312/1947
f 2853/5014/1990 2997/5229/1909 2897/5069/1910 2899/5071/1991
f 2917/5092/2028 2918/5094/1864 3040/5304/1949 3036/5295/2032
f 2907/5079/1963 3043/5308/1962 3046/5314/2030 2908/5081/2025
f 2853/5015/1990 2854/5018/1989 2919/5095/2026 2916/5091/2029
f 2920/5097/2027 2921/5098/1862 2918/5094/1864 2917/5092/2028
f 2922/5099/1974 2923/5100/2018 2920/5096/2027 2919/5095/2026
f 2854/5018/1989 2855/5021/1972 2922/5099/1974 2919/5095/2026
f 2923/5101/2018 2924/5102/1858 2921/5098/1862 2920/5097/2027
f 3033/5291/2031 3036/5296/2032 3038/5301/2033 3035/5294/2034
f 2926/5107/1937 2949/5145/1970 2951/5149/2035 2927/5108/2036
f 2927/5108/2036 2951/5149/2035 2950/5147/1884 2925/5105/1860
f 2953/5154/1919 2976/5194/1985 2978/5196/2037 2954/5155/2038
f 2954/5155/2038 2978/5196/2037 2977/5195/1971 2952/5150/1936
f 3040/5305/1949 2928/5112/1866 2930/5114/2039 3041/5306/2040
f 3041/5306/2040 2930/5114/2039 2929/5113/1872 3039/5303/1969
f 3049/5321/1968 2955/5156/1871 2957/5161/2041 3050/5322/2042
f 3050/5322/2042 2957/5161/2041 2956/5160/1911 3048/5320/1984
f 2928/5112/1866 2931/5117/1873 2933/5119/2043 2930/5114/2039
f 2930/5114/2039 2933/5119/2043 2932/5118/1869 2929/5113/1872
f 2955/5156/1871 2958/5162/1870 2960/5166/2044 2957/5161/2041
f 2957/5161/2041 2960/5166/2044 2959/5165/1889 2956/5160/1911
f 2931/5117/1873 2934/5122/1875 2936/5124/2045 2933/5119/2043
f 2933/5119/2043 2936/5124/2045 2935/5123/1981 2932/5118/1869
f 2958/5162/1870 2961/5167/1980 2963/5171/2046 2960/5166/2044
f 2960/5166/2044 2963/5171/2046 2962/5170/1890 2959/5165/1889
f 2934/5122/1875 2937/5127/1877 2939/5129/2047 2936/5124/2045
f 2936/5124/2045 2939/5129/2047 2938/5128/1978 2935/5123/1981
f 2961/5167/1980 2964/5172/1979 2966/5176/2048 2963/5171/2046
f 2963/5171/2046 2966/5176/2048 2965/5175/1993 2962/5170/1890
f 2937/5127/1877 2940/5132/1879 2942/5134/2049 2939/5129/2047
f 2939/5129/2047 2942/5134/2049 2941/5133/1997 2938/5128/1978
f 2964/5172/1979 2967/5177/1998 2969/5181/2050 2966/5176/2048
f 2966/5176/2048 2969/5181/2050 2968/5180/2008 2965/5175/1993
f 2940/5132/1879 2943/5137/1881 2945/5139/2051 2942/5134/2049
f 2942/5134/2049 2945/5139/2051 2944/5138/1933 2941/5133/1997
f 2967/5177/1998 2970/5182/1932 2972/5186/2052 2969/5181/2050
f 2969/5181/2050 2972/5186/2052 2971/5185/1956 2968/5180/2008
f 2943/5137/1881 2946/5142/1883 2948/5144/2053 2945/5139/2051
f 2945/5139/2051 2948/5144/2053 2947/5143/1930 2944/5138/1933
f 2970/5182/1932 2973/5187/1931 2975/5191/2054 2972/5186/2052
f 2972/5186/2052 2975/5191/2054 2974/5190/1957 2971/5185/1956
f 2946/5142/1883 2950/5147/1884 2951/5149/2035 2948/5144/2053
f 2948/5144/2053 2951/5149/2035 2949/5145/1970 2947/5143/1930
f 2973/5187/1931 2977/5195/1971 2978/5196/2037 2975/5191/2054
f 2975/5191/2054 2978/5196/2037 2976/5194/1985 2974/5190/1957
f 2980/5200/1896 3003/5239/2003 3005/5243/2055 2981/5201/2056
f 2981/5201/2056 3005/5243/2055 3004/5242/1922 2979/5199/1898
f 3007/5247/1955 3030/5288/1954 3032/5290/2057 3008/5248/2058
f 3008/5248/2058 3032/5290/2057 3031/5289/2002 3006/5244/1895
f 2979/5199/1898 2982/5204/1897 2984/5206/2059 2981/5201/2056
f 2981/5201/2056 2984/5206/2059 2983/5205/1893 2980/5200/1896
f 3006/5244/1895 3009/5249/1894 3011/5253/2060 3008/5248/2058
f 3008/5248/2058 3011/5253/2060 3010/5252/1885 3007/5247/1955
f 2982/5204/1897 2985/5209/1901 2987/5211/2061 2984/5206/2059
f 2984/5206/2059 2987/5211/2061 2986/5210/1953 2983/5205/1893
f 3009/5249/1894 3012/5254/1952 3014/5258/2062 3011/5253/2060
f 3011/5253/2060 3014/5258/2062 3013/5257/1886 3010/5252/1885
f 2985/5209/1901 2988/5214/1903 2990/5216/2063 2987/5211/2061
f 2987/5211/2061 2990/5216/2063 2989/5215/1950 2986/5210/1953
f 3012/5254/1952 3015/5259/1951 3017/5263/2064 3014/5258/2062
f 3014/5258/2062 3017/5263/2064 3016/5262/1976 3013/5257/1886
f 2988/5214/1903 2991/5219/1905 2993/5221/2065 2990/5216/2063
f 2990/5216/2063 2993/5221/2065 2992/5220/1982 2989/5215/1950
f 3015/5259/1951 3018/5264/1983 3020/5268/2066 3017/5263/2064
f 3017/5263/2064 3020/5268/2066 3019/5267/1995 3016/5262/1976
f 2991/5219/1905 2994/5224/1907 2996/5226/2067 2993/5221/2065
f 2993/5221/2065 2996/5226/2067 2995/5225/1999 2992/5220/1982
f 3018/5264/1983 3021/5269/2000 3023/5273/2068 3020/5268/2066
f 3020/5268/2066 3023/5273/2068 3022/5272/2010 3019/5267/1995
f 2994/5224/1907 2997/5230/1909 2999/5232/2069 2996/5226/2067
f 2996/5226/2067 2999/5232/2069 2998/5231/1927 2995/5225/1999
f 3021/5269/2000 3024/5274/1926 3026/5279/2070 3023/5273/2068
f 3023/5273/2068 3026/5279/2070 3025/5278/1961 3022/5272/2010
f 3058/5337/2014 3027/5280/2013 3029/5285/2071 3059/5338/2072
f 3059/5338/2072 3029/5285/2071 3028/5284/1965 3057/5336/1987
f 3001/5237/1923 3004/5242/1922 3005/5243/2055 3002/5238/2073
f 3002/5238/2073 3005/5243/2055 3003/5239/2003 3000/5233/2012
f 3027/5280/2013 3031/5289/2002 3032/5290/2057 3029/5285/2071
f 3029/5285/2071 3032/5290/2057 3030/5288/1954 3028/5284/1965
f 3067/5353/1934 2926/5107/1937 2927/5108/2036 3068/5354/2074
f 3068/5354/2074 2927/5108/2036 2925/5105/1860 3066/5352/1859
f 2997/5230/1909 3033/5291/2031 3035/5294/2034 2999/5232/2069
f 2999/5232/2069 3035/5294/2034 3034/5293/1928 2998/5231/1927
f 3035/5294/2034 3038/5301/2033 3037/5299/1946 3034/5293/1928
f 3036/5297/2032 3040/5305/1949 3041/5306/2040 3038/5302/2033
f 3038/5302/2033 3041/5306/2040 3039/5303/1969 3037/5300/1946
f 3042/5307/1929 3045/5311/1947 3047/5317/2075 3044/5310/2076
f 3024/5274/1926 3042/5307/1929 3044/5310/2076 3026/5279/2070
f 3026/5279/2070 3044/5310/2076 3043/5309/1962 3025/5278/1961
f 3044/5310/2076 3047/5317/2075 3046/5315/2030 3043/5309/1962
f 3045/5312/1947 3049/5321/1968 3050/5322/2042 3047/5318/2075
f 3047/5318/2075 3050/5322/2042 3048/5320/1984 3046/5316/2030
f 3051/5323/1935 3054/5327/2019 3056/5333/2077 3053/5326/2078
f 2952/5150/1936 3051/5323/1935 3053/5326/2078 2954/5155/2038
f 2954/5155/2038 3053/5326/2078 3052/5325/1948 2953/5154/1919
f 3053/5326/2078 3056/5333/2077 3055/5331/2022 3052/5325/1948
f 3054/5328/2019 3058/5337/2014 3059/5338/2072 3056/5334/2077
f 3056/5334/2077 3059/5338/2072 3057/5336/1987 3055/5332/2022
f 3060/5339/2015 3063/5343/2020 3065/5349/2079 3062/5342/2080
f 3000/5233/2012 3060/5339/2015 3062/5342/2080 3002/5238/2073
f 3002/5238/2073 3062/5342/2080 3061/5341/1973 3001/5237/1923
f 3062/5342/2080 3065/5349/2079 3064/5347/2017 3061/5341/1973
f 3063/5344/2020 3067/5353/1934 3068/5354/2074 3065/5350/2079
f 3065/5350/2079 3068/5354/2074 3066/5352/1859 3064/5348/2017
f 2916/5091/2029 2917/5093/2028 3036/5298/2032 3033/5292/2031
f 2925/5106/1860 2950/5148/1884 2860/5032/1855 2859/5031/1938
f 2910/5083/2023 2911/5085/2024 2914/5089/2021 2913/5087/1986
f 3069/5355/2081 3081/5368/2081 3092/5380/17 3080/5367/17
f 3070/5356/2082 3082/5369/2082 3081/5368/2081 3069/5355/2081
f 3071/5357/66 3083/5370/66 3082/5369/2082 3070/5356/2082
f 3072/5358/2083 3084/5371/2083 3083/5370/66 3071/5357/66
f 3073/5359/2084 3085/5372/2084 3084/5371/2083 3072/5358/2083
f 3074/5360/2 3086/5373/2 3085/5372/2084 3073/5359/2084
f 3075/5361/2085 3087/5374/2085 3086/5373/2 3074/5360/2
f 3076/5362/2086 3088/5375/2086 3087/5374/2085 3075/5361/2085
f 3077/5364/32 3089/5377/32 3088/5376/2086 3076/5363/2086
f 3078/5365/2087 3090/5378/2087 3089/5377/32 3077/5364/32
f 3079/5366/2088 3091/5379/2088 3090/5378/2087 3078/5365/2087
f 3080/5367/17 3092/5380/17 3091/5379/2088 3079/5366/2088
f 3114/5434/32 3115/5437/32 3137/5475/32 3135/5472/32
f 3107/5412/32 3108/5415/32 3123/5452/32 3121/5449/32
f 3115/5438/32 3116/5440/32 3139/5478/32 3137/5475/32
f 3108/5416/32 3109/5418/32 3125/5455/32 3123/5452/32
f 3116/5441/32 3106/5409/32 3120/5448/32 3139/5478/32
f 3104/5405/32 3103/5403/32 4992/8877/32
f 3109/5419/32 3110/5421/32 3127/5458/32 3125/5455/32
f 3168/5516/2089 3166/5511/2089 4993/8878/2089
f 3104/5404/17 3106/5410/17 3116/5442/101 3103/5402/101
f 3103/5402/101 3116/5442/101 3115/5439/84 3102/5400/84
f 3102/5400/84 3115/5439/84 3114/5435/25 3101/5398/25
f 3101/5398/25 3114/5435/25 3113/5431/96 3100/5396/96
f 3100/5396/96 3113/5431/96 3112/5428/97 3099/5394/97
f 3099/5394/97 3112/5428/97 3111/5424/2 3098/5391/2
f 3098/5392/2 3111/5425/2 3110/5422/98 3097/5389/98
f 3097/5389/98 3110/5422/98 3109/5420/88 3096/5387/88
f 3096/5387/88 3109/5420/88 3108/5417/9 3095/5385/9
f 3095/5385/9 3108/5417/9 3107/5413/99 3094/5383/99
f 3094/5383/99 3107/5413/99 3105/5406/100 3093/5381/100
f 3093/5381/100 3105/5406/100 3106/5410/17 3104/5404/17
f 3117/5443/100 3118/5444/100 3119/5446/17 3120/5448/17
f 3121/5449/99 3122/5450/99 3118/5444/100 3117/5443/100
f 3123/5452/9 3124/5453/9 3122/5450/99 3121/5449/99
f 3125/5455/88 3126/5456/88 3124/5453/9 3123/5452/9
f 3127/5458/98 3128/5459/98 3126/5456/88 3125/5455/88
f 3129/5462/2 3130/5463/2 3128/5459/98 3127/5458/98
f 3131/5466/97 3132/5467/97 3130/5464/2 3129/5461/2
f 3133/5469/96 3134/5470/96 3132/5467/97 3131/5466/97
f 3135/5472/25 3136/5473/25 3134/5470/96 3133/5469/96
f 3137/5475/84 3138/5476/84 3136/5473/25 3135/5472/25
f 3139/5478/101 3140/5479/101 3138/5476/84 3137/5475/84
f 3120/5448/17 3119/5446/17 3140/5479/101 3139/5478/101
f 3105/5407/32 3107/5414/32 3121/5449/32 3117/5443/32
f 3113/5432/32 3114/5436/32 3135/5472/32 3133/5469/32
f 3106/5411/32 3105/5408/32 3117/5443/32 3120/5448/32
f 3112/5429/32 3113/5433/32 3133/5469/32 3131/5466/32
f 3111/5426/32 3112/5430/32 3131/5466/32 3129/5461/32
f 3110/5423/32 3111/5427/32 3129/5462/32 3127/5458/32
f 3141/5481/100 3153/5494/100 3164/5506/17 3152/5493/17
f 3142/5482/99 3154/5495/99 3153/5494/100 3141/5481/100
f 3143/5483/9 3155/5496/9 3154/5495/99 3142/5482/99
f 3144/5484/88 3156/5497/88 3155/5496/9 3143/5483/9
f 3145/5485/98 3157/5498/98 3156/5497/88 3144/5484/88
f 3146/5486/2 3158/5499/2 3157/5498/98 3145/5485/98
f 3147/5488/97 3159/5501/97 3158/5500/2 3146/5487/2
f 3148/5489/96 3160/5502/96 3159/5501/97 3147/5488/97
f 3149/5490/25 3161/5503/25 3160/5502/96 3148/5489/96
f 3150/5491/84 3162/5504/84 3161/5503/25 3149/5490/25
f 3151/5492/101 3163/5505/101 3162/5504/84 3150/5491/84
f 3152/5493/17 3164/5506/17 3163/5505/101 3151/5492/101
f 3786/6621/2090 3260/5748/2091 3166/5510/17 3646/6433/2092
f 3169/5517/2093 3167/5512/2093 3649/6436/2094 3652/6440/2095
f 3171/5522/2093 3169/5518/2093 3652/6441/2095 3655/6444/2096
f 3173/5527/2093 3171/5523/2093 3655/6445/2096 3658/6448/2097
f 3175/5532/2093 3173/5528/2093 3658/6449/2097 3661/6452/2098
f 3177/5537/2093 3175/5533/2093 3661/6453/2098 3664/6456/2099
f 3179/5542/2093 3177/5538/2093 3664/6457/2099 3667/6460/2100
f 3181/5547/2093 3179/5543/2093 3667/6461/2100 3670/6464/2101
f 3183/5552/2093 3181/5548/2093 3670/6465/2101 3673/6468/2102
f 3185/5557/2093 3183/5553/2093 3673/6469/2102 3676/6472/2103
f 3187/5562/2093 3185/5558/2093 3676/6473/2103 3679/6476/2104
f 3189/5567/2093 3187/5563/2093 3679/6477/2104 3682/6480/2105
f 3191/5572/2093 3189/5568/2093 3682/6481/2105 3685/6484/2106
f 3193/5577/2093 3191/5573/2093 3685/6485/2106 3688/6489/2107
f 3195/5584/2093 3193/5578/2093 3688/6490/2107 3691/6494/2108
f 3197/5589/2093 3195/5585/2093 3691/6495/2108 3694/6498/2109
f 3199/5594/2093 3197/5590/2093 3694/6499/2109 3697/6502/2110
f 3201/5599/2093 3199/5595/2093 3697/6503/2110 3700/6506/2111
f 3203/5604/2093 3201/5600/2093 3700/6507/2111 3703/6510/2112
f 3205/5609/2093 3203/5605/2093 3703/6511/2112 3706/6514/2113
f 3207/5614/2093 3205/5610/2093 3706/6515/2113 3709/6518/2114
f 3209/5619/2093 3207/5615/2093 3709/6519/2114 3712/6522/2115
f 3211/5624/2093 3209/5620/2093 3712/6523/2115 3715/6526/2116
f 3213/5629/2093 3211/5625/2093 3715/6527/2116 3718/6530/2117
f 3215/5634/2093 3213/5630/2093 3718/6531/2117 3721/6534/2118
f 3217/5639/2093 3215/5635/2093 3721/6535/2118 3724/6538/2119
f 3219/5644/2093 3217/5640/2093 3724/6539/2119 3727/6542/2120
f 3221/5649/2093 3219/5645/2093 3727/6543/2120 3730/6546/2121
f 3223/5654/2093 3221/5650/2093 3730/6547/2121 3733/6550/2122
f 3225/5659/2093 3223/5655/2093 3733/6551/2122 3736/6554/2123
f 3227/5664/2093 3225/5660/2093 3736/6555/2123 3739/6558/2124
f 3229/5669/2093 3227/5665/2093 3739/6559/2124 3742/6562/2125
f 3231/5674/2093 3229/5670/2093 3742/6563/2125 3745/6566/2126
f 3233/5679/2093 3231/5675/2093 3745/6567/2126 3748/6570/2127
f 3235/5684/2093 3233/5680/2093 3748/6571/2127 3751/6574/2128
f 3237/5689/2093 3235/5685/2093 3751/6575/2128 3754/6578/2129
f 3239/5694/2093 3237/5690/2093 3754/6579/2129 3757/6582/2130
f 3241/5700/2093 3239/5695/2093 3757/6583/2130 3760/6586/2131
f 3243/5705/2093 3241/5701/2093 3760/6587/2131 3763/6590/2132
f 3245/5710/2093 3243/5706/2093 3763/6591/2132 3766/6594/2133
f 3247/5715/2093 3245/5711/2093 3766/6595/2133 3769/6598/2134
f 3249/5720/2093 3247/5716/2093 3769/6599/2134 3772/6602/2135
f 3251/5725/2093 3249/5721/2093 3772/6603/2135 3775/6606/2136
f 3253/5730/2093 3251/5726/2093 3775/6607/2136 3778/6610/2137
f 3255/5735/2093 3253/5731/2093 3778/6611/2137 3781/6614/2138
f 3257/5740/2093 3255/5736/2093 3781/6615/2138 3784/6618/2139
f 4077/7156/2140 4083/7164/2141 4994/8879/2093
f 3259/5745/2093 3257/5741/2093 3784/6619/2139 3787/6622/2142
f 3165/5507/2093 3259/5746/2093 3787/6623/2142 3645/6431/2143
f 3183/5554/2144 3185/5559/2145 3265/5754/2145 3335/5922/2144
f 3646/6433/2092 3166/5510/17 3168/5515/2146 3648/6435/2147
f 3651/6439/2148 3170/5520/2149 3172/5525/2150 3654/6443/2151
f 3654/6443/2151 3172/5525/2150 3174/5530/2152 3657/6447/2153
f 3657/6447/2153 3174/5530/2152 3176/5535/2154 3660/6451/2155
f 3660/6451/2155 3176/5535/2154 3178/5540/2156 3663/6455/2157
f 3663/6455/2157 3178/5540/2156 3180/5545/2158 3666/6459/2159
f 3666/6459/2159 3180/5545/2158 3182/5550/2160 3669/6463/2161
f 3669/6463/2161 3182/5550/2160 3184/5555/2162 3672/6467/2163
f 3672/6467/2163 3184/5555/2162 3186/5560/2164 3675/6471/2165
f 3675/6471/2165 3186/5560/2164 3188/5565/2166 3678/6475/2167
f 3678/6475/2167 3188/5565/2166 3190/5570/2168 3681/6479/2169
f 3681/6479/2169 3190/5570/2168 3192/5575/2170 3684/6483/2171
f 3684/6483/2171 3192/5575/2170 3194/5581/2172 3687/6487/2173
f 3687/6488/2173 3194/5582/2172 3196/5587/2174 3690/6493/2175
f 3690/6493/2175 3196/5587/2174 3198/5592/2176 3693/6497/2177
f 3693/6497/2177 3198/5592/2176 3200/5597/2178 3696/6501/2179
f 3696/6501/2179 3200/5597/2178 3202/5602/2180 3699/6505/2181
f 3699/6505/2181 3202/5602/2180 3204/5607/2182 3702/6509/2183
f 3702/6509/2183 3204/5607/2182 3206/5612/2184 3705/6513/2185
f 3705/6513/2185 3206/5612/2184 3208/5617/2186 3708/6517/2187
f 3708/6517/2187 3208/5617/2186 3210/5622/2188 3711/6521/2189
f 3711/6521/2189 3210/5622/2188 3212/5627/2190 3714/6525/2191
f 3714/6525/2191 3212/5627/2190 3214/5632/2 3717/6529/2192
f 3717/6529/2192 3214/5632/2 3216/5637/2193 3720/6533/2194
f 3720/6533/2194 3216/5637/2193 3218/5642/2195 3723/6537/2196
f 3723/6537/2196 3218/5642/2195 3220/5647/2197 3726/6541/2198
f 3726/6541/2198 3220/5647/2197 3222/5652/2199 3729/6545/2200
f 3729/6545/2200 3222/5652/2199 3224/5657/2201 3732/6549/2202
f 3732/6549/2202 3224/5657/2201 3226/5662/2203 3735/6553/2204
f 3735/6553/2204 3226/5662/2203 3228/5667/2205 3738/6557/2206
f 3738/6557/2206 3228/5667/2205 3230/5672/2207 3741/6561/2208
f 3741/6561/2208 3230/5672/2207 3232/5677/2144 3744/6565/2209
f 3744/6565/2209 3232/5677/2144 3234/5682/2145 3747/6569/2210
f 3747/6569/2210 3234/5682/2145 3236/5687/2211 3750/6573/2212
f 3750/6573/2212 3236/5687/2211 3238/5692/2213 3753/6577/2214
f 3753/6577/2214 3238/5692/2213 3240/5698/2215 3756/6581/2216
f 3756/6581/2216 3240/5698/2215 3242/5703/2217 3759/6585/2218
f 3759/6585/2218 3242/5703/2217 3244/5708/2219 3762/6589/2220
f 3762/6589/2220 3244/5708/2219 3246/5713/2221 3765/6593/2222
f 3765/6593/2222 3246/5713/2221 3248/5718/2223 3768/6597/2224
f 3768/6597/2224 3248/5718/2223 3250/5723/2225 3771/6601/2226
f 3771/6601/2226 3250/5723/2225 3252/5728/2227 3774/6605/2228
f 3774/6605/2228 3252/5728/2227 3254/5733/2229 3777/6609/2230
f 3777/6609/2230 3254/5733/2229 3256/5738/2231 3780/6613/2232
f 3780/6613/2232 3256/5738/2231 3258/5743/2233 3783/6617/2234
f 3783/6617/2234 3258/5743/2233 3260/5748/2091 3786/6621/2090
f 3648/6435/2147 3168/5515/2146 3170/5520/2149 3651/6439/2148
f 3237/5691/2168 3239/5696/2170 3349/5937/2170 3278/5767/2168
f 3211/5626/2091 3213/5631/17 3343/5931/17 3342/5930/2091
f 3185/5559/2145 3187/5564/2211 3336/5923/2211 3265/5754/2145
f 3239/5697/2170 3241/5702/2172 3279/5768/2172 3349/5938/2170
f 3213/5631/17 3215/5636/2146 3272/5761/2146 3343/5931/17
f 3187/5564/2211 3189/5569/2213 3337/5924/2213 3336/5923/2211
f 3241/5702/2172 3243/5707/2174 3280/5769/2174 3279/5768/2172
f 3215/5636/2146 3217/5641/2149 3273/5762/2149 3272/5761/2146
f 3189/5569/2213 3191/5574/2215 3266/5755/2215 3337/5924/2213
f 3243/5707/2174 3245/5712/2176 3350/5939/2176 3280/5769/2174
f 3217/5641/2149 3219/5646/2150 3274/5763/2150 3273/5762/2149
f 3191/5574/2215 3193/5579/2217 3338/5925/2217 3266/5755/2215
f 3245/5712/2176 3247/5717/2178 3351/5940/2178 3350/5939/2176
f 3165/5508/2 3167/5513/2193 3330/5917/2193 3261/5750/2
f 3219/5646/2150 3221/5651/2152 3344/5932/2152 3274/5763/2150
f 3193/5580/2217 3195/5586/2219 3267/5756/2219 3338/5926/2217
f 3247/5717/2178 3249/5722/2180 3352/5941/2180 3351/5940/2178
f 3167/5513/2193 3169/5519/2195 3262/5751/2195 3330/5917/2193
f 3221/5651/2152 3223/5656/2154 3345/5933/2154 3344/5932/2152
f 3195/5586/2219 3197/5591/2221 3268/5757/2221 3267/5756/2219
f 3249/5722/2180 3251/5727/2182 3353/5942/2182 3352/5941/2180
f 3169/5519/2195 3171/5524/2197 3331/5918/2197 3262/5751/2195
f 3223/5656/2154 3225/5661/2156 3346/5934/2156 3345/5933/2154
f 3197/5591/2221 3199/5596/2223 3339/5927/2223 3268/5757/2221
f 3251/5727/2182 3253/5732/2184 3354/5943/2184 3353/5942/2182
f 3171/5524/2197 3173/5529/2199 3263/5752/2199 3331/5918/2197
f 3225/5661/2156 3227/5666/2158 3347/5935/2158 3346/5934/2156
f 3199/5596/2223 3201/5601/2235 3269/5758/2235 3339/5927/2223
f 3253/5732/2184 3255/5737/2186 3355/5944/2186 3354/5943/2184
f 3173/5529/2199 3175/5534/2201 3332/5919/2201 3263/5752/2199
f 3227/5666/2158 3229/5671/2160 3348/5936/2160 3347/5935/2158
f 3201/5601/2235 3203/5606/2227 3270/5759/2227 3269/5758/2235
f 3255/5737/2186 3257/5742/2188 3356/5945/2188 3355/5944/2186
f 3175/5534/2201 3177/5539/2236 3333/5920/2236 3332/5919/2201
f 3229/5671/2160 3231/5676/2162 3275/5764/2162 3348/5936/2160
f 3203/5606/2227 3205/5611/2229 3340/5928/2229 3270/5759/2227
f 3257/5742/2188 3259/5747/2190 3281/5770/2190 3356/5945/2188
f 3177/5539/2236 3179/5544/2205 3334/5921/2205 3333/5920/2236
f 3231/5676/2162 3233/5681/2164 3276/5765/2164 3275/5764/2162
f 3205/5611/2229 3207/5616/2231 3271/5760/2231 3340/5928/2229
f 3259/5747/2190 3165/5508/2 3261/5750/2 3281/5770/2190
f 3179/5544/2205 3181/5549/2207 3264/5753/2207 3334/5921/2205
f 3233/5681/2164 3235/5686/2166 3277/5766/2166 3276/5765/2164
f 3207/5616/2231 3209/5621/2233 3341/5929/2233 3271/5760/2231
f 3181/5549/2207 3183/5554/2144 3335/5922/2144 3264/5753/2207
f 3235/5686/2166 3237/5691/2168 3278/5767/2168 3277/5766/2166
f 3209/5621/2233 3211/5626/2091 3342/5930/2091 3341/5929/2233
f 3510/6191/2237 3514/6199/2238 3420/6058/2239 3419/6057/2240
f 3283/5774/2093 3282/5771/2093 3261/5750/2093 3330/5917/2093
f 3284/5777/2093 3283/5775/2093 3330/5917/2093 3262/5751/2093
f 3285/5780/2093 3284/5778/2093 3262/5751/2093 3331/5918/2093
f 3286/5783/2093 3285/5781/2093 3331/5918/2093 3263/5752/2093
f 3287/5786/2093 3286/5784/2093 3263/5752/2093 3332/5919/2093
f 3288/5789/2093 3287/5787/2093 3332/5919/2093 3333/5920/2093
f 3289/5792/2093 3288/5790/2093 3333/5920/2093 3334/5921/2093
f 3290/5795/2093 3289/5793/2093 3334/5921/2093 3264/5753/2093
f 3291/5798/2093 3290/5796/2093 3264/5753/2093 3335/5922/2093
f 3292/5801/2093 3291/5799/2093 3335/5922/2093 3265/5754/2093
f 3293/5804/2093 3292/5802/2093 3265/5754/2093 3336/5923/2093
f 3294/5807/2093 3293/5805/2093 3336/5923/2093 3337/5924/2093
f 3295/5810/2093 3294/5808/2093 3337/5924/2093 3266/5755/2093
f 3296/5813/2093 3295/5811/2093 3266/5755/2093 3338/5925/2093
f 3297/5817/2093 3296/5814/2093 3338/5926/2093 3267/5756/2093
f 3298/5820/2093 3297/5818/2093 3267/5756/2093 3268/5757/2093
f 3299/5823/2093 3298/5821/2093 3268/5757/2093 3339/5927/2093
f 3300/5826/2093 3299/5824/2093 3339/5927/2093 3269/5758/2093
f 3301/5829/2093 3300/5827/2093 3269/5758/2093 3270/5759/2093
f 3302/5832/2093 3301/5830/2093 3270/5759/2093 3340/5928/2093
f 3303/5835/2093 3302/5833/2093 3340/5928/2093 3271/5760/2093
f 3304/5838/2093 3303/5836/2093 3271/5760/2093 3341/5929/2093
f 3305/5841/2093 3304/5839/2093 3341/5929/2093 3342/5930/2093
f 3306/5844/2093 3305/5842/2093 3342/5930/2093 3343/5931/2093
f 3307/5847/2093 3306/5845/2093 3343/5931/2093 3272/5761/2093
f 3308/5850/2093 3307/5848/2093 3272/5761/2093 3273/5762/2093
f 3309/5853/2093 3308/5851/2093 3273/5762/2093 3274/5763/2093
f 3310/5856/2093 3309/5854/2093 3274/5763/2093 3344/5932/2093
f 3311/5859/2093 3310/5857/2093 3344/5932/2093 3345/5933/2093
f 3312/5862/2093 3311/5860/2093 3345/5933/2093 3346/5934/2093
f 3313/5865/2093 3312/5863/2093 3346/5934/2093 3347/5935/2093
f 3314/5868/2093 3313/5866/2093 3347/5935/2093 3348/5936/2093
f 3315/5871/2093 3314/5869/2093 3348/5936/2093 3275/5764/2093
f 3316/5874/2093 3315/5872/2093 3275/5764/2093 3276/5765/2093
f 3317/5877/2093 3316/5875/2093 3276/5765/2093 3277/5766/2093
f 3318/5880/2093 3317/5878/2093 3277/5766/2093 3278/5767/2093
f 3319/5883/2093 3318/5881/2093 3278/5767/2093 3349/5937/2093
f 3320/5887/2093 3319/5884/2093 3349/5938/2093 3279/5768/2093
f 3321/5890/2093 3320/5888/2093 3279/5768/2093 3280/5769/2093
f 3322/5893/2093 3321/5891/2093 3280/5769/2093 3350/5939/2093
f 3323/5896/2093 3322/5894/2093 3350/5939/2093 3351/5940/2093
f 3324/5899/2093 3323/5897/2093 3351/5940/2093 3352/5941/2093
f 3325/5902/2093 3324/5900/2093 3352/5941/2093 3353/5942/2093
f 3326/5905/2093 3325/5903/2093 3353/5942/2093 3354/5943/2093
f 3327/5908/2093 3326/5906/2093 3354/5943/2093 3355/5944/2093
f 3328/5911/2093 3327/5909/2093 3355/5944/2093 3356/5945/2093
f 3329/5914/2093 3328/5912/2093 3356/5945/2093 3281/5770/2093
f 3282/5772/2093 3329/5915/2093 3281/5770/2093 3261/5750/2093
f 3826/6773/2093 3825/6769/2093 4018/7074/2241 4023/7080/2242
f 3618/6383/2243 3622/6390/2244 3447/6085/2245 3446/6084/2246
f 3642/6425/2247 3453/6093/2248 3406/6044/2249 3452/6090/2250
f 3566/6290/2251 3570/6297/2252 3434/6072/2253 3433/6071/2254
f 3514/6199/2238 3518/6206/2255 3421/6059/2256 3420/6058/2239
f 3622/6390/2244 3626/6397/2257 3448/6086/2258 3447/6085/2245
f 3462/6106/2259 3466/6113/2260 3408/6046/2261 3407/6045/2262
f 3570/6297/2252 3574/6304/2263 3435/6073/2264 3434/6072/2253
f 3518/6206/2255 3522/6213/2265 3422/6060/2266 3421/6059/2256
f 3626/6397/2257 3630/6404/2267 3449/6087/2268 3448/6086/2258
f 3466/6113/2260 3470/6120/2269 3409/6047/2270 3408/6046/2261
f 3574/6304/2263 3578/6311/2271 3436/6074/2272 3435/6073/2264
f 3522/6213/2265 3526/6220/2273 3423/6061/2274 3422/6060/2266
f 3630/6404/2267 3634/6411/2275 3450/6088/2276 3449/6087/2268
f 3470/6120/2269 3474/6127/2277 3410/6048/2278 3409/6047/2270
f 3578/6311/2271 3582/6318/2279 3437/6075/2280 3436/6074/2272
f 3526/6220/2273 3530/6227/2281 3424/6062/2282 3423/6061/2274
f 3634/6411/2275 3638/6418/2283 3451/6089/2284 3450/6088/2276
f 3474/6127/2277 3478/6134/2285 3411/6049/2286 3410/6048/2278
f 3582/6318/2279 3586/6325/2287 3438/6076/2288 3437/6075/2280
f 3530/6227/2281 3534/6234/2289 3425/6063/2290 3424/6062/2282
f 3638/6418/2283 3642/6425/2247 3452/6090/2250 3451/6089/2284
f 3478/6134/2285 3482/6141/2291 3412/6050/2292 3411/6049/2286
f 3586/6325/2287 3590/6332/2293 3439/6077/2294 3438/6076/2288
f 3534/6234/2289 3538/6241/2295 3426/6064/2296 3425/6063/2290
f 3482/6141/2291 3486/6148/2297 3413/6051/2298 3412/6050/2292
f 3590/6332/2293 3594/6339/2299 3440/6078/2300 3439/6077/2294
f 3538/6241/2295 3542/6248/2301 3427/6065/2302 3426/6064/2296
f 3282/5773/17 3283/5776/2146 3457/6098/2303 3454/6094/2304
f 3486/6148/2297 3490/6155/2305 3414/6052/2306 3413/6051/2298
f 3594/6339/2299 3598/6346/2307 3441/6079/2308 3440/6078/2300
f 3542/6248/2301 3546/6255/2309 3428/6066/2310 3427/6065/2302
f 3490/6155/2305 3494/6162/2311 3415/6053/2312 3414/6052/2306
f 3598/6346/2307 3602/6354/2313 3442/6080/2314 3441/6079/2308
f 3546/6255/2309 3550/6262/2315 3429/6067/2316 3428/6066/2310
f 3494/6162/2311 3498/6169/2317 3416/6054/2318 3415/6053/2312
f 3602/6354/2313 3606/6362/2319 3443/6081/2320 3442/6080/2314
f 3550/6262/2315 3554/6269/2321 3430/6068/2322 3429/6067/2316
f 3498/6169/2317 3502/6176/2323 3417/6055/2324 3416/6054/2318
f 3606/6362/2319 3610/6369/2325 3444/6082/2326 3443/6081/2320
f 3554/6269/2321 3558/6276/2327 3431/6069/2328 3430/6068/2322
f 3502/6176/2323 3506/6183/2329 3418/6056/2330 3417/6055/2324
f 3610/6369/2325 3614/6376/2331 3445/6083/2332 3444/6082/2326
f 3558/6276/2327 3562/6283/2333 3432/6070/2334 3431/6069/2328
f 3506/6183/2329 3510/6191/2237 3419/6057/2240 3418/6056/2330
f 3614/6376/2331 3618/6383/2243 3446/6084/2246 3445/6083/2332
f 3562/6283/2333 3566/6290/2251 3433/6071/2254 3432/6070/2334
f 3406/6044/2249 3405/6043/2335 3358/5948/2336 3357/5946/2337
f 3405/6043/2335 3407/6045/2262 3359/5950/2338 3358/5948/2336
f 3407/6045/2262 3408/6046/2261 3360/5952/2339 3359/5950/2338
f 3408/6046/2261 3409/6047/2270 3361/5954/2340 3360/5952/2339
f 3409/6047/2270 3410/6048/2278 3362/5956/2341 3361/5954/2340
f 3410/6048/2278 3411/6049/2286 3363/5958/2342 3362/5956/2341
f 3411/6049/2286 3412/6050/2292 3364/5960/2343 3363/5958/2342
f 3412/6050/2292 3413/6051/2298 3365/5962/2344 3364/5960/2343
f 3413/6051/2298 3414/6052/2306 3366/5964/2345 3365/5962/2344
f 3414/6052/2306 3415/6053/2312 3367/5966/2346 3366/5964/2345
f 3415/6053/2312 3416/6054/2318 3368/5968/2347 3367/5966/2346
f 3416/6054/2318 3417/6055/2324 3369/5970/2348 3368/5968/2347
f 3417/6055/2324 3418/6056/2330 3370/5972/2349 3369/5970/2348
f 3418/6056/2330 3419/6057/2240 3371/5975/2350 3370/5972/2349
f 3419/6057/2240 3420/6058/2239 3372/5977/2351 3371/5975/2350
f 3420/6058/2239 3421/6059/2256 3373/5979/2352 3372/5977/2351
f 3421/6059/2256 3422/6060/2266 3374/5981/2353 3373/5979/2352
f 3422/6060/2266 3423/6061/2274 3375/5983/2354 3374/5981/2353
f 3423/6061/2274 3424/6062/2282 3376/5985/2355 3375/5983/2354
f 3424/6062/2282 3425/6063/2290 3377/5987/2356 3376/5985/2355
f 3425/6063/2290 3426/6064/2296 3378/5989/2357 3377/5987/2356
f 3426/6064/2296 3427/6065/2302 3379/5991/2358 3378/5989/2357
f 3427/6065/2302 3428/6066/2310 3380/5993/2359 3379/5991/2358
f 3428/6066/2310 3429/6067/2316 3381/5995/2360 3380/5993/2359
f 3429/6067/2316 3430/6068/2322 3382/5997/2361 3381/5995/2360
f 3430/6068/2322 3431/6069/2328 3383/5999/2362 3382/5997/2361
f 3431/6069/2328 3432/6070/2334 3384/6001/2363 3383/5999/2362
f 3432/6070/2334 3433/6071/2254 3385/6003/2364 3384/6001/2363
f 3433/6071/2254 3434/6072/2253 3386/6005/2365 3385/6003/2364
f 3434/6072/2253 3435/6073/2264 3387/6007/2366 3386/6005/2365
f 3435/6073/2264 3436/6074/2272 3388/6009/2367 3387/6007/2366
f 3436/6074/2272 3437/6075/2280 3389/6011/2368 3388/6009/2367
f 3437/6075/2280 3438/6076/2288 3390/6013/2369 3389/6011/2368
f 3438/6076/2288 3439/6077/2294 3391/6015/2370 3390/6013/2369
f 3439/6077/2294 3440/6078/2300 3392/6017/2371 3391/6015/2370
f 3440/6078/2300 3441/6079/2308 3393/6019/2372 3392/6017/2371
f 3441/6079/2308 3442/6080/2314 3394/6021/2373 3393/6019/2372
f 3442/6080/2314 3443/6081/2320 3395/6023/2374 3394/6021/2373
f 3443/6081/2320 3444/6082/2326 3396/6025/2375 3395/6023/2374
f 3444/6082/2326 3445/6083/2332 3397/6027/2376 3396/6025/2375
f 3445/6083/2332 3446/6084/2246 3398/6029/2377 3397/6027/2376
f 3446/6084/2246 3447/6085/2245 3399/6031/2378 3398/6029/2377
f 3447/6085/2245 3448/6086/2258 3400/6033/2379 3399/6031/2378
f 3448/6086/2258 3449/6087/2268 3401/6035/2380 3400/6033/2379
f 3449/6087/2268 3450/6088/2276 3402/6037/2381 3401/6035/2380
f 3450/6088/2276 3451/6089/2284 3403/6039/2382 3402/6037/2381
f 3451/6089/2284 3452/6090/2250 3404/6041/2383 3403/6039/2382
f 3452/6090/2250 3406/6044/2249 3357/5946/2337 3404/6041/2383
f 3458/6101/2384 3462/6106/2259 3407/6045/2262 3405/6043/2335
f 3328/5913/2233 3329/5916/2091 3641/6424/2385 3637/6417/2386
f 3327/5910/2231 3328/5913/2233 3637/6417/2386 3633/6410/2387
f 3326/5907/2229 3327/5910/2231 3633/6410/2387 3629/6403/2388
f 3325/5904/2227 3326/5907/2229 3629/6403/2388 3625/6396/2389
f 3324/5901/2225 3325/5904/2227 3625/6396/2389 3621/6389/2390
f 3323/5898/2223 3324/5901/2225 3621/6389/2390 3617/6382/2391
f 3322/5895/2221 3323/5898/2223 3617/6382/2391 3613/6375/2392
f 3321/5892/2219 3322/5895/2221 3613/6375/2392 3609/6368/2393
f 3320/5889/2217 3321/5892/2219 3609/6368/2393 3605/6361/2394
f 3319/5885/2215 3320/5889/2217 3605/6361/2394 3601/6353/2395
f 3318/5882/2213 3319/5886/2215 3601/6352/2395 3597/6345/2396
f 3317/5879/2211 3318/5882/2213 3597/6345/2396 3593/6338/2397
f 3316/5876/2145 3317/5879/2211 3593/6338/2397 3589/6331/2398
f 3315/5873/2144 3316/5876/2145 3589/6331/2398 3585/6324/2399
f 3314/5870/2207 3315/5873/2144 3585/6324/2399 3581/6317/2400
f 3313/5867/2205 3314/5870/2207 3581/6317/2400 3577/6310/2401
f 3312/5864/2203 3313/5867/2205 3577/6310/2401 3573/6303/2402
f 3311/5861/2201 3312/5864/2203 3573/6303/2402 3569/6296/2403
f 3310/5858/2199 3311/5861/2201 3569/6296/2403 3565/6289/2404
f 3309/5855/2197 3310/5858/2199 3565/6289/2404 3561/6282/2405
f 3308/5852/2195 3309/5855/2197 3561/6282/2405 3557/6275/2406
f 3307/5849/2193 3308/5852/2195 3557/6275/2406 3553/6268/2407
f 3306/5846/2 3307/5849/2193 3553/6268/2407 3549/6261/2408
f 3305/5843/2190 3306/5846/2 3549/6261/2408 3545/6254/2409
f 3304/5840/2188 3305/5843/2190 3545/6254/2409 3541/6247/2410
f 3303/5837/2186 3304/5840/2188 3541/6247/2410 3537/6240/2411
f 3302/5834/2184 3303/5837/2186 3537/6240/2411 3533/6233/2412
f 3301/5831/2413 3302/5834/2184 3533/6233/2412 3529/6226/2414
f 3300/5828/2180 3301/5831/2413 3529/6226/2414 3525/6219/2415
f 3299/5825/2178 3300/5828/2180 3525/6219/2415 3521/6212/2416
f 3298/5822/2176 3299/5825/2178 3521/6212/2416 3517/6205/2417
f 3297/5819/2174 3298/5822/2176 3517/6205/2417 3513/6198/2418
f 3296/5815/2419 3297/5819/2174 3513/6198/2418 3509/6190/2420
f 3295/5812/2170 3296/5816/2419 3509/6189/2420 3505/6182/2421
f 3294/5809/2168 3295/5812/2170 3505/6182/2421 3501/6175/2422
f 3293/5806/2166 3294/5809/2168 3501/6175/2422 3497/6168/2423
f 3292/5803/2164 3293/5806/2166 3497/6168/2423 3493/6161/2424
f 3291/5800/2162 3292/5803/2164 3493/6161/2424 3489/6154/2425
f 3290/5797/2160 3291/5800/2162 3489/6154/2425 3485/6147/2426
f 3289/5794/2158 3290/5797/2160 3485/6147/2426 3481/6140/2427
f 3288/5791/2156 3289/5794/2158 3481/6140/2427 3477/6133/2428
f 3287/5788/2154 3288/5791/2156 3477/6133/2428 3473/6126/2429
f 3286/5785/2152 3287/5788/2154 3473/6126/2429 3469/6119/2430
f 3285/5782/2150 3286/5785/2152 3469/6119/2430 3465/6112/2431
f 3284/5779/2149 3285/5782/2150 3465/6112/2431 3461/6105/2432
f 3283/5776/2146 3284/5779/2149 3461/6105/2432 3457/6098/2303
f 3329/5916/2091 3282/5773/17 3454/6094/2304 3641/6424/2385
f 3454/6094/2304 3457/6098/2303 3459/6102/2433 3456/6097/2434
f 3456/6097/2434 3459/6102/2433 3460/6103/2435 3455/6095/2436
f 3455/6095/2436 3460/6103/2435 3458/6099/2384 3453/6091/2248
f 3457/6098/2303 3461/6105/2432 3463/6109/2437 3459/6102/2433
f 3459/6102/2433 3463/6109/2437 3464/6110/2438 3460/6104/2435
f 3460/6104/2435 3464/6110/2438 3462/6107/2259 3458/6100/2384
f 3461/6105/2432 3465/6112/2431 3467/6116/2439 3463/6109/2437
f 3463/6109/2437 3467/6116/2439 3468/6117/2440 3464/6111/2438
f 3464/6111/2438 3468/6117/2440 3466/6114/2260 3462/6108/2259
f 3465/6112/2431 3469/6119/2430 3471/6123/2441 3467/6116/2439
f 3467/6116/2439 3471/6123/2441 3472/6124/2442 3468/6118/2440
f 3468/6118/2440 3472/6124/2442 3470/6121/2269 3466/6115/2260
f 3469/6119/2430 3473/6126/2429 3475/6130/2443 3471/6123/2441
f 3471/6123/2441 3475/6130/2443 3476/6131/2444 3472/6125/2442
f 3472/6125/2442 3476/6131/2444 3474/6128/2277 3470/6122/2269
f 3473/6126/2429 3477/6133/2428 3479/6137/2445 3475/6130/2443
f 3475/6130/2443 3479/6137/2445 3480/6138/2446 3476/6132/2444
f 3476/6132/2444 3480/6138/2446 3478/6135/2285 3474/6129/2277
f 3477/6133/2428 3481/6140/2427 3483/6144/2447 3479/6137/2445
f 3479/6137/2445 3483/6144/2447 3484/6145/2448 3480/6139/2446
f 3480/6139/2446 3484/6145/2448 3482/6142/2291 3478/6136/2285
f 3481/6140/2427 3485/6147/2426 3487/6151/2449 3483/6144/2447
f 3483/6144/2447 3487/6151/2449 3488/6152/2450 3484/6146/2448
f 3484/6146/2448 3488/6152/2450 3486/6149/2297 3482/6143/2291
f 3485/6147/2426 3489/6154/2425 3491/6158/2451 3487/6151/2449
f 3487/6151/2449 3491/6158/2451 3492/6159/2452 3488/6153/2450
f 3488/6153/2450 3492/6159/2452 3490/6156/2305 3486/6150/2297
f 3489/6154/2425 3493/6161/2424 3495/6165/2453 3491/6158/2451
f 3491/6158/2451 3495/6165/2453 3496/6166/2454 3492/6160/2452
f 3492/6160/2452 3496/6166/2454 3494/6163/2311 3490/6157/2305
f 3493/6161/2424 3497/6168/2423 3499/6172/2455 3495/6165/2453
f 3495/6165/2453 3499/6172/2455 3500/6173/2456 3496/6167/2454
f 3496/6167/2454 3500/6173/2456 3498/6170/2317 3494/6164/2311
f 3497/6168/2423 3501/6175/2422 3503/6179/2457 3499/6172/2455
f 3499/6172/2455 3503/6179/2457 3504/6180/2458 3500/6174/2456
f 3500/6174/2456 3504/6180/2458 3502/6177/2323 3498/6171/2317
f 3501/6175/2422 3505/6182/2421 3507/6186/2459 3503/6179/2457
f 3503/6179/2457 3507/6186/2459 3508/6187/2460 3504/6181/2458
f 3504/6181/2458 3508/6187/2460 3506/6184/2329 3502/6178/2323
f 3505/6182/2421 3509/6189/2420 3511/6194/2461 3507/6186/2459
f 3507/6186/2459 3511/6194/2461 3512/6196/2462 3508/6188/2460
f 3508/6188/2460 3512/6196/2462 3510/6192/2237 3506/6185/2329
f 3509/6190/2420 3513/6198/2418 3515/6202/2463 3511/6195/2461
f 3511/6195/2461 3515/6202/2463 3516/6203/2464 3512/6197/2462
f 3512/6197/2462 3516/6203/2464 3514/6200/2238 3510/6193/2237
f 3513/6198/2418 3517/6205/2417 3519/6209/2465 3515/6202/2463
f 3515/6202/2463 3519/6209/2465 3520/6210/2466 3516/6204/2464
f 3516/6204/2464 3520/6210/2466 3518/6207/2255 3514/6201/2238
f 3517/6205/2417 3521/6212/2416 3523/6216/2467 3519/6209/2465
f 3519/6209/2465 3523/6216/2467 3524/6217/2468 3520/6211/2466
f 3520/6211/2466 3524/6217/2468 3522/6214/2265 3518/6208/2255
f 3521/6212/2416 3525/6219/2415 3527/6223/2469 3523/6216/2467
f 3523/6216/2467 3527/6223/2469 3528/6224/2470 3524/6218/2468
f 3524/6218/2468 3528/6224/2470 3526/6221/2273 3522/6215/2265
f 3525/6219/2415 3529/6226/2414 3531/6230/2471 3527/6223/2469
f 3527/6223/2469 3531/6230/2471 3532/6231/2472 3528/6225/2470
f 3528/6225/2470 3532/6231/2472 3530/6228/2281 3526/6222/2273
f 3529/6226/2414 3533/6233/2412 3535/6237/2473 3531/6230/2471
f 3531/6230/2471 3535/6237/2473 3536/6238/2474 3532/6232/2472
f 3532/6232/2472 3536/6238/2474 3534/6235/2289 3530/6229/2281
f 3533/6233/2412 3537/6240/2411 3539/6244/2475 3535/6237/2473
f 3535/6237/2473 3539/6244/2475 3540/6245/2476 3536/6239/2474
f 3536/6239/2474 3540/6245/2476 3538/6242/2295 3534/6236/2289
f 3537/6240/2411 3541/6247/2410 3543/6251/2477 3539/6244/2475
f 3539/6244/2475 3543/6251/2477 3544/6252/2478 3540/6246/2476
f 3540/6246/2476 3544/6252/2478 3542/6249/2301 3538/6243/2295
f 3541/6247/2410 3545/6254/2409 3547/6258/2479 3543/6251/2477
f 3543/6251/2477 3547/6258/2479 3548/6259/2480 3544/6253/2478
f 3544/6253/2478 3548/6259/2480 3546/6256/2309 3542/6250/2301
f 3545/6254/2409 3549/6261/2408 3551/6265/2481 3547/6258/2479
f 3547/6258/2479 3551/6265/2481 3552/6266/2482 3548/6260/2480
f 3548/6260/2480 3552/6266/2482 3550/6263/2315 3546/6257/2309
f 3549/6261/2408 3553/6268/2407 3555/6272/2483 3551/6265/2481
f 3551/6265/2481 3555/6272/2483 3556/6273/2484 3552/6267/2482
f 3552/6267/2482 3556/6273/2484 3554/6270/2321 3550/6264/2315
f 3553/6268/2407 3557/6275/2406 3559/6279/2485 3555/6272/2483
f 3555/6272/2483 3559/6279/2485 3560/6280/2486 3556/6274/2484
f 3556/6274/2484 3560/6280/2486 3558/6277/2327 3554/6271/2321
f 3557/6275/2406 3561/6282/2405 3563/6286/2487 3559/6279/2485
f 3559/6279/2485 3563/6286/2487 3564/6287/2488 3560/6281/2486
f 3560/6281/2486 3564/6287/2488 3562/6284/2333 3558/6278/2327
f 3561/6282/2405 3565/6289/2404 3567/6293/2489 3563/6286/2487
f 3563/6286/2487 3567/6293/2489 3568/6294/2490 3564/6288/2488
f 3564/6288/2488 3568/6294/2490 3566/6291/2251 3562/6285/2333
f 3565/6289/2404 3569/6296/2403 3571/6300/2491 3567/6293/2489
f 3567/6293/2489 3571/6300/2491 3572/6301/2492 3568/6295/2490
f 3568/6295/2490 3572/6301/2492 3570/6298/2252 3566/6292/2251
f 3569/6296/2403 3573/6303/2402 3575/6307/2493 3571/6300/2491
f 3571/6300/2491 3575/6307/2493 3576/6308/2494 3572/6302/2492
f 3572/6302/2492 3576/6308/2494 3574/6305/2263 3570/6299/2252
f 3573/6303/2402 3577/6310/2401 3579/6314/2495 3575/6307/2493
f 3575/6307/2493 3579/6314/2495 3580/6315/2496 3576/6309/2494
f 3576/6309/2494 3580/6315/2496 3578/6312/2271 3574/6306/2263
f 3577/6310/2401 3581/6317/2400 3583/6321/2497 3579/6314/2495
f 3579/6314/2495 3583/6321/2497 3584/6322/2498 3580/6316/2496
f 3580/6316/2496 3584/6322/2498 3582/6319/2279 3578/6313/2271
f 3581/6317/2400 3585/6324/2399 3587/6328/2499 3583/6321/2497
f 3583/6321/2497 3587/6328/2499 3588/6329/2500 3584/6323/2498
f 3584/6323/2498 3588/6329/2500 3586/6326/2287 3582/6320/2279
f 3585/6324/2399 3589/6331/2398 3591/6335/2501 3587/6328/2499
f 3587/6328/2499 3591/6335/2501 3592/6336/2502 3588/6330/2500
f 3588/6330/2500 3592/6336/2502 3590/6333/2293 3586/6327/2287
f 3589/6331/2398 3593/6338/2397 3595/6342/2503 3591/6335/2501
f 3591/6335/2501 3595/6342/2503 3596/6343/2504 3592/6337/2502
f 3592/6337/2502 3596/6343/2504 3594/6340/2299 3590/6334/2293
f 3593/6338/2397 3597/6345/2396 3599/6349/2505 3595/6342/2503
f 3595/6342/2503 3599/6349/2505 3600/6350/2506 3596/6344/2504
f 3596/6344/2504 3600/6350/2506 3598/6347/2307 3594/6341/2299
f 3597/6345/2396 3601/6352/2395 3603/6357/2507 3599/6349/2505
f 3599/6349/2505 3603/6357/2507 3604/6359/2508 3600/6351/2506
f 3600/6351/2506 3604/6359/2508 3602/6355/2313 3598/6348/2307
f 3601/6353/2395 3605/6361/2394 3607/6365/2509 3603/6358/2507
f 3603/6358/2507 3607/6365/2509 3608/6366/2510 3604/6360/2508
f 3604/6360/2508 3608/6366/2510 3606/6363/2319 3602/6356/2313
f 3605/6361/2394 3609/6368/2393 3611/6372/2511 3607/6365/2509
f 3607/6365/2509 3611/6372/2511 3612/6373/2512 3608/6367/2510
f 3608/6367/2510 3612/6373/2512 3610/6370/2325 3606/6364/2319
f 3609/6368/2393 3613/6375/2392 3615/6379/2513 3611/6372/2511
f 3611/6372/2511 3615/6379/2513 3616/6380/2514 3612/6374/2512
f 3612/6374/2512 3616/6380/2514 3614/6377/2331 3610/6371/2325
f 3613/6375/2392 3617/6382/2391 3619/6386/2515 3615/6379/2513
f 3615/6379/2513 3619/6386/2515 3620/6387/2516 3616/6381/2514
f 3616/6381/2514 3620/6387/2516 3618/6384/2243 3614/6378/2331
f 3617/6382/2391 3621/6389/2390 3623/6393/2517 3619/6386/2515
f 3619/6386/2515 3623/6393/2517 3624/6394/2518 3620/6388/2516
f 3620/6388/2516 3624/6394/2518 3622/6391/2244 3618/6385/2243
f 3621/6389/2390 3625/6396/2389 3627/6400/2519 3623/6393/2517
f 3623/6393/2517 3627/6400/2519 3628/6401/2520 3624/6395/2518
f 3624/6395/2518 3628/6401/2520 3626/6398/2257 3622/6392/2244
f 3625/6396/2389 3629/6403/2388 3631/6407/2521 3627/6400/2519
f 3627/6400/2519 3631/6407/2521 3632/6408/2522 3628/6402/2520
f 3628/6402/2520 3632/6408/2522 3630/6405/2267 3626/6399/2257
f 3629/6403/2388 3633/6410/2387 3635/6414/2523 3631/6407/2521
f 3631/6407/2521 3635/6414/2523 3636/6415/2524 3632/6409/2522
f 3632/6409/2522 3636/6415/2524 3634/6412/2275 3630/6406/2267
f 3633/6410/2387 3637/6417/2386 3639/6421/2525 3635/6414/2523
f 3635/6414/2523 3639/6421/2525 3640/6422/2526 3636/6416/2524
f 3636/6416/2524 3640/6422/2526 3638/6419/2283 3634/6413/2275
f 3637/6417/2386 3641/6424/2385 3643/6428/2527 3639/6421/2525
f 3639/6421/2525 3643/6428/2527 3644/6429/2528 3640/6423/2526
f 3640/6423/2526 3644/6429/2528 3642/6426/2247 3638/6420/2283
f 3641/6424/2385 3454/6094/2304 3456/6097/2434 3643/6428/2527
f 3643/6428/2527 3456/6097/2434 3455/6096/2436 3644/6430/2528
f 3644/6430/2528 3455/6096/2436 3453/6092/2248 3642/6427/2247
f 3453/6093/2248 3458/6101/2384 3405/6043/2335 3406/6044/2249
f 3646/6433/2092 3648/6435/2147 3650/6438/2529 3647/6434/2530
f 3647/6434/2530 3650/6438/2529 3649/6437/2094 3645/6432/2143
f 3648/6435/2147 3651/6439/2148 3653/6442/2531 3650/6438/2529
f 3650/6438/2529 3653/6442/2531 3652/6440/2095 3649/6436/2094
f 3651/6439/2148 3654/6443/2151 3656/6446/2532 3653/6442/2531
f 3653/6442/2531 3656/6446/2532 3655/6444/2096 3652/6441/2095
f 3654/6443/2151 3657/6447/2153 3659/6450/2533 3656/6446/2532
f 3656/6446/2532 3659/6450/2533 3658/6448/2097 3655/6445/2096
f 3657/6447/2153 3660/6451/2155 3662/6454/2534 3659/6450/2533
f 3659/6450/2533 3662/6454/2534 3661/6452/2098 3658/6449/2097
f 3660/6451/2155 3663/6455/2157 3665/6458/2535 3662/6454/2534
f 3662/6454/2534 3665/6458/2535 3664/6456/2099 3661/6453/2098
f 3663/6455/2157 3666/6459/2159 3668/6462/2536 3665/6458/2535
f 3665/6458/2535 3668/6462/2536 3667/6460/2100 3664/6457/2099
f 3666/6459/2159 3669/6463/2161 3671/6466/2537 3668/6462/2536
f 3668/6462/2536 3671/6466/2537 3670/6464/2101 3667/6461/2100
f 3669/6463/2161 3672/6467/2163 3674/6470/2538 3671/6466/2537
f 3671/6466/2537 3674/6470/2538 3673/6468/2102 3670/6465/2101
f 3672/6467/2163 3675/6471/2165 3677/6474/2539 3674/6470/2538
f 3674/6470/2538 3677/6474/2539 3676/6472/2103 3673/6469/2102
f 3675/6471/2165 3678/6475/2167 3680/6478/2540 3677/6474/2539
f 3677/6474/2539 3680/6478/2540 3679/6476/2104 3676/6473/2103
f 3678/6475/2167 3681/6479/2169 3683/6482/2541 3680/6478/2540
f 3680/6478/2540 3683/6482/2541 3682/6480/2105 3679/6477/2104
f 3681/6479/2169 3684/6483/2171 3686/6486/2542 3683/6482/2541
f 3683/6482/2541 3686/6486/2542 3685/6484/2106 3682/6481/2105
f 3684/6483/2171 3687/6487/2173 3689/6491/2543 3686/6486/2542
f 3686/6486/2542 3689/6491/2543 3688/6489/2107 3685/6485/2106
f 3687/6488/2173 3690/6493/2175 3692/6496/2544 3689/6492/2543
f 3689/6492/2543 3692/6496/2544 3691/6494/2108 3688/6490/2107
f 3690/6493/2175 3693/6497/2177 3695/6500/2545 3692/6496/2544
f 3692/6496/2544 3695/6500/2545 3694/6498/2109 3691/6495/2108
f 3693/6497/2177 3696/6501/2179 3698/6504/2546 3695/6500/2545
f 3695/6500/2545 3698/6504/2546 3697/6502/2110 3694/6499/2109
f 3696/6501/2179 3699/6505/2181 3701/6508/2547 3698/6504/2546
f 3698/6504/2546 3701/6508/2547 3700/6506/2111 3697/6503/2110
f 3699/6505/2181 3702/6509/2183 3704/6512/2548 3701/6508/2547
f 3701/6508/2547 3704/6512/2548 3703/6510/2112 3700/6507/2111
f 3702/6509/2183 3705/6513/2185 3707/6516/2549 3704/6512/2548
f 3704/6512/2548 3707/6516/2549 3706/6514/2113 3703/6511/2112
f 3705/6513/2185 3708/6517/2187 3710/6520/2550 3707/6516/2549
f 3707/6516/2549 3710/6520/2550 3709/6518/2114 3706/6515/2113
f 3708/6517/2187 3711/6521/2189 3713/6524/2551 3710/6520/2550
f 3710/6520/2550 3713/6524/2551 3712/6522/2115 3709/6519/2114
f 3711/6521/2189 3714/6525/2191 3716/6528/2552 3713/6524/2551
f 3713/6524/2551 3716/6528/2552 3715/6526/2116 3712/6523/2115
f 3714/6525/2191 3717/6529/2192 3719/6532/2553 3716/6528/2552
f 3716/6528/2552 3719/6532/2553 3718/6530/2117 3715/6527/2116
f 3717/6529/2192 3720/6533/2194 3722/6536/2554 3719/6532/2553
f 3719/6532/2553 3722/6536/2554 3721/6534/2118 3718/6531/2117
f 3720/6533/2194 3723/6537/2196 3725/6540/2555 3722/6536/2554
f 3722/6536/2554 3725/6540/2555 3724/6538/2119 3721/6535/2118
f 3723/6537/2196 3726/6541/2198 3728/6544/2556 3725/6540/2555
f 3725/6540/2555 3728/6544/2556 3727/6542/2120 3724/6539/2119
f 3726/6541/2198 3729/6545/2200 3731/6548/2557 3728/6544/2556
f 3728/6544/2556 3731/6548/2557 3730/6546/2121 3727/6543/2120
f 3729/6545/2200 3732/6549/2202 3734/6552/2558 3731/6548/2557
f 3731/6548/2557 3734/6552/2558 3733/6550/2122 3730/6547/2121
f 3732/6549/2202 3735/6553/2204 3737/6556/2559 3734/6552/2558
f 3734/6552/2558 3737/6556/2559 3736/6554/2123 3733/6551/2122
f 3735/6553/2204 3738/6557/2206 3740/6560/2560 3737/6556/2559
f 3737/6556/2559 3740/6560/2560 3739/6558/2124 3736/6555/2123
f 3738/6557/2206 3741/6561/2208 3743/6564/2561 3740/6560/2560
f 3740/6560/2560 3743/6564/2561 3742/6562/2125 3739/6559/2124
f 3741/6561/2208 3744/6565/2209 3746/6568/2562 3743/6564/2561
f 3743/6564/2561 3746/6568/2562 3745/6566/2126 3742/6563/2125
f 3744/6565/2209 3747/6569/2210 3749/6572/2563 3746/6568/2562
f 3746/6568/2562 3749/6572/2563 3748/6570/2127 3745/6567/2126
f 3747/6569/2210 3750/6573/2212 3752/6576/2564 3749/6572/2563
f 3749/6572/2563 3752/6576/2564 3751/6574/2128 3748/6571/2127
f 3750/6573/2212 3753/6577/2214 3755/6580/2565 3752/6576/2564
f 3752/6576/2564 3755/6580/2565 3754/6578/2129 3751/6575/2128
f 3753/6577/2214 3756/6581/2216 3758/6584/2566 3755/6580/2565
f 3755/6580/2565 3758/6584/2566 3757/6582/2130 3754/6579/2129
f 3756/6581/2216 3759/6585/2218 3761/6588/2567 3758/6584/2566
f 3758/6584/2566 3761/6588/2567 3760/6586/2131 3757/6583/2130
f 3759/6585/2218 3762/6589/2220 3764/6592/2568 3761/6588/2567
f 3761/6588/2567 3764/6592/2568 3763/6590/2132 3760/6587/2131
f 3762/6589/2220 3765/6593/2222 3767/6596/2569 3764/6592/2568
f 3764/6592/2568 3767/6596/2569 3766/6594/2133 3763/6591/2132
f 3765/6593/2222 3768/6597/2224 3770/6600/2570 3767/6596/2569
f 3767/6596/2569 3770/6600/2570 3769/6598/2134 3766/6595/2133
f 3768/6597/2224 3771/6601/2226 3773/6604/2571 3770/6600/2570
f 3770/6600/2570 3773/6604/2571 3772/6602/2135 3769/6599/2134
f 3771/6601/2226 3774/6605/2228 3776/6608/2572 3773/6604/2571
f 3773/6604/2571 3776/6608/2572 3775/6606/2136 3772/6603/2135
f 3774/6605/2228 3777/6609/2230 3779/6612/2573 3776/6608/2572
f 3776/6608/2572 3779/6612/2573 3778/6610/2137 3775/6607/2136
f 3777/6609/2230 3780/6613/2232 3782/6616/2574 3779/6612/2573
f 3779/6612/2573 3782/6616/2574 3781/6614/2138 3778/6611/2137
f 3780/6613/2232 3783/6617/2234 3785/6620/2575 3782/6616/2574
f 3782/6616/2574 3785/6620/2575 3784/6618/2139 3781/6615/2138
f 3783/6617/2234 3786/6621/2090 3788/6624/2576 3785/6620/2575
f 3785/6620/2575 3788/6624/2576 3787/6622/2142 3784/6619/2139
f 3786/6621/2090 3646/6433/2092 3647/6434/2530 3788/6624/2576
f 3788/6624/2576 3647/6434/2530 3645/6431/2143 3787/6623/2142
f 3167/5514/2093 3165/5509/2093 3645/6432/2143 3649/6437/2094
f 3799/6665/2164 3800/6669/2166 4132/7226/2577 4127/7220/2578
f 3813/6721/2093 3812/6717/2093 3953/6983/2579 3958/6989/2580
f 3800/6670/2093 3799/6666/2093 3888/6889/2581 3893/6895/2582
f 3827/6777/2093 3826/6774/2093 4023/7081/2242 4028/7087/2583
f 3814/6725/2093 3813/6722/2093 3958/6990/2580 3963/6996/2584
f 3801/6673/2093 3800/6671/2093 3893/6896/2582 3898/6902/2585
f 3828/6781/2093 3827/6778/2093 4028/7088/2583 4033/7094/2586
f 3815/6729/2093 3814/6726/2093 3963/6997/2584 3968/7003/2587
f 3802/6677/2093 3801/6674/2093 3898/6903/2585 3903/6910/2588
f 3829/6785/2093 3828/6782/2093 4033/7095/2586 4038/7101/2589
f 3816/6733/2093 3815/6730/2093 3968/7004/2587 3973/7010/2590
f 3803/6681/2093 3802/6678/2093 3903/6911/2588 3908/6919/2591
f 3830/6789/2093 3829/6786/2093 4038/7102/2589 4043/7108/2592
f 3817/6737/2093 3816/6734/2093 3973/7011/2590 3978/7017/2593
f 3804/6685/2093 3803/6682/2093 3908/6920/2591 3913/6926/2594
f 3831/6793/2093 3830/6790/2093 4043/7109/2592 4048/7115/2595
f 3789/6625/2093 3836/6813/2093 4073/7151/2596 3837/6817/2140
f 3818/6741/2093 3817/6738/2093 3978/7018/2593 3983/7024/2597
f 3805/6689/2093 3804/6686/2093 3913/6927/2594 3918/6933/2598
f 3832/6797/2093 3831/6794/2093 4048/7116/2595 4053/7122/2599
f 3792/6637/2093 3791/6633/2093 3848/6833/2600 3853/6839/2601
f 3819/6745/2093 3818/6742/2093 3983/7025/2597 3988/7031/2602
f 3806/6693/2093 3805/6690/2093 3918/6934/2598 3923/6940/2603
f 3833/6801/2093 3832/6798/2093 4053/7123/2599 4058/7129/2604
f 3793/6641/2093 3792/6638/2093 3853/6840/2601 3858/6846/2605
f 3820/6749/2093 3819/6746/2093 3988/7032/2602 3993/7038/2606
f 3807/6697/2093 3806/6694/2093 3923/6941/2603 3928/6947/2607
f 3834/6805/2093 3833/6802/2093 4058/7130/2604 4063/7136/2608
f 3794/6645/2093 3793/6642/2093 3858/6847/2605 3863/6853/2609
f 3821/6753/2093 3820/6750/2093 3993/7039/2606 3998/7045/2610
f 3808/6701/2093 3807/6698/2093 3928/6948/2607 3933/6954/2611
f 3835/6809/2093 3834/6806/2093 4063/7137/2608 4068/7143/2612
f 3795/6649/2093 3794/6646/2093 3863/6854/2609 3868/6860/2613
f 3822/6757/2093 3821/6754/2093 3998/7046/2610 4003/7052/2614
f 3809/6705/2093 3808/6702/2093 3933/6955/2611 3938/6961/2615
f 3836/6814/2093 3835/6810/2093 4068/7144/2612 4073/7150/2596
f 3796/6653/2093 3795/6650/2093 3868/6861/2613 3873/6867/2616
f 3823/6761/2093 3822/6758/2093 4003/7053/2614 4008/7059/2617
f 3810/6709/2093 3809/6706/2093 3938/6962/2615 3943/6968/2618
f 3789/6626/17 3790/6629/2146 4082/7162/2619 4078/7157/2620
f 3797/6657/2093 3796/6654/2093 3873/6868/2616 3878/6874/2621
f 3824/6765/2093 3823/6762/2093 4008/7060/2617 4013/7066/2622
f 3811/6713/2093 3810/6710/2093 3943/6969/2618 3948/6975/2623
f 3357/5947/17 3358/5949/2146 3842/6824/2619 3838/6819/2620
f 3798/6661/2093 3797/6658/2093 3878/6875/2621 3883/6881/2624
f 3825/6770/2093 3824/6766/2093 4013/7067/2622 4018/7073/2241
f 3812/6718/2093 3811/6714/2093 3948/6976/2623 3953/6982/2579
f 3799/6667/2093 3798/6662/2093 3883/6882/2624 3888/6888/2581
f 3404/6042/2091 3357/5947/17 3838/6819/2620 4072/7149/2625
f 3358/5949/2146 3359/5951/2149 3847/6831/2626 3842/6824/2619
f 3359/5951/2149 3360/5953/2150 3852/6838/2627 3847/6831/2626
f 3360/5953/2150 3361/5955/2152 3857/6845/2628 3852/6838/2627
f 3361/5955/2152 3362/5957/2154 3862/6852/2629 3857/6845/2628
f 3362/5957/2154 3363/5959/2156 3867/6859/2630 3862/6852/2629
f 3363/5959/2156 3364/5961/2158 3872/6866/2631 3867/6859/2630
f 3364/5961/2158 3365/5963/2160 3877/6873/2632 3872/6866/2631
f 3365/5963/2160 3366/5965/2162 3882/6880/2633 3877/6873/2632
f 3366/5965/2162 3367/5967/2164 3887/6887/2578 3882/6880/2633
f 3367/5967/2164 3368/5969/2166 3892/6894/2577 3887/6887/2578
f 3368/5969/2166 3369/5971/2168 3897/6901/2634 3892/6894/2577
f 3369/5971/2168 3370/5973/2170 3902/6908/2635 3897/6901/2634
f 3370/5974/2170 3371/5976/2172 3907/6918/2636 3902/6909/2635
f 3371/5976/2172 3372/5978/2174 3912/6925/2637 3907/6918/2636
f 3372/5978/2174 3373/5980/2176 3917/6932/2638 3912/6925/2637
f 3373/5980/2176 3374/5982/2178 3922/6939/2639 3917/6932/2638
f 3374/5982/2178 3375/5984/2180 3927/6946/2640 3922/6939/2639
f 3375/5984/2180 3376/5986/2182 3932/6953/2641 3927/6946/2640
f 3376/5986/2182 3377/5988/2184 3937/6960/2642 3932/6953/2641
f 3377/5988/2184 3378/5990/2186 3942/6967/2643 3937/6960/2642
f 3378/5990/2186 3379/5992/2188 3947/6974/2644 3942/6967/2643
f 3379/5992/2188 3380/5994/2190 3952/6981/2645 3947/6974/2644
f 3380/5994/2190 3381/5996/2 3957/6988/2646 3952/6981/2645
f 3381/5996/2 3382/5998/2193 3962/6995/2647 3957/6988/2646
f 3382/5998/2193 3383/6000/2195 3967/7002/2648 3962/6995/2647
f 3383/6000/2195 3384/6002/2197 3972/7009/2649 3967/7002/2648
f 3384/6002/2197 3385/6004/2199 3977/7016/2650 3972/7009/2649
f 3385/6004/2199 3386/6006/2201 3982/7023/2651 3977/7016/2650
f 3386/6006/2201 3387/6008/2203 3987/7030/2652 3982/7023/2651
f 3387/6008/2203 3388/6010/2205 3992/7037/2653 3987/7030/2652
f 3388/6010/2205 3389/6012/2207 3997/7044/2654 3992/7037/2653
f 3389/6012/2207 3390/6014/2144 4002/7051/2655 3997/7044/2654
f 3390/6014/2144 3391/6016/2145 4007/7058/2656 4002/7051/2655
f 3391/6016/2145 3392/6018/2211 4012/7065/2657 4007/7058/2656
f 3392/6018/2211 3393/6020/2213 4017/7072/2658 4012/7065/2657
f 3393/6020/2213 3394/6022/2215 4022/7079/2659 4017/7072/2658
f 3394/6022/2215 3395/6024/2217 4027/7086/2660 4022/7079/2659
f 3395/6024/2217 3396/6026/2219 4032/7093/2661 4027/7086/2660
f 3396/6026/2219 3397/6028/2221 4037/7100/2662 4032/7093/2661
f 3397/6028/2221 3398/6030/2223 4042/7107/2663 4037/7100/2662
f 3398/6030/2223 3399/6032/2225 4047/7114/2664 4042/7107/2663
f 3399/6032/2225 3400/6034/2227 4052/7121/2665 4047/7114/2664
f 3400/6034/2227 3401/6036/2229 4057/7128/2666 4052/7121/2665
f 3401/6036/2229 3402/6038/2231 4062/7135/2667 4057/7128/2666
f 3402/6038/2231 3403/6040/2233 4067/7142/2668 4062/7135/2667
f 3403/6040/2233 3404/6042/2091 4072/7149/2625 4067/7142/2668
f 3791/6634/2093 3790/6630/2093 3843/6825/2141 3848/6832/2600
f 3836/6815/2091 3789/6627/17 4078/7158/2620 4312/7455/2625
f 3826/6775/2215 3827/6779/2217 4267/7396/2660 4262/7391/2659
f 3813/6723/2 3814/6727/2193 4202/7314/2647 4197/7309/2646
f 3800/6672/2166 3801/6675/2168 4137/7232/2634 4132/7227/2577
f 3827/6780/2217 3828/6783/2219 4272/7402/2661 4267/7397/2660
f 3814/6728/2193 3815/6731/2195 4207/7320/2648 4202/7315/2647
f 3801/6676/2168 3802/6679/2170 4142/7238/2635 4137/7233/2634
f 3828/6784/2219 3829/6787/2221 4277/7408/2662 4272/7403/2661
f 3815/6732/2195 3816/6735/2197 4212/7326/2649 4207/7321/2648
f 3802/6680/2170 3803/6683/2172 4147/7244/2636 4142/7239/2635
f 3829/6788/2221 3830/6791/2223 4282/7414/2663 4277/7409/2662
f 3816/6736/2197 3817/6739/2199 4217/7332/2650 4212/7327/2649
f 3803/6684/2172 3804/6687/2174 4152/7250/2637 4147/7245/2636
f 3830/6792/2223 3831/6795/2225 4287/7420/2664 4282/7415/2663
f 4649/8295/2 4650/8297/2 4995/8880/2
f 3817/6740/2199 3818/6743/2201 4222/7338/2651 4217/7333/2650
f 3804/6688/2174 3805/6691/2176 4157/7256/2638 4152/7251/2637
f 3831/6796/2225 3832/6799/2227 4292/7426/2665 4287/7421/2664
f 3791/6635/2149 3792/6639/2150 4092/7174/2627 4087/7169/2626
f 3818/6744/2201 3819/6747/2203 4227/7344/2669 4222/7339/2651
f 3805/6692/2176 3806/6695/2178 4162/7262/2639 4157/7257/2638
f 3832/6800/2227 3833/6803/2229 4297/7433/2666 4292/7427/2665
f 3792/6640/2150 3793/6643/2152 4097/7180/2670 4092/7175/2627
f 3819/6748/2203 3820/6751/2205 4232/7350/2671 4227/7345/2669
f 3806/6696/2178 3807/6699/2180 4167/7268/2640 4162/7263/2639
f 3833/6804/2229 3834/6807/2231 4302/7440/2667 4297/7434/2666
f 3793/6644/2152 3794/6647/2154 4102/7186/2629 4097/7181/2670
f 3820/6752/2205 3821/6755/2207 4237/7357/2654 4232/7351/2671
f 3807/6700/2180 3808/6703/2182 4172/7274/2641 4167/7269/2640
f 3834/6808/2231 3835/6811/2233 4307/7447/2668 4302/7441/2667
f 3794/6648/2154 3795/6651/2156 4107/7192/2630 4102/7187/2629
f 3821/6756/2207 3822/6759/2144 4242/7364/2655 4237/7358/2654
f 3808/6704/2182 3809/6707/2184 4177/7281/2642 4172/7275/2641
f 3835/6812/2233 3836/6816/2091 4312/7454/2625 4307/7448/2668
f 3795/6652/2156 3796/6655/2158 4112/7198/2631 4107/7193/2630
f 3822/6760/2144 3823/6763/2145 4247/7371/2656 4242/7365/2655
f 3809/6708/2184 3810/6711/2186 4182/7288/2643 4177/7282/2642
f 3796/6656/2158 3797/6659/2160 4117/7205/2672 4112/7199/2631
f 3823/6764/2145 3824/6767/2211 4252/7378/2657 4247/7372/2656
f 3810/6712/2186 3811/6715/2188 4187/7295/2644 4182/7289/2643
f 3790/6631/2146 3791/6636/2149 4087/7168/2626 4082/7163/2619
f 3797/6660/2160 3798/6663/2162 4122/7212/2673 4117/7206/2672
f 3824/6768/2211 3825/6771/2213 4257/7384/2658 4252/7379/2657
f 3811/6716/2188 3812/6719/2190 4192/7302/2645 4187/7296/2644
f 3798/6664/2162 3799/6668/2164 4127/7219/2578 4122/7213/2673
f 3825/6772/2213 3826/6776/2215 4262/7390/2659 4257/7385/2658
f 3812/6720/2190 3813/6724/2 4197/7308/2646 4192/7303/2645
f 3838/6819/2620 3842/6824/2619 3844/6827/2674 3841/6823/2675
f 3841/6823/2675 3844/6827/2674 3845/6828/2676 3840/6822/2677
f 3840/6822/2677 3845/6828/2676 3846/6829/2678 3839/6820/2679
f 3839/6820/2679 3846/6829/2678 3843/6826/2141 3837/6818/2140
f 3842/6824/2619 3847/6831/2626 3849/6834/2680 3844/6827/2674
f 3844/6827/2674 3849/6834/2680 3850/6835/2681 3845/6828/2676
f 3845/6828/2676 3850/6835/2681 3851/6836/2682 3846/6830/2678
f 3846/6830/2678 3851/6836/2682 3848/6832/2600 3843/6825/2141
f 3847/6831/2626 3852/6838/2627 3854/6841/2683 3849/6834/2680
f 3849/6834/2680 3854/6841/2683 3855/6842/2684 3850/6835/2681
f 3850/6835/2681 3855/6842/2684 3856/6843/2685 3851/6837/2682
f 3851/6837/2682 3856/6843/2685 3853/6839/2601 3848/6833/2600
f 3852/6838/2627 3857/6845/2628 3859/6848/2686 3854/6841/2683
f 3854/6841/2683 3859/6848/2686 3860/6849/2687 3855/6842/2684
f 3855/6842/2684 3860/6849/2687 3861/6850/2688 3856/6844/2685
f 3856/6844/2685 3861/6850/2688 3858/6846/2605 3853/6840/2601
f 3857/6845/2628 3862/6852/2629 3864/6855/2689 3859/6848/2686
f 3859/6848/2686 3864/6855/2689 3865/6856/2690 3860/6849/2687
f 3860/6849/2687 3865/6856/2690 3866/6857/2691 3861/6851/2688
f 3861/6851/2688 3866/6857/2691 3863/6853/2609 3858/6847/2605
f 3862/6852/2629 3867/6859/2630 3869/6862/2692 3864/6855/2689
f 3864/6855/2689 3869/6862/2692 3870/6863/2693 3865/6856/2690
f 3865/6856/2690 3870/6863/2693 3871/6864/2694 3866/6858/2691
f 3866/6858/2691 3871/6864/2694 3868/6860/2613 3863/6854/2609
f 3867/6859/2630 3872/6866/2631 3874/6869/2695 3869/6862/2692
f 3869/6862/2692 3874/6869/2695 3875/6870/2696 3870/6863/2693
f 3870/6863/2693 3875/6870/2696 3876/6871/2697 3871/6865/2694
f 3871/6865/2694 3876/6871/2697 3873/6867/2616 3868/6861/2613
f 3872/6866/2631 3877/6873/2632 3879/6876/2698 3874/6869/2695
f 3874/6869/2695 3879/6876/2698 3880/6877/2699 3875/6870/2696
f 3875/6870/2696 3880/6877/2699 3881/6878/2700 3876/6872/2697
f 3876/6872/2697 3881/6878/2700 3878/6874/2621 3873/6868/2616
f 3877/6873/2632 3882/6880/2633 3884/6883/2701 3879/6876/2698
f 3879/6876/2698 3884/6883/2701 3885/6884/2702 3880/6877/2699
f 3880/6877/2699 3885/6884/2702 3886/6885/2703 3881/6879/2700
f 3881/6879/2700 3886/6885/2703 3883/6881/2624 3878/6875/2621
f 3882/6880/2633 3887/6887/2578 3889/6890/2704 3884/6883/2701
f 3884/6883/2701 3889/6890/2704 3890/6891/2705 3885/6884/2702
f 3885/6884/2702 3890/6891/2705 3891/6892/2706 3886/6886/2703
f 3886/6886/2703 3891/6892/2706 3888/6888/2581 3883/6882/2624
f 3887/6887/2578 3892/6894/2577 3894/6897/2707 3889/6890/2704
f 3889/6890/2704 3894/6897/2707 3895/6898/2708 3890/6891/2705
f 3890/6891/2705 3895/6898/2708 3896/6899/2709 3891/6893/2706
f 3891/6893/2706 3896/6899/2709 3893/6895/2582 3888/6889/2581
f 3892/6894/2577 3897/6901/2634 3899/6904/2710 3894/6897/2707
f 3894/6897/2707 3899/6904/2710 3900/6905/2711 3895/6898/2708
f 3895/6898/2708 3900/6905/2711 3901/6906/2712 3896/6900/2709
f 3896/6900/2709 3901/6906/2712 3898/6902/2585 3893/6896/2582
f 3897/6901/2634 3902/6908/2635 3904/6912/2713 3899/6904/2710
f 3899/6904/2710 3904/6912/2713 3905/6914/2714 3900/6905/2711
f 3900/6905/2711 3905/6914/2714 3906/6916/2715 3901/6907/2712
f 3901/6907/2712 3906/6916/2715 3903/6910/2588 3898/6903/2585
f 3902/6909/2635 3907/6918/2636 3909/6921/2716 3904/6913/2713
f 3904/6913/2713 3909/6921/2716 3910/6922/2717 3905/6915/2714
f 3905/6915/2714 3910/6922/2717 3911/6923/2718 3906/6917/2715
f 3906/6917/2715 3911/6923/2718 3908/6919/2591 3903/6911/2588
f 3907/6918/2636 3912/6925/2637 3914/6928/2719 3909/6921/2716
f 3909/6921/2716 3914/6928/2719 3915/6929/2720 3910/6922/2717
f 3910/6922/2717 3915/6929/2720 3916/6930/2721 3911/6924/2718
f 3911/6924/2718 3916/6930/2721 3913/6926/2594 3908/6920/2591
f 3912/6925/2637 3917/6932/2638 3919/6935/2722 3914/6928/2719
f 3914/6928/2719 3919/6935/2722 3920/6936/2723 3915/6929/2720
f 3915/6929/2720 3920/6936/2723 3921/6937/2724 3916/6931/2721
f 3916/6931/2721 3921/6937/2724 3918/6933/2598 3913/6927/2594
f 3917/6932/2638 3922/6939/2639 3924/6942/2725 3919/6935/2722
f 3919/6935/2722 3924/6942/2725 3925/6943/2726 3920/6936/2723
f 3920/6936/2723 3925/6943/2726 3926/6944/2727 3921/6938/2724
f 3921/6938/2724 3926/6944/2727 3923/6940/2603 3918/6934/2598
f 3922/6939/2639 3927/6946/2640 3929/6949/2728 3924/6942/2725
f 3924/6942/2725 3929/6949/2728 3930/6950/2729 3925/6943/2726
f 3925/6943/2726 3930/6950/2729 3931/6951/2730 3926/6945/2727
f 3926/6945/2727 3931/6951/2730 3928/6947/2607 3923/6941/2603
f 3927/6946/2640 3932/6953/2641 3934/6956/2731 3929/6949/2728
f 3929/6949/2728 3934/6956/2731 3935/6957/2732 3930/6950/2729
f 3930/6950/2729 3935/6957/2732 3936/6958/2733 3931/6952/2730
f 3931/6952/2730 3936/6958/2733 3933/6954/2611 3928/6948/2607
f 3932/6953/2641 3937/6960/2642 3939/6963/2734 3934/6956/2731
f 3934/6956/2731 3939/6963/2734 3940/6964/2735 3935/6957/2732
f 3935/6957/2732 3940/6964/2735 3941/6965/2736 3936/6959/2733
f 3936/6959/2733 3941/6965/2736 3938/6961/2615 3933/6955/2611
f 3937/6960/2642 3942/6967/2643 3944/6970/2737 3939/6963/2734
f 3939/6963/2734 3944/6970/2737 3945/6971/2738 3940/6964/2735
f 3940/6964/2735 3945/6971/2738 3946/6972/2739 3941/6966/2736
f 3941/6966/2736 3946/6972/2739 3943/6968/2618 3938/6962/2615
f 3942/6967/2643 3947/6974/2644 3949/6977/2740 3944/6970/2737
f 3944/6970/2737 3949/6977/2740 3950/6978/2741 3945/6971/2738
f 3945/6971/2738 3950/6978/2741 3951/6979/2742 3946/6973/2739
f 3946/6973/2739 3951/6979/2742 3948/6975/2623 3943/6969/2618
f 3947/6974/2644 3952/6981/2645 3954/6984/2743 3949/6977/2740
f 3949/6977/2740 3954/6984/2743 3955/6985/2744 3950/6978/2741
f 3950/6978/2741 3955/6985/2744 3956/6986/2745 3951/6980/2742
f 3951/6980/2742 3956/6986/2745 3953/6982/2579 3948/6976/2623
f 3952/6981/2645 3957/6988/2646 3959/6991/2746 3954/6984/2743
f 3954/6984/2743 3959/6991/2746 3960/6992/2747 3955/6985/2744
f 3955/6985/2744 3960/6992/2747 3961/6993/2748 3956/6987/2745
f 3956/6987/2745 3961/6993/2748 3958/6989/2580 3953/6983/2579
f 3957/6988/2646 3962/6995/2647 3964/6998/2749 3959/6991/2746
f 3959/6991/2746 3964/6998/2749 3965/6999/2750 3960/6992/2747
f 3960/6992/2747 3965/6999/2750 3966/7000/2751 3961/6994/2748
f 3961/6994/2748 3966/7000/2751 3963/6996/2584 3958/6990/2580
f 3962/6995/2647 3967/7002/2648 3969/7005/2752 3964/6998/2749
f 3964/6998/2749 3969/7005/2752 3970/7006/2753 3965/6999/2750
f 3965/6999/2750 3970/7006/2753 3971/7007/2754 3966/7001/2751
f 3966/7001/2751 3971/7007/2754 3968/7003/2587 3963/6997/2584
f 3967/7002/2648 3972/7009/2649 3974/7012/2755 3969/7005/2752
f 3969/7005/2752 3974/7012/2755 3975/7013/2756 3970/7006/2753
f 3970/7006/2753 3975/7013/2756 3976/7014/2757 3971/7008/2754
f 3971/7008/2754 3976/7014/2757 3973/7010/2590 3968/7004/2587
f 3972/7009/2649 3977/7016/2650 3979/7019/2758 3974/7012/2755
f 3974/7012/2755 3979/7019/2758 3980/7020/2759 3975/7013/2756
f 3975/7013/2756 3980/7020/2759 3981/7021/2760 3976/7015/2757
f 3976/7015/2757 3981/7021/2760 3978/7017/2593 3973/7011/2590
f 3977/7016/2650 3982/7023/2651 3984/7026/2761 3979/7019/2758
f 3979/7019/2758 3984/7026/2761 3985/7027/2762 3980/7020/2759
f 3980/7020/2759 3985/7027/2762 3986/7028/2763 3981/7022/2760
f 3981/7022/2760 3986/7028/2763 3983/7024/2597 3978/7018/2593
f 3982/7023/2651 3987/7030/2652 3989/7033/2764 3984/7026/2761
f 3984/7026/2761 3989/7033/2764 3990/7034/2765 3985/7027/2762
f 3985/7027/2762 3990/7034/2765 3991/7035/2766 3986/7029/2763
f 3986/7029/2763 3991/7035/2766 3988/7031/2602 3983/7025/2597
f 3987/7030/2652 3992/7037/2653 3994/7040/2767 3989/7033/2764
f 3989/7033/2764 3994/7040/2767 3995/7041/2768 3990/7034/2765
f 3990/7034/2765 3995/7041/2768 3996/7042/2769 3991/7036/2766
f 3991/7036/2766 3996/7042/2769 3993/7038/2606 3988/7032/2602
f 3992/7037/2653 3997/7044/2654 3999/7047/2770 3994/7040/2767
f 3994/7040/2767 3999/7047/2770 4000/7048/2771 3995/7041/2768
f 3995/7041/2768 4000/7048/2771 4001/7049/2772 3996/7043/2769
f 3996/7043/2769 4001/7049/2772 3998/7045/2610 3993/7039/2606
f 3997/7044/2654 4002/7051/2655 4004/7054/2773 3999/7047/2770
f 3999/7047/2770 4004/7054/2773 4005/7055/2774 4000/7048/2771
f 4000/7048/2771 4005/7055/2774 4006/7056/2775 4001/7050/2772
f 4001/7050/2772 4006/7056/2775 4003/7052/2614 3998/7046/2610
f 4002/7051/2655 4007/7058/2656 4009/7061/2776 4004/7054/2773
f 4004/7054/2773 4009/7061/2776 4010/7062/2777 4005/7055/2774
f 4005/7055/2774 4010/7062/2777 4011/7063/2778 4006/7057/2775
f 4006/7057/2775 4011/7063/2778 4008/7059/2617 4003/7053/2614
f 4007/7058/2656 4012/7065/2657 4014/7068/2779 4009/7061/2776
f 4009/7061/2776 4014/7068/2779 4015/7069/2780 4010/7062/2777
f 4010/7062/2777 4015/7069/2780 4016/7070/2781 4011/7064/2778
f 4011/7064/2778 4016/7070/2781 4013/7066/2622 4008/7060/2617
f 4012/7065/2657 4017/7072/2658 4019/7075/2782 4014/7068/2779
f 4014/7068/2779 4019/7075/2782 4020/7076/2783 4015/7069/2780
f 4015/7069/2780 4020/7076/2783 4021/7077/2784 4016/7071/2781
f 4016/7071/2781 4021/7077/2784 4018/7073/2241 4013/7067/2622
f 4017/7072/2658 4022/7079/2659 4024/7082/2785 4019/7075/2782
f 4019/7075/2782 4024/7082/2785 4025/7083/2786 4020/7076/2783
f 4020/7076/2783 4025/7083/2786 4026/7084/2787 4021/7078/2784
f 4021/7078/2784 4026/7084/2787 4023/7080/2242 4018/7074/2241
f 4022/7079/2659 4027/7086/2660 4029/7089/2788 4024/7082/2785
f 4024/7082/2785 4029/7089/2788 4030/7090/2789 4025/7083/2786
f 4025/7083/2786 4030/7090/2789 4031/7091/2790 4026/7085/2787
f 4026/7085/2787 4031/7091/2790 4028/7087/2583 4023/7081/2242
f 4027/7086/2660 4032/7093/2661 4034/7096/2791 4029/7089/2788
f 4029/7089/2788 4034/7096/2791 4035/7097/2792 4030/7090/2789
f 4030/7090/2789 4035/7097/2792 4036/7098/2793 4031/7092/2790
f 4031/7092/2790 4036/7098/2793 4033/7094/2586 4028/7088/2583
f 4032/7093/2661 4037/7100/2662 4039/7103/2794 4034/7096/2791
f 4034/7096/2791 4039/7103/2794 4040/7104/2795 4035/7097/2792
f 4035/7097/2792 4040/7104/2795 4041/7105/2796 4036/7099/2793
f 4036/7099/2793 4041/7105/2796 4038/7101/2589 4033/7095/2586
f 4037/7100/2662 4042/7107/2663 4044/7110/2797 4039/7103/2794
f 4039/7103/2794 4044/7110/2797 4045/7111/2798 4040/7104/2795
f 4040/7104/2795 4045/7111/2798 4046/7112/2799 4041/7106/2796
f 4041/7106/2796 4046/7112/2799 4043/7108/2592 4038/7102/2589
f 4042/7107/2663 4047/7114/2664 4049/7117/2800 4044/7110/2797
f 4044/7110/2797 4049/7117/2800 4050/7118/2801 4045/7111/2798
f 4045/7111/2798 4050/7118/2801 4051/7119/2802 4046/7113/2799
f 4046/7113/2799 4051/7119/2802 4048/7115/2595 4043/7109/2592
f 4047/7114/2664 4052/7121/2665 4054/7124/2803 4049/7117/2800
f 4049/7117/2800 4054/7124/2803 4055/7125/2804 4050/7118/2801
f 4050/7118/2801 4055/7125/2804 4056/7126/2805 4051/7120/2802
f 4051/7120/2802 4056/7126/2805 4053/7122/2599 4048/7116/2595
f 4052/7121/2665 4057/7128/2666 4059/7131/2806 4054/7124/2803
f 4054/7124/2803 4059/7131/2806 4060/7132/2807 4055/7125/2804
f 4055/7125/2804 4060/7132/2807 4061/7133/2808 4056/7127/2805
f 4056/7127/2805 4061/7133/2808 4058/7129/2604 4053/7123/2599
f 4057/7128/2666 4062/7135/2667 4064/7138/2809 4059/7131/2806
f 4059/7131/2806 4064/7138/2809 4065/7139/2810 4060/7132/2807
f 4060/7132/2807 4065/7139/2810 4066/7140/2811 4061/7134/2808
f 4061/7134/2808 4066/7140/2811 4063/7136/2608 4058/7130/2604
f 4062/7135/2667 4067/7142/2668 4069/7145/2812 4064/7138/2809
f 4064/7138/2809 4069/7145/2812 4070/7146/2813 4065/7139/2810
f 4065/7139/2810 4070/7146/2813 4071/7147/2814 4066/7141/2811
f 4066/7141/2811 4071/7147/2814 4068/7143/2612 4063/7137/2608
f 4067/7142/2668 4072/7149/2625 4074/7152/2815 4069/7145/2812
f 4069/7145/2812 4074/7152/2815 4075/7153/2816 4070/7146/2813
f 4070/7146/2813 4075/7153/2816 4076/7154/2817 4071/7148/2814
f 4071/7148/2814 4076/7154/2817 4073/7150/2596 4068/7144/2612
f 4072/7149/2625 3838/6819/2620 3841/6823/2675 4074/7152/2815
f 4074/7152/2815 3841/6823/2675 3840/6822/2677 4075/7153/2816
f 4075/7153/2816 3840/6822/2677 3839/6821/2679 4076/7155/2817
f 4076/7155/2817 3839/6821/2679 3837/6817/2140 4073/7151/2596
f 4078/7157/2620 4082/7162/2619 4084/7165/2674 4081/7161/2675
f 4081/7161/2675 4084/7165/2674 4085/7166/2676 4080/7160/2677
f 4080/7160/2677 4085/7166/2676 4086/7167/2678 4079/7159/2679
f 4079/7159/2679 4086/7167/2678 4083/7164/2141 4077/7156/2140
f 4082/7163/2619 4087/7168/2626 4089/7171/2680 4084/7165/2674
f 4084/7165/2674 4089/7171/2680 4090/7172/2681 4085/7166/2676
f 4085/7166/2676 4090/7172/2681 4091/7173/2818 4086/7167/2678
f 4086/7167/2678 4091/7173/2818 4088/7170/2600 4083/7164/2141
f 4087/7169/2626 4092/7174/2627 4094/7177/2683 4089/7171/2680
f 4089/7171/2680 4094/7177/2683 4095/7178/2684 4090/7172/2681
f 4090/7172/2681 4095/7178/2684 4096/7179/2685 4091/7173/2818
f 4091/7173/2818 4096/7179/2685 4093/7176/2601 4088/7170/2600
f 4092/7175/2627 4097/7180/2670 4099/7183/2686 4094/7177/2683
f 4094/7177/2683 4099/7183/2686 4100/7184/2687 4095/7178/2684
f 4095/7178/2684 4100/7184/2687 4101/7185/2819 4096/7179/2685
f 4096/7179/2685 4101/7185/2819 4098/7182/2605 4093/7176/2601
f 4097/7181/2670 4102/7186/2629 4104/7189/2689 4099/7183/2686
f 4099/7183/2686 4104/7189/2689 4105/7190/2690 4100/7184/2687
f 4100/7184/2687 4105/7190/2690 4106/7191/2691 4101/7185/2819
f 4101/7185/2819 4106/7191/2691 4103/7188/2609 4098/7182/2605
f 4102/7187/2629 4107/7192/2630 4109/7195/2692 4104/7189/2689
f 4104/7189/2689 4109/7195/2692 4110/7196/2693 4105/7190/2690
f 4105/7190/2690 4110/7196/2693 4111/7197/2694 4106/7191/2691
f 4106/7191/2691 4111/7197/2694 4108/7194/2613 4103/7188/2609
f 4107/7193/2630 4112/7198/2631 4114/7201/2695 4109/7195/2692
f 4109/7195/2692 4114/7201/2695 4115/7203/2820 4110/7196/2693
f 4110/7196/2693 4115/7203/2820 4116/7204/2821 4111/7197/2694
f 4111/7197/2694 4116/7204/2821 4113/7200/2616 4108/7194/2613
f 4112/7199/2631 4117/7205/2672 4119/7208/2698 4114/7202/2695
f 4114/7202/2695 4119/7208/2698 4120/7210/2699 4115/7203/2820
f 4115/7203/2820 4120/7210/2699 4121/7211/2700 4116/7204/2821
f 4116/7204/2821 4121/7211/2700 4118/7207/2621 4113/7200/2616
f 4117/7206/2672 4122/7212/2673 4124/7215/2822 4119/7209/2698
f 4119/7209/2698 4124/7215/2822 4125/7217/2702 4120/7210/2699
f 4120/7210/2699 4125/7217/2702 4126/7218/2703 4121/7211/2700
f 4121/7211/2700 4126/7218/2703 4123/7214/2624 4118/7207/2621
f 4122/7213/2673 4127/7219/2578 4129/7222/2704 4124/7216/2822
f 4124/7216/2822 4129/7222/2704 4130/7224/2705 4125/7217/2702
f 4125/7217/2702 4130/7224/2705 4131/7225/2823 4126/7218/2703
f 4126/7218/2703 4131/7225/2823 4128/7221/2824 4123/7214/2624
f 4127/7220/2578 4132/7226/2577 4134/7229/2825 4129/7223/2704
f 4129/7223/2704 4134/7229/2825 4135/7230/2826 4130/7224/2705
f 4130/7224/2705 4135/7230/2826 4136/7231/2709 4131/7225/2823
f 4131/7225/2823 4136/7231/2709 4133/7228/2582 4128/7221/2824
f 4132/7227/2577 4137/7232/2634 4139/7235/2710 4134/7229/2825
f 4134/7229/2825 4139/7235/2710 4140/7236/2711 4135/7230/2826
f 4135/7230/2826 4140/7236/2711 4141/7237/2712 4136/7231/2709
f 4136/7231/2709 4141/7237/2712 4138/7234/2585 4133/7228/2582
f 4137/7233/2634 4142/7238/2635 4144/7241/2827 4139/7235/2710
f 4139/7235/2710 4144/7241/2827 4145/7242/2828 4140/7236/2711
f 4140/7236/2711 4145/7242/2828 4146/7243/2829 4141/7237/2712
f 4141/7237/2712 4146/7243/2829 4143/7240/2588 4138/7234/2585
f 4142/7239/2635 4147/7244/2636 4149/7247/2716 4144/7241/2827
f 4144/7241/2827 4149/7247/2716 4150/7248/2717 4145/7242/2828
f 4145/7242/2828 4150/7248/2717 4151/7249/2830 4146/7243/2829
f 4146/7243/2829 4151/7249/2830 4148/7246/2831 4143/7240/2588
f 4147/7245/2636 4152/7250/2637 4154/7253/2832 4149/7247/2716
f 4149/7247/2716 4154/7253/2832 4155/7254/2720 4150/7248/2717
f 4150/7248/2717 4155/7254/2720 4156/7255/2833 4151/7249/2830
f 4151/7249/2830 4156/7255/2833 4153/7252/2594 4148/7246/2831
f 4152/7251/2637 4157/7256/2638 4159/7259/2722 4154/7253/2832
f 4154/7253/2832 4159/7259/2722 4160/7260/2723 4155/7254/2720
f 4155/7254/2720 4160/7260/2723 4161/7261/2834 4156/7255/2833
f 4156/7255/2833 4161/7261/2834 4158/7258/2598 4153/7252/2594
f 4157/7257/2638 4162/7262/2639 4164/7265/2725 4159/7259/2722
f 4159/7259/2722 4164/7265/2725 4165/7266/2726 4160/7260/2723
f 4160/7260/2723 4165/7266/2726 4166/7267/2835 4161/7261/2834
f 4161/7261/2834 4166/7267/2835 4163/7264/2603 4158/7258/2598
f 4162/7263/2639 4167/7268/2640 4169/7271/2728 4164/7265/2725
f 4164/7265/2725 4169/7271/2728 4170/7272/2729 4165/7266/2726
f 4165/7266/2726 4170/7272/2729 4171/7273/2730 4166/7267/2835
f 4166/7267/2835 4171/7273/2730 4168/7270/2836 4163/7264/2603
f 4167/7269/2640 4172/7274/2641 4174/7277/2731 4169/7271/2728
f 4169/7271/2728 4174/7277/2731 4175/7279/2732 4170/7272/2729
f 4170/7272/2729 4175/7279/2732 4176/7280/2733 4171/7273/2730
f 4171/7273/2730 4176/7280/2733 4173/7276/2611 4168/7270/2836
f 4172/7275/2641 4177/7281/2642 4179/7284/2734 4174/7278/2731
f 4174/7278/2731 4179/7284/2734 4180/7286/2735 4175/7279/2732
f 4175/7279/2732 4180/7286/2735 4181/7287/2736 4176/7280/2733
f 4176/7280/2733 4181/7287/2736 4178/7283/2615 4173/7276/2611
f 4177/7282/2642 4182/7288/2643 4184/7291/2737 4179/7285/2734
f 4179/7285/2734 4184/7291/2737 4185/7293/2738 4180/7286/2735
f 4180/7286/2735 4185/7293/2738 4186/7294/2739 4181/7287/2736
f 4181/7287/2736 4186/7294/2739 4183/7290/2618 4178/7283/2615
f 4182/7289/2643 4187/7295/2644 4189/7298/2740 4184/7292/2737
f 4184/7292/2737 4189/7298/2740 4190/7300/2741 4185/7293/2738
f 4185/7293/2738 4190/7300/2741 4191/7301/2742 4186/7294/2739
f 4186/7294/2739 4191/7301/2742 4188/7297/2623 4183/7290/2618
f 4187/7296/2644 4192/7302/2645 4194/7305/2743 4189/7299/2740
f 4189/7299/2740 4194/7305/2743 4195/7306/2744 4190/7300/2741
f 4190/7300/2741 4195/7306/2744 4196/7307/2745 4191/7301/2742
f 4191/7301/2742 4196/7307/2745 4193/7304/2579 4188/7297/2623
f 4192/7303/2645 4197/7308/2646 4199/7311/2746 4194/7305/2743
f 4194/7305/2743 4199/7311/2746 4200/7312/2747 4195/7306/2744
f 4195/7306/2744 4200/7312/2747 4201/7313/2748 4196/7307/2745
f 4196/7307/2745 4201/7313/2748 4198/7310/2837 4193/7304/2579
f 4197/7309/2646 4202/7314/2647 4204/7317/2749 4199/7311/2746
f 4199/7311/2746 4204/7317/2749 4205/7318/2750 4200/7312/2747
f 4200/7312/2747 4205/7318/2750 4206/7319/2751 4201/7313/2748
f 4201/7313/2748 4206/7319/2751 4203/7316/2584 4198/7310/2837
f 4202/7315/2647 4207/7320/2648 4209/7323/2752 4204/7317/2749
f 4204/7317/2749 4209/7323/2752 4210/7324/2838 4205/7318/2750
f 4205/7318/2750 4210/7324/2838 4211/7325/2754 4206/7319/2751
f 4206/7319/2751 4211/7325/2754 4208/7322/2587 4203/7316/2584
f 4207/7321/2648 4212/7326/2649 4214/7329/2755 4209/7323/2752
f 4209/7323/2752 4214/7329/2755 4215/7330/2756 4210/7324/2838
f 4210/7324/2838 4215/7330/2756 4216/7331/2757 4211/7325/2754
f 4211/7325/2754 4216/7331/2757 4213/7328/2590 4208/7322/2587
f 4212/7327/2649 4217/7332/2650 4219/7335/2758 4214/7329/2755
f 4214/7329/2755 4219/7335/2758 4220/7336/2759 4215/7330/2756
f 4215/7330/2756 4220/7336/2759 4221/7337/2760 4216/7331/2757
f 4216/7331/2757 4221/7337/2760 4218/7334/2593 4213/7328/2590
f 4217/7333/2650 4222/7338/2651 4224/7341/2761 4219/7335/2758
f 4219/7335/2758 4224/7341/2761 4225/7342/2762 4220/7336/2759
f 4220/7336/2759 4225/7342/2762 4226/7343/2763 4221/7337/2760
f 4221/7337/2760 4226/7343/2763 4223/7340/2597 4218/7334/2593
f 4222/7339/2651 4227/7344/2669 4229/7347/2764 4224/7341/2761
f 4224/7341/2761 4229/7347/2764 4230/7348/2765 4225/7342/2762
f 4225/7342/2762 4230/7348/2765 4231/7349/2766 4226/7343/2763
f 4226/7343/2763 4231/7349/2766 4228/7346/2839 4223/7340/2597
f 4227/7345/2669 4232/7350/2671 4234/7353/2767 4229/7347/2764
f 4229/7347/2764 4234/7353/2767 4235/7355/2768 4230/7348/2765
f 4230/7348/2765 4235/7355/2768 4236/7356/2769 4231/7349/2766
f 4231/7349/2766 4236/7356/2769 4233/7352/2606 4228/7346/2839
f 4232/7351/2671 4237/7357/2654 4239/7360/2770 4234/7354/2767
f 4234/7354/2767 4239/7360/2770 4240/7362/2771 4235/7355/2768
f 4235/7355/2768 4240/7362/2771 4241/7363/2840 4236/7356/2769
f 4236/7356/2769 4241/7363/2840 4238/7359/2610 4233/7352/2606
f 4237/7358/2654 4242/7364/2655 4244/7367/2773 4239/7361/2770
f 4239/7361/2770 4244/7367/2773 4245/7369/2774 4240/7362/2771
f 4240/7362/2771 4245/7369/2774 4246/7370/2841 4241/7363/2840
f 4241/7363/2840 4246/7370/2841 4243/7366/2614 4238/7359/2610
f 4242/7365/2655 4247/7371/2656 4249/7374/2776 4244/7368/2773
f 4244/7368/2773 4249/7374/2776 4250/7376/2842 4245/7369/2774
f 4245/7369/2774 4250/7376/2842 4251/7377/2843 4246/7370/2841
f 4246/7370/2841 4251/7377/2843 4248/7373/2617 4243/7366/2614
f 4247/7372/2656 4252/7378/2657 4254/7381/2779 4249/7375/2776
f 4249/7375/2776 4254/7381/2779 4255/7382/2780 4250/7376/2842
f 4250/7376/2842 4255/7382/2780 4256/7383/2781 4251/7377/2843
f 4251/7377/2843 4256/7383/2781 4253/7380/2844 4248/7373/2617
f 4252/7379/2657 4257/7384/2658 4259/7387/2782 4254/7381/2779
f 4254/7381/2779 4259/7387/2782 4260/7388/2783 4255/7382/2780
f 4255/7382/2780 4260/7388/2783 4261/7389/2784 4256/7383/2781
f 4256/7383/2781 4261/7389/2784 4258/7386/2241 4253/7380/2844
f 4257/7385/2658 4262/7390/2659 4264/7393/2785 4259/7387/2782
f 4259/7387/2782 4264/7393/2785 4265/7394/2786 4260/7388/2783
f 4260/7388/2783 4265/7394/2786 4266/7395/2787 4261/7389/2784
f 4261/7389/2784 4266/7395/2787 4263/7392/2242 4258/7386/2241
f 4262/7391/2659 4267/7396/2660 4269/7399/2788 4264/7393/2785
f 4264/7393/2785 4269/7399/2788 4270/7400/2789 4265/7394/2786
f 4265/7394/2786 4270/7400/2789 4271/7401/2845 4266/7395/2787
f 4266/7395/2787 4271/7401/2845 4268/7398/2583 4263/7392/2242
f 4267/7397/2660 4272/7402/2661 4274/7405/2791 4269/7399/2788
f 4269/7399/2788 4274/7405/2791 4275/7406/2792 4270/7400/2789
f 4270/7400/2789 4275/7406/2792 4276/7407/2793 4271/7401/2845
f 4271/7401/2845 4276/7407/2793 4273/7404/2846 4268/7398/2583
f 4272/7403/2661 4277/7408/2662 4279/7411/2794 4274/7405/2791
f 4274/7405/2791 4279/7411/2794 4280/7412/2795 4275/7406/2792
f 4275/7406/2792 4280/7412/2795 4281/7413/2796 4276/7407/2793
f 4276/7407/2793 4281/7413/2796 4278/7410/2847 4273/7404/2846
f 4277/7409/2662 4282/7414/2663 4284/7417/2797 4279/7411/2794
f 4279/7411/2794 4284/7417/2797 4285/7418/2798 4280/7412/2795
f 4280/7412/2795 4285/7418/2798 4286/7419/2848 4281/7413/2796
f 4281/7413/2796 4286/7419/2848 4283/7416/2592 4278/7410/2847
f 4282/7415/2663 4287/7420/2664 4289/7423/2800 4284/7417/2797
f 4284/7417/2797 4289/7423/2800 4290/7424/2801 4285/7418/2798
f 4285/7418/2798 4290/7424/2801 4291/7425/2802 4286/7419/2848
f 4286/7419/2848 4291/7425/2802 4288/7422/2595 4283/7416/2592
f 4287/7421/2664 4292/7426/2665 4294/7429/2803 4289/7423/2800
f 4289/7423/2800 4294/7429/2803 4295/7431/2804 4290/7424/2801
f 4290/7424/2801 4295/7431/2804 4296/7432/2805 4291/7425/2802
f 4291/7425/2802 4296/7432/2805 4293/7428/2599 4288/7422/2595
f 4292/7427/2665 4297/7433/2666 4299/7436/2806 4294/7430/2803
f 4294/7430/2803 4299/7436/2806 4300/7438/2807 4295/7431/2804
f 4295/7431/2804 4300/7438/2807 4301/7439/2849 4296/7432/2805
f 4296/7432/2805 4301/7439/2849 4298/7435/2604 4293/7428/2599
f 4297/7434/2666 4302/7440/2667 4304/7443/2809 4299/7437/2806
f 4299/7437/2806 4304/7443/2809 4305/7445/2810 4300/7438/2807
f 4300/7438/2807 4305/7445/2810 4306/7446/2811 4301/7439/2849
f 4301/7439/2849 4306/7446/2811 4303/7442/2608 4298/7435/2604
f 4302/7441/2667 4307/7447/2668 4309/7450/2812 4304/7444/2809
f 4304/7444/2809 4309/7450/2812 4310/7452/2813 4305/7445/2810
f 4305/7445/2810 4310/7452/2813 4311/7453/2814 4306/7446/2811
f 4306/7446/2811 4311/7453/2814 4308/7449/2612 4303/7442/2608
f 4307/7448/2668 4312/7454/2625 4314/7457/2815 4309/7451/2812
f 4309/7451/2812 4314/7457/2815 4315/7458/2816 4310/7452/2813
f 4310/7452/2813 4315/7458/2816 4316/7459/2817 4311/7453/2814
f 4311/7453/2814 4316/7459/2817 4313/7456/2596 4308/7449/2612
f 4312/7455/2625 4078/7158/2620 4081/7161/2675 4314/7457/2815
f 4314/7457/2815 4081/7161/2675 4080/7160/2677 4315/7458/2816
f 4315/7458/2816 4080/7160/2677 4079/7159/2679 4316/7459/2817
f 4316/7459/2817 4079/7159/2679 4077/7156/2140 4313/7456/2596
f 3790/6632/2093 3789/6628/2093 3837/6818/2140 3843/6826/2141
f 4317/7460/2850 4329/7476/2851 4340/7506/2852 4328/7475/2853
f 4318/7461/2854 4330/7478/2855 4329/7476/2851 4317/7460/2850
f 4319/7463/2856 4331/7482/2857 4330/7479/2855 4318/7462/2854
f 4320/7465/2858 4332/7486/2859 4331/7483/2857 4319/7464/2856
f 4321/7467/2860 4333/7490/2861 4332/7487/2859 4320/7466/2858
f 4322/7468/2862 4334/7492/2863 4333/7490/2861 4321/7467/2860
f 4323/7469/2864 4335/7494/2865 4334/7492/2863 4322/7468/2862
f 4324/7470/2866 4336/7496/2867 4335/7494/2865 4323/7469/2864
f 4325/7471/2868 4337/7498/2869 4336/7496/2867 4324/7470/2866
f 4326/7473/2870 4338/7502/2871 4337/7499/2869 4325/7472/2868
f 4327/7474/2872 4339/7504/2873 4338/7502/2871 4326/7473/2870
f 4328/7475/2853 4340/7506/2852 4339/7504/2873 4327/7474/2872
f 4329/7477/2851 4341/7508/2874 4352/7538/2875 4340/7507/2852
f 4330/7480/2855 4342/7510/2876 4341/7508/2874 4329/7477/2851
f 4331/7484/2857 4343/7514/2877 4342/7511/2876 4330/7481/2855
f 4332/7488/2859 4344/7518/2878 4343/7515/2877 4331/7485/2857
f 4333/7491/2861 4345/7522/2879 4344/7519/2878 4332/7489/2859
f 4334/7493/2863 4346/7524/2880 4345/7522/2879 4333/7491/2861
f 4335/7495/2865 4347/7526/2881 4346/7524/2880 4334/7493/2863
f 4336/7497/2867 4348/7528/2882 4347/7526/2881 4335/7495/2865
f 4337/7500/2869 4349/7530/2883 4348/7528/2882 4336/7497/2867
f 4338/7503/2871 4350/7534/2884 4349/7531/2883 4337/7501/2869
f 4339/7505/2873 4351/7536/2885 4350/7534/2884 4338/7503/2871
f 4340/7507/2852 4352/7538/2875 4351/7536/2885 4339/7505/2873
f 4341/7509/2874 4353/7540/2886 4364/7570/2887 4352/7539/2875
f 4342/7512/2876 4354/7542/2888 4353/7540/2886 4341/7509/2874
f 4343/7516/2877 4355/7546/2889 4354/7543/2888 4342/7513/2876
f 4344/7520/2878 4356/7550/2890 4355/7547/2889 4343/7517/2877
f 4345/7523/2879 4357/7554/2891 4356/7551/2890 4344/7521/2878
f 4346/7525/2880 4358/7556/2892 4357/7554/2891 4345/7523/2879
f 4347/7527/2881 4359/7558/2893 4358/7556/2892 4346/7525/2880
f 4348/7529/2882 4360/7560/2894 4359/7558/2893 4347/7527/2881
f 4349/7532/2883 4361/7562/2895 4360/7560/2894 4348/7529/2882
f 4350/7535/2884 4362/7566/2896 4361/7563/2895 4349/7533/2883
f 4351/7537/2885 4363/7568/2897 4362/7566/2896 4350/7535/2884
f 4352/7539/2875 4364/7570/2887 4363/7568/2897 4351/7537/2885
f 4353/7541/2886 4365/7572/2898 4376/7602/2899 4364/7571/2887
f 4354/7544/2888 4366/7574/2900 4365/7572/2898 4353/7541/2886
f 4355/7548/2889 4367/7578/2081 4366/7575/2900 4354/7545/2888
f 4356/7552/2890 4368/7582/2901 4367/7579/2081 4355/7549/2889
f 4357/7555/2891 4369/7586/2902 4368/7583/2901 4356/7553/2890
f 4358/7557/2892 4370/7588/2903 4369/7586/2902 4357/7555/2891
f 4359/7559/2893 4371/7590/2904 4370/7588/2903 4358/7557/2892
f 4360/7561/2894 4372/7592/2905 4371/7590/2904 4359/7559/2893
f 4361/7564/2895 4373/7594/2085 4372/7592/2905 4360/7561/2894
f 4362/7567/2896 4374/7598/2906 4373/7595/2085 4361/7565/2895
f 4363/7569/2897 4375/7600/2907 4374/7598/2906 4362/7567/2896
f 4364/7571/2887 4376/7602/2899 4375/7600/2907 4363/7569/2897
f 4365/7573/2898 4377/7604/2908 4388/7634/2909 4376/7603/2899
f 4366/7576/2900 4378/7606/2910 4377/7604/2908 4365/7573/2898
f 4367/7580/2081 4379/7610/2911 4378/7607/2910 4366/7577/2900
f 4368/7584/2901 4380/7614/2912 4379/7611/2911 4367/7581/2081
f 4369/7587/2902 4381/7618/2913 4380/7615/2912 4368/7585/2901
f 4370/7589/2903 4382/7620/2914 4381/7618/2913 4369/7587/2902
f 4371/7591/2904 4383/7622/2915 4382/7620/2914 4370/7589/2903
f 4372/7593/2905 4384/7624/2916 4383/7622/2915 4371/7591/2904
f 4373/7596/2085 4385/7626/2917 4384/7624/2916 4372/7593/2905
f 4374/7599/2906 4386/7630/2918 4385/7627/2917 4373/7597/2085
f 4375/7601/2907 4387/7632/2919 4386/7630/2918 4374/7599/2906
f 4376/7603/2899 4388/7634/2909 4387/7632/2919 4375/7601/2907
f 4377/7605/2908 4389/7636/2920 4400/7666/2921 4388/7635/2909
f 4378/7608/2910 4390/7638/2922 4389/7636/2920 4377/7605/2908
f 4379/7612/2911 4391/7642/2923 4390/7639/2922 4378/7609/2910
f 4380/7616/2912 4392/7646/2924 4391/7643/2923 4379/7613/2911
f 4381/7619/2913 4393/7650/2925 4392/7647/2924 4380/7617/2912
f 4382/7621/2914 4394/7652/2926 4393/7650/2925 4381/7619/2913
f 4383/7623/2915 4395/7654/2927 4394/7652/2926 4382/7621/2914
f 4384/7625/2916 4396/7656/2928 4395/7654/2927 4383/7623/2915
f 4385/7628/2917 4397/7658/2929 4396/7656/2928 4384/7625/2916
f 4386/7631/2918 4398/7662/2930 4397/7659/2929 4385/7629/2917
f 4387/7633/2919 4399/7664/2931 4398/7662/2930 4386/7631/2918
f 4388/7635/2909 4400/7666/2921 4399/7664/2931 4387/7633/2919
f 4389/7637/2920 4401/7668/2932 4412/7698/2933 4400/7667/2921
f 4390/7640/2922 4402/7670/2934 4401/7668/2932 4389/7637/2920
f 4391/7644/2923 4403/7674/2935 4402/7671/2934 4390/7641/2922
f 4392/7648/2924 4404/7678/2936 4403/7675/2935 4391/7645/2923
f 4393/7651/2925 4405/7682/2937 4404/7679/2936 4392/7649/2924
f 4394/7653/2926 4406/7684/2938 4405/7682/2937 4393/7651/2925
f 4395/7655/2927 4407/7686/2939 4406/7684/2938 4394/7653/2926
f 4396/7657/2928 4408/7688/2940 4407/7686/2939 4395/7655/2927
f 4397/7660/2929 4409/7690/2941 4408/7688/2940 4396/7657/2928
f 4398/7663/2930 4410/7694/2942 4409/7691/2941 4397/7661/2929
f 4399/7665/2931 4411/7696/2943 4410/7694/2942 4398/7663/2930
f 4400/7667/2921 4412/7698/2933 4411/7696/2943 4399/7665/2931
f 4401/7669/2932 4413/7700/2944 4424/7730/2945 4412/7699/2933
f 4402/7672/2934 4414/7702/2946 4413/7700/2944 4401/7669/2932
f 4403/7676/2935 4415/7706/2082 4414/7703/2946 4402/7673/2934
f 4404/7680/2936 4416/7710/2947 4415/7707/2082 4403/7677/2935
f 4405/7683/2937 4417/7714/2948 4416/7711/2947 4404/7681/2936
f 4406/7685/2938 4418/7716/2949 4417/7714/2948 4405/7683/2937
f 4407/7687/2939 4419/7718/2950 4418/7716/2949 4406/7685/2938
f 4408/7689/2940 4420/7720/2951 4419/7718/2950 4407/7687/2939
f 4409/7692/2941 4421/7722/2086 4420/7720/2951 4408/7689/2940
f 4410/7695/2942 4422/7726/2952 4421/7723/2086 4409/7693/2941
f 4411/7697/2943 4423/7728/2953 4422/7726/2952 4410/7695/2942
f 4412/7699/2933 4424/7730/2945 4423/7728/2953 4411/7697/2943
f 4413/7701/2944 4425/7732/2954 4436/7762/2955 4424/7731/2945
f 4414/7704/2946 4426/7734/2956 4425/7732/2954 4413/7701/2944
f 4415/7708/2082 4427/7738/2957 4426/7735/2956 4414/7705/2946
f 4416/7712/2947 4428/7742/2958 4427/7739/2957 4415/7709/2082
f 4417/7715/2948 4429/7746/2959 4428/7743/2958 4416/7713/2947
f 4418/7717/2949 4430/7748/2960 4429/7746/2959 4417/7715/2948
f 4419/7719/2950 4431/7750/2961 4430/7748/2960 4418/7717/2949
f 4420/7721/2951 4432/7752/2962 4431/7750/2961 4419/7719/2950
f 4421/7724/2086 4433/7754/2963 4432/7752/2962 4420/7721/2951
f 4422/7727/2952 4434/7758/2964 4433/7755/2963 4421/7725/2086
f 4423/7729/2953 4435/7760/2965 4434/7758/2964 4422/7727/2952
f 4424/7731/2945 4436/7762/2955 4435/7760/2965 4423/7729/2953
f 4425/7733/2954 4437/7764/2966 4448/7794/2967 4436/7763/2955
f 4426/7736/2956 4438/7766/2968 4437/7764/2966 4425/7733/2954
f 4427/7740/2957 4439/7770/2969 4438/7767/2968 4426/7737/2956
f 4428/7744/2958 4440/7774/2970 4439/7771/2969 4427/7741/2957
f 4429/7747/2959 4441/7778/2971 4440/7775/2970 4428/7745/2958
f 4430/7749/2960 4442/7780/2972 4441/7778/2971 4429/7747/2959
f 4431/7751/2961 4443/7782/2973 4442/7780/2972 4430/7749/2960
f 4432/7753/2962 4444/7784/2974 4443/7782/2973 4431/7751/2961
f 4433/7756/2963 4445/7786/2975 4444/7784/2974 4432/7753/2962
f 4434/7759/2964 4446/7790/2976 4445/7787/2975 4433/7757/2963
f 4435/7761/2965 4447/7792/2977 4446/7790/2976 4434/7759/2964
f 4436/7763/2955 4448/7794/2967 4447/7792/2977 4435/7761/2965
f 4437/7765/2966 4449/7796/2978 4460/7826/2979 4448/7795/2967
f 4438/7768/2968 4450/7798/2980 4449/7796/2978 4437/7765/2966
f 4439/7772/2969 4451/7802/2981 4450/7799/2980 4438/7769/2968
f 4440/7776/2970 4452/7806/2982 4451/7803/2981 4439/7773/2969
f 4441/7779/2971 4453/7810/2983 4452/7807/2982 4440/7777/2970
f 4442/7781/2972 4454/7812/2984 4453/7810/2983 4441/7779/2971
f 4443/7783/2973 4455/7814/2985 4454/7812/2984 4442/7781/2972
f 4444/7785/2974 4456/7816/2986 4455/7814/2985 4443/7783/2973
f 4445/7788/2975 4457/7818/2987 4456/7816/2986 4444/7785/2974
f 4446/7791/2976 4458/7822/2988 4457/7819/2987 4445/7789/2975
f 4447/7793/2977 4459/7824/2989 4458/7822/2988 4446/7791/2976
f 4448/7795/2967 4460/7826/2979 4459/7824/2989 4447/7793/2977
f 4449/7797/2978 4461/7828/2990 4472/7858/2991 4460/7827/2979
f 4450/7800/2980 4462/7830/2992 4461/7828/2990 4449/7797/2978
f 4451/7804/2981 4463/7834/66 4462/7831/2992 4450/7801/2980
f 4452/7808/2982 4464/7838/2993 4463/7835/66 4451/7805/2981
f 4453/7811/2983 4465/7842/2994 4464/7839/2993 4452/7809/2982
f 4454/7813/2984 4466/7844/2995 4465/7842/2994 4453/7811/2983
f 4455/7815/2985 4467/7846/2996 4466/7844/2995 4454/7813/2984
f 4456/7817/2986 4468/7848/2997 4467/7846/2996 4455/7815/2985
f 4457/7820/2987 4469/7850/32 4468/7848/2997 4456/7817/2986
f 4458/7823/2988 4470/7854/2998 4469/7851/32 4457/7821/2987
f 4459/7825/2989 4471/7856/2999 4470/7854/2998 4458/7823/2988
f 4460/7827/2979 4472/7858/2991 4471/7856/2999 4459/7825/2989
f 4461/7829/2990 4473/7860/3000 4484/7890/3001 4472/7859/2991
f 4462/7832/2992 4474/7862/3002 4473/7860/3000 4461/7829/2990
f 4463/7836/66 4475/7866/3003 4474/7863/3002 4462/7833/2992
f 4464/7840/2993 4476/7870/3004 4475/7867/3003 4463/7837/66
f 4465/7843/2994 4477/7874/3005 4476/7871/3004 4464/7841/2993
f 4466/7845/2995 4478/7876/3006 4477/7874/3005 4465/7843/2994
f 4467/7847/2996 4479/7878/3007 4478/7876/3006 4466/7845/2995
f 4468/7849/2997 4480/7880/3008 4479/7878/3007 4467/7847/2996
f 4469/7852/32 4481/7882/3009 4480/7880/3008 4468/7849/2997
f 4470/7855/2998 4482/7886/3010 4481/7883/3009 4469/7853/32
f 4471/7857/2999 4483/7888/3011 4482/7886/3010 4470/7855/2998
f 4472/7859/2991 4484/7890/3001 4483/7888/3011 4471/7857/2999
f 4473/7861/3000 4485/7892/3012 4496/7922/3013 4484/7891/3001
f 4474/7864/3002 4486/7894/3014 4485/7892/3012 4473/7861/3000
f 4475/7868/3003 4487/7898/3015 4486/7895/3014 4474/7865/3002
f 4476/7872/3004 4488/7902/3016 4487/7899/3015 4475/7869/3003
f 4477/7875/3005 4489/7906/3017 4488/7903/3016 4476/7873/3004
f 4478/7877/3006 4490/7908/3018 4489/7906/3017 4477/7875/3005
f 4479/7879/3007 4491/7910/3019 4490/7908/3018 4478/7877/3006
f 4480/7881/3008 4492/7912/3020 4491/7910/3019 4479/7879/3007
f 4481/7884/3009 4493/7914/3021 4492/7912/3020 4480/7881/3008
f 4482/7887/3010 4494/7918/3022 4493/7915/3021 4481/7885/3009
f 4483/7889/3011 4495/7920/3023 4494/7918/3022 4482/7887/3010
f 4484/7891/3001 4496/7922/3013 4495/7920/3023 4483/7889/3011
f 4485/7893/3012 4497/7924/3024 4508/7954/3025 4496/7923/3013
f 4486/7896/3014 4498/7926/3026 4497/7924/3024 4485/7893/3012
f 4487/7900/3015 4499/7930/3027 4498/7927/3026 4486/7897/3014
f 4488/7904/3016 4500/7934/3028 4499/7931/3027 4487/7901/3015
f 4489/7907/3017 4501/7938/3029 4500/7935/3028 4488/7905/3016
f 4490/7909/3018 4502/7940/3030 4501/7938/3029 4489/7907/3017
f 4491/7911/3019 4503/7942/3031 4502/7940/3030 4490/7909/3018
f 4492/7913/3020 4504/7944/3032 4503/7942/3031 4491/7911/3019
f 4493/7916/3021 4505/7946/3033 4504/7944/3032 4492/7913/3020
f 4494/7919/3022 4506/7950/3034 4505/7947/3033 4493/7917/3021
f 4495/7921/3023 4507/7952/3035 4506/7950/3034 4494/7919/3022
f 4496/7923/3013 4508/7954/3025 4507/7952/3035 4495/7921/3023
f 4497/7925/3024 4509/7956/3036 4520/7986/3037 4508/7955/3025
f 4498/7928/3026 4510/7958/3038 4509/7956/3036 4497/7925/3024
f 4499/7932/3027 4511/7962/2083 4510/7959/3038 4498/7929/3026
f 4500/7936/3028 4512/7966/3039 4511/7963/2083 4499/7933/3027
f 4501/7939/3029 4513/7970/3040 4512/7967/3039 4500/7937/3028
f 4502/7941/3030 4514/7972/3041 4513/7970/3040 4501/7939/3029
f 4503/7943/3031 4515/7974/3042 4514/7972/3041 4502/7941/3030
f 4504/7945/3032 4516/7976/3043 4515/7974/3042 4503/7943/3031
f 4505/7948/3033 4517/7978/2087 4516/7976/3043 4504/7945/3032
f 4506/7951/3034 4518/7982/3044 4517/7979/2087 4505/7949/3033
f 4507/7953/3035 4519/7984/3045 4518/7982/3044 4506/7951/3034
f 4508/7955/3025 4520/7986/3037 4519/7984/3045 4507/7953/3035
f 4509/7957/3036 4521/7988/3046 4532/8018/3047 4520/7987/3037
f 4510/7960/3038 4522/7990/3048 4521/7988/3046 4509/7957/3036
f 4511/7964/2083 4523/7994/3049 4522/7991/3048 4510/7961/3038
f 4512/7968/3039 4524/7998/3050 4523/7995/3049 4511/7965/2083
f 4513/7971/3040 4525/8002/3051 4524/7999/3050 4512/7969/3039
f 4514/7973/3041 4526/8004/3052 4525/8002/3051 4513/7971/3040
f 4515/7975/3042 4527/8006/3053 4526/8004/3052 4514/7973/3041
f 4516/7977/3043 4528/8008/3054 4527/8006/3053 4515/7975/3042
f 4517/7980/2087 4529/8010/3055 4528/8008/3054 4516/7977/3043
f 4518/7983/3044 4530/8014/3056 4529/8011/3055 4517/7981/2087
f 4519/7985/3045 4531/8016/3057 4530/8014/3056 4518/7983/3044
f 4520/7987/3037 4532/8018/3047 4531/8016/3057 4519/7985/3045
f 4521/7989/3046 4533/8020/3058 4544/8050/3059 4532/8019/3047
f 4522/7992/3048 4534/8022/3060 4533/8020/3058 4521/7989/3046
f 4523/7996/3049 4535/8026/3061 4534/8023/3060 4522/7993/3048
f 4524/8000/3050 4536/8030/3062 4535/8027/3061 4523/7997/3049
f 4525/8003/3051 4537/8034/3063 4536/8031/3062 4524/8001/3050
f 4526/8005/3052 4538/8036/3064 4537/8034/3063 4525/8003/3051
f 4527/8007/3053 4539/8038/3065 4538/8036/3064 4526/8005/3052
f 4528/8009/3054 4540/8040/3066 4539/8038/3065 4527/8007/3053
f 4529/8012/3055 4541/8042/3067 4540/8040/3066 4528/8009/3054
f 4530/8015/3056 4542/8046/3068 4541/8043/3067 4529/8013/3055
f 4531/8017/3057 4543/8048/3069 4542/8046/3068 4530/8015/3056
f 4532/8019/3047 4544/8050/3059 4543/8048/3069 4531/8017/3057
f 4533/8021/3058 4545/8052/3070 4556/8082/3071 4544/8051/3059
f 4534/8024/3060 4546/8054/3072 4545/8052/3070 4533/8021/3058
f 4535/8028/3061 4547/8058/3073 4546/8055/3072 4534/8025/3060
f 4536/8032/3062 4548/8062/3074 4547/8059/3073 4535/8029/3061
f 4537/8035/3063 4549/8066/3075 4548/8063/3074 4536/8033/3062
f 4538/8037/3064 4550/8068/3076 4549/8066/3075 4537/8035/3063
f 4539/8039/3065 4551/8070/3077 4550/8068/3076 4538/8037/3064
f 4540/8041/3066 4552/8072/3078 4551/8070/3077 4539/8039/3065
f 4541/8044/3067 4553/8074/3079 4552/8072/3078 4540/8041/3066
f 4542/8047/3068 4554/8078/3080 4553/8075/3079 4541/8045/3067
f 4543/8049/3069 4555/8080/3081 4554/8078/3080 4542/8047/3068
f 4544/8051/3059 4556/8082/3071 4555/8080/3081 4543/8049/3069
f 4545/8053/3070 4557/8084/3082 4568/8114/3083 4556/8083/3071
f 4546/8056/3072 4558/8086/3084 4557/8084/3082 4545/8053/3070
f 4547/8060/3073 4559/8090/2084 4558/8087/3084 4546/8057/3072
f 4548/8064/3074 4560/8094/3085 4559/8091/2084 4547/8061/3073
f 4549/8067/3075 4561/8098/3086 4560/8095/3085 4548/8065/3074
f 4550/8069/3076 4562/8100/3087 4561/8098/3086 4549/8067/3075
f 4551/8071/3077 4563/8102/3088 4562/8100/3087 4550/8069/3076
f 4552/8073/3078 4564/8104/3089 4563/8102/3088 4551/8071/3077
f 4553/8076/3079 4565/8106/2088 4564/8104/3089 4552/8073/3078
f 4554/8079/3080 4566/8110/3090 4565/8107/2088 4553/8077/3079
f 4555/8081/3081 4567/8112/3091 4566/8110/3090 4554/8079/3080
f 4556/8083/3071 4568/8114/3083 4567/8112/3091 4555/8081/3081
f 4557/8085/3082 4569/8116/3092 4580/8146/3093 4568/8115/3083
f 4558/8088/3084 4570/8118/3094 4569/8116/3092 4557/8085/3082
f 4559/8092/2084 4571/8122/3095 4570/8119/3094 4558/8089/3084
f 4560/8096/3085 4572/8126/3096 4571/8123/3095 4559/8093/2084
f 4561/8099/3086 4573/8130/3097 4572/8127/3096 4560/8097/3085
f 4562/8101/3087 4574/8132/3098 4573/8130/3097 4561/8099/3086
f 4563/8103/3088 4575/8134/3099 4574/8132/3098 4562/8101/3087
f 4564/8105/3089 4576/8136/3100 4575/8134/3099 4563/8103/3088
f 4565/8108/2088 4577/8138/3101 4576/8136/3100 4564/8105/3089
f 4566/8111/3090 4578/8142/3102 4577/8139/3101 4565/8109/2088
f 4567/8113/3091 4579/8144/3103 4578/8142/3102 4566/8111/3090
f 4568/8115/3083 4580/8146/3093 4579/8144/3103 4567/8113/3091
f 4569/8117/3092 4581/8148/3104 4592/8178/3105 4580/8147/3093
f 4570/8120/3094 4582/8150/3106 4581/8148/3104 4569/8117/3092
f 4571/8124/3095 4583/8154/3107 4582/8151/3106 4570/8121/3094
f 4572/8128/3096 4584/8158/3108 4583/8155/3107 4571/8125/3095
f 4573/8131/3097 4585/8162/3109 4584/8159/3108 4572/8129/3096
f 4574/8133/3098 4586/8164/3110 4585/8162/3109 4573/8131/3097
f 4575/8135/3099 4587/8166/3111 4586/8164/3110 4574/8133/3098
f 4576/8137/3100 4588/8168/3112 4587/8166/3111 4575/8135/3099
f 4577/8140/3101 4589/8170/3113 4588/8168/3112 4576/8137/3100
f 4578/8143/3102 4590/8174/3114 4589/8171/3113 4577/8141/3101
f 4579/8145/3103 4591/8176/3115 4590/8174/3114 4578/8143/3102
f 4580/8147/3093 4592/8178/3105 4591/8176/3115 4579/8145/3103
f 4581/8149/3104 4593/8180/3116 4604/8210/3117 4592/8179/3105
f 4582/8152/3106 4594/8182/3118 4593/8180/3116 4581/8149/3104
f 4583/8156/3107 4595/8186/3119 4594/8183/3118 4582/8153/3106
f 4584/8160/3108 4596/8190/3120 4595/8187/3119 4583/8157/3107
f 4585/8163/3109 4597/8194/3121 4596/8191/3120 4584/8161/3108
f 4586/8165/3110 4598/8196/3122 4597/8194/3121 4585/8163/3109
f 4587/8167/3111 4599/8198/3123 4598/8196/3122 4586/8165/3110
f 4588/8169/3112 4600/8200/3124 4599/8198/3123 4587/8167/3111
f 4589/8172/3113 4601/8202/3125 4600/8200/3124 4588/8169/3112
f 4590/8175/3114 4602/8206/3126 4601/8203/3125 4589/8173/3113
f 4591/8177/3115 4603/8208/3127 4602/8206/3126 4590/8175/3114
f 4592/8179/3105 4604/8210/3117 4603/8208/3127 4591/8177/3115
f 4593/8181/3116 4605/8212/3128 4616/8227/2853 4604/8211/3117
f 4594/8184/3118 4606/8213/3129 4605/8212/3128 4593/8181/3116
f 4595/8188/3119 4607/8215/3130 4606/8214/3129 4594/8185/3118
f 4596/8192/3120 4608/8217/3131 4607/8216/3130 4595/8189/3119
f 4597/8195/3121 4609/8219/3132 4608/8218/3131 4596/8193/3120
f 4598/8197/3122 4610/8220/2862 4609/8219/3132 4597/8195/3121
f 4599/8199/3123 4611/8221/3133 4610/8220/2862 4598/8197/3122
f 4600/8201/3124 4612/8222/3134 4611/8221/3133 4599/8199/3123
f 4601/8204/3125 4613/8223/3135 4612/8222/3134 4600/8201/3124
f 4602/8207/3126 4614/8225/3136 4613/8224/3135 4601/8205/3125
f 4603/8209/3127 4615/8226/3137 4614/8225/3136 4602/8207/3126
f 4604/8211/3117 4616/8227/2853 4615/8226/3137 4603/8209/3127
f 4639/8264/17 4638/8261/17 4670/8333/17 4671/8334/17
f 4640/8267/17 4639/8265/17 4671/8334/17 4672/8335/17
f 4641/8270/17 4640/8268/17 4672/8335/17 4673/8336/17
f 4642/8273/17 4641/8271/17 4673/8336/17 4674/8337/17
f 4643/8276/17 4642/8274/17 4674/8337/17 4675/8338/17
f 4644/8279/17 4643/8277/17 4675/8338/17 4676/8339/17
f 4713/8411/17 4716/8418/17 4996/8881/17
f 4645/8282/17 4644/8280/17 4676/8339/17 4677/8340/17
f 4632/8244/3138 4648/8291/3138 4633/8245/25 4617/8228/25
f 4631/8243/3139 4647/8288/3139 4648/8291/3138 4632/8244/3138
f 4630/8242/3140 4646/8285/3140 4647/8288/3139 4631/8243/3139
f 4629/8241/66 4645/8283/66 4646/8285/3140 4630/8242/3140
f 4628/8240/3141 4644/8281/3141 4645/8283/66 4629/8241/66
f 4627/8239/3142 4643/8278/3142 4644/8281/3141 4628/8240/3141
f 4626/8238/3143 4642/8275/3143 4643/8278/3142 4627/8239/3142
f 4625/8237/9 4641/8272/9 4642/8275/3143 4626/8238/3143
f 4624/8236/3144 4640/8269/3144 4641/8272/9 4625/8237/9
f 4623/8235/3145 4639/8266/3145 4640/8269/3144 4624/8236/3144
f 4622/8234/3146 4638/8262/3146 4639/8266/3145 4623/8235/3145
f 4621/8232/32 4637/8257/32 4638/8262/3146 4622/8234/3146
f 4620/8231/3147 4636/8254/3147 4637/8258/32 4621/8233/32
f 4619/8230/3148 4635/8251/3148 4636/8254/3147 4620/8231/3147
f 4618/8229/3149 4634/8248/3149 4635/8251/3148 4619/8230/3148
f 4617/8228/25 4633/8245/25 4634/8248/3149 4618/8229/3149
f 4651/8298/25 4650/8296/25 4649/8294/3149 4666/8328/3149
f 4666/8328/3149 4649/8294/3149 4652/8299/3148 4667/8329/3148
f 4667/8329/3148 4652/8299/3148 4653/8301/3147 4668/8330/3147
f 4668/8330/3147 4653/8301/3147 4654/8303/32 4669/8332/32
f 4669/8331/32 4654/8304/32 4655/8306/3146 4670/8333/3146
f 4670/8333/3146 4655/8306/3146 4656/8308/3145 4671/8334/3145
f 4671/8334/3145 4656/8308/3145 4657/8310/3144 4672/8335/3144
f 4672/8335/3144 4657/8310/3144 4658/8312/9 4673/8336/9
f 4673/8336/9 4658/8312/9 4659/8314/3143 4674/8337/3143
f 4674/8337/3143 4659/8314/3143 4660/8316/3142 4675/8338/3142
f 4675/8338/3142 4660/8316/3142 4661/8318/3141 4676/8339/3141
f 4676/8339/3141 4661/8318/3141 4662/8320/66 4677/8340/66
f 4677/8340/66 4662/8320/66 4663/8322/3140 4678/8341/3140
f 4678/8341/3140 4663/8322/3140 4664/8324/3139 4679/8342/3139
f 4679/8342/3139 4664/8324/3139 4665/8326/3138 4680/8343/3138
f 4680/8343/3138 4665/8326/3138 4650/8296/25 4651/8298/25
f 4638/8263/17 4637/8259/17 4669/8331/17 4670/8333/17
f 4637/8260/17 4636/8255/17 4668/8330/17 4669/8332/17
f 4636/8256/17 4635/8252/17 4667/8329/17 4668/8330/17
f 4633/8246/17 4648/8292/17 4680/8343/17 4651/8298/17
f 4635/8253/17 4634/8249/17 4666/8328/17 4667/8329/17
f 4648/8293/17 4647/8289/17 4679/8342/17 4680/8343/17
f 4634/8250/17 4633/8247/17 4651/8298/17 4666/8328/17
f 4647/8290/17 4646/8286/17 4678/8341/17 4679/8342/17
f 4646/8287/17 4645/8284/17 4677/8340/17 4678/8341/17
f 4703/8380/2 4735/8462/2 4734/8459/2 4702/8377/2
f 4704/8383/2 4736/8465/2 4735/8463/2 4703/8381/2
f 4705/8386/2 4737/8468/2 4736/8466/2 4704/8384/2
f 4706/8389/2 4738/8471/2 4737/8469/2 4705/8387/2
f 4707/8392/2 4739/8474/2 4738/8472/2 4706/8390/2
f 4708/8395/2 4740/8477/2 4739/8475/2 4707/8393/2
f 4758/8529/3150 4779/8550/3151 4997/8882/3152
f 4709/8398/2 4741/8480/2 4740/8478/2 4708/8396/2
f 4696/8360/3138 4681/8344/25 4697/8361/25 4712/8407/3138
f 4695/8359/3139 4696/8360/3138 4712/8407/3138 4711/8404/3139
f 4694/8358/3140 4695/8359/3139 4711/8404/3139 4710/8401/3140
f 4693/8357/66 4694/8358/3140 4710/8401/3140 4709/8399/66
f 4692/8356/3141 4693/8357/66 4709/8399/66 4708/8397/3141
f 4691/8355/3142 4692/8356/3141 4708/8397/3141 4707/8394/3142
f 4690/8354/3143 4691/8355/3142 4707/8394/3142 4706/8391/3143
f 4689/8353/9 4690/8354/3143 4706/8391/3143 4705/8388/9
f 4688/8352/3144 4689/8353/9 4705/8388/9 4704/8385/3144
f 4687/8351/3145 4688/8352/3144 4704/8385/3144 4703/8382/3145
f 4686/8350/3146 4687/8351/3145 4703/8382/3145 4702/8378/3146
f 4685/8348/32 4686/8350/3146 4702/8378/3146 4701/8373/32
f 4684/8347/3147 4685/8349/32 4701/8374/32 4700/8370/3147
f 4683/8346/3148 4684/8347/3147 4700/8370/3147 4699/8367/3148
f 4682/8345/3149 4683/8346/3148 4699/8367/3148 4698/8364/3149
f 4681/8344/25 4682/8345/3149 4698/8364/3149 4697/8361/25
f 4715/8414/25 4730/8446/3149 4713/8410/3149 4714/8412/25
f 4730/8446/3149 4731/8449/3148 4716/8417/3148 4713/8410/3149
f 4731/8449/3148 4732/8452/3147 4717/8419/3147 4716/8417/3148
f 4732/8452/3147 4733/8455/32 4718/8421/32 4717/8419/3147
f 4733/8456/32 4734/8460/3146 4719/8424/3146 4718/8422/32
f 4734/8460/3146 4735/8464/3145 4720/8426/3145 4719/8424/3146
f 4735/8464/3145 4736/8467/3144 4721/8428/3144 4720/8426/3145
f 4736/8467/3144 4737/8470/9 4722/8430/9 4721/8428/3144
f 4737/8470/9 4738/8473/3143 4723/8432/3143 4722/8430/9
f 4738/8473/3143 4739/8476/3142 4724/8434/3142 4723/8432/3143
f 4739/8476/3142 4740/8479/3141 4725/8436/3141 4724/8434/3142
f 4740/8479/3141 4741/8481/66 4726/8438/66 4725/8436/3141
f 4741/8481/66 4742/8483/3140 4727/8440/3140 4726/8438/66
f 4742/8483/3140 4743/8486/3139 4728/8442/3139 4727/8440/3140
f 4743/8486/3139 4744/8489/3138 4729/8444/3138 4728/8442/3139
f 4744/8489/3138 4715/8414/25 4714/8412/25 4729/8444/3138
f 4702/8379/2 4734/8461/2 4733/8457/2 4701/8375/2
f 4701/8376/2 4733/8458/2 4732/8453/2 4700/8371/2
f 4700/8372/2 4732/8454/2 4731/8450/2 4699/8368/2
f 4697/8362/2 4715/8415/2 4744/8490/2 4712/8408/2
f 4699/8369/2 4731/8451/2 4730/8447/2 4698/8365/2
f 4712/8409/2 4744/8491/2 4743/8487/2 4711/8405/2
f 4698/8366/2 4730/8448/2 4715/8416/2 4697/8363/2
f 4711/8406/2 4743/8488/2 4742/8484/2 4710/8402/2
f 4710/8403/2 4742/8485/2 4741/8482/2 4709/8400/2
f 4822/8599/3153 4964/8848/3154 4823/8600/3155 4745/8492/3156
f 4819/8595/3157 4822/8599/3153 4745/8492/3156 4746/8495/3158
f 4816/8591/3159 4819/8595/3157 4746/8495/3158 4747/8499/3160
f 4826/8606/3161 4747/8498/3160 4765/8536/3162 4767/8538/3163
f 4830/8615/3164 4856/8659/3165 4853/8653/3166 4827/8610/3167
f 4829/8612/3168 4826/8607/3161 4767/8538/3163 4769/8540/3169
f 4832/8617/3170 4829/8613/3168 4769/8540/3169 4771/8542/3171
f 4835/8622/3172 4832/8618/3170 4771/8542/3171 4773/8544/3173
f 4838/8627/3174 4835/8623/3172 4773/8544/3173 4775/8546/3175
f 4841/8632/3176 4838/8628/3174 4775/8546/3175 4777/8548/3177
f 4844/8637/3178 4841/8633/3176 4777/8548/3177 4779/8550/3151
f 4848/8643/3179 4844/8638/3178 4779/8550/3151 4758/8529/3150
f 4908/8747/3180 4911/8752/3181 4788/8559/3182 4786/8557/3183
f 4857/8660/3184 4860/8665/3185 4772/8543/3186 4770/8541/3187
f 4881/8702/3188 4907/8746/3189 4904/8741/3190 4878/8697/3191
f 4880/8699/3192 4877/8694/3193 4781/8552/3194 4785/8556/3195
f 4883/8704/3196 4880/8700/3192 4785/8556/3195 4787/8558/3197
f 4886/8709/3198 4883/8705/3196 4787/8558/3197 4789/8560/3199
f 4889/8714/3200 4886/8710/3198 4789/8560/3199 4791/8562/3201
f 4892/8719/3202 4889/8715/3200 4791/8562/3201 4793/8564/3203
f 4895/8724/3204 4892/8720/3202 4793/8564/3203 4795/8566/3205
f 4854/8654/3206 4857/8661/3184 4770/8541/3187 4768/8539/3207
f 4810/8583/3208 4807/8579/3209 4750/8508/3210 4749/8504/3211
f 4813/8587/3212 4810/8583/3208 4749/8504/3211 4748/8502/3213
f 4851/8648/3214 4748/8501/3213 4762/8533/3215 4759/8530/3216
f 4902/8737/3217 4899/8731/3218 4803/8574/3219 4782/8553/3220
f 4922/8771/3221 4896/8728/3222 4932/8790/3223 4940/8804/3224
f 4845/8640/3225 4871/8684/3226 4868/8679/3227 4842/8635/3228
f 4965/8850/3229 4949/8820/3230 4850/8647/3231 4824/8604/3232
f 4745/8493/3156 4823/8601/3155 4757/8528/3233 4761/8532/3234
f 4760/8531/3235 4759/8530/3216 4998/8883/3236
f 4782/8553/3220 4803/8574/3219 4999/8884/3237
f 4784/8555/3238 4783/8554/3239 5000/8885/3240
f 4932/8790/3223 4935/8796/3241 4943/8808/3242 4940/8804/3224
f 4950/8821/3243 4813/8587/3212 4748/8502/3213 4851/8649/3214
f 4938/8801/3244 4816/8591/3159 4747/8499/3160 4826/8608/3161
f 4887/8712/3245 4913/8756/3246 4910/8751/3247 4884/8707/3248
f 4928/8783/3249 4905/8742/3250 4783/8554/3239 4784/8555/3238
f 4869/8680/3251 4872/8685/3252 4780/8551/3253 4778/8549/3254
f 4754/8520/3255 4923/8772/3256 4941/8805/3257 4805/8576/3258
f 4756/8525/3259 4926/8778/3260 4804/8575/3261 4802/8573/3262
f 4947/8818/3263 4937/8800/3264 4827/8610/3167 4853/8653/3166
f 4847/8642/3265 4875/8692/3266 4871/8684/3226 4845/8640/3225
f 4753/8518/3267 4899/8732/3218 4959/8837/3268 4820/8596/3269
f 4750/8507/3210 4854/8655/3206 4768/8539/3207 4766/8537/3270
f 4911/8753/3181 4914/8757/3271 4790/8561/3272 4788/8559/3182
f 4836/8625/3273 4862/8669/3274 4859/8664/3275 4833/8620/3276
f 4890/8717/3277 4916/8761/3278 4913/8756/3246 4887/8712/3245
f 4807/8579/3209 4946/8816/3279 4854/8656/3206 4750/8508/3210
f 4872/8686/3252 4874/8689/3280 4760/8531/3235 4780/8551/3253
f 4926/8779/3260 4756/8527/3259 4811/8584/3281 4955/8832/3282
f 4746/8496/3158 4745/8494/3156 4761/8532/3234 4763/8534/3283
f 4874/8690/3280 4851/8650/3214 4759/8530/3216 4760/8531/3235
f 4752/8513/3284 4751/8510/3285 4797/8568/3286 4799/8570/3287
f 4860/8666/3185 4863/8670/3288 4774/8545/3289 4772/8543/3186
f 4914/8758/3271 4917/8762/3290 4792/8563/3291 4790/8561/3272
f 4877/8695/3193 4902/8738/3217 4782/8553/3220 4781/8552/3194
f 4839/8630/3292 4865/8674/3293 4862/8669/3274 4836/8625/3273
f 4893/8722/3294 4919/8766/3295 4916/8761/3278 4890/8717/3277
f 4748/8503/3213 4749/8505/3211 4764/8535/3296 4762/8533/3215
f 4878/8697/3191 4904/8741/3190 4929/8786/3297 4901/8736/3298
f 4754/8519/3255 4755/8522/3299 4800/8571/3300 4798/8569/3301
f 4747/8500/3160 4746/8497/3158 4763/8534/3283 4765/8536/3162
f 4753/8516/3267 4752/8514/3284 4799/8570/3287 4801/8572/3302
f 4863/8671/3288 4866/8675/3303 4776/8547/3304 4774/8545/3289
f 4917/8763/3290 4920/8767/3305 4794/8565/3306 4792/8563/3291
f 4905/8743/3250 4908/8748/3180 4786/8557/3183 4783/8554/3239
f 4842/8635/3228 4868/8679/3227 4865/8674/3293 4839/8630/3292
f 4896/8728/3222 4922/8771/3221 4919/8766/3295 4893/8722/3294
f 4749/8506/3211 4750/8509/3210 4766/8537/3270 4764/8535/3296
f 4755/8523/3299 4756/8526/3259 4802/8573/3262 4800/8571/3300
f 4833/8620/3276 4859/8664/3275 4856/8659/3165 4830/8615/3164
f 4884/8707/3248 4910/8751/3247 4907/8746/3189 4881/8702/3188
f 4898/8730/3307 4925/8777/3308 4956/8834/3309 4958/8836/3310
f 4824/8604/3232 4850/8647/3231 4875/8692/3266 4847/8642/3265
f 4866/8676/3303 4869/8681/3251 4778/8549/3254 4776/8547/3304
f 4920/8768/3305 4923/8773/3256 4796/8567/3311 4794/8565/3306
f 4901/8736/3298 4929/8786/3297 4925/8777/3308 4898/8730/3307
f 4962/8842/3312 4964/8848/3154 4822/8599/3153 4821/8598/3313
f 4952/8825/3314 4961/8840/3315 4958/8836/3310 4956/8834/3309
f 4949/8820/3230 4965/8850/3229 4961/8841/3315 4952/8824/3314
f 4899/8733/3218 4753/8517/3267 4801/8572/3302 4803/8574/3219
f 4926/8780/3260 4928/8784/3249 4784/8555/3238 4804/8575/3261
f 4959/8837/3268 4962/8843/3312 4821/8597/3313 4820/8596/3269
f 4811/8584/3281 4812/8586/3316 4953/8826/3317 4955/8832/3282
f 4756/8527/3259 4755/8524/3299 4808/8580/3318 4811/8584/3281
f 4809/8581/3319 4810/8583/3208 4813/8587/3212 4812/8585/3316
f 4805/8576/3258 4806/8578/3320 4809/8582/3319 4808/8580/3318
f 4755/8524/3299 4754/8520/3255 4805/8576/3258 4808/8580/3318
f 4806/8577/3320 4807/8579/3209 4810/8583/3208 4809/8581/3319
f 4817/8592/3321 4818/8593/3322 4815/8590/3323 4814/8588/3324
f 4923/8774/3256 4754/8521/3255 4798/8569/3301 4796/8567/3311
f 4944/8810/3325 4946/8816/3279 4807/8579/3209 4806/8577/3320
f 4812/8585/3316 4813/8587/3212 4950/8821/3243 4953/8827/3317
f 4895/8725/3204 4751/8512/3285 4814/8588/3324 4931/8789/3326
f 4935/8797/3241 4937/8800/3264 4947/8818/3263 4943/8809/3242
f 4751/8511/3285 4895/8726/3204 4795/8566/3205 4797/8568/3286
f 4815/8589/3323 4816/8591/3159 4938/8801/3244 4934/8792/3327
f 4805/8576/3258 4941/8805/3257 4944/8811/3325 4806/8578/3320
f 4751/8512/3285 4752/8515/3284 4817/8592/3321 4814/8588/3324
f 4818/8594/3322 4819/8595/3157 4816/8591/3159 4815/8589/3323
f 4820/8596/3269 4821/8597/3313 4818/8593/3322 4817/8592/3321
f 4752/8515/3284 4753/8518/3267 4820/8596/3269 4817/8592/3321
f 4821/8598/3313 4822/8599/3153 4819/8595/3157 4818/8594/3322
f 4931/8788/3326 4934/8793/3327 4936/8798/3328 4933/8791/3329
f 4824/8604/3232 4847/8642/3265 4849/8646/3330 4825/8605/3331
f 4825/8605/3331 4849/8646/3330 4848/8644/3179 4823/8602/3155
f 4851/8651/3214 4874/8691/3280 4876/8693/3332 4852/8652/3333
f 4852/8652/3333 4876/8693/3332 4875/8692/3266 4850/8647/3231
f 4938/8802/3244 4826/8609/3161 4828/8611/3334 4939/8803/3335
f 4939/8803/3335 4828/8611/3334 4827/8610/3167 4937/8800/3264
f 4947/8818/3263 4853/8653/3166 4855/8658/3336 4948/8819/3337
f 4948/8819/3337 4855/8658/3336 4854/8657/3206 4946/8817/3279
f 4826/8609/3161 4829/8614/3168 4831/8616/3338 4828/8611/3334
f 4828/8611/3334 4831/8616/3338 4830/8615/3164 4827/8610/3167
f 4853/8653/3166 4856/8659/3165 4858/8663/3339 4855/8658/3336
f 4855/8658/3336 4858/8663/3339 4857/8662/3184 4854/8657/3206
f 4829/8614/3168 4832/8619/3170 4834/8621/3340 4831/8616/3338
f 4831/8616/3338 4834/8621/3340 4833/8620/3276 4830/8615/3164
f 4856/8659/3165 4859/8664/3275 4861/8668/3341 4858/8663/3339
f 4858/8663/3339 4861/8668/3341 4860/8667/3185 4857/8662/3184
f 4832/8619/3170 4835/8624/3172 4837/8626/3342 4834/8621/3340
f 4834/8621/3340 4837/8626/3342 4836/8625/3273 4833/8620/3276
f 4859/8664/3275 4862/8669/3274 4864/8673/3343 4861/8668/3341
f 4861/8668/3341 4864/8673/3343 4863/8672/3288 4860/8667/3185
f 4835/8624/3172 4838/8629/3174 4840/8631/3344 4837/8626/3342
f 4837/8626/3342 4840/8631/3344 4839/8630/3292 4836/8625/3273
f 4862/8669/3274 4865/8674/3293 4867/8678/3345 4864/8673/3343
f 4864/8673/3343 4867/8678/3345 4866/8677/3303 4863/8672/3288
f 4838/8629/3174 4841/8634/3176 4843/8636/3346 4840/8631/3344
f 4840/8631/3344 4843/8636/3346 4842/8635/3228 4839/8630/3292
f 4865/8674/3293 4868/8679/3227 4870/8683/3347 4867/8678/3345
f 4867/8678/3345 4870/8683/3347 4869/8682/3251 4866/8677/3303
f 4841/8634/3176 4844/8639/3178 4846/8641/3348 4843/8636/3346
f 4843/8636/3346 4846/8641/3348 4845/8640/3225 4842/8635/3228
f 4868/8679/3227 4871/8684/3226 4873/8688/3349 4870/8683/3347
f 4870/8683/3347 4873/8688/3349 4872/8687/3252 4869/8682/3251
f 4844/8639/3178 4848/8644/3179 4849/8646/3330 4846/8641/3348
f 4846/8641/3348 4849/8646/3330 4847/8642/3265 4845/8640/3225
f 4871/8684/3226 4875/8692/3266 4876/8693/3332 4873/8688/3349
f 4873/8688/3349 4876/8693/3332 4874/8691/3280 4872/8687/3252
f 4878/8697/3191 4901/8736/3298 4903/8740/3350 4879/8698/3351
f 4879/8698/3351 4903/8740/3350 4902/8739/3217 4877/8696/3193
f 4905/8744/3250 4928/8785/3249 4930/8787/3352 4906/8745/3353
f 4906/8745/3353 4930/8787/3352 4929/8786/3297 4904/8741/3190
f 4877/8696/3193 4880/8701/3192 4882/8703/3354 4879/8698/3351
f 4879/8698/3351 4882/8703/3354 4881/8702/3188 4878/8697/3191
f 4904/8741/3190 4907/8746/3189 4909/8750/3355 4906/8745/3353
f 4906/8745/3353 4909/8750/3355 4908/8749/3180 4905/8744/3250
f 4880/8701/3192 4883/8706/3196 4885/8708/3356 4882/8703/3354
f 4882/8703/3354 4885/8708/3356 4884/8707/3248 4881/8702/3188
f 4907/8746/3189 4910/8751/3247 4912/8755/3357 4909/8750/3355
f 4909/8750/3355 4912/8755/3357 4911/8754/3181 4908/8749/3180
f 4883/8706/3196 4886/8711/3198 4888/8713/3358 4885/8708/3356
f 4885/8708/3356 4888/8713/3358 4887/8712/3245 4884/8707/3248
f 4910/8751/3247 4913/8756/3246 4915/8760/3359 4912/8755/3357
f 4912/8755/3357 4915/8760/3359 4914/8759/3271 4911/8754/3181
f 4886/8711/3198 4889/8716/3200 4891/8718/3360 4888/8713/3358
f 4888/8713/3358 4891/8718/3360 4890/8717/3277 4887/8712/3245
f 4913/8756/3246 4916/8761/3278 4918/8765/3361 4915/8760/3359
f 4915/8760/3359 4918/8765/3361 4917/8764/3290 4914/8759/3271
f 4889/8716/3200 4892/8721/3202 4894/8723/3362 4891/8718/3360
f 4891/8718/3360 4894/8723/3362 4893/8722/3294 4890/8717/3277
f 4916/8761/3278 4919/8766/3295 4921/8770/3363 4918/8765/3361
f 4918/8765/3361 4921/8770/3363 4920/8769/3305 4917/8764/3290
f 4892/8721/3202 4895/8727/3204 4897/8729/3364 4894/8723/3362
f 4894/8723/3362 4897/8729/3364 4896/8728/3222 4893/8722/3294
f 4919/8766/3295 4922/8771/3221 4924/8776/3365 4921/8770/3363
f 4921/8770/3363 4924/8776/3365 4923/8775/3256 4920/8769/3305
f 4956/8834/3309 4925/8777/3308 4927/8782/3366 4957/8835/3367
f 4957/8835/3367 4927/8782/3366 4926/8781/3260 4955/8833/3282
f 4899/8734/3218 4902/8739/3217 4903/8740/3350 4900/8735/3368
f 4900/8735/3368 4903/8740/3350 4901/8736/3298 4898/8730/3307
f 4925/8777/3308 4929/8786/3297 4930/8787/3352 4927/8782/3366
f 4927/8782/3366 4930/8787/3352 4928/8785/3249 4926/8781/3260
f 4965/8850/3229 4824/8604/3232 4825/8605/3331 4966/8851/3369
f 4966/8851/3369 4825/8605/3331 4823/8602/3155 4964/8849/3154
f 4895/8727/3204 4931/8788/3326 4933/8791/3329 4897/8729/3364
f 4897/8729/3364 4933/8791/3329 4932/8790/3223 4896/8728/3222
f 4933/8791/3329 4936/8798/3328 4935/8796/3241 4932/8790/3223
f 4934/8794/3327 4938/8802/3244 4939/8803/3335 4936/8799/3328
f 4936/8799/3328 4939/8803/3335 4937/8800/3264 4935/8797/3241
f 4940/8804/3224 4943/8808/3242 4945/8814/3370 4942/8807/3371
f 4922/8771/3221 4940/8804/3224 4942/8807/3371 4924/8776/3365
f 4924/8776/3365 4942/8807/3371 4941/8806/3257 4923/8775/3256
f 4942/8807/3371 4945/8814/3370 4944/8812/3325 4941/8806/3257
f 4943/8809/3242 4947/8818/3263 4948/8819/3337 4945/8815/3370
f 4945/8815/3370 4948/8819/3337 4946/8817/3279 4944/8813/3325
f 4949/8820/3230 4952/8824/3314 4954/8830/3372 4951/8823/3373
f 4850/8647/3231 4949/8820/3230 4951/8823/3373 4852/8652/3333
f 4852/8652/3333 4951/8823/3373 4950/8822/3243 4851/8651/3214
f 4951/8823/3373 4954/8830/3372 4953/8828/3317 4950/8822/3243
f 4952/8825/3314 4956/8834/3309 4957/8835/3367 4954/8831/3372
f 4954/8831/3372 4957/8835/3367 4955/8833/3282 4953/8829/3317
f 4958/8836/3310 4961/8840/3315 4963/8846/3374 4960/8839/3375
f 4898/8730/3307 4958/8836/3310 4960/8839/3375 4900/8735/3368
f 4900/8735/3368 4960/8839/3375 4959/8838/3268 4899/8734/3218
f 4960/8839/3375 4963/8846/3374 4962/8844/3312 4959/8838/3268
f 4961/8841/3315 4965/8850/3229 4966/8851/3369 4963/8847/3374
f 4963/8847/3374 4966/8851/3369 4964/8849/3154 4962/8845/3312
f 4814/8588/3324 4815/8590/3323 4934/8795/3327 4931/8789/3326
f 4823/8603/3155 4848/8645/3179 4758/8529/3150 4757/8528/3233
f 4808/8580/3318 4809/8582/3319 4812/8586/3316 4811/8584/3281
f 2/4/66 1/2/66 4967/8852/66
f 1/2/66 32/65/66 4967/8852/66
f 32/65/66 31/62/66 4967/8852/66
f 31/62/66 30/60/66 4967/8852/66
f 30/60/66 29/58/66 4967/8852/66
f 29/58/66 28/56/66 4967/8852/66
f 28/56/66 27/54/66 4967/8852/66
f 27/54/66 26/52/66 4967/8852/66
f 26/52/66 25/50/66 4967/8852/66
f 25/50/66 24/48/66 4967/8852/66
f 24/48/66 23/46/66 4967/8852/66
f 23/46/66 22/44/66 4967/8852/66
f 22/44/66 21/42/66 4967/8852/66
f 21/42/66 20/40/66 4967/8852/66
f 20/40/66 19/38/66 4967/8852/66
f 19/38/66 18/36/66 4967/8852/66
f 18/36/66 17/34/66 4967/8852/66
f 17/34/66 16/32/66 4967/8852/66
f 16/32/66 15/30/66 4967/8852/66
f 15/30/66 14/28/66 4967/8852/66
f 14/28/66 13/26/66 4967/8852/66
f 13/26/66 12/24/66 4967/8852/66
f 12/24/66 11/22/66 4967/8852/66
f 11/22/66 10/20/66 4967/8852/66
f 10/20/66 9/18/66 4967/8852/66
f 9/18/66 8/16/66 4967/8852/66
f 8/16/66 7/14/66 4967/8852/66
f 7/14/66 6/12/66 4967/8852/66
f 6/12/66 5/10/66 4967/8852/66
f 5/10/66 4/8/66 4967/8852/66
f 4/8/66 3/6/66 4967/8852/66
f 3/6/66 2/4/66 4967/8852/66
f 35/72/32 37/76/32 4968/8853/32
f 37/76/32 39/80/32 4968/8853/32
f 39/80/32 41/84/32 4968/8853/32
f 41/84/32 43/88/32 4968/8853/32
f 43/88/32 45/92/32 4968/8853/32
f 45/92/32 47/96/32 4968/8853/32
f 47/96/32 49/100/32 4968/8853/32
f 49/100/32 51/104/32 4968/8853/32
f 51/104/32 53/108/32 4968/8853/32
f 53/108/32 55/112/32 4968/8853/32
f 55/112/32 57/116/32 4968/8853/32
f 57/116/32 59/120/32 4968/8853/32
f 59/120/32 61/124/32 4968/8853/32
f 61/124/32 63/128/32 4968/8853/32
f 63/128/32 65/132/32 4968/8853/32
f 65/132/32 67/136/32 4968/8853/32
f 67/136/32 69/140/32 4968/8853/32
f 69/140/32 71/144/32 4968/8853/32
f 71/144/32 73/148/32 4968/8853/32
f 73/148/32 75/152/32 4968/8853/32
f 75/152/32 77/156/32 4968/8853/32
f 77/156/32 79/160/32 4968/8853/32
f 79/160/32 81/164/32 4968/8853/32
f 81/164/32 83/168/32 4968/8853/32
f 83/168/32 85/172/32 4968/8853/32
f 85/172/32 87/176/32 4968/8853/32
f 87/176/32 89/180/32 4968/8853/32
f 89/180/32 91/184/32 4968/8853/32
f 91/184/32 93/188/32 4968/8853/32
f 93/188/32 95/192/32 4968/8853/32
f 95/192/32 33/68/32 4968/8853/32
f 145/262/66 160/293/66 4969/8854/66
f 160/293/66 159/291/66 4969/8854/66
f 159/291/66 158/289/66 4969/8854/66
f 158/289/66 157/286/66 4969/8854/66
f 157/286/66 156/284/66 4969/8854/66
f 156/284/66 155/282/66 4969/8854/66
f 155/282/66 154/280/66 4969/8854/66
f 154/280/66 153/278/66 4969/8854/66
f 153/278/66 152/276/66 4969/8854/66
f 152/276/66 151/274/66 4969/8854/66
f 151/274/66 150/272/66 4969/8854/66
f 150/272/66 149/270/66 4969/8854/66
f 149/270/66 148/268/66 4969/8854/66
f 148/268/66 147/266/66 4969/8854/66
f 147/266/66 146/264/66 4969/8854/66
f 193/344/66 208/375/66 4970/8855/66
f 208/375/66 207/373/66 4970/8855/66
f 207/373/66 206/371/66 4970/8855/66
f 206/371/66 205/368/66 4970/8855/66
f 205/368/66 204/366/66 4970/8855/66
f 204/366/66 203/364/66 4970/8855/66
f 203/364/66 202/362/66 4970/8855/66
f 202/362/66 201/360/66 4970/8855/66
f 201/360/66 200/358/66 4970/8855/66
f 200/358/66 199/356/66 4970/8855/66
f 199/356/66 198/354/66 4970/8855/66
f 198/354/66 197/352/66 4970/8855/66
f 197/352/66 196/350/66 4970/8855/66
f 196/350/66 195/348/66 4970/8855/66
f 195/348/66 194/346/66 4970/8855/66
f 211/382/32 213/386/32 4971/8856/32
f 213/386/32 215/390/32 4971/8856/32
f 215/390/32 217/394/32 4971/8856/32
f 217/394/32 219/398/32 4971/8856/32
f 219/398/32 221/402/32 4971/8856/32
f 221/402/32 223/406/32 4971/8856/32
f 223/406/32 225/410/32 4971/8856/32
f 225/410/32 227/414/32 4971/8856/32
f 227/414/32 229/418/32 4971/8856/32
f 229/418/32 231/422/32 4971/8856/32
f 231/422/32 233/426/32 4971/8856/32
f 233/426/32 235/430/32 4971/8856/32
f 235/430/32 237/435/32 4971/8856/32
f 237/435/32 239/439/32 4971/8856/32
f 239/439/32 209/378/32 4971/8856/32
f 290/531/66 294/537/66 4972/8857/66
f 294/537/66 296/540/66 4972/8857/66
f 296/540/66 298/543/66 4972/8857/66
f 298/543/66 300/546/66 4972/8857/66
f 300/546/66 302/549/66 4972/8857/66
f 302/549/66 304/552/66 4972/8857/66
f 304/552/66 306/555/66 4972/8857/66
f 306/555/66 308/560/66 4972/8857/66
f 308/560/66 310/563/66 4972/8857/66
f 310/563/66 312/566/66 4972/8857/66
f 312/566/66 291/533/66 4972/8857/66
f 275/489/32 274/487/32 4973/8858/32
f 274/487/32 273/485/32 4973/8858/32
f 273/485/32 272/482/32 4973/8858/32
f 272/482/32 271/480/32 4973/8858/32
f 271/480/32 270/478/32 4973/8858/32
f 270/478/32 269/476/32 4973/8858/32
f 269/476/32 268/474/32 4973/8858/32
f 268/474/32 267/472/32 4973/8858/32
f 267/472/32 266/470/32 4973/8858/32
f 266/470/32 265/468/32 4973/8858/32
f 265/468/32 276/491/32 4973/8858/32
f 371/651/94 369/649/126 4974/8859/95
f 369/649/126 367/647/124 4974/8859/95
f 367/647/124 365/645/122 4974/8859/95
f 365/645/122 363/643/120 4974/8859/95
f 363/643/120 361/641/118 4974/8859/95
f 361/641/118 359/639/112 4974/8859/95
f 359/639/112 357/637/111 4974/8859/95
f 357/637/111 355/635/235 4974/8859/95
f 355/635/235 353/633/183 4974/8859/95
f 353/633/183 349/629/182 4974/8859/95
f 349/629/182 350/630/93 4974/8859/95
f 351/631/165 354/634/164 4975/8860/185
f 354/634/164 356/636/248 4975/8860/185
f 356/636/248 358/638/222 4975/8860/185
f 358/638/222 360/640/156 4975/8860/185
f 360/640/156 362/642/136 4975/8860/185
f 362/642/136 364/644/135 4975/8860/185
f 364/644/135 366/646/241 4975/8860/185
f 366/646/241 368/648/256 4975/8860/185
f 368/648/256 370/650/206 4975/8860/185
f 370/650/206 372/652/205 4975/8860/185
f 372/652/205 352/632/184 4975/8860/185
f 395/675/168 393/673/254 4976/8861/186
f 393/673/254 391/671/239 4976/8861/186
f 391/671/239 389/669/238 4976/8861/186
f 389/669/238 387/667/154 4976/8861/186
f 387/667/154 385/665/152 4976/8861/186
f 385/665/152 383/663/150 4976/8861/186
f 383/663/150 381/661/148 4976/8861/186
f 381/661/148 379/659/146 4976/8861/186
f 379/659/146 377/657/144 4976/8861/186
f 377/657/144 373/653/143 4976/8861/186
f 373/653/143 374/654/169 4976/8861/186
f 375/655/188 378/658/132 4977/8862/189
f 378/658/132 380/660/131 4977/8862/189
f 380/660/131 382/662/224 4977/8862/189
f 382/662/224 384/664/243 4977/8862/189
f 384/664/243 386/666/258 4977/8862/189
f 386/666/258 388/668/263 4977/8862/189
f 388/668/263 390/670/253 4977/8862/189
f 390/670/253 392/672/252 4977/8862/189
f 392/672/252 394/674/214 4977/8862/189
f 394/674/214 396/676/213 4977/8862/189
f 396/676/213 376/656/187 4977/8862/189
f 649/1121/190 644/1106/190 4978/8863/190
f 644/1106/190 643/1103/190 4978/8863/190
f 643/1103/190 646/1112/190 4978/8863/190
f 646/1112/190 645/1109/190 4978/8863/190
f 645/1109/190 648/1118/190 4978/8863/190
f 648/1118/190 647/1115/190 4978/8863/190
f 647/1115/190 650/1124/190 4978/8863/190
f 835/1493/400 925/1672/672 4979/8864/88
f 925/1672/672 919/1660/667 4979/8864/88
f 919/1660/667 913/1648/662 4979/8864/88
f 913/1648/662 907/1636/657 4979/8864/88
f 907/1636/657 901/1624/652 4979/8864/88
f 901/1624/652 895/1612/647 4979/8864/88
f 895/1612/647 889/1600/642 4979/8864/88
f 889/1600/642 883/1588/637 4979/8864/88
f 883/1588/637 877/1576/632 4979/8864/88
f 877/1576/632 871/1564/627 4979/8864/88
f 871/1564/627 865/1552/622 4979/8864/88
f 865/1552/622 859/1539/617 4979/8864/88
f 859/1539/617 853/1528/612 4979/8864/88
f 853/1528/612 847/1517/607 4979/8864/88
f 847/1517/607 841/1505/399 4979/8864/88
f 1023/1855/674 1029/1867/712 4980/8865/84
f 1029/1867/712 1035/1878/717 4980/8865/84
f 1035/1878/717 1041/1890/722 4980/8865/84
f 1041/1890/722 1047/1902/727 4980/8865/84
f 1047/1902/727 1053/1914/732 4980/8865/84
f 1053/1914/732 1059/1926/737 4980/8865/84
f 1059/1926/737 1065/1938/742 4980/8865/84
f 1065/1938/742 1071/1950/747 4980/8865/84
f 1071/1950/747 1077/1962/752 4980/8865/84
f 1077/1962/752 1083/1974/757 4980/8865/84
f 1083/1974/757 1089/1986/762 4980/8865/84
f 1089/1986/762 1095/1998/767 4980/8865/84
f 1095/1998/767 1101/2010/772 4980/8865/84
f 1101/2010/772 1011/1831/703 4980/8865/84
f 1011/1831/703 1017/1843/673 4980/8865/84
f 1220/2195/66 1224/2201/66 4981/8866/66
f 1224/2201/66 1226/2204/66 4981/8866/66
f 1226/2204/66 1228/2207/66 4981/8866/66
f 1228/2207/66 1230/2210/66 4981/8866/66
f 1230/2210/66 1232/2213/66 4981/8866/66
f 1232/2213/66 1234/2216/66 4981/8866/66
f 1234/2216/66 1236/2219/66 4981/8866/66
f 1236/2219/66 1238/2222/66 4981/8866/66
f 1238/2222/66 1240/2225/66 4981/8866/66
f 1240/2225/66 1242/2228/66 4981/8866/66
f 1242/2228/66 1221/2197/66 4981/8866/66
f 1205/2151/32 1204/2149/32 4982/8867/32
f 1204/2149/32 1203/2147/32 4982/8867/32
f 1203/2147/32 1202/2145/32 4982/8867/32
f 1202/2145/32 1201/2143/32 4982/8867/32
f 1201/2143/32 1200/2141/32 4982/8867/32
f 1200/2141/32 1199/2139/32 4982/8867/32
f 1199/2139/32 1198/2137/32 4982/8867/32
f 1198/2137/32 1197/2135/32 4982/8867/32
f 1197/2135/32 1196/2133/32 4982/8867/32
f 1196/2133/32 1195/2131/32 4982/8867/32
f 1195/2131/32 1206/2153/32 4982/8867/32
f 1268/2259/781 1362/2497/781 4983/8868/781
f 1362/2497/781 1360/2492/781 4983/8868/781
f 1360/2492/781 1358/2487/781 4983/8868/781
f 1358/2487/781 1356/2482/781 4983/8868/781
f 1356/2482/781 1354/2477/781 4983/8868/781
f 1354/2477/781 1352/2472/781 4983/8868/781
f 1352/2472/781 1350/2467/781 4983/8868/781
f 1350/2467/781 1348/2462/781 4983/8868/781
f 1348/2462/781 1346/2457/781 4983/8868/781
f 1346/2457/781 1344/2452/781 4983/8868/781
f 1344/2452/781 1342/2447/781 4983/8868/781
f 1342/2447/781 1340/2441/781 4983/8868/781
f 1340/2441/781 1338/2436/781 4983/8868/781
f 1338/2436/781 1336/2431/781 4983/8868/781
f 1336/2431/781 1334/2426/781 4983/8868/781
f 1334/2426/781 1332/2421/781 4983/8868/781
f 1332/2421/781 1330/2416/781 4983/8868/781
f 1330/2416/781 1328/2411/781 4983/8868/781
f 1328/2411/781 1326/2406/781 4983/8868/781
f 1326/2406/781 1324/2401/781 4983/8868/781
f 1324/2401/781 1322/2396/781 4983/8868/781
f 1322/2396/781 1320/2391/781 4983/8868/781
f 1320/2391/781 1318/2386/781 4983/8868/781
f 1318/2386/781 1316/2381/781 4983/8868/781
f 1316/2381/781 1314/2376/781 4983/8868/781
f 1314/2376/781 1312/2371/781 4983/8868/781
f 1312/2371/781 1310/2366/781 4983/8868/781
f 1310/2366/781 1308/2361/781 4983/8868/781
f 1308/2361/781 1306/2356/781 4983/8868/781
f 1306/2356/781 1304/2351/781 4983/8868/781
f 1304/2351/781 1302/2346/781 4983/8868/781
f 1302/2346/781 1300/2341/781 4983/8868/781
f 1300/2341/781 1298/2336/781 4983/8868/781
f 1298/2336/781 1296/2331/781 4983/8868/781
f 1296/2331/781 1294/2326/781 4983/8868/781
f 1294/2326/781 1292/2320/781 4983/8868/781
f 1292/2320/781 1290/2315/781 4983/8868/781
f 1290/2315/781 1288/2309/781 4983/8868/781
f 1288/2309/781 1286/2304/781 4983/8868/781
f 1286/2304/781 1284/2299/781 4983/8868/781
f 1284/2299/781 1282/2294/781 4983/8868/781
f 1282/2294/781 1280/2289/781 4983/8868/781
f 1280/2289/781 1278/2284/781 4983/8868/781
f 1278/2284/781 1276/2279/781 4983/8868/781
f 1276/2279/781 1274/2274/781 4983/8868/781
f 1274/2274/781 1272/2269/781 4983/8868/781
f 1272/2269/781 1270/2264/781 4983/8868/781
f 2185/3912/841 2190/3918/1302 4984/8869/793
f 2190/3918/1302 2195/3924/1303 4984/8869/793
f 2195/3924/1303 2200/3930/1525 4984/8869/793
f 2200/3930/1525 2205/3936/1311 4984/8869/793
f 2205/3936/1311 2210/3942/1315 4984/8869/793
f 2210/3942/1315 2215/3949/1318 4984/8869/793
f 2215/3949/1318 2220/3956/1323 4984/8869/793
f 2220/3956/1323 2225/3963/1326 4984/8869/793
f 2225/3963/1326 2230/3970/1283 4984/8869/793
f 2230/3970/1283 2235/3976/1284 4984/8869/793
f 2235/3976/1284 2240/3982/1287 4984/8869/793
f 2240/3982/1287 2245/3988/1290 4984/8869/793
f 2245/3988/1290 2250/3994/1533 4984/8869/793
f 2250/3994/1533 2255/4000/1296 4984/8869/793
f 2255/4000/1296 2260/4006/1300 4984/8869/793
f 2260/4006/1300 2265/4012/1535 4984/8869/793
f 2265/4012/1535 2270/4018/1309 4984/8869/793
f 2270/4018/1309 2275/4025/1313 4984/8869/793
f 2275/4025/1313 2280/4032/1317 4984/8869/793
f 2280/4032/1317 2285/4039/1320 4984/8869/793
f 2285/4039/1320 2290/4046/1325 4984/8869/793
f 2290/4046/1325 2295/4052/1281 4984/8869/793
f 2295/4052/1281 2300/4058/1282 4984/8869/793
f 2300/4058/1282 2305/4064/1286 4984/8869/793
f 2305/4064/1286 2310/4070/1289 4984/8869/793
f 2310/4070/1289 2315/4076/1542 4984/8869/793
f 2315/4076/1542 2320/4082/1295 4984/8869/793
f 2320/4082/1295 2325/4088/1299 4984/8869/793
f 2325/4088/1299 2330/4094/1304 4984/8869/793
f 2330/4094/1304 2335/4101/1544 4984/8869/793
f 2335/4101/1544 2340/4108/1312 4984/8869/793
f 2340/4108/1312 2345/4115/1316 4984/8869/793
f 2345/4115/1316 2350/4122/1319 4984/8869/793
f 2350/4122/1319 2355/4128/1324 4984/8869/793
f 2355/4128/1324 2360/4134/941 4984/8869/793
f 2360/4134/941 2365/4140/1548 4984/8869/793
f 2365/4140/1548 2370/4146/1285 4984/8869/793
f 2370/4146/1285 2375/4152/1550 4984/8869/793
f 2375/4152/1550 2380/4158/1291 4984/8869/793
f 2380/4158/1291 2385/4164/1294 4984/8869/793
f 2385/4164/1294 2390/4170/1297 4984/8869/793
f 2390/4170/1297 2395/4177/1301 4984/8869/793
f 2395/4177/1301 2400/4184/1306 4984/8869/793
f 2400/4184/1306 2405/4191/1552 4984/8869/793
f 2405/4191/1552 2410/4198/1314 4984/8869/793
f 2410/4198/1314 2415/4204/1298 4984/8869/793
f 2415/4204/1298 2179/3904/840 4984/8869/793
f 2752/4832/13 2767/4862/13 4985/8870/13
f 2767/4862/13 2766/4860/13 4985/8870/13
f 2766/4860/13 2765/4858/13 4985/8870/13
f 2765/4858/13 2764/4856/13 4985/8870/13
f 2764/4856/13 2763/4854/13 4985/8870/13
f 2763/4854/13 2762/4852/13 4985/8870/13
f 2762/4852/13 2761/4850/13 4985/8870/13
f 2761/4850/13 2760/4848/13 4985/8870/13
f 2760/4848/13 2759/4846/13 4985/8870/13
f 2759/4846/13 2758/4844/13 4985/8870/13
f 2758/4844/13 2757/4842/13 4985/8870/13
f 2757/4842/13 2756/4840/13 4985/8870/13
f 2756/4840/13 2755/4838/13 4985/8870/13
f 2755/4838/13 2754/4835/13 4985/8870/13
f 2754/4835/13 2751/4830/13 4985/8870/13
f 2818/4951/29 2819/4954/29 4986/8871/29
f 2819/4954/29 2820/4956/29 4986/8871/29
f 2820/4956/29 2821/4958/29 4986/8871/29
f 2821/4958/29 2822/4960/29 4986/8871/29
f 2822/4960/29 2823/4962/29 4986/8871/29
f 2823/4962/29 2824/4964/29 4986/8871/29
f 2824/4964/29 2825/4966/29 4986/8871/29
f 2825/4966/29 2826/4968/29 4986/8871/29
f 2826/4968/29 2827/4970/29 4986/8871/29
f 2827/4970/29 2828/4972/29 4986/8871/29
f 2828/4972/29 2829/4974/29 4986/8871/29
f 2829/4974/29 2830/4976/29 4986/8871/29
f 2830/4976/29 2831/4978/29 4986/8871/29
f 2831/4978/29 2816/4948/29 4986/8871/29
f 2816/4948/29 2815/4946/29 4986/8871/29
f 2881/5053/1856 2879/5051/1882 4987/8872/1857
f 2879/5051/1882 2877/5049/1880 4987/8872/1857
f 2877/5049/1880 2875/5047/1878 4987/8872/1857
f 2875/5047/1878 2873/5045/1876 4987/8872/1857
f 2873/5045/1876 2871/5043/1874 4987/8872/1857
f 2871/5043/1874 2869/5041/1868 4987/8872/1857
f 2869/5041/1868 2867/5039/1867 4987/8872/1857
f 2867/5039/1867 2865/5037/1988 4987/8872/1857
f 2865/5037/1988 2863/5035/1939 4987/8872/1857
f 2863/5035/1939 2859/5031/1938 4987/8872/1857
f 2859/5031/1938 2860/5032/1855 4987/8872/1857
f 2861/5033/1921 2864/5036/1920 4988/8873/1941
f 2864/5036/1920 2866/5038/2001 4988/8873/1941
f 2866/5038/2001 2868/5040/1975 4988/8873/1941
f 2868/5040/1975 2870/5042/1912 4988/8873/1941
f 2870/5042/1912 2872/5044/1892 4988/8873/1941
f 2872/5044/1892 2874/5046/1891 4988/8873/1941
f 2874/5046/1891 2876/5048/1994 4988/8873/1941
f 2876/5048/1994 2878/5050/2009 4988/8873/1941
f 2878/5050/2009 2880/5052/1959 4988/8873/1941
f 2880/5052/1959 2882/5054/1958 4988/8873/1941
f 2882/5054/1958 2862/5034/1940 4988/8873/1941
f 2905/5077/1924 2903/5075/2007 4989/8874/1942
f 2903/5075/2007 2901/5073/1992 4989/8874/1942
f 2901/5073/1992 2899/5071/1991 4989/8874/1942
f 2899/5071/1991 2897/5069/1910 4989/8874/1942
f 2897/5069/1910 2895/5067/1908 4989/8874/1942
f 2895/5067/1908 2893/5065/1906 4989/8874/1942
f 2893/5065/1906 2891/5063/1904 4989/8874/1942
f 2891/5063/1904 2889/5061/1902 4989/8874/1942
f 2889/5061/1902 2887/5059/1900 4989/8874/1942
f 2887/5059/1900 2883/5055/1899 4989/8874/1942
f 2883/5055/1899 2884/5056/1925 4989/8874/1942
f 2885/5057/1944 2888/5060/1888 4990/8875/1945
f 2888/5060/1888 2890/5062/1887 4990/8875/1945
f 2890/5062/1887 2892/5064/1977 4990/8875/1945
f 2892/5064/1977 2894/5066/1996 4990/8875/1945
f 2894/5066/1996 2896/5068/2011 4990/8875/1945
f 2896/5068/2011 2898/5070/2016 4990/8875/1945
f 2898/5070/2016 2900/5072/2006 4990/8875/1945
f 2900/5072/2006 2902/5074/2005 4990/8875/1945
f 2902/5074/2005 2904/5076/1967 4990/8875/1945
f 2904/5076/1967 2906/5078/1966 4990/8875/1945
f 2906/5078/1966 2886/5058/1943 4990/8875/1945
f 3118/5445/66 3122/5451/66 4991/8876/66
f 3122/5451/66 3124/5454/66 4991/8876/66
f 3124/5454/66 3126/5457/66 4991/8876/66
f 3126/5457/66 3128/5460/66 4991/8876/66
f 3128/5460/66 3130/5465/66 4991/8876/66
f 3130/5465/66 3132/5468/66 4991/8876/66
f 3132/5468/66 3134/5471/66 4991/8876/66
f 3134/5471/66 3136/5474/66 4991/8876/66
f 3136/5474/66 3138/5477/66 4991/8876/66
f 3138/5477/66 3140/5480/66 4991/8876/66
f 3140/5480/66 3119/5447/66 4991/8876/66
f 3103/5403/32 3102/5401/32 4992/8877/32
f 3102/5401/32 3101/5399/32 4992/8877/32
f 3101/5399/32 3100/5397/32 4992/8877/32
f 3100/5397/32 3099/5395/32 4992/8877/32
f 3099/5395/32 3098/5393/32 4992/8877/32
f 3098/5393/32 3097/5390/32 4992/8877/32
f 3097/5390/32 3096/5388/32 4992/8877/32
f 3096/5388/32 3095/5386/32 4992/8877/32
f 3095/5386/32 3094/5384/32 4992/8877/32
f 3094/5384/32 3093/5382/32 4992/8877/32
f 3093/5382/32 3104/5405/32 4992/8877/32
f 3166/5511/2089 3260/5749/2089 4993/8878/2089
f 3260/5749/2089 3258/5744/2089 4993/8878/2089
f 3258/5744/2089 3256/5739/2089 4993/8878/2089
f 3256/5739/2089 3254/5734/2089 4993/8878/2089
f 3254/5734/2089 3252/5729/2089 4993/8878/2089
f 3252/5729/2089 3250/5724/2089 4993/8878/2089
f 3250/5724/2089 3248/5719/2089 4993/8878/2089
f 3248/5719/2089 3246/5714/2089 4993/8878/2089
f 3246/5714/2089 3244/5709/2089 4993/8878/2089
f 3244/5709/2089 3242/5704/2089 4993/8878/2089
f 3242/5704/2089 3240/5699/2089 4993/8878/2089
f 3240/5699/2089 3238/5693/2089 4993/8878/2089
f 3238/5693/2089 3236/5688/2089 4993/8878/2089
f 3236/5688/2089 3234/5683/2089 4993/8878/2089
f 3234/5683/2089 3232/5678/2089 4993/8878/2089
f 3232/5678/2089 3230/5673/2089 4993/8878/2089
f 3230/5673/2089 3228/5668/2089 4993/8878/2089
f 3228/5668/2089 3226/5663/2089 4993/8878/2089
f 3226/5663/2089 3224/5658/2089 4993/8878/2089
f 3224/5658/2089 3222/5653/2089 4993/8878/2089
f 3222/5653/2089 3220/5648/2089 4993/8878/2089
f 3220/5648/2089 3218/5643/2089 4993/8878/2089
f 3218/5643/2089 3216/5638/2089 4993/8878/2089
f 3216/5638/2089 3214/5633/2089 4993/8878/2089
f 3214/5633/2089 3212/5628/2089 4993/8878/2089
f 3212/5628/2089 3210/5623/2089 4993/8878/2089
f 3210/5623/2089 3208/5618/2089 4993/8878/2089
f 3208/5618/2089 3206/5613/2089 4993/8878/2089
f 3206/5613/2089 3204/5608/2089 4993/8878/2089
f 3204/5608/2089 3202/5603/2089 4993/8878/2089
f 3202/5603/2089 3200/5598/2089 4993/8878/2089
f 3200/5598/2089 3198/5593/2089 4993/8878/2089
f 3198/5593/2089 3196/5588/2089 4993/8878/2089
f 3196/5588/2089 3194/5583/2089 4993/8878/2089
f 3194/5583/2089 3192/5576/2089 4993/8878/2089
f 3192/5576/2089 3190/5571/2089 4993/8878/2089
f 3190/5571/2089 3188/5566/2089 4993/8878/2089
f 3188/5566/2089 3186/5561/2089 4993/8878/2089
f 3186/5561/2089 3184/5556/2089 4993/8878/2089
f 3184/5556/2089 3182/5551/2089 4993/8878/2089
f 3182/5551/2089 3180/5546/2089 4993/8878/2089
f 3180/5546/2089 3178/5541/2089 4993/8878/2089
f 3178/5541/2089 3176/5536/2089 4993/8878/2089
f 3176/5536/2089 3174/5531/2089 4993/8878/2089
f 3174/5531/2089 3172/5526/2089 4993/8878/2089
f 3172/5526/2089 3170/5521/2089 4993/8878/2089
f 3170/5521/2089 3168/5516/2089 4993/8878/2089
f 4083/7164/2141 4088/7170/2600 4994/8879/2093
f 4088/7170/2600 4093/7176/2601 4994/8879/2093
f 4093/7176/2601 4098/7182/2605 4994/8879/2093
f 4098/7182/2605 4103/7188/2609 4994/8879/2093
f 4103/7188/2609 4108/7194/2613 4994/8879/2093
f 4108/7194/2613 4113/7200/2616 4994/8879/2093
f 4113/7200/2616 4118/7207/2621 4994/8879/2093
f 4118/7207/2621 4123/7214/2624 4994/8879/2093
f 4123/7214/2624 4128/7221/2824 4994/8879/2093
f 4128/7221/2824 4133/7228/2582 4994/8879/2093
f 4133/7228/2582 4138/7234/2585 4994/8879/2093
f 4138/7234/2585 4143/7240/2588 4994/8879/2093
f 4143/7240/2588 4148/7246/2831 4994/8879/2093
f 4148/7246/2831 4153/7252/2594 4994/8879/2093
f 4153/7252/2594 4158/7258/2598 4994/8879/2093
f 4158/7258/2598 4163/7264/2603 4994/8879/2093
f 4163/7264/2603 4168/7270/2836 4994/8879/2093
f 4168/7270/2836 4173/7276/2611 4994/8879/2093
f 4173/7276/2611 4178/7283/2615 4994/8879/2093
f 4178/7283/2615 4183/7290/2618 4994/8879/2093
f 4183/7290/2618 4188/7297/2623 4994/8879/2093
f 4188/7297/2623 4193/7304/2579 4994/8879/2093
f 4193/7304/2579 4198/7310/2837 4994/8879/2093
f 4198/7310/2837 4203/7316/2584 4994/8879/2093
f 4203/7316/2584 4208/7322/2587 4994/8879/2093
f 4208/7322/2587 4213/7328/2590 4994/8879/2093
f 4213/7328/2590 4218/7334/2593 4994/8879/2093
f 4218/7334/2593 4223/7340/2597 4994/8879/2093
f 4223/7340/2597 4228/7346/2839 4994/8879/2093
f 4228/7346/2839 4233/7352/2606 4994/8879/2093
f 4233/7352/2606 4238/7359/2610 4994/8879/2093
f 4238/7359/2610 4243/7366/2614 4994/8879/2093
f 4243/7366/2614 4248/7373/2617 4994/8879/2093
f 4248/7373/2617 4253/7380/2844 4994/8879/2093
f 4253/7380/2844 4258/7386/2241 4994/8879/2093
f 4258/7386/2241 4263/7392/2242 4994/8879/2093
f 4263/7392/2242 4268/7398/2583 4994/8879/2093
f 4268/7398/2583 4273/7404/2846 4994/8879/2093
f 4273/7404/2846 4278/7410/2847 4994/8879/2093
f 4278/7410/2847 4283/7416/2592 4994/8879/2093
f 4283/7416/2592 4288/7422/2595 4994/8879/2093
f 4288/7422/2595 4293/7428/2599 4994/8879/2093
f 4293/7428/2599 4298/7435/2604 4994/8879/2093
f 4298/7435/2604 4303/7442/2608 4994/8879/2093
f 4303/7442/2608 4308/7449/2612 4994/8879/2093
f 4308/7449/2612 4313/7456/2596 4994/8879/2093
f 4313/7456/2596 4077/7156/2140 4994/8879/2093
f 4650/8297/2 4665/8327/2 4995/8880/2
f 4665/8327/2 4664/8325/2 4995/8880/2
f 4664/8325/2 4663/8323/2 4995/8880/2
f 4663/8323/2 4662/8321/2 4995/8880/2
f 4662/8321/2 4661/8319/2 4995/8880/2
f 4661/8319/2 4660/8317/2 4995/8880/2
f 4660/8317/2 4659/8315/2 4995/8880/2
f 4659/8315/2 4658/8313/2 4995/8880/2
f 4658/8313/2 4657/8311/2 4995/8880/2
f 4657/8311/2 4656/8309/2 4995/8880/2
f 4656/8309/2 4655/8307/2 4995/8880/2
f 4655/8307/2 4654/8305/2 4995/8880/2
f 4654/8305/2 4653/8302/2 4995/8880/2
f 4653/8302/2 4652/8300/2 4995/8880/2
f 4652/8300/2 4649/8295/2 4995/8880/2
f 4716/8418/17 4717/8420/17 4996/8881/17
f 4717/8420/17 4718/8423/17 4996/8881/17
f 4718/8423/17 4719/8425/17 4996/8881/17
f 4719/8425/17 4720/8427/17 4996/8881/17
f 4720/8427/17 4721/8429/17 4996/8881/17
f 4721/8429/17 4722/8431/17 4996/8881/17
f 4722/8431/17 4723/8433/17 4996/8881/17
f 4723/8433/17 4724/8435/17 4996/8881/17
f 4724/8435/17 4725/8437/17 4996/8881/17
f 4725/8437/17 4726/8439/17 4996/8881/17
f 4726/8439/17 4727/8441/17 4996/8881/17
f 4727/8441/17 4728/8443/17 4996/8881/17
f 4728/8443/17 4729/8445/17 4996/8881/17
f 4729/8445/17 4714/8413/17 4996/8881/17
f 4714/8413/17 4713/8411/17 4996/8881/17
f 4779/8550/3151 4777/8548/3177 4997/8882/3152
f 4777/8548/3177 4775/8546/3175 4997/8882/3152
f 4775/8546/3175 4773/8544/3173 4997/8882/3152
f 4773/8544/3173 4771/8542/3171 4997/8882/3152
f 4771/8542/3171 4769/8540/3169 4997/8882/3152
f 4769/8540/3169 4767/8538/3163 4997/8882/3152
f 4767/8538/3163 4765/8536/3162 4997/8882/3152
f 4765/8536/3162 4763/8534/3283 4997/8882/3152
f 4763/8534/3283 4761/8532/3234 4997/8882/3152
f 4761/8532/3234 4757/8528/3233 4997/8882/3152
f 4757/8528/3233 4758/8529/3150 4997/8882/3152
f 4759/8530/3216 4762/8533/3215 4998/8883/3236
f 4762/8533/3215 4764/8535/3296 4998/8883/3236
f 4764/8535/3296 4766/8537/3270 4998/8883/3236
f 4766/8537/3270 4768/8539/3207 4998/8883/3236
f 4768/8539/3207 4770/8541/3187 4998/8883/3236
f 4770/8541/3187 4772/8543/3186 4998/8883/3236
f 4772/8543/3186 4774/8545/3289 4998/8883/3236
f 4774/8545/3289 4776/8547/3304 4998/8883/3236
f 4776/8547/3304 4778/8549/3254 4998/8883/3236
f 4778/8549/3254 4780/8551/3253 4998/8883/3236
f 4780/8551/3253 4760/8531/3235 4998/8883/3236
f 4803/8574/3219 4801/8572/3302 4999/8884/3237
f 4801/8572/3302 4799/8570/3287 4999/8884/3237
f 4799/8570/3287 4797/8568/3286 4999/8884/3237
f 4797/8568/3286 4795/8566/3205 4999/8884/3237
f 4795/8566/3205 4793/8564/3203 4999/8884/3237
f 4793/8564/3203 4791/8562/3201 4999/8884/3237
f 4791/8562/3201 4789/8560/3199 4999/8884/3237
f 4789/8560/3199 4787/8558/3197 4999/8884/3237
f 4787/8558/3197 4785/8556/3195 4999/8884/3237
f 4785/8556/3195 4781/8552/3194 4999/8884/3237
f 4781/8552/3194 4782/8553/3220 4999/8884/3237
f 4783/8554/3239 4786/8557/3183 5000/8885/3240
f 4786/8557/3183 4788/8559/3182 5000/8885/3240
f 4788/8559/3182 4790/8561/3272 5000/8885/3240
f 4790/8561/3272 4792/8563/3291 5000/8885/3240
f 4792/8563/3291 4794/8565/3306 5000/8885/3240
f 4794/8565/3306 4796/8567/3311 5000/8885/3240
f 4796/8567/3311 4798/8569/3301 5000/8885/3240
f 4798/8569/3301 4800/8571/3300 5000/8885/3240
f 4800/8571/3300 4802/8573/3262 5000/8885/3240
f 4802/8573/3262 4804/8575/3261 5000/8885/3240
f 4804/8575/3261 4784/8555/3238 5000/8885/3240
